cluster_alias,cluster,supertype,subclass,class,neurotransmitter,n_cells,mean_Kif13a,median_Kif13a,fraction_expressing
33,0431 L6b CTX Glut_3,0112 L6b CTX Glut_3,029 L6b CTX Glut,02 NP-CT-L6b Glut,Glut,2,6.0904284,6.0904284,1.0
124,0022 IT EP-CLA Glut_4,0006 IT EP-CLA Glut_4,002 IT EP-CLA Glut,01 IT-ET Glut,Glut,2,2.5504422,2.5504422,0.5
142,0043 L6 IT CTX Glut_2,0014 L6 IT CTX Glut_2,004 L6 IT CTX Glut,01 IT-ET Glut,Glut,1,0.0,0.0,0.0
261,0156 L2/3 IT PIR-ENTl Glut_4,0042 L2/3 IT PIR-ENTl Glut_4,009 L2/3 IT PIR-ENTl Glut,01 IT-ET Glut,Glut,1,0.0,0.0,0.0
262,0157 L2/3 IT PIR-ENTl Glut_4,0042 L2/3 IT PIR-ENTl Glut_4,009 L2/3 IT PIR-ENTl Glut,01 IT-ET Glut,Glut,1,4.826003,4.826003,1.0
265,0150 L2/3 IT PIR-ENTl Glut_3,0041 L2/3 IT PIR-ENTl Glut_3,009 L2/3 IT PIR-ENTl Glut,01 IT-ET Glut,Glut,1,0.0,0.0,0.0
269,0168 IT AON-TT-DP Glut_1,0046 IT AON-TT-DP Glut_1,010 IT AON-TT-DP Glut,01 IT-ET Glut,Glut,3,1.9198726,0.0,0.3333333333333333
270,0165 L2/3 IT PIR-ENTl Glut_7,0045 L2/3 IT PIR-ENTl Glut_7,009 L2/3 IT PIR-ENTl Glut,01 IT-ET Glut,Glut,5,2.2519124,0.0,0.4
271,0144 L2/3 IT PIR-ENTl Glut_2,0040 L2/3 IT PIR-ENTl Glut_2,009 L2/3 IT PIR-ENTl Glut,01 IT-ET Glut,Glut,31,2.8247755,4.6669126,0.5161290322580645
273,0146 L2/3 IT PIR-ENTl Glut_2,0040 L2/3 IT PIR-ENTl Glut_2,009 L2/3 IT PIR-ENTl Glut,01 IT-ET Glut,Glut,1,6.5546803,6.5546803,1.0
275,0148 L2/3 IT PIR-ENTl Glut_2,0040 L2/3 IT PIR-ENTl Glut_2,009 L2/3 IT PIR-ENTl Glut,01 IT-ET Glut,Glut,1,0.0,0.0,0.0
284,0173 IT AON-TT-DP Glut_2,0047 IT AON-TT-DP Glut_2,010 IT AON-TT-DP Glut,01 IT-ET Glut,Glut,2,2.4282165,2.4282165,0.5
285,0180 IT AON-TT-DP Glut_4,0049 IT AON-TT-DP Glut_4,010 IT AON-TT-DP Glut,01 IT-ET Glut,Glut,11,3.5376854,4.905951,0.6363636363636364
286,0181 IT AON-TT-DP Glut_4,0049 IT AON-TT-DP Glut_4,010 IT AON-TT-DP Glut,01 IT-ET Glut,Glut,5,4.364766,5.178021,0.8
288,0170 IT AON-TT-DP Glut_1,0046 IT AON-TT-DP Glut_1,010 IT AON-TT-DP Glut,01 IT-ET Glut,Glut,7,0.6964098,0.0,0.14285714285714285
290,0174 IT AON-TT-DP Glut_2,0047 IT AON-TT-DP Glut_2,010 IT AON-TT-DP Glut,01 IT-ET Glut,Glut,1,4.820018,4.820018,1.0
484,0204 MEA Slc17a7 Glut_2,0056 MEA Slc17a7 Glut_2,012 MEA Slc17a7 Glut,01 IT-ET Glut,Glut,6,2.1247957,0.0,0.3333333333333333
485,0205 MEA Slc17a7 Glut_2,0056 MEA Slc17a7 Glut_2,012 MEA Slc17a7 Glut,01 IT-ET Glut,Glut,3,1.9907435,0.0,0.3333333333333333
486,0202 MEA Slc17a7 Glut_2,0056 MEA Slc17a7 Glut_2,012 MEA Slc17a7 Glut,01 IT-ET Glut,Glut,2,5.9995074,5.9995074,1.0
492,0818 Sst Gaba_16,0229 Sst Gaba_16,053 Sst Gaba,07 CTX-MGE GABA,GABA,1,6.1176305,6.1176305,1.0
503,0811 Sst Gaba_13,0226 Sst Gaba_13,053 Sst Gaba,07 CTX-MGE GABA,GABA,2,5.32627,5.32627,1.0
504,0783 Sst Gaba_5,0218 Sst Gaba_5,053 Sst Gaba,07 CTX-MGE GABA,GABA,1,4.9628663,4.9628663,1.0
516,0825 Sst Gaba_18,0231 Sst Gaba_18,053 Sst Gaba,07 CTX-MGE GABA,GABA,7,4.0834174,5.579023,0.7142857142857143
518,0763 Sst Gaba_2,0215 Sst Gaba_2,053 Sst Gaba,07 CTX-MGE GABA,GABA,1,6.438279,6.438279,1.0
520,0858 Sst Chodl Gaba_4,0241 Sst Chodl Gaba_4,056 Sst Chodl Gaba,08 CNU-MGE GABA,GABA,3,4.327261,5.953196,0.6666666666666666
525,0815 Sst Gaba_15,0228 Sst Gaba_15,053 Sst Gaba,07 CTX-MGE GABA,GABA,1,6.8160324,6.8160324,1.0
548,0764 Sst Gaba_2,0215 Sst Gaba_2,053 Sst Gaba,07 CTX-MGE GABA,GABA,7,4.191512,5.3136163,0.7142857142857143
549,0765 Sst Gaba_2,0215 Sst Gaba_2,053 Sst Gaba,07 CTX-MGE GABA,GABA,6,2.8680189,2.095913,0.5
550,0823 Sst Gaba_17,0230 Sst Gaba_17,053 Sst Gaba,07 CTX-MGE GABA,GABA,20,3.445373,5.0211124,0.55
557,0761 Sst Gaba_1,0214 Sst Gaba_1,053 Sst Gaba,07 CTX-MGE GABA,GABA,1,6.0390124,6.0390124,1.0
561,0809 Sst Gaba_12,0225 Sst Gaba_12,053 Sst Gaba,07 CTX-MGE GABA,GABA,2,2.9286819,2.9286819,0.5
562,0837 STR Prox1 Lhx6 Gaba_3,0235 STR Prox1 Lhx6 Gaba_3,054 STR Prox1 Lhx6 Gaba,08 CNU-MGE GABA,GABA,15,4.7556405,5.5365934,0.8
563,0934 PAL-STR Gaba-Chol_3,0261 PAL-STR Gaba-Chol_3,058 PAL-STR Gaba-Chol,08 CNU-MGE GABA,GABA,42,3.0185454,2.5701137,0.5
564,0935 PAL-STR Gaba-Chol_3,0261 PAL-STR Gaba-Chol_3,058 PAL-STR Gaba-Chol,08 CNU-MGE GABA,GABA,41,3.7447674,5.0923247,0.6585365853658537
565,0841 STR Lhx8 Gaba_1,0236 STR Lhx8 Gaba_1,055 STR Lhx8 Gaba,08 CNU-MGE GABA,GABA,300,3.8491619,5.4453964,0.6233333333333333
566,0843 STR Lhx8 Gaba_2,0237 STR Lhx8 Gaba_2,055 STR Lhx8 Gaba,08 CNU-MGE GABA,GABA,161,2.7778842,0.0,0.45962732919254656
567,0936 PAL-STR Gaba-Chol_3,0261 PAL-STR Gaba-Chol_3,058 PAL-STR Gaba-Chol,08 CNU-MGE GABA,GABA,48,4.0878515,5.402645,0.6875
568,0923 PAL-STR Gaba-Chol_1,0259 PAL-STR Gaba-Chol_1,058 PAL-STR Gaba-Chol,08 CNU-MGE GABA,Chol,62,3.5229757,4.8061748,0.6451612903225806
569,0937 PAL-STR Gaba-Chol_3,0261 PAL-STR Gaba-Chol_3,058 PAL-STR Gaba-Chol,08 CNU-MGE GABA,GABA,49,3.963757,5.3886986,0.6530612244897959
570,0924 PAL-STR Gaba-Chol_1,0259 PAL-STR Gaba-Chol_1,058 PAL-STR Gaba-Chol,08 CNU-MGE GABA,Chol,54,3.1497111,3.9947915,0.6296296296296297
571,0925 PAL-STR Gaba-Chol_1,0259 PAL-STR Gaba-Chol_1,058 PAL-STR Gaba-Chol,08 CNU-MGE GABA,Chol,104,3.2262259,4.466088,0.6346153846153846
572,0833 STR Prox1 Lhx6 Gaba_2,0234 STR Prox1 Lhx6 Gaba_2,054 STR Prox1 Lhx6 Gaba,08 CNU-MGE GABA,GABA,83,3.4327717,5.2982173,0.5421686746987951
573,0839 STR Lhx8 Gaba_1,0236 STR Lhx8 Gaba_1,055 STR Lhx8 Gaba,08 CNU-MGE GABA,GABA,6,3.2823818,2.6938312,0.5
574,0834 STR Prox1 Lhx6 Gaba_2,0234 STR Prox1 Lhx6 Gaba_2,054 STR Prox1 Lhx6 Gaba,08 CNU-MGE GABA,GABA,21,3.108186,4.1740203,0.5238095238095238
575,0835 STR Prox1 Lhx6 Gaba_2,0234 STR Prox1 Lhx6 Gaba_2,054 STR Prox1 Lhx6 Gaba,08 CNU-MGE GABA,GABA,13,3.563089,4.9924636,0.6153846153846154
576,0840 STR Lhx8 Gaba_1,0236 STR Lhx8 Gaba_1,055 STR Lhx8 Gaba,08 CNU-MGE GABA,GABA,15,3.4086277,5.4534316,0.5333333333333333
577,0836 STR Prox1 Lhx6 Gaba_2,0234 STR Prox1 Lhx6 Gaba_2,054 STR Prox1 Lhx6 Gaba,08 CNU-MGE GABA,GABA,7,3.8403096,5.0353365,0.7142857142857143
578,0929 PAL-STR Gaba-Chol_2,0260 PAL-STR Gaba-Chol_2,058 PAL-STR Gaba-Chol,08 CNU-MGE GABA,Chol,14,2.4887235,2.031786,0.5
579,0844 STR Lhx8 Gaba_2,0237 STR Lhx8 Gaba_2,055 STR Lhx8 Gaba,08 CNU-MGE GABA,GABA,185,3.6935878,5.2642946,0.6054054054054054
580,0838 STR Prox1 Lhx6 Gaba_3,0235 STR Prox1 Lhx6 Gaba_3,054 STR Prox1 Lhx6 Gaba,08 CNU-MGE GABA,GABA,17,4.1150117,5.574353,0.6470588235294118
581,0842 STR Lhx8 Gaba_1,0236 STR Lhx8 Gaba_1,055 STR Lhx8 Gaba,08 CNU-MGE GABA,GABA,17,3.5669672,5.2610373,0.5882352941176471
582,0938 PAL-STR Gaba-Chol_3,0261 PAL-STR Gaba-Chol_3,058 PAL-STR Gaba-Chol,08 CNU-MGE GABA,GABA,42,3.760718,5.2562246,0.6190476190476191
583,0930 PAL-STR Gaba-Chol_2,0260 PAL-STR Gaba-Chol_2,058 PAL-STR Gaba-Chol,08 CNU-MGE GABA,Chol,61,3.4068806,4.9031653,0.5901639344262295
584,0931 PAL-STR Gaba-Chol_2,0260 PAL-STR Gaba-Chol_2,058 PAL-STR Gaba-Chol,08 CNU-MGE GABA,Chol,38,4.058758,5.22912,0.7105263157894737
585,0932 PAL-STR Gaba-Chol_2,0260 PAL-STR Gaba-Chol_2,058 PAL-STR Gaba-Chol,08 CNU-MGE GABA,Chol,25,4.1424503,5.0074754,0.8
586,0933 PAL-STR Gaba-Chol_2,0260 PAL-STR Gaba-Chol_2,058 PAL-STR Gaba-Chol,08 CNU-MGE GABA,Chol,45,3.8980215,4.801809,0.7333333333333333
587,0926 PAL-STR Gaba-Chol_1,0259 PAL-STR Gaba-Chol_1,058 PAL-STR Gaba-Chol,08 CNU-MGE GABA,Chol,71,4.195182,5.046634,0.7746478873239436
588,0927 PAL-STR Gaba-Chol_1,0259 PAL-STR Gaba-Chol_1,058 PAL-STR Gaba-Chol,08 CNU-MGE GABA,Chol,75,4.5656686,5.210251,0.88
589,0928 PAL-STR Gaba-Chol_1,0259 PAL-STR Gaba-Chol_1,058 PAL-STR Gaba-Chol,08 CNU-MGE GABA,Chol,13,0.9124549,0.0,0.15384615384615385
596,0744 Pvalb Gaba_4,0208 Pvalb Gaba_4,052 Pvalb Gaba,07 CTX-MGE GABA,GABA,1,0.0,0.0,0.0
602,0748 Pvalb Gaba_5,0209 Pvalb Gaba_5,052 Pvalb Gaba,07 CTX-MGE GABA,GABA,5,4.2340765,4.878111,0.8
611,0738 Pvalb Gaba_2,0206 Pvalb Gaba_2,052 Pvalb Gaba,07 CTX-MGE GABA,GABA,1,6.583198,6.583198,1.0
614,0733 Pvalb chandelier Gaba_1,0204 Pvalb chandelier Gaba_1,051 Pvalb chandelier Gaba,07 CTX-MGE GABA,GABA,1,5.306926,5.306926,1.0
616,0661 Vip Gaba_11,0183 Vip Gaba_11,046 Vip Gaba,06 CTX-CGE GABA,GABA,2,2.5521946,2.5521946,0.5
617,0639 Vip Gaba_4,0176 Vip Gaba_4,046 Vip Gaba,06 CTX-CGE GABA,GABA,8,2.651082,0.0,0.375
622,0672 Sncg Gaba_3,0187 Sncg Gaba_3,047 Sncg Gaba,06 CTX-CGE GABA,GABA,1,0.0,0.0,0.0
625,0676 Sncg Gaba_3,0187 Sncg Gaba_3,047 Sncg Gaba,06 CTX-CGE GABA,GABA,3,2.557162,0.0,0.3333333333333333
626,0645 Vip Gaba_6,0178 Vip Gaba_6,046 Vip Gaba,06 CTX-CGE GABA,GABA,3,0.0,0.0,0.0
627,0646 Vip Gaba_6,0178 Vip Gaba_6,046 Vip Gaba,06 CTX-CGE GABA,GABA,2,0.0,0.0,0.0
629,0647 Vip Gaba_6,0178 Vip Gaba_6,046 Vip Gaba,06 CTX-CGE GABA,GABA,1,0.0,0.0,0.0
630,0641 Vip Gaba_5,0177 Vip Gaba_5,046 Vip Gaba,06 CTX-CGE GABA,GABA,8,3.778403,5.661396,0.625
632,0643 Vip Gaba_5,0177 Vip Gaba_5,046 Vip Gaba,06 CTX-CGE GABA,GABA,3,2.3578537,0.0,0.3333333333333333
634,0628 Vip Gaba_2,0174 Vip Gaba_2,046 Vip Gaba,06 CTX-CGE GABA,GABA,9,2.5301223,0.0,0.4444444444444444
636,0632 Vip Gaba_3,0175 Vip Gaba_3,046 Vip Gaba,06 CTX-CGE GABA,GABA,4,2.9409666,2.6637406,0.5
637,0633 Vip Gaba_3,0175 Vip Gaba_3,046 Vip Gaba,06 CTX-CGE GABA,GABA,4,2.9367032,2.68389,0.5
638,0663 Vip Gaba_12,0184 Vip Gaba_12,046 Vip Gaba,06 CTX-CGE GABA,GABA,2,2.7049406,2.7049406,0.5
641,0674 Sncg Gaba_3,0187 Sncg Gaba_3,047 Sncg Gaba,06 CTX-CGE GABA,GABA,1,0.0,0.0,0.0
644,0654 Vip Gaba_9,0181 Vip Gaba_9,046 Vip Gaba,06 CTX-CGE GABA,GABA,1,0.0,0.0,0.0
646,0649 Vip Gaba_7,0179 Vip Gaba_7,046 Vip Gaba,06 CTX-CGE GABA,GABA,1,5.528794,5.528794,1.0
647,0650 Vip Gaba_7,0179 Vip Gaba_7,046 Vip Gaba,06 CTX-CGE GABA,GABA,2,0.0,0.0,0.0
648,0655 Vip Gaba_9,0181 Vip Gaba_9,046 Vip Gaba,06 CTX-CGE GABA,GABA,1,0.0,0.0,0.0
649,0623 Vip Gaba_1,0173 Vip Gaba_1,046 Vip Gaba,06 CTX-CGE GABA,GABA,3,3.8435233,5.7158847,0.6666666666666666
652,0630 Vip Gaba_2,0174 Vip Gaba_2,046 Vip Gaba,06 CTX-CGE GABA,GABA,2,0.0,0.0,0.0
653,0634 Vip Gaba_3,0175 Vip Gaba_3,046 Vip Gaba,06 CTX-CGE GABA,GABA,39,1.9183661,0.0,0.3076923076923077
654,0656 Vip Gaba_9,0181 Vip Gaba_9,046 Vip Gaba,06 CTX-CGE GABA,GABA,2,3.1498663,3.1498663,0.5
656,0636 Vip Gaba_4,0176 Vip Gaba_4,046 Vip Gaba,06 CTX-CGE GABA,GABA,27,1.8546814,0.0,0.2962962962962963
659,0685 Sncg Gaba_8,0192 Sncg Gaba_8,047 Sncg Gaba,06 CTX-CGE GABA,GABA,1,0.0,0.0,0.0
660,0637 Vip Gaba_4,0176 Vip Gaba_4,046 Vip Gaba,06 CTX-CGE GABA,GABA,10,1.897084,0.0,0.3
662,0631 Vip Gaba_2,0174 Vip Gaba_2,046 Vip Gaba,06 CTX-CGE GABA,GABA,1,0.0,0.0,0.0
663,0652 Vip Gaba_8,0180 Vip Gaba_8,046 Vip Gaba,06 CTX-CGE GABA,GABA,1,0.0,0.0,0.0
667,0624 Vip Gaba_1,0173 Vip Gaba_1,046 Vip Gaba,06 CTX-CGE GABA,GABA,1,4.9695005,4.9695005,1.0
684,0678 Sncg Gaba_4,0188 Sncg Gaba_4,047 Sncg Gaba,06 CTX-CGE GABA,Glut-GABA,1,0.0,0.0,0.0
686,0625 Vip Gaba_1,0173 Vip Gaba_1,046 Vip Gaba,06 CTX-CGE GABA,GABA,14,1.9880842,0.0,0.35714285714285715
688,0626 Vip Gaba_1,0173 Vip Gaba_1,046 Vip Gaba,06 CTX-CGE GABA,GABA,1,0.0,0.0,0.0
689,0666 Sncg Gaba_1,0185 Sncg Gaba_1,047 Sncg Gaba,06 CTX-CGE GABA,GABA,1,3.824082,3.824082,1.0
694,0690 RHP-COA Ndnf Gaba_2,0194 RHP-COA Ndnf Gaba_2,048 RHP-COA Ndnf Gaba,06 CTX-CGE GABA,GABA,1,0.0,0.0,0.0
695,0691 RHP-COA Ndnf Gaba_2,0194 RHP-COA Ndnf Gaba_2,048 RHP-COA Ndnf Gaba,06 CTX-CGE GABA,GABA,1,0.0,0.0,0.0
699,0668 Sncg Gaba_1,0185 Sncg Gaba_1,047 Sncg Gaba,06 CTX-CGE GABA,GABA,1,0.0,0.0,0.0
700,0693 RHP-COA Ndnf Gaba_3,0195 RHP-COA Ndnf Gaba_3,048 RHP-COA Ndnf Gaba,06 CTX-CGE GABA,GABA,1,5.113708,5.113708,1.0
703,0708 Lamp5 Gaba_1,0199 Lamp5 Gaba_1,049 Lamp5 Gaba,06 CTX-CGE GABA,GABA,25,2.1731005,0.0,0.36
704,0709 Lamp5 Gaba_1,0199 Lamp5 Gaba_1,049 Lamp5 Gaba,06 CTX-CGE GABA,GABA,20,1.4238981,0.0,0.25
705,0710 Lamp5 Gaba_1,0199 Lamp5 Gaba_1,049 Lamp5 Gaba,06 CTX-CGE GABA,GABA,32,2.115304,0.0,0.40625
707,0715 Lamp5 Gaba_2,0200 Lamp5 Gaba_2,049 Lamp5 Gaba,06 CTX-CGE GABA,GABA,1,5.5775194,5.5775194,1.0
710,0720 Lamp5 Gaba_3,0201 Lamp5 Gaba_3,049 Lamp5 Gaba,06 CTX-CGE GABA,GABA,1,0.0,0.0,0.0
713,0722 Lamp5 Gaba_4,0202 Lamp5 Gaba_4,049 Lamp5 Gaba,06 CTX-CGE GABA,GABA,2,2.7468357,2.7468357,0.5
714,0718 Lamp5 Gaba_2,0200 Lamp5 Gaba_2,049 Lamp5 Gaba,06 CTX-CGE GABA,GABA,1,0.0,0.0,0.0
719,0711 Lamp5 Gaba_1,0199 Lamp5 Gaba_1,049 Lamp5 Gaba,06 CTX-CGE GABA,GABA,5,3.029329,4.436015,0.6
720,0713 Lamp5 Gaba_1,0199 Lamp5 Gaba_1,049 Lamp5 Gaba,06 CTX-CGE GABA,GABA,4,2.6794744,2.5330725,0.5
722,0729 Lamp5 Lhx6 Gaba_1,0203 Lamp5 Lhx6 Gaba_1,050 Lamp5 Lhx6 Gaba,07 CTX-MGE GABA,GABA,1,5.7025948,5.7025948,1.0
725,0724 Lamp5 Lhx6 Gaba_1,0203 Lamp5 Lhx6 Gaba_1,050 Lamp5 Lhx6 Gaba,07 CTX-MGE GABA,GABA,4,0.0,0.0,0.0
726,0731 Lamp5 Lhx6 Gaba_1,0203 Lamp5 Lhx6 Gaba_1,050 Lamp5 Lhx6 Gaba,07 CTX-MGE GABA,GABA,1,0.0,0.0,0.0
730,0893 NDB-SI-MA-STRv Lhx8 Gaba_5,0248 NDB-SI-MA-STRv Lhx8 Gaba_5,057 NDB-SI-MA-STRv Lhx8 Gaba,08 CNU-MGE GABA,GABA,115,3.767433,5.2813907,0.6173913043478261
731,0894 NDB-SI-MA-STRv Lhx8 Gaba_5,0248 NDB-SI-MA-STRv Lhx8 Gaba_5,057 NDB-SI-MA-STRv Lhx8 Gaba,08 CNU-MGE GABA,GABA,59,3.591653,5.422395,0.559322033898305
732,0863 NDB-SI-MA-STRv Lhx8 Gaba_1,0244 NDB-SI-MA-STRv Lhx8 Gaba_1,057 NDB-SI-MA-STRv Lhx8 Gaba,08 CNU-MGE GABA,GABA,67,3.289315,5.096598,0.5074626865671642
733,0904 NDB-SI-MA-STRv Lhx8 Gaba_7,0250 NDB-SI-MA-STRv Lhx8 Gaba_7,057 NDB-SI-MA-STRv Lhx8 Gaba,08 CNU-MGE GABA,GABA,64,4.239383,5.42105,0.734375
734,0905 NDB-SI-MA-STRv Lhx8 Gaba_7,0250 NDB-SI-MA-STRv Lhx8 Gaba_7,057 NDB-SI-MA-STRv Lhx8 Gaba,08 CNU-MGE GABA,GABA,149,3.9635026,5.043857,0.7046979865771812
735,0895 NDB-SI-MA-STRv Lhx8 Gaba_5,0248 NDB-SI-MA-STRv Lhx8 Gaba_5,057 NDB-SI-MA-STRv Lhx8 Gaba,08 CNU-MGE GABA,GABA,65,3.665819,5.2553554,0.6153846153846154
736,0896 NDB-SI-MA-STRv Lhx8 Gaba_5,0248 NDB-SI-MA-STRv Lhx8 Gaba_5,057 NDB-SI-MA-STRv Lhx8 Gaba,08 CNU-MGE GABA,GABA,97,3.8083012,5.404162,0.6494845360824743
737,0897 NDB-SI-MA-STRv Lhx8 Gaba_5,0248 NDB-SI-MA-STRv Lhx8 Gaba_5,057 NDB-SI-MA-STRv Lhx8 Gaba,08 CNU-MGE GABA,GABA,250,3.525178,5.074957,0.588
738,0864 NDB-SI-MA-STRv Lhx8 Gaba_1,0244 NDB-SI-MA-STRv Lhx8 Gaba_1,057 NDB-SI-MA-STRv Lhx8 Gaba,08 CNU-MGE GABA,GABA,240,3.0931325,4.553253,0.5291666666666667
739,0865 NDB-SI-MA-STRv Lhx8 Gaba_1,0244 NDB-SI-MA-STRv Lhx8 Gaba_1,057 NDB-SI-MA-STRv Lhx8 Gaba,08 CNU-MGE GABA,GABA,210,3.3683872,4.86464,0.5714285714285714
740,0866 NDB-SI-MA-STRv Lhx8 Gaba_1,0244 NDB-SI-MA-STRv Lhx8 Gaba_1,057 NDB-SI-MA-STRv Lhx8 Gaba,08 CNU-MGE GABA,GABA,32,3.276938,4.42832,0.53125
741,0867 NDB-SI-MA-STRv Lhx8 Gaba_1,0244 NDB-SI-MA-STRv Lhx8 Gaba_1,057 NDB-SI-MA-STRv Lhx8 Gaba,08 CNU-MGE GABA,GABA,30,4.9139733,5.7429404,0.8333333333333334
742,0868 NDB-SI-MA-STRv Lhx8 Gaba_1,0244 NDB-SI-MA-STRv Lhx8 Gaba_1,057 NDB-SI-MA-STRv Lhx8 Gaba,08 CNU-MGE GABA,GABA,35,2.8055944,0.0,0.45714285714285713
743,0869 NDB-SI-MA-STRv Lhx8 Gaba_1,0244 NDB-SI-MA-STRv Lhx8 Gaba_1,057 NDB-SI-MA-STRv Lhx8 Gaba,08 CNU-MGE GABA,GABA,37,4.383115,5.465192,0.7297297297297297
744,0879 NDB-SI-MA-STRv Lhx8 Gaba_3,0246 NDB-SI-MA-STRv Lhx8 Gaba_3,057 NDB-SI-MA-STRv Lhx8 Gaba,08 CNU-MGE GABA,GABA,187,4.8449297,5.660367,0.8235294117647058
745,0880 NDB-SI-MA-STRv Lhx8 Gaba_3,0246 NDB-SI-MA-STRv Lhx8 Gaba_3,057 NDB-SI-MA-STRv Lhx8 Gaba,08 CNU-MGE GABA,GABA,317,4.5625143,5.560586,0.7634069400630915
746,0881 NDB-SI-MA-STRv Lhx8 Gaba_3,0246 NDB-SI-MA-STRv Lhx8 Gaba_3,057 NDB-SI-MA-STRv Lhx8 Gaba,08 CNU-MGE GABA,GABA,176,4.26178,5.432549,0.7102272727272727
747,0882 NDB-SI-MA-STRv Lhx8 Gaba_3,0246 NDB-SI-MA-STRv Lhx8 Gaba_3,057 NDB-SI-MA-STRv Lhx8 Gaba,08 CNU-MGE GABA,GABA,37,3.970085,5.4234576,0.6756756756756757
748,0883 NDB-SI-MA-STRv Lhx8 Gaba_3,0246 NDB-SI-MA-STRv Lhx8 Gaba_3,057 NDB-SI-MA-STRv Lhx8 Gaba,08 CNU-MGE GABA,GABA,89,4.345639,5.423192,0.7528089887640449
749,0884 NDB-SI-MA-STRv Lhx8 Gaba_3,0246 NDB-SI-MA-STRv Lhx8 Gaba_3,057 NDB-SI-MA-STRv Lhx8 Gaba,08 CNU-MGE GABA,GABA,67,4.6673665,5.7386913,0.7761194029850746
750,0885 NDB-SI-MA-STRv Lhx8 Gaba_3,0246 NDB-SI-MA-STRv Lhx8 Gaba_3,057 NDB-SI-MA-STRv Lhx8 Gaba,08 CNU-MGE GABA,GABA,663,4.240873,5.4934225,0.7058823529411765
751,0886 NDB-SI-MA-STRv Lhx8 Gaba_3,0246 NDB-SI-MA-STRv Lhx8 Gaba_3,057 NDB-SI-MA-STRv Lhx8 Gaba,08 CNU-MGE GABA,GABA,49,5.009292,6.226189,0.7959183673469388
752,0887 NDB-SI-MA-STRv Lhx8 Gaba_3,0246 NDB-SI-MA-STRv Lhx8 Gaba_3,057 NDB-SI-MA-STRv Lhx8 Gaba,08 CNU-MGE GABA,GABA,36,5.153195,5.899585,0.8333333333333334
753,0888 NDB-SI-MA-STRv Lhx8 Gaba_3,0246 NDB-SI-MA-STRv Lhx8 Gaba_3,057 NDB-SI-MA-STRv Lhx8 Gaba,08 CNU-MGE GABA,GABA,87,5.4325747,6.2558603,0.8505747126436781
754,0906 NDB-SI-MA-STRv Lhx8 Gaba_7,0250 NDB-SI-MA-STRv Lhx8 Gaba_7,057 NDB-SI-MA-STRv Lhx8 Gaba,08 CNU-MGE GABA,GABA,25,4.0415263,5.482529,0.68
755,0898 NDB-SI-MA-STRv Lhx8 Gaba_5,0248 NDB-SI-MA-STRv Lhx8 Gaba_5,057 NDB-SI-MA-STRv Lhx8 Gaba,08 CNU-MGE GABA,GABA,40,4.3609195,6.139571,0.65
756,0912 NDB-SI-MA-STRv Lhx8 Gaba_10,0253 NDB-SI-MA-STRv Lhx8 Gaba_10,057 NDB-SI-MA-STRv Lhx8 Gaba,08 CNU-MGE GABA,GABA,33,3.1061785,4.623951,0.5454545454545454
757,0913 NDB-SI-MA-STRv Lhx8 Gaba_10,0253 NDB-SI-MA-STRv Lhx8 Gaba_10,057 NDB-SI-MA-STRv Lhx8 Gaba,08 CNU-MGE GABA,GABA,107,3.2283597,4.8416715,0.5420560747663551
758,0914 NDB-SI-MA-STRv Lhx8 Gaba_10,0253 NDB-SI-MA-STRv Lhx8 Gaba_10,057 NDB-SI-MA-STRv Lhx8 Gaba,08 CNU-MGE GABA,GABA,41,3.384945,4.980047,0.5609756097560976
759,0846 Sst Chodl Gaba_1,0238 Sst Chodl Gaba_1,056 Sst Chodl Gaba,08 CNU-MGE GABA,GABA,157,3.8927703,5.6133084,0.6178343949044586
760,0855 Sst Chodl Gaba_3,0240 Sst Chodl Gaba_3,056 Sst Chodl Gaba,08 CNU-MGE GABA,GABA,56,3.8381255,5.5539317,0.625
761,0860 Sst Chodl Gaba_5,0242 Sst Chodl Gaba_5,056 Sst Chodl Gaba,08 CNU-MGE GABA,GABA,39,3.405099,5.100138,0.5641025641025641
762,0853 Sst Chodl Gaba_2,0239 Sst Chodl Gaba_2,056 Sst Chodl Gaba,08 CNU-MGE GABA,GABA,31,3.9071608,5.3604264,0.6451612903225806
763,0849 Sst Chodl Gaba_2,0239 Sst Chodl Gaba_2,056 Sst Chodl Gaba,08 CNU-MGE GABA,GABA,100,4.74489,6.0076857,0.76
764,0850 Sst Chodl Gaba_2,0239 Sst Chodl Gaba_2,056 Sst Chodl Gaba,08 CNU-MGE GABA,GABA,43,4.5938616,5.8316717,0.7441860465116279
765,0851 Sst Chodl Gaba_2,0239 Sst Chodl Gaba_2,056 Sst Chodl Gaba,08 CNU-MGE GABA,GABA,26,4.2648654,5.6064405,0.6923076923076923
766,0847 Sst Chodl Gaba_1,0238 Sst Chodl Gaba_1,056 Sst Chodl Gaba,08 CNU-MGE GABA,GABA,30,3.2235265,4.888056,0.5333333333333333
767,0859 Sst Chodl Gaba_4,0241 Sst Chodl Gaba_4,056 Sst Chodl Gaba,08 CNU-MGE GABA,GABA,22,2.7933526,2.1125336,0.5
768,0852 Sst Chodl Gaba_2,0239 Sst Chodl Gaba_2,056 Sst Chodl Gaba,08 CNU-MGE GABA,GABA,154,3.926336,5.428588,0.6493506493506493
769,0845 Sst Chodl Gaba_1,0238 Sst Chodl Gaba_1,056 Sst Chodl Gaba,08 CNU-MGE GABA,GABA,34,3.4764223,4.802824,0.5882352941176471
770,0861 Sst Chodl Gaba_5,0242 Sst Chodl Gaba_5,056 Sst Chodl Gaba,08 CNU-MGE GABA,GABA,79,4.6229196,5.874527,0.7468354430379747
771,0854 Sst Chodl Gaba_2,0239 Sst Chodl Gaba_2,056 Sst Chodl Gaba,08 CNU-MGE GABA,GABA,24,4.420899,5.485401,0.75
772,0856 Sst Chodl Gaba_3,0240 Sst Chodl Gaba_3,056 Sst Chodl Gaba,08 CNU-MGE GABA,GABA,75,3.7477653,5.3224235,0.6266666666666667
773,0848 Sst Chodl Gaba_1,0238 Sst Chodl Gaba_1,056 Sst Chodl Gaba,08 CNU-MGE GABA,GABA,40,3.4942043,4.9798565,0.6
774,0862 Sst Chodl Gaba_6,0243 Sst Chodl Gaba_6,056 Sst Chodl Gaba,08 CNU-MGE GABA,GABA,7,4.9589972,5.948503,0.7142857142857143
775,0857 Sst Chodl Gaba_3,0240 Sst Chodl Gaba_3,056 Sst Chodl Gaba,08 CNU-MGE GABA,GABA,40,4.3349752,5.638418,0.725
776,1451 SI-MPO-LPO Lhx8 Gaba_5,0400 SI-MPO-LPO Lhx8 Gaba_5,085 SI-MPO-LPO Lhx8 Gaba,11 CNU-HYa GABA,GABA,1,6.716623,6.716623,1.0
777,1452 SI-MPO-LPO Lhx8 Gaba_5,0400 SI-MPO-LPO Lhx8 Gaba_5,085 SI-MPO-LPO Lhx8 Gaba,11 CNU-HYa GABA,Glut-GABA,5,4.800281,5.534479,0.8
778,1453 SI-MPO-LPO Lhx8 Gaba_5,0400 SI-MPO-LPO Lhx8 Gaba_5,085 SI-MPO-LPO Lhx8 Gaba,11 CNU-HYa GABA,GABA,12,3.6368148,5.0446396,0.5833333333333334
779,1418 SI-MPO-LPO Lhx8 Gaba_1,0396 SI-MPO-LPO Lhx8 Gaba_1,085 SI-MPO-LPO Lhx8 Gaba,11 CNU-HYa GABA,GABA,61,3.4442556,4.718069,0.639344262295082
780,1419 SI-MPO-LPO Lhx8 Gaba_1,0396 SI-MPO-LPO Lhx8 Gaba_1,085 SI-MPO-LPO Lhx8 Gaba,11 CNU-HYa GABA,GABA,14,2.4389958,0.0,0.42857142857142855
781,1420 SI-MPO-LPO Lhx8 Gaba_1,0396 SI-MPO-LPO Lhx8 Gaba_1,085 SI-MPO-LPO Lhx8 Gaba,11 CNU-HYa GABA,GABA,71,3.8733692,5.1964664,0.676056338028169
782,1421 SI-MPO-LPO Lhx8 Gaba_1,0396 SI-MPO-LPO Lhx8 Gaba_1,085 SI-MPO-LPO Lhx8 Gaba,11 CNU-HYa GABA,GABA,42,3.142577,2.1677117,0.5
783,1422 SI-MPO-LPO Lhx8 Gaba_1,0396 SI-MPO-LPO Lhx8 Gaba_1,085 SI-MPO-LPO Lhx8 Gaba,11 CNU-HYa GABA,GABA,23,3.1921082,4.5987797,0.5652173913043478
784,1423 SI-MPO-LPO Lhx8 Gaba_1,0396 SI-MPO-LPO Lhx8 Gaba_1,085 SI-MPO-LPO Lhx8 Gaba,11 CNU-HYa GABA,GABA,48,4.5465956,5.6318865,0.75
785,1454 SI-MPO-LPO Lhx8 Gaba_5,0400 SI-MPO-LPO Lhx8 Gaba_5,085 SI-MPO-LPO Lhx8 Gaba,11 CNU-HYa GABA,GABA,8,3.6521711,4.830299,0.625
786,0917 NDB-SI-MA-STRv Lhx8 Gaba_13,0256 NDB-SI-MA-STRv Lhx8 Gaba_13,057 NDB-SI-MA-STRv Lhx8 Gaba,08 CNU-MGE GABA,GABA,112,3.4283626,5.0306892,0.5803571428571429
787,1424 SI-MPO-LPO Lhx8 Gaba_1,0396 SI-MPO-LPO Lhx8 Gaba_1,085 SI-MPO-LPO Lhx8 Gaba,11 CNU-HYa GABA,GABA,118,3.875613,5.0316577,0.6779661016949152
788,1425 SI-MPO-LPO Lhx8 Gaba_1,0396 SI-MPO-LPO Lhx8 Gaba_1,085 SI-MPO-LPO Lhx8 Gaba,11 CNU-HYa GABA,GABA,53,3.889745,4.833795,0.6792452830188679
789,1426 SI-MPO-LPO Lhx8 Gaba_1,0396 SI-MPO-LPO Lhx8 Gaba_1,085 SI-MPO-LPO Lhx8 Gaba,11 CNU-HYa GABA,GABA,51,4.8967185,5.507224,0.8431372549019608
790,1455 SI-MPO-LPO Lhx8 Gaba_5,0400 SI-MPO-LPO Lhx8 Gaba_5,085 SI-MPO-LPO Lhx8 Gaba,11 CNU-HYa GABA,GABA,25,4.230809,5.5987477,0.72
791,1427 SI-MPO-LPO Lhx8 Gaba_1,0396 SI-MPO-LPO Lhx8 Gaba_1,085 SI-MPO-LPO Lhx8 Gaba,11 CNU-HYa GABA,GABA,98,4.121091,5.199768,0.6938775510204082
792,1428 SI-MPO-LPO Lhx8 Gaba_1,0396 SI-MPO-LPO Lhx8 Gaba_1,085 SI-MPO-LPO Lhx8 Gaba,11 CNU-HYa GABA,GABA,20,2.529303,0.0,0.45
793,1429 SI-MPO-LPO Lhx8 Gaba_2,0397 SI-MPO-LPO Lhx8 Gaba_2,085 SI-MPO-LPO Lhx8 Gaba,11 CNU-HYa GABA,GABA,11,3.129434,4.2168508,0.5454545454545454
794,1439 SI-MPO-LPO Lhx8 Gaba_3,0398 SI-MPO-LPO Lhx8 Gaba_3,085 SI-MPO-LPO Lhx8 Gaba,11 CNU-HYa GABA,GABA,3,3.7180345,5.147645,0.6666666666666666
795,1440 SI-MPO-LPO Lhx8 Gaba_3,0398 SI-MPO-LPO Lhx8 Gaba_3,085 SI-MPO-LPO Lhx8 Gaba,11 CNU-HYa GABA,GABA,2,6.448508,6.448508,1.0
796,1446 SI-MPO-LPO Lhx8 Gaba_4,0399 SI-MPO-LPO Lhx8 Gaba_4,085 SI-MPO-LPO Lhx8 Gaba,11 CNU-HYa GABA,GABA,4,5.2467165,6.748252,0.75
797,1447 SI-MPO-LPO Lhx8 Gaba_4,0399 SI-MPO-LPO Lhx8 Gaba_4,085 SI-MPO-LPO Lhx8 Gaba,11 CNU-HYa GABA,GABA,20,4.1915417,5.1669188,0.75
798,1448 SI-MPO-LPO Lhx8 Gaba_4,0399 SI-MPO-LPO Lhx8 Gaba_4,085 SI-MPO-LPO Lhx8 Gaba,11 CNU-HYa GABA,GABA,8,3.7495687,5.2085195,0.625
799,1430 SI-MPO-LPO Lhx8 Gaba_2,0397 SI-MPO-LPO Lhx8 Gaba_2,085 SI-MPO-LPO Lhx8 Gaba,11 CNU-HYa GABA,GABA,4,1.4042432,0.0,0.25
800,1431 SI-MPO-LPO Lhx8 Gaba_2,0397 SI-MPO-LPO Lhx8 Gaba_2,085 SI-MPO-LPO Lhx8 Gaba,11 CNU-HYa GABA,GABA,19,5.044603,5.5176506,0.8421052631578947
801,1432 SI-MPO-LPO Lhx8 Gaba_2,0397 SI-MPO-LPO Lhx8 Gaba_2,085 SI-MPO-LPO Lhx8 Gaba,11 CNU-HYa GABA,GABA,31,3.9851758,5.0528817,0.7096774193548387
802,1433 SI-MPO-LPO Lhx8 Gaba_2,0397 SI-MPO-LPO Lhx8 Gaba_2,085 SI-MPO-LPO Lhx8 Gaba,11 CNU-HYa GABA,GABA,4,4.7291975,6.1253138,0.75
803,1441 SI-MPO-LPO Lhx8 Gaba_3,0398 SI-MPO-LPO Lhx8 Gaba_3,085 SI-MPO-LPO Lhx8 Gaba,11 CNU-HYa GABA,GABA,1,5.005212,5.005212,1.0
804,1442 SI-MPO-LPO Lhx8 Gaba_3,0398 SI-MPO-LPO Lhx8 Gaba_3,085 SI-MPO-LPO Lhx8 Gaba,11 CNU-HYa GABA,GABA,2,6.0457354,6.0457354,1.0
805,1443 SI-MPO-LPO Lhx8 Gaba_3,0398 SI-MPO-LPO Lhx8 Gaba_3,085 SI-MPO-LPO Lhx8 Gaba,11 CNU-HYa GABA,GABA,2,5.286221,5.286221,1.0
806,1456 SI-MPO-LPO Lhx8 Gaba_6,0401 SI-MPO-LPO Lhx8 Gaba_6,085 SI-MPO-LPO Lhx8 Gaba,11 CNU-HYa GABA,GABA,15,4.9196715,5.7295976,0.8
807,1449 SI-MPO-LPO Lhx8 Gaba_4,0399 SI-MPO-LPO Lhx8 Gaba_4,085 SI-MPO-LPO Lhx8 Gaba,11 CNU-HYa GABA,GABA,51,4.2382283,5.680191,0.7058823529411765
808,1434 SI-MPO-LPO Lhx8 Gaba_2,0397 SI-MPO-LPO Lhx8 Gaba_2,085 SI-MPO-LPO Lhx8 Gaba,11 CNU-HYa GABA,GABA,27,4.243621,5.744713,0.6666666666666666
809,1450 SI-MPO-LPO Lhx8 Gaba_4,0399 SI-MPO-LPO Lhx8 Gaba_4,085 SI-MPO-LPO Lhx8 Gaba,11 CNU-HYa GABA,GABA,21,5.0191274,5.709696,0.8095238095238095
810,1435 SI-MPO-LPO Lhx8 Gaba_2,0397 SI-MPO-LPO Lhx8 Gaba_2,085 SI-MPO-LPO Lhx8 Gaba,11 CNU-HYa GABA,GABA,27,5.3289857,6.1334844,0.8148148148148148
811,1436 SI-MPO-LPO Lhx8 Gaba_2,0397 SI-MPO-LPO Lhx8 Gaba_2,085 SI-MPO-LPO Lhx8 Gaba,11 CNU-HYa GABA,GABA,34,4.22074,5.7511206,0.6764705882352942
812,1437 SI-MPO-LPO Lhx8 Gaba_2,0397 SI-MPO-LPO Lhx8 Gaba_2,085 SI-MPO-LPO Lhx8 Gaba,11 CNU-HYa GABA,GABA,48,3.9070685,5.349021,0.6666666666666666
813,1438 SI-MPO-LPO Lhx8 Gaba_2,0397 SI-MPO-LPO Lhx8 Gaba_2,085 SI-MPO-LPO Lhx8 Gaba,11 CNU-HYa GABA,GABA,82,4.4927464,5.7053566,0.7439024390243902
815,1445 SI-MPO-LPO Lhx8 Gaba_3,0398 SI-MPO-LPO Lhx8 Gaba_3,085 SI-MPO-LPO Lhx8 Gaba,11 CNU-HYa GABA,GABA,5,5.9662433,6.1033983,1.0
816,0889 NDB-SI-MA-STRv Lhx8 Gaba_4,0247 NDB-SI-MA-STRv Lhx8 Gaba_4,057 NDB-SI-MA-STRv Lhx8 Gaba,08 CNU-MGE GABA,GABA,48,3.4939878,4.964398,0.5625
817,0907 NDB-SI-MA-STRv Lhx8 Gaba_8,0251 NDB-SI-MA-STRv Lhx8 Gaba_8,057 NDB-SI-MA-STRv Lhx8 Gaba,08 CNU-MGE GABA,GABA,154,4.250512,5.2490044,0.7467532467532467
818,0870 NDB-SI-MA-STRv Lhx8 Gaba_2,0245 NDB-SI-MA-STRv Lhx8 Gaba_2,057 NDB-SI-MA-STRv Lhx8 Gaba,08 CNU-MGE GABA,GABA,97,4.075011,4.981777,0.7422680412371134
819,0899 NDB-SI-MA-STRv Lhx8 Gaba_6,0249 NDB-SI-MA-STRv Lhx8 Gaba_6,057 NDB-SI-MA-STRv Lhx8 Gaba,08 CNU-MGE GABA,GABA,39,4.5025997,5.5007744,0.7692307692307693
820,0871 NDB-SI-MA-STRv Lhx8 Gaba_2,0245 NDB-SI-MA-STRv Lhx8 Gaba_2,057 NDB-SI-MA-STRv Lhx8 Gaba,08 CNU-MGE GABA,GABA,153,3.9898078,5.239819,0.6928104575163399
821,0872 NDB-SI-MA-STRv Lhx8 Gaba_2,0245 NDB-SI-MA-STRv Lhx8 Gaba_2,057 NDB-SI-MA-STRv Lhx8 Gaba,08 CNU-MGE GABA,GABA,78,3.8138158,5.1582146,0.6538461538461539
822,0873 NDB-SI-MA-STRv Lhx8 Gaba_2,0245 NDB-SI-MA-STRv Lhx8 Gaba_2,057 NDB-SI-MA-STRv Lhx8 Gaba,08 CNU-MGE GABA,GABA,40,4.5649157,5.2900615,0.8
823,0874 NDB-SI-MA-STRv Lhx8 Gaba_2,0245 NDB-SI-MA-STRv Lhx8 Gaba_2,057 NDB-SI-MA-STRv Lhx8 Gaba,08 CNU-MGE GABA,GABA,113,4.2332954,5.235357,0.7522123893805309
824,0875 NDB-SI-MA-STRv Lhx8 Gaba_2,0245 NDB-SI-MA-STRv Lhx8 Gaba_2,057 NDB-SI-MA-STRv Lhx8 Gaba,08 CNU-MGE GABA,GABA,38,4.820218,5.729143,0.8157894736842105
825,0900 NDB-SI-MA-STRv Lhx8 Gaba_6,0249 NDB-SI-MA-STRv Lhx8 Gaba_6,057 NDB-SI-MA-STRv Lhx8 Gaba,08 CNU-MGE GABA,GABA,19,3.205329,5.498122,0.5263157894736842
826,0901 NDB-SI-MA-STRv Lhx8 Gaba_6,0249 NDB-SI-MA-STRv Lhx8 Gaba_6,057 NDB-SI-MA-STRv Lhx8 Gaba,08 CNU-MGE GABA,GABA,17,4.093236,4.9487762,0.7058823529411765
827,0902 NDB-SI-MA-STRv Lhx8 Gaba_6,0249 NDB-SI-MA-STRv Lhx8 Gaba_6,057 NDB-SI-MA-STRv Lhx8 Gaba,08 CNU-MGE GABA,GABA,11,2.6065931,0.0,0.45454545454545453
828,0903 NDB-SI-MA-STRv Lhx8 Gaba_6,0249 NDB-SI-MA-STRv Lhx8 Gaba_6,057 NDB-SI-MA-STRv Lhx8 Gaba,08 CNU-MGE GABA,GABA,13,4.3052516,5.605874,0.7692307692307693
829,0910 NDB-SI-MA-STRv Lhx8 Gaba_9,0252 NDB-SI-MA-STRv Lhx8 Gaba_9,057 NDB-SI-MA-STRv Lhx8 Gaba,08 CNU-MGE GABA,GABA,11,4.291496,4.978383,0.7272727272727273
830,0890 NDB-SI-MA-STRv Lhx8 Gaba_4,0247 NDB-SI-MA-STRv Lhx8 Gaba_4,057 NDB-SI-MA-STRv Lhx8 Gaba,08 CNU-MGE GABA,GABA,66,4.5399203,5.499046,0.7575757575757576
831,0891 NDB-SI-MA-STRv Lhx8 Gaba_4,0247 NDB-SI-MA-STRv Lhx8 Gaba_4,057 NDB-SI-MA-STRv Lhx8 Gaba,08 CNU-MGE GABA,GABA,121,4.3123555,5.5963354,0.71900826446281
832,0892 NDB-SI-MA-STRv Lhx8 Gaba_4,0247 NDB-SI-MA-STRv Lhx8 Gaba_4,057 NDB-SI-MA-STRv Lhx8 Gaba,08 CNU-MGE GABA,GABA,211,4.3662243,5.704403,0.7203791469194313
833,0915 NDB-SI-MA-STRv Lhx8 Gaba_11,0254 NDB-SI-MA-STRv Lhx8 Gaba_11,057 NDB-SI-MA-STRv Lhx8 Gaba,08 CNU-MGE GABA,GABA,88,4.0705147,5.4380083,0.6704545454545454
834,0876 NDB-SI-MA-STRv Lhx8 Gaba_2,0245 NDB-SI-MA-STRv Lhx8 Gaba_2,057 NDB-SI-MA-STRv Lhx8 Gaba,08 CNU-MGE GABA,GABA,115,4.032594,5.2253513,0.7304347826086957
835,0916 NDB-SI-MA-STRv Lhx8 Gaba_12,0255 NDB-SI-MA-STRv Lhx8 Gaba_12,057 NDB-SI-MA-STRv Lhx8 Gaba,08 CNU-MGE GABA,GABA,17,2.3408954,0.0,0.4117647058823529
836,0877 NDB-SI-MA-STRv Lhx8 Gaba_2,0245 NDB-SI-MA-STRv Lhx8 Gaba_2,057 NDB-SI-MA-STRv Lhx8 Gaba,08 CNU-MGE GABA,GABA,112,4.378456,5.2399817,0.7857142857142857
837,0908 NDB-SI-MA-STRv Lhx8 Gaba_8,0251 NDB-SI-MA-STRv Lhx8 Gaba_8,057 NDB-SI-MA-STRv Lhx8 Gaba,08 CNU-MGE GABA,GABA,183,4.6979423,5.7674713,0.7814207650273224
838,0909 NDB-SI-MA-STRv Lhx8 Gaba_8,0251 NDB-SI-MA-STRv Lhx8 Gaba_8,057 NDB-SI-MA-STRv Lhx8 Gaba,08 CNU-MGE GABA,GABA,37,4.588267,5.6476135,0.7297297297297297
839,0878 NDB-SI-MA-STRv Lhx8 Gaba_2,0245 NDB-SI-MA-STRv Lhx8 Gaba_2,057 NDB-SI-MA-STRv Lhx8 Gaba,08 CNU-MGE GABA,GABA,13,4.8486643,5.463154,0.8461538461538461
840,0911 NDB-SI-MA-STRv Lhx8 Gaba_9,0252 NDB-SI-MA-STRv Lhx8 Gaba_9,057 NDB-SI-MA-STRv Lhx8 Gaba,08 CNU-MGE GABA,GABA,17,3.9504216,4.670841,0.7058823529411765
841,1108 LSX Nkx2-1 Gaba_8,0313 LSX Nkx2-1 Gaba_8,069 LSX Nkx2-1 Gaba,10 LSX GABA,GABA,6,4.039294,5.4509935,0.6666666666666666
842,1093 LSX Nkx2-1 Gaba_4,0309 LSX Nkx2-1 Gaba_4,069 LSX Nkx2-1 Gaba,10 LSX GABA,GABA,1,5.12801,5.12801,1.0
844,1098 LSX Nkx2-1 Gaba_5,0310 LSX Nkx2-1 Gaba_5,069 LSX Nkx2-1 Gaba,10 LSX GABA,GABA,1,0.0,0.0,0.0
845,1094 LSX Nkx2-1 Gaba_4,0309 LSX Nkx2-1 Gaba_4,069 LSX Nkx2-1 Gaba,10 LSX GABA,GABA,5,4.245677,5.192568,0.8
846,1095 LSX Nkx2-1 Gaba_4,0309 LSX Nkx2-1 Gaba_4,069 LSX Nkx2-1 Gaba,10 LSX GABA,GABA,4,6.158017,6.1489725,1.0
847,1092 LSX Nkx2-1 Gaba_3,0308 LSX Nkx2-1 Gaba_3,069 LSX Nkx2-1 Gaba,10 LSX GABA,GABA,21,2.9976714,4.4627337,0.5238095238095238
848,1099 LSX Nkx2-1 Gaba_5,0310 LSX Nkx2-1 Gaba_5,069 LSX Nkx2-1 Gaba,10 LSX GABA,GABA,2,2.6203358,2.6203358,0.5
849,1096 LSX Nkx2-1 Gaba_4,0309 LSX Nkx2-1 Gaba_4,069 LSX Nkx2-1 Gaba,10 LSX GABA,GABA,19,3.13864,4.4236584,0.5263157894736842
852,1111 LSX Nkx2-1 Gaba_9,0314 LSX Nkx2-1 Gaba_9,069 LSX Nkx2-1 Gaba,10 LSX GABA,GABA,7,1.8975669,0.0,0.2857142857142857
853,1101 LSX Nkx2-1 Gaba_6,0311 LSX Nkx2-1 Gaba_6,069 LSX Nkx2-1 Gaba,10 LSX GABA,GABA,4,1.4142559,0.0,0.25
854,1063 LSX Otx2 Gaba_3,0303 LSX Otx2 Gaba_3,068 LSX Otx2 Gaba,10 LSX GABA,GABA,12,2.8685453,2.5888624,0.5
856,1076 LSX Nkx2-1 Gaba_2,0307 LSX Nkx2-1 Gaba_2,069 LSX Nkx2-1 Gaba,10 LSX GABA,GABA,1,0.0,0.0,0.0
857,1077 LSX Nkx2-1 Gaba_2,0307 LSX Nkx2-1 Gaba_2,069 LSX Nkx2-1 Gaba,10 LSX GABA,GABA,5,3.9984252,6.6166196,0.6
858,1106 LSX Nkx2-1 Gaba_7,0312 LSX Nkx2-1 Gaba_7,069 LSX Nkx2-1 Gaba,10 LSX GABA,GABA,8,1.395654,0.0,0.25
859,1074 LSX Nkx2-1 Gaba_1,0306 LSX Nkx2-1 Gaba_1,069 LSX Nkx2-1 Gaba,10 LSX GABA,GABA,8,2.9980917,2.793697,0.5
867,1112 LSX Nkx2-1 Gaba_10,0315 LSX Nkx2-1 Gaba_10,069 LSX Nkx2-1 Gaba,10 LSX GABA,GABA,2,3.146523,3.146523,0.5
868,1078 LSX Nkx2-1 Gaba_2,0307 LSX Nkx2-1 Gaba_2,069 LSX Nkx2-1 Gaba,10 LSX GABA,GABA,1,7.368808,7.368808,1.0
869,1102 LSX Nkx2-1 Gaba_6,0311 LSX Nkx2-1 Gaba_6,069 LSX Nkx2-1 Gaba,10 LSX GABA,GABA,4,3.733887,3.635034,0.5
870,1079 LSX Nkx2-1 Gaba_2,0307 LSX Nkx2-1 Gaba_2,069 LSX Nkx2-1 Gaba,10 LSX GABA,GABA,1,0.0,0.0,0.0
873,1515 PVR Six3 Sox3 Gaba_4,0414 PVR Six3 Sox3 Gaba_4,089 PVR Six3 Sox3 Gaba,11 CNU-HYa GABA,GABA,3,3.7810848,4.9458175,0.6666666666666666
874,1516 PVR Six3 Sox3 Gaba_4,0414 PVR Six3 Sox3 Gaba_4,089 PVR Six3 Sox3 Gaba,11 CNU-HYa GABA,GABA,11,2.9338682,0.0,0.45454545454545453
875,1517 PVR Six3 Sox3 Gaba_4,0414 PVR Six3 Sox3 Gaba_4,089 PVR Six3 Sox3 Gaba,11 CNU-HYa GABA,GABA,1,6.4696755,6.4696755,1.0
876,1069 LSX Otx2 Gaba_5,0305 LSX Otx2 Gaba_5,068 LSX Otx2 Gaba,10 LSX GABA,GABA,1,0.0,0.0,0.0
877,1051 LSX Otx2 Gaba_1,0301 LSX Otx2 Gaba_1,068 LSX Otx2 Gaba,10 LSX GABA,GABA,99,2.7649539,0.0,0.45454545454545453
879,1065 LSX Otx2 Gaba_4,0304 LSX Otx2 Gaba_4,068 LSX Otx2 Gaba,10 LSX GABA,GABA,8,2.8420074,2.593967,0.5
880,1066 LSX Otx2 Gaba_4,0304 LSX Otx2 Gaba_4,068 LSX Otx2 Gaba,10 LSX GABA,GABA,4,3.0369394,2.6859353,0.5
881,1103 LSX Nkx2-1 Gaba_6,0311 LSX Nkx2-1 Gaba_6,069 LSX Nkx2-1 Gaba,10 LSX GABA,GABA,1,5.0882964,5.0882964,1.0
882,1057 LSX Otx2 Gaba_3,0303 LSX Otx2 Gaba_3,068 LSX Otx2 Gaba,10 LSX GABA,GABA,7,3.224255,4.8710823,0.5714285714285714
883,1061 LSX Otx2 Gaba_3,0303 LSX Otx2 Gaba_3,068 LSX Otx2 Gaba,10 LSX GABA,GABA,53,3.1365948,0.0,0.49056603773584906
884,1088 LSX Nkx2-1 Gaba_3,0308 LSX Nkx2-1 Gaba_3,069 LSX Nkx2-1 Gaba,10 LSX GABA,GABA,75,3.8400683,5.5937276,0.5866666666666667
885,1050 LSX Otx2 Gaba_1,0301 LSX Otx2 Gaba_1,068 LSX Otx2 Gaba,10 LSX GABA,GABA,6,3.0613797,2.5271168,0.5
886,1070 LSX Otx2 Gaba_5,0305 LSX Otx2 Gaba_5,068 LSX Otx2 Gaba,10 LSX GABA,GABA,2,2.9434378,2.9434378,0.5
887,1058 LSX Otx2 Gaba_3,0303 LSX Otx2 Gaba_3,068 LSX Otx2 Gaba,10 LSX GABA,GABA,5,2.3885283,0.0,0.4
888,1059 LSX Otx2 Gaba_3,0303 LSX Otx2 Gaba_3,068 LSX Otx2 Gaba,10 LSX GABA,GABA,1,7.38341,7.38341,1.0
889,1060 LSX Otx2 Gaba_3,0303 LSX Otx2 Gaba_3,068 LSX Otx2 Gaba,10 LSX GABA,GABA,2,2.9598,2.9598,0.5
891,1062 LSX Otx2 Gaba_3,0303 LSX Otx2 Gaba_3,068 LSX Otx2 Gaba,10 LSX GABA,GABA,3,2.224478,0.0,0.3333333333333333
892,1075 LSX Nkx2-1 Gaba_1,0306 LSX Nkx2-1 Gaba_1,069 LSX Nkx2-1 Gaba,10 LSX GABA,GABA,2,3.0713336,3.0713336,0.5
893,1071 LSX Otx2 Gaba_5,0305 LSX Otx2 Gaba_5,068 LSX Otx2 Gaba,10 LSX GABA,GABA,1,0.0,0.0,0.0
894,1072 LSX Otx2 Gaba_5,0305 LSX Otx2 Gaba_5,068 LSX Otx2 Gaba,10 LSX GABA,GABA,2,2.5342107,2.5342107,0.5
896,1055 LSX Otx2 Gaba_3,0303 LSX Otx2 Gaba_3,068 LSX Otx2 Gaba,10 LSX GABA,GABA,5,2.9206452,4.4086595,0.6
897,1056 LSX Otx2 Gaba_3,0303 LSX Otx2 Gaba_3,068 LSX Otx2 Gaba,10 LSX GABA,GABA,25,4.3237896,5.461058,0.68
898,1052 LSX Otx2 Gaba_2,0302 LSX Otx2 Gaba_2,068 LSX Otx2 Gaba,10 LSX GABA,GABA,17,2.1373622,0.0,0.35294117647058826
899,1145 LSX Prdm12 Slit2 Gaba_7,0323 LSX Prdm12 Slit2 Gaba_7,070 LSX Prdm12 Slit2 Gaba,10 LSX GABA,GABA,2,2.9038458,2.9038458,0.5
900,1174 LSX Sall3 Lmo1 Gaba_1,0331 LSX Sall3 Lmo1 Gaba_1,072 LSX Sall3 Lmo1 Gaba,10 LSX GABA,GABA,8,0.86595225,0.0,0.125
901,1176 LSX Sall3 Lmo1 Gaba_2,0332 LSX Sall3 Lmo1 Gaba_2,072 LSX Sall3 Lmo1 Gaba,10 LSX GABA,GABA,3,0.0,0.0,0.0
903,1175 LSX Sall3 Lmo1 Gaba_1,0331 LSX Sall3 Lmo1 Gaba_1,072 LSX Sall3 Lmo1 Gaba,10 LSX GABA,GABA,14,0.83644474,0.0,0.14285714285714285
905,1158 LSX Prdm12 Zeb2 Gaba_2,0327 LSX Prdm12 Zeb2 Gaba_2,071 LSX Prdm12 Zeb2 Gaba,10 LSX GABA,GABA,3,1.737712,0.0,0.3333333333333333
906,1178 LSX Sall3 Lmo1 Gaba_2,0332 LSX Sall3 Lmo1 Gaba_2,072 LSX Sall3 Lmo1 Gaba,10 LSX GABA,GABA,3,3.7105496,5.4824367,0.6666666666666666
907,1053 LSX Otx2 Gaba_2,0302 LSX Otx2 Gaba_2,068 LSX Otx2 Gaba,10 LSX GABA,GABA,9,3.417149,5.420213,0.5555555555555556
908,1184 LSX Sall3 Lmo1 Gaba_5,0335 LSX Sall3 Lmo1 Gaba_5,072 LSX Sall3 Lmo1 Gaba,10 LSX GABA,GABA,3,4.656673,6.5222654,0.6666666666666666
909,1157 LSX Prdm12 Zeb2 Gaba_1,0326 LSX Prdm12 Zeb2 Gaba_1,071 LSX Prdm12 Zeb2 Gaba,10 LSX GABA,GABA,1,0.0,0.0,0.0
910,1179 LSX Sall3 Lmo1 Gaba_2,0332 LSX Sall3 Lmo1 Gaba_2,072 LSX Sall3 Lmo1 Gaba,10 LSX GABA,GABA,4,3.224252,3.0492952,0.5
911,1159 LSX Prdm12 Zeb2 Gaba_2,0327 LSX Prdm12 Zeb2 Gaba_2,071 LSX Prdm12 Zeb2 Gaba,10 LSX GABA,GABA,7,4.0992613,5.49066,0.7142857142857143
912,1160 LSX Prdm12 Zeb2 Gaba_2,0327 LSX Prdm12 Zeb2 Gaba_2,071 LSX Prdm12 Zeb2 Gaba,10 LSX GABA,GABA,8,3.5816252,5.1945577,0.625
913,1068 LSX Otx2 Gaba_4,0304 LSX Otx2 Gaba_4,068 LSX Otx2 Gaba,10 LSX GABA,GABA,1,5.628915,5.628915,1.0
915,1180 LSX Sall3 Lmo1 Gaba_3,0333 LSX Sall3 Lmo1 Gaba_3,072 LSX Sall3 Lmo1 Gaba,10 LSX GABA,GABA,7,1.5499017,0.0,0.2857142857142857
916,1181 LSX Sall3 Lmo1 Gaba_3,0333 LSX Sall3 Lmo1 Gaba_3,072 LSX Sall3 Lmo1 Gaba,10 LSX GABA,GABA,7,1.807699,0.0,0.2857142857142857
918,1087 LSX Nkx2-1 Gaba_2,0307 LSX Nkx2-1 Gaba_2,069 LSX Nkx2-1 Gaba,10 LSX GABA,GABA,8,3.2691135,2.8199966,0.5
919,1114 LSX Nkx2-1 Gaba_11,0316 LSX Nkx2-1 Gaba_11,069 LSX Nkx2-1 Gaba,10 LSX GABA,GABA,2,2.977897,2.977897,0.5
920,1149 LSX Prdm12 Zeb2 Gaba_1,0326 LSX Prdm12 Zeb2 Gaba_1,071 LSX Prdm12 Zeb2 Gaba,10 LSX GABA,GABA,8,0.8863702,0.0,0.125
921,1155 LSX Prdm12 Zeb2 Gaba_1,0326 LSX Prdm12 Zeb2 Gaba_1,071 LSX Prdm12 Zeb2 Gaba,10 LSX GABA,GABA,7,1.7871591,0.0,0.2857142857142857
922,1165 LSX Prdm12 Zeb2 Gaba_3,0328 LSX Prdm12 Zeb2 Gaba_3,071 LSX Prdm12 Zeb2 Gaba,10 LSX GABA,GABA,10,1.9555533,0.0,0.3
928,1146 LSX Prdm12 Slit2 Gaba_7,0323 LSX Prdm12 Slit2 Gaba_7,070 LSX Prdm12 Slit2 Gaba,10 LSX GABA,GABA,1,6.4867144,6.4867144,1.0
931,1166 LSX Prdm12 Zeb2 Gaba_4,0329 LSX Prdm12 Zeb2 Gaba_4,071 LSX Prdm12 Zeb2 Gaba,10 LSX GABA,GABA,1,0.0,0.0,0.0
932,1167 LSX Prdm12 Zeb2 Gaba_4,0329 LSX Prdm12 Zeb2 Gaba_4,071 LSX Prdm12 Zeb2 Gaba,10 LSX GABA,GABA,3,3.7400687,5.604931,0.6666666666666666
933,1164 LSX Prdm12 Zeb2 Gaba_3,0328 LSX Prdm12 Zeb2 Gaba_3,071 LSX Prdm12 Zeb2 Gaba,10 LSX GABA,GABA,7,4.621222,6.23489,0.7142857142857143
935,1054 LSX Otx2 Gaba_2,0302 LSX Otx2 Gaba_2,068 LSX Otx2 Gaba,10 LSX GABA,GABA,43,2.869725,0.0,0.4418604651162791
936,1115 LSX Prdm12 Slit2 Gaba_1,0317 LSX Prdm12 Slit2 Gaba_1,070 LSX Prdm12 Slit2 Gaba,10 LSX GABA,GABA,19,2.2994156,0.0,0.3684210526315789
937,1186 LSX Sall3 Lmo1 Gaba_6,0336 LSX Sall3 Lmo1 Gaba_6,072 LSX Sall3 Lmo1 Gaba,10 LSX GABA,GABA,2,2.3793526,2.3793526,0.5
939,1139 LSX Prdm12 Slit2 Gaba_5,0321 LSX Prdm12 Slit2 Gaba_5,070 LSX Prdm12 Slit2 Gaba,10 LSX GABA,GABA,6,0.0,0.0,0.0
946,1126 LSX Prdm12 Slit2 Gaba_2,0318 LSX Prdm12 Slit2 Gaba_2,070 LSX Prdm12 Slit2 Gaba,10 LSX GABA,GABA,16,1.8863156,0.0,0.3125
948,1117 LSX Prdm12 Slit2 Gaba_1,0317 LSX Prdm12 Slit2 Gaba_1,070 LSX Prdm12 Slit2 Gaba,10 LSX GABA,GABA,9,2.323107,0.0,0.4444444444444444
949,1143 LSX Prdm12 Slit2 Gaba_6,0322 LSX Prdm12 Slit2 Gaba_6,070 LSX Prdm12 Slit2 Gaba,10 LSX GABA,GABA,16,3.3380146,4.3646126,0.5625
951,1140 LSX Prdm12 Slit2 Gaba_5,0321 LSX Prdm12 Slit2 Gaba_5,070 LSX Prdm12 Slit2 Gaba,10 LSX GABA,GABA,1,0.0,0.0,0.0
952,1133 LSX Prdm12 Slit2 Gaba_3,0319 LSX Prdm12 Slit2 Gaba_3,070 LSX Prdm12 Slit2 Gaba,10 LSX GABA,GABA,3,0.0,0.0,0.0
955,1119 LSX Prdm12 Slit2 Gaba_1,0317 LSX Prdm12 Slit2 Gaba_1,070 LSX Prdm12 Slit2 Gaba,10 LSX GABA,GABA,1,0.0,0.0,0.0
956,1120 LSX Prdm12 Slit2 Gaba_1,0317 LSX Prdm12 Slit2 Gaba_1,070 LSX Prdm12 Slit2 Gaba,10 LSX GABA,GABA,3,2.267218,0.0,0.3333333333333333
957,1148 LSX Prdm12 Slit2 Gaba_9,0325 LSX Prdm12 Slit2 Gaba_9,070 LSX Prdm12 Slit2 Gaba,10 LSX GABA,GABA,1,6.504602,6.504602,1.0
958,1129 LSX Prdm12 Slit2 Gaba_2,0318 LSX Prdm12 Slit2 Gaba_2,070 LSX Prdm12 Slit2 Gaba,10 LSX GABA,GABA,2,3.3818772,3.3818772,0.5
965,1170 LSX Prdm12 Zeb2 Gaba_5,0330 LSX Prdm12 Zeb2 Gaba_5,071 LSX Prdm12 Zeb2 Gaba,10 LSX GABA,GABA,2,2.5444024,2.5444024,0.5
966,1171 LSX Prdm12 Zeb2 Gaba_5,0330 LSX Prdm12 Zeb2 Gaba_5,071 LSX Prdm12 Zeb2 Gaba,10 LSX GABA,GABA,2,6.375598,6.375598,1.0
968,1141 LSX Prdm12 Slit2 Gaba_5,0321 LSX Prdm12 Slit2 Gaba_5,070 LSX Prdm12 Slit2 Gaba,10 LSX GABA,GABA,1,0.0,0.0,0.0
970,1136 LSX Prdm12 Slit2 Gaba_3,0319 LSX Prdm12 Slit2 Gaba_3,070 LSX Prdm12 Slit2 Gaba,10 LSX GABA,GABA,1,5.012058,5.012058,1.0
972,1147 LSX Prdm12 Slit2 Gaba_8,0324 LSX Prdm12 Slit2 Gaba_8,070 LSX Prdm12 Slit2 Gaba,10 LSX GABA,GABA,35,4.1289387,5.5772223,0.6857142857142857
973,1142 LSX Prdm12 Slit2 Gaba_5,0321 LSX Prdm12 Slit2 Gaba_5,070 LSX Prdm12 Slit2 Gaba,10 LSX GABA,GABA,2,6.4121623,6.4121623,1.0
979,1185 LSX Sall3 Lmo1 Gaba_6,0336 LSX Sall3 Lmo1 Gaba_6,072 LSX Sall3 Lmo1 Gaba,10 LSX GABA,GABA,33,1.6571864,0.0,0.30303030303030304
980,1030 NDB-SI-ant Prdm12 Gaba_1,0295 NDB-SI-ant Prdm12 Gaba_1,066 NDB-SI-ant Prdm12 Gaba,11 CNU-HYa GABA,GABA,41,2.7941482,0.0,0.4878048780487805
981,1041 NDB-SI-ant Prdm12 Gaba_4,0298 NDB-SI-ant Prdm12 Gaba_4,066 NDB-SI-ant Prdm12 Gaba,11 CNU-HYa GABA,GABA,29,3.4937568,5.104202,0.6206896551724138
982,1038 NDB-SI-ant Prdm12 Gaba_2,0296 NDB-SI-ant Prdm12 Gaba_2,066 NDB-SI-ant Prdm12 Gaba,11 CNU-HYa GABA,GABA,55,2.9484947,4.516614,0.509090909090909
983,1033 NDB-SI-ant Prdm12 Gaba_1,0295 NDB-SI-ant Prdm12 Gaba_1,066 NDB-SI-ant Prdm12 Gaba,11 CNU-HYa GABA,GABA,91,2.121469,0.0,0.38461538461538464
984,1031 NDB-SI-ant Prdm12 Gaba_1,0295 NDB-SI-ant Prdm12 Gaba_1,066 NDB-SI-ant Prdm12 Gaba,11 CNU-HYa GABA,GABA,505,2.9313047,4.2238593,0.5267326732673268
985,1035 NDB-SI-ant Prdm12 Gaba_1,0295 NDB-SI-ant Prdm12 Gaba_1,066 NDB-SI-ant Prdm12 Gaba,11 CNU-HYa GABA,GABA,18,4.0470867,4.895887,0.7777777777777778
986,1028 NDB-SI-ant Prdm12 Gaba_1,0295 NDB-SI-ant Prdm12 Gaba_1,066 NDB-SI-ant Prdm12 Gaba,11 CNU-HYa GABA,GABA,11,3.077672,4.656805,0.5454545454545454
987,1034 NDB-SI-ant Prdm12 Gaba_1,0295 NDB-SI-ant Prdm12 Gaba_1,066 NDB-SI-ant Prdm12 Gaba,11 CNU-HYa GABA,GABA,18,2.494427,0.0,0.4444444444444444
988,1036 NDB-SI-ant Prdm12 Gaba_1,0295 NDB-SI-ant Prdm12 Gaba_1,066 NDB-SI-ant Prdm12 Gaba,11 CNU-HYa GABA,GABA,5,1.1929502,0.0,0.2
990,1044 LSX Sall3 Pax6 Gaba_2,0300 LSX Sall3 Pax6 Gaba_2,067 LSX Sall3 Pax6 Gaba,10 LSX GABA,GABA,12,2.8988543,2.5011506,0.5
992,1047 LSX Sall3 Pax6 Gaba_2,0300 LSX Sall3 Pax6 Gaba_2,067 LSX Sall3 Pax6 Gaba,10 LSX GABA,GABA,3,3.6020062,5.2696176,0.6666666666666666
993,1045 LSX Sall3 Pax6 Gaba_2,0300 LSX Sall3 Pax6 Gaba_2,067 LSX Sall3 Pax6 Gaba,10 LSX GABA,GABA,4,1.5287272,0.0,0.25
994,1043 LSX Sall3 Pax6 Gaba_1,0299 LSX Sall3 Pax6 Gaba_1,067 LSX Sall3 Pax6 Gaba,10 LSX GABA,GABA,6,3.2342308,2.777786,0.5
995,1042 LSX Sall3 Pax6 Gaba_1,0299 LSX Sall3 Pax6 Gaba_1,067 LSX Sall3 Pax6 Gaba,10 LSX GABA,GABA,39,1.9848303,0.0,0.3333333333333333
996,1037 NDB-SI-ant Prdm12 Gaba_1,0295 NDB-SI-ant Prdm12 Gaba_1,066 NDB-SI-ant Prdm12 Gaba,11 CNU-HYa GABA,GABA,99,3.0030844,4.3985424,0.5151515151515151
997,1325 SI-MA-ACB Ebf1 Bnc2 Gaba_3,0366 SI-MA-ACB Ebf1 Bnc2 Gaba_3,078 SI-MA-ACB Ebf1 Bnc2 Gaba,11 CNU-HYa GABA,GABA,129,3.1713398,4.720179,0.5271317829457365
998,1029 NDB-SI-ant Prdm12 Gaba_1,0295 NDB-SI-ant Prdm12 Gaba_1,066 NDB-SI-ant Prdm12 Gaba,11 CNU-HYa GABA,GABA,13,2.61359,0.0,0.46153846153846156
999,1326 SI-MA-ACB Ebf1 Bnc2 Gaba_3,0366 SI-MA-ACB Ebf1 Bnc2 Gaba_3,078 SI-MA-ACB Ebf1 Bnc2 Gaba,11 CNU-HYa GABA,GABA,38,3.0642555,4.2719336,0.5526315789473685
1000,1324 SI-MA-ACB Ebf1 Bnc2 Gaba_3,0366 SI-MA-ACB Ebf1 Bnc2 Gaba_3,078 SI-MA-ACB Ebf1 Bnc2 Gaba,11 CNU-HYa GABA,GABA,33,4.7163105,6.087546,0.7575757575757576
1001,1327 CEA-BST Six3 Cyp26b1 Gaba_1,0367 CEA-BST Six3 Cyp26b1 Gaba_1,079 CEA-BST Six3 Cyp26b1 Gaba,11 CNU-HYa GABA,GABA,44,3.0132155,4.604926,0.5454545454545454
1002,1330 CEA-BST Six3 Cyp26b1 Gaba_1,0367 CEA-BST Six3 Cyp26b1 Gaba_1,079 CEA-BST Six3 Cyp26b1 Gaba,11 CNU-HYa GABA,GABA,24,1.4138355,0.0,0.25
1003,1358 CEA-AAA-BST Six3 Sp9 Gaba_2,0374 CEA-AAA-BST Six3 Sp9 Gaba_2,080 CEA-AAA-BST Six3 Sp9 Gaba,11 CNU-HYa GABA,GABA,66,3.2223477,4.6459484,0.5454545454545454
1004,1039 NDB-SI-ant Prdm12 Gaba_3,0297 NDB-SI-ant Prdm12 Gaba_3,066 NDB-SI-ant Prdm12 Gaba,11 CNU-HYa GABA,GABA,14,2.2348926,0.0,0.35714285714285715
1005,1340 CEA-BST Six3 Cyp26b1 Gaba_4,0370 CEA-BST Six3 Cyp26b1 Gaba_4,079 CEA-BST Six3 Cyp26b1 Gaba,11 CNU-HYa GABA,GABA,38,4.0027723,5.2661424,0.6842105263157895
1006,1331 CEA-BST Six3 Cyp26b1 Gaba_2,0368 CEA-BST Six3 Cyp26b1 Gaba_2,079 CEA-BST Six3 Cyp26b1 Gaba,11 CNU-HYa GABA,GABA,13,3.3478255,4.8386307,0.6153846153846154
1007,1332 CEA-BST Six3 Cyp26b1 Gaba_2,0368 CEA-BST Six3 Cyp26b1 Gaba_2,079 CEA-BST Six3 Cyp26b1 Gaba,11 CNU-HYa GABA,GABA,181,3.5650759,5.1519504,0.585635359116022
1008,1333 CEA-BST Six3 Cyp26b1 Gaba_2,0368 CEA-BST Six3 Cyp26b1 Gaba_2,079 CEA-BST Six3 Cyp26b1 Gaba,11 CNU-HYa GABA,GABA,5,3.0602472,4.4816265,0.6
1009,1334 CEA-BST Six3 Cyp26b1 Gaba_2,0368 CEA-BST Six3 Cyp26b1 Gaba_2,079 CEA-BST Six3 Cyp26b1 Gaba,11 CNU-HYa GABA,GABA,23,4.0608034,5.0127134,0.7391304347826086
1010,1344 CEA-BST Six3 Cyp26b1 Gaba_5,0371 CEA-BST Six3 Cyp26b1 Gaba_5,079 CEA-BST Six3 Cyp26b1 Gaba,11 CNU-HYa GABA,GABA,100,2.5751722,0.0,0.42
1012,1341 CEA-BST Six3 Cyp26b1 Gaba_4,0370 CEA-BST Six3 Cyp26b1 Gaba_4,079 CEA-BST Six3 Cyp26b1 Gaba,11 CNU-HYa GABA,GABA,1,0.0,0.0,0.0
1015,1335 CEA-BST Six3 Cyp26b1 Gaba_2,0368 CEA-BST Six3 Cyp26b1 Gaba_2,079 CEA-BST Six3 Cyp26b1 Gaba,11 CNU-HYa GABA,GABA,1,6.179402,6.179402,1.0
1016,1365 CEA-AAA-BST Six3 Sp9 Gaba_4,0376 CEA-AAA-BST Six3 Sp9 Gaba_4,080 CEA-AAA-BST Six3 Sp9 Gaba,11 CNU-HYa GABA,GABA,37,2.6829822,0.0,0.43243243243243246
1017,1369 CEA-AAA-BST Six3 Sp9 Gaba_6,0378 CEA-AAA-BST Six3 Sp9 Gaba_6,080 CEA-AAA-BST Six3 Sp9 Gaba,11 CNU-HYa GABA,GABA,29,2.2644343,0.0,0.41379310344827586
1018,1349 CEA-AAA-BST Six3 Sp9 Gaba_1,0373 CEA-AAA-BST Six3 Sp9 Gaba_1,080 CEA-AAA-BST Six3 Sp9 Gaba,11 CNU-HYa GABA,GABA,160,3.9746296,5.4111533,0.6625
1019,1198 MEA-BST Sox6 Gaba_3,0339 MEA-BST Sox6 Gaba_3,073 MEA-BST Sox6 Gaba,11 CNU-HYa GABA,GABA,10,4.150908,5.250127,0.7
1020,1350 CEA-AAA-BST Six3 Sp9 Gaba_1,0373 CEA-AAA-BST Six3 Sp9 Gaba_1,080 CEA-AAA-BST Six3 Sp9 Gaba,11 CNU-HYa GABA,GABA,19,2.5175025,0.0,0.42105263157894735
1021,1348 CEA-AAA-BST Six3 Sp9 Gaba_1,0373 CEA-AAA-BST Six3 Sp9 Gaba_1,080 CEA-AAA-BST Six3 Sp9 Gaba,11 CNU-HYa GABA,GABA,126,3.6356752,5.267845,0.6111111111111112
1022,1040 NDB-SI-ant Prdm12 Gaba_3,0297 NDB-SI-ant Prdm12 Gaba_3,066 NDB-SI-ant Prdm12 Gaba,11 CNU-HYa GABA,GABA,54,4.127122,5.7466073,0.6481481481481481
1023,1354 CEA-AAA-BST Six3 Sp9 Gaba_2,0374 CEA-AAA-BST Six3 Sp9 Gaba_2,080 CEA-AAA-BST Six3 Sp9 Gaba,11 CNU-HYa GABA,GABA,101,2.68868,0.0,0.42574257425742573
1025,1346 CEA-BST Six3 Cyp26b1 Gaba_6,0372 CEA-BST Six3 Cyp26b1 Gaba_6,079 CEA-BST Six3 Cyp26b1 Gaba,11 CNU-HYa GABA,GABA,17,3.4381764,5.134093,0.5882352941176471
1027,1355 CEA-AAA-BST Six3 Sp9 Gaba_2,0374 CEA-AAA-BST Six3 Sp9 Gaba_2,080 CEA-AAA-BST Six3 Sp9 Gaba,11 CNU-HYa GABA,GABA,93,3.0639987,4.5307016,0.5161290322580645
1028,1337 CEA-BST Six3 Cyp26b1 Gaba_3,0369 CEA-BST Six3 Cyp26b1 Gaba_3,079 CEA-BST Six3 Cyp26b1 Gaba,11 CNU-HYa GABA,GABA,18,2.4253218,0.0,0.4444444444444444
1029,1363 CEA-AAA-BST Six3 Sp9 Gaba_4,0376 CEA-AAA-BST Six3 Sp9 Gaba_4,080 CEA-AAA-BST Six3 Sp9 Gaba,11 CNU-HYa GABA,GABA,9,2.227747,0.0,0.3333333333333333
1031,1351 CEA-AAA-BST Six3 Sp9 Gaba_1,0373 CEA-AAA-BST Six3 Sp9 Gaba_1,080 CEA-AAA-BST Six3 Sp9 Gaba,11 CNU-HYa GABA,GABA,17,5.460392,5.7593417,0.9411764705882353
1033,1356 CEA-AAA-BST Six3 Sp9 Gaba_2,0374 CEA-AAA-BST Six3 Sp9 Gaba_2,080 CEA-AAA-BST Six3 Sp9 Gaba,11 CNU-HYa GABA,GABA,26,2.8479488,0.0,0.46153846153846156
1034,1357 CEA-AAA-BST Six3 Sp9 Gaba_2,0374 CEA-AAA-BST Six3 Sp9 Gaba_2,080 CEA-AAA-BST Six3 Sp9 Gaba,11 CNU-HYa GABA,GABA,85,2.3924594,0.0,0.38823529411764707
1035,1359 CEA-AAA-BST Six3 Sp9 Gaba_2,0374 CEA-AAA-BST Six3 Sp9 Gaba_2,080 CEA-AAA-BST Six3 Sp9 Gaba,11 CNU-HYa GABA,GABA,6,0.908865,0.0,0.16666666666666666
1036,1367 CEA-AAA-BST Six3 Sp9 Gaba_4,0376 CEA-AAA-BST Six3 Sp9 Gaba_4,080 CEA-AAA-BST Six3 Sp9 Gaba,11 CNU-HYa GABA,GABA,12,2.531851,0.0,0.4166666666666667
1037,1352 CEA-AAA-BST Six3 Sp9 Gaba_1,0373 CEA-AAA-BST Six3 Sp9 Gaba_1,080 CEA-AAA-BST Six3 Sp9 Gaba,11 CNU-HYa GABA,GABA,25,3.0198662,4.6098795,0.52
1038,1371 CEA-AAA-BST Six3 Sp9 Gaba_8,0380 CEA-AAA-BST Six3 Sp9 Gaba_8,080 CEA-AAA-BST Six3 Sp9 Gaba,11 CNU-HYa GABA,GABA,2,4.7722135,4.7722135,1.0
1039,1625 PVHd Gsc Gaba_1,0441 PVHd Gsc Gaba_1,096 PVHd Gsc Gaba,12 HY GABA,GABA,2,5.703063,5.703063,1.0
1040,1338 CEA-BST Six3 Cyp26b1 Gaba_3,0369 CEA-BST Six3 Cyp26b1 Gaba_3,079 CEA-BST Six3 Cyp26b1 Gaba,11 CNU-HYa GABA,GABA,109,3.1516967,4.7022095,0.5321100917431193
1041,1328 CEA-BST Six3 Cyp26b1 Gaba_1,0367 CEA-BST Six3 Cyp26b1 Gaba_1,079 CEA-BST Six3 Cyp26b1 Gaba,11 CNU-HYa GABA,GABA,284,2.990632,2.116644,0.5
1042,1329 CEA-BST Six3 Cyp26b1 Gaba_1,0367 CEA-BST Six3 Cyp26b1 Gaba_1,079 CEA-BST Six3 Cyp26b1 Gaba,11 CNU-HYa GABA,GABA,150,2.5879345,0.0,0.44
1043,1360 CEA-AAA-BST Six3 Sp9 Gaba_3,0375 CEA-AAA-BST Six3 Sp9 Gaba_3,080 CEA-AAA-BST Six3 Sp9 Gaba,11 CNU-HYa GABA,GABA,129,2.9069762,0.0,0.49612403100775193
1044,1361 CEA-AAA-BST Six3 Sp9 Gaba_3,0375 CEA-AAA-BST Six3 Sp9 Gaba_3,080 CEA-AAA-BST Six3 Sp9 Gaba,11 CNU-HYa GABA,GABA,76,2.630093,0.0,0.4605263157894737
1045,1339 CEA-BST Six3 Cyp26b1 Gaba_3,0369 CEA-BST Six3 Cyp26b1 Gaba_3,079 CEA-BST Six3 Cyp26b1 Gaba,11 CNU-HYa GABA,GABA,11,2.0600212,0.0,0.36363636363636365
1046,1370 CEA-AAA-BST Six3 Sp9 Gaba_7,0379 CEA-AAA-BST Six3 Sp9 Gaba_7,080 CEA-AAA-BST Six3 Sp9 Gaba,11 CNU-HYa GABA,GABA,85,3.6239576,5.174519,0.611764705882353
1047,1362 CEA-AAA-BST Six3 Sp9 Gaba_3,0375 CEA-AAA-BST Six3 Sp9 Gaba_3,080 CEA-AAA-BST Six3 Sp9 Gaba,11 CNU-HYa GABA,GABA,43,3.5619469,5.0564,0.6046511627906976
1049,1353 CEA-AAA-BST Six3 Sp9 Gaba_1,0373 CEA-AAA-BST Six3 Sp9 Gaba_1,080 CEA-AAA-BST Six3 Sp9 Gaba,11 CNU-HYa GABA,GABA,7,2.7102726,0.0,0.42857142857142855
1050,1364 CEA-AAA-BST Six3 Sp9 Gaba_4,0376 CEA-AAA-BST Six3 Sp9 Gaba_4,080 CEA-AAA-BST Six3 Sp9 Gaba,11 CNU-HYa GABA,GABA,2,5.8259754,5.8259754,1.0
1053,0955 STR D1 Gaba_5,0269 STR D1 Gaba_5,061 STR D1 Gaba,09 CNU-LGE GABA,GABA,15,4.879373,5.82333,0.7333333333333333
1054,0965 STR D2 Gaba_1,0274 STR D2 Gaba_1,062 STR D2 Gaba,09 CNU-LGE GABA,GABA,26,3.1497588,4.819579,0.5384615384615384
1055,0971 STR D2 Gaba_1,0274 STR D2 Gaba_1,062 STR D2 Gaba,09 CNU-LGE GABA,GABA,23,2.6004894,0.0,0.43478260869565216
1056,0983 STR D2 Gaba_5,0278 STR D2 Gaba_5,062 STR D2 Gaba,09 CNU-LGE GABA,GABA,61,1.851057,0.0,0.3114754098360656
1057,0984 STR D2 Gaba_5,0278 STR D2 Gaba_5,062 STR D2 Gaba,09 CNU-LGE GABA,GABA,78,2.9478693,0.0,0.48717948717948717
1058,0966 STR D2 Gaba_1,0274 STR D2 Gaba_1,062 STR D2 Gaba,09 CNU-LGE GABA,GABA,10,3.1185212,2.668217,0.5
1059,0985 STR D2 Gaba_5,0278 STR D2 Gaba_5,062 STR D2 Gaba,09 CNU-LGE GABA,GABA,24,2.2616696,0.0,0.375
1060,0967 STR D2 Gaba_1,0274 STR D2 Gaba_1,062 STR D2 Gaba,09 CNU-LGE GABA,GABA,1,0.0,0.0,0.0
1061,0968 STR D2 Gaba_1,0274 STR D2 Gaba_1,062 STR D2 Gaba,09 CNU-LGE GABA,GABA,1,5.4255266,5.4255266,1.0
1062,0970 STR D2 Gaba_1,0274 STR D2 Gaba_1,062 STR D2 Gaba,09 CNU-LGE GABA,GABA,78,3.1034367,2.310863,0.5
1063,0978 STR D2 Gaba_3,0276 STR D2 Gaba_3,062 STR D2 Gaba,09 CNU-LGE GABA,GABA,206,2.471492,0.0,0.4029126213592233
1064,0989 STR D2 Gaba_7,0280 STR D2 Gaba_7,062 STR D2 Gaba,09 CNU-LGE GABA,GABA,1,0.0,0.0,0.0
1065,0972 STR D2 Gaba_2,0275 STR D2 Gaba_2,062 STR D2 Gaba,09 CNU-LGE GABA,GABA,2,3.105097,3.105097,0.5
1066,0969 STR D2 Gaba_1,0274 STR D2 Gaba_1,062 STR D2 Gaba,09 CNU-LGE GABA,GABA,7,2.9756436,4.424137,0.5714285714285714
1067,0961 STR D1 Gaba_8,0272 STR D1 Gaba_8,061 STR D1 Gaba,09 CNU-LGE GABA,GABA,159,3.3335314,4.8995805,0.5534591194968553
1068,0956 STR D1 Gaba_5,0269 STR D1 Gaba_5,061 STR D1 Gaba,09 CNU-LGE GABA,GABA,5,3.8192506,5.108325,0.6
1069,0957 STR D1 Gaba_5,0269 STR D1 Gaba_5,061 STR D1 Gaba,09 CNU-LGE GABA,GABA,85,2.9257565,0.0,0.4823529411764706
1070,0948 STR D1 Gaba_2,0266 STR D1 Gaba_2,061 STR D1 Gaba,09 CNU-LGE GABA,GABA,71,1.3198105,0.0,0.23943661971830985
1071,0962 STR D1 Gaba_8,0272 STR D1 Gaba_8,061 STR D1 Gaba,09 CNU-LGE GABA,GABA,84,3.9552042,5.537439,0.6309523809523809
1072,0960 STR D1 Gaba_7,0271 STR D1 Gaba_7,061 STR D1 Gaba,09 CNU-LGE GABA,GABA,12,4.646722,6.3276052,0.6666666666666666
1074,0986 STR D2 Gaba_6,0279 STR D2 Gaba_6,062 STR D2 Gaba,09 CNU-LGE GABA,GABA,48,3.0496576,0.0,0.4791666666666667
1075,0976 STR D2 Gaba_2,0275 STR D2 Gaba_2,062 STR D2 Gaba,09 CNU-LGE GABA,GABA,222,3.1999345,4.6946826,0.5675675675675675
1076,0977 STR D2 Gaba_2,0275 STR D2 Gaba_2,062 STR D2 Gaba,09 CNU-LGE GABA,GABA,2641,2.63589,0.0,0.4502082544490723
1077,0973 STR D2 Gaba_2,0275 STR D2 Gaba_2,062 STR D2 Gaba,09 CNU-LGE GABA,GABA,5,1.4055815,0.0,0.2
1078,0974 STR D2 Gaba_2,0275 STR D2 Gaba_2,062 STR D2 Gaba,09 CNU-LGE GABA,GABA,35,3.4423835,5.084925,0.6
1079,0975 STR D2 Gaba_2,0275 STR D2 Gaba_2,062 STR D2 Gaba,09 CNU-LGE GABA,GABA,879,1.7706827,0.0,0.3162684869169511
1080,0963 STR D1 Gaba_8,0272 STR D1 Gaba_8,061 STR D1 Gaba,09 CNU-LGE GABA,GABA,1,0.0,0.0,0.0
1081,0949 STR D1 Gaba_2,0266 STR D1 Gaba_2,061 STR D1 Gaba,09 CNU-LGE GABA,GABA,4,0.0,0.0,0.0
1082,0964 STR D1 Gaba_9,0273 STR D1 Gaba_9,061 STR D1 Gaba,09 CNU-LGE GABA,GABA,51,3.1988788,4.6398954,0.5294117647058824
1083,0958 STR D1 Gaba_6,0270 STR D1 Gaba_6,061 STR D1 Gaba,09 CNU-LGE GABA,GABA,731,2.6539192,0.0,0.4719562243502052
1084,0987 STR D2 Gaba_6,0279 STR D2 Gaba_6,062 STR D2 Gaba,09 CNU-LGE GABA,GABA,4,3.0692139,2.9272494,0.5
1085,0988 STR D2 Gaba_6,0279 STR D2 Gaba_6,062 STR D2 Gaba,09 CNU-LGE GABA,GABA,9,1.8408958,0.0,0.3333333333333333
1086,0979 STR D2 Gaba_4,0277 STR D2 Gaba_4,062 STR D2 Gaba,09 CNU-LGE GABA,GABA,132,2.655784,0.0,0.4393939393939394
1087,0980 STR D2 Gaba_4,0277 STR D2 Gaba_4,062 STR D2 Gaba,09 CNU-LGE GABA,GABA,1,4.812173,4.812173,1.0
1088,0981 STR D2 Gaba_4,0277 STR D2 Gaba_4,062 STR D2 Gaba,09 CNU-LGE GABA,GABA,473,2.1883268,0.0,0.3763213530655391
1089,0982 STR D2 Gaba_4,0277 STR D2 Gaba_4,062 STR D2 Gaba,09 CNU-LGE GABA,GABA,3,3.624504,4.8678174,0.6666666666666666
1090,0953 STR D1 Gaba_4,0268 STR D1 Gaba_4,061 STR D1 Gaba,09 CNU-LGE GABA,GABA,42,3.0846932,4.4409695,0.5238095238095238
1091,0954 STR D1 Gaba_4,0268 STR D1 Gaba_4,061 STR D1 Gaba,09 CNU-LGE GABA,GABA,43,2.917799,0.0,0.46511627906976744
1092,0950 STR D1 Gaba_3,0267 STR D1 Gaba_3,061 STR D1 Gaba,09 CNU-LGE GABA,GABA,464,3.2506754,4.750619,0.5495689655172413
1093,0951 STR D1 Gaba_3,0267 STR D1 Gaba_3,061 STR D1 Gaba,09 CNU-LGE GABA,GABA,2,6.2940865,6.2940865,1.0
1095,1373 ACB-BST-FS D1 Gaba_1,0381 ACB-BST-FS D1 Gaba_1,081 ACB-BST-FS D1 Gaba,11 CNU-HYa GABA,GABA,36,1.8540832,0.0,0.3333333333333333
1096,1248 MEA-BST Lhx6 Sp9 Gaba_3,0349 MEA-BST Lhx6 Sp9 Gaba_3,074 MEA-BST Lhx6 Sp9 Gaba,11 CNU-HYa GABA,GABA,13,3.0099616,4.6739655,0.5384615384615384
1097,1558 BST-MPN Six3 Nrgn Gaba_6,0425 BST-MPN Six3 Nrgn Gaba_6,090 BST-MPN Six3 Nrgn Gaba,11 CNU-HYa GABA,GABA,25,3.6891181,4.7802496,0.64
1098,1559 BST-MPN Six3 Nrgn Gaba_6,0425 BST-MPN Six3 Nrgn Gaba_6,090 BST-MPN Six3 Nrgn Gaba,11 CNU-HYa GABA,GABA,2,2.3872414,2.3872414,0.5
1099,1238 MEA-BST Lhx6 Sp9 Gaba_1,0347 MEA-BST Lhx6 Sp9 Gaba_1,074 MEA-BST Lhx6 Sp9 Gaba,11 CNU-HYa GABA,GABA,8,3.6900287,5.3401046,0.625
1101,1253 MEA-BST Lhx6 Sp9 Gaba_4,0350 MEA-BST Lhx6 Sp9 Gaba_4,074 MEA-BST Lhx6 Sp9 Gaba,11 CNU-HYa GABA,GABA,6,3.846483,4.868046,0.6666666666666666
1102,1243 MEA-BST Lhx6 Sp9 Gaba_1,0347 MEA-BST Lhx6 Sp9 Gaba_1,074 MEA-BST Lhx6 Sp9 Gaba,11 CNU-HYa GABA,GABA,10,4.1394053,5.2891703,0.7
1103,1239 MEA-BST Lhx6 Sp9 Gaba_1,0347 MEA-BST Lhx6 Sp9 Gaba_1,074 MEA-BST Lhx6 Sp9 Gaba,11 CNU-HYa GABA,GABA,38,3.031245,4.573101,0.5263157894736842
1104,1241 MEA-BST Lhx6 Sp9 Gaba_1,0347 MEA-BST Lhx6 Sp9 Gaba_1,074 MEA-BST Lhx6 Sp9 Gaba,11 CNU-HYa GABA,GABA,4,1.5724906,0.0,0.25
1105,1242 MEA-BST Lhx6 Sp9 Gaba_1,0347 MEA-BST Lhx6 Sp9 Gaba_1,074 MEA-BST Lhx6 Sp9 Gaba,11 CNU-HYa GABA,GABA,20,3.9256847,5.2404985,0.65
1106,1249 MEA-BST Lhx6 Sp9 Gaba_3,0349 MEA-BST Lhx6 Sp9 Gaba_3,074 MEA-BST Lhx6 Sp9 Gaba,11 CNU-HYa GABA,GABA,6,3.0285769,2.7490766,0.5
1107,1262 MEA-BST Lhx6 Sp9 Gaba_6,0352 MEA-BST Lhx6 Sp9 Gaba_6,074 MEA-BST Lhx6 Sp9 Gaba,11 CNU-HYa GABA,GABA,171,3.2696629,4.7460504,0.5497076023391813
1108,1257 MEA-BST Lhx6 Sp9 Gaba_5,0351 MEA-BST Lhx6 Sp9 Gaba_5,074 MEA-BST Lhx6 Sp9 Gaba,11 CNU-HYa GABA,GABA,23,3.9408467,5.5979433,0.6521739130434783
1109,1254 MEA-BST Lhx6 Sp9 Gaba_4,0350 MEA-BST Lhx6 Sp9 Gaba_4,074 MEA-BST Lhx6 Sp9 Gaba,11 CNU-HYa GABA,GABA,2,6.0537786,6.0537786,1.0
1111,1258 MEA-BST Lhx6 Sp9 Gaba_5,0351 MEA-BST Lhx6 Sp9 Gaba_5,074 MEA-BST Lhx6 Sp9 Gaba,11 CNU-HYa GABA,GABA,9,2.13241,0.0,0.3333333333333333
1112,1259 MEA-BST Lhx6 Sp9 Gaba_5,0351 MEA-BST Lhx6 Sp9 Gaba_5,074 MEA-BST Lhx6 Sp9 Gaba,11 CNU-HYa GABA,GABA,8,0.7736626,0.0,0.125
1113,1230 MEA-BST Sox6 Gaba_8,0344 MEA-BST Sox6 Gaba_8,073 MEA-BST Sox6 Gaba,11 CNU-HYa GABA,GABA,1,6.4688945,6.4688945,1.0
1114,1226 MEA-BST Sox6 Gaba_7,0343 MEA-BST Sox6 Gaba_7,073 MEA-BST Sox6 Gaba,11 CNU-HYa GABA,GABA,53,3.1885579,4.8040175,0.5660377358490566
1115,1227 MEA-BST Sox6 Gaba_7,0343 MEA-BST Sox6 Gaba_7,073 MEA-BST Sox6 Gaba,11 CNU-HYa GABA,GABA,245,3.3936884,4.8243284,0.5673469387755102
1117,1205 MEA-BST Sox6 Gaba_4,0340 MEA-BST Sox6 Gaba_4,073 MEA-BST Sox6 Gaba,11 CNU-HYa GABA,GABA,1,6.1031575,6.1031575,1.0
1118,1251 MEA-BST Lhx6 Sp9 Gaba_3,0349 MEA-BST Lhx6 Sp9 Gaba_3,074 MEA-BST Lhx6 Sp9 Gaba,11 CNU-HYa GABA,GABA,18,2.0751076,0.0,0.3888888888888889
1119,1255 MEA-BST Lhx6 Sp9 Gaba_4,0350 MEA-BST Lhx6 Sp9 Gaba_4,074 MEA-BST Lhx6 Sp9 Gaba,11 CNU-HYa GABA,GABA,14,1.8075783,0.0,0.35714285714285715
1120,1245 MEA-BST Lhx6 Sp9 Gaba_2,0348 MEA-BST Lhx6 Sp9 Gaba_2,074 MEA-BST Lhx6 Sp9 Gaba,11 CNU-HYa GABA,GABA,43,4.8675494,5.9593525,0.7674418604651163
1121,1246 MEA-BST Lhx6 Sp9 Gaba_2,0348 MEA-BST Lhx6 Sp9 Gaba_2,074 MEA-BST Lhx6 Sp9 Gaba,11 CNU-HYa GABA,GABA,82,2.4637604,0.0,0.45121951219512196
1122,1240 MEA-BST Lhx6 Sp9 Gaba_1,0347 MEA-BST Lhx6 Sp9 Gaba_1,074 MEA-BST Lhx6 Sp9 Gaba,11 CNU-HYa GABA,GABA,43,3.636947,5.084003,0.6046511627906976
1123,1247 MEA-BST Lhx6 Sp9 Gaba_2,0348 MEA-BST Lhx6 Sp9 Gaba_2,074 MEA-BST Lhx6 Sp9 Gaba,11 CNU-HYa GABA,GABA,90,3.0842943,0.0,0.4888888888888889
1124,1252 MEA-BST Lhx6 Sp9 Gaba_3,0349 MEA-BST Lhx6 Sp9 Gaba_3,074 MEA-BST Lhx6 Sp9 Gaba,11 CNU-HYa GABA,GABA,4,4.471659,5.6682973,0.75
1125,1260 MEA-BST Lhx6 Sp9 Gaba_5,0351 MEA-BST Lhx6 Sp9 Gaba_5,074 MEA-BST Lhx6 Sp9 Gaba,11 CNU-HYa GABA,GABA,56,2.9135711,2.0996106,0.5
1127,1233 MEA-BST Sox6 Gaba_9,0345 MEA-BST Sox6 Gaba_9,073 MEA-BST Sox6 Gaba,11 CNU-HYa GABA,GABA,3,2.5161517,0.0,0.3333333333333333
1128,0203 MEA Slc17a7 Glut_2,0056 MEA Slc17a7 Glut_2,012 MEA Slc17a7 Glut,01 IT-ET Glut,Glut,85,2.8484364,0.0,0.4588235294117647
1129,1192 MEA-BST Sox6 Gaba_2,0338 MEA-BST Sox6 Gaba_2,073 MEA-BST Sox6 Gaba,11 CNU-HYa GABA,GABA,53,3.2294557,4.8223515,0.5283018867924528
1130,1188 MEA-BST Sox6 Gaba_1,0337 MEA-BST Sox6 Gaba_1,073 MEA-BST Sox6 Gaba,11 CNU-HYa GABA,GABA,1,0.0,0.0,0.0
1131,1256 MEA-BST Lhx6 Sp9 Gaba_4,0350 MEA-BST Lhx6 Sp9 Gaba_4,074 MEA-BST Lhx6 Sp9 Gaba,11 CNU-HYa GABA,GABA,3,1.7709693,0.0,0.3333333333333333
1132,1193 MEA-BST Sox6 Gaba_2,0338 MEA-BST Sox6 Gaba_2,073 MEA-BST Sox6 Gaba,11 CNU-HYa GABA,GABA,3,3.6321533,5.2569504,0.6666666666666666
1133,1194 MEA-BST Sox6 Gaba_2,0338 MEA-BST Sox6 Gaba_2,073 MEA-BST Sox6 Gaba,11 CNU-HYa GABA,GABA,4,2.809113,2.6828275,0.5
1135,1213 MEA-BST Sox6 Gaba_5,0341 MEA-BST Sox6 Gaba_5,073 MEA-BST Sox6 Gaba,11 CNU-HYa GABA,GABA,23,3.092636,4.70708,0.5217391304347826
1136,1214 MEA-BST Sox6 Gaba_5,0341 MEA-BST Sox6 Gaba_5,073 MEA-BST Sox6 Gaba,11 CNU-HYa GABA,GABA,4,1.7537471,0.0,0.25
1137,1215 MEA-BST Sox6 Gaba_5,0341 MEA-BST Sox6 Gaba_5,073 MEA-BST Sox6 Gaba,11 CNU-HYa GABA,GABA,11,4.4011173,5.578643,0.7272727272727273
1138,1216 MEA-BST Sox6 Gaba_5,0341 MEA-BST Sox6 Gaba_5,073 MEA-BST Sox6 Gaba,11 CNU-HYa GABA,GABA,1,4.671757,4.671757,1.0
1139,1217 MEA-BST Sox6 Gaba_5,0341 MEA-BST Sox6 Gaba_5,073 MEA-BST Sox6 Gaba,11 CNU-HYa GABA,GABA,3,2.3130703,0.0,0.3333333333333333
1140,1218 MEA-BST Sox6 Gaba_5,0341 MEA-BST Sox6 Gaba_5,073 MEA-BST Sox6 Gaba,11 CNU-HYa GABA,GABA,9,1.9985392,0.0,0.3333333333333333
1141,1195 MEA-BST Sox6 Gaba_2,0338 MEA-BST Sox6 Gaba_2,073 MEA-BST Sox6 Gaba,11 CNU-HYa GABA,GABA,3,1.7528228,0.0,0.3333333333333333
1142,1232 MEA-BST Sox6 Gaba_9,0345 MEA-BST Sox6 Gaba_9,073 MEA-BST Sox6 Gaba,11 CNU-HYa GABA,GABA,8,2.3140402,2.2156963,0.5
1143,1189 MEA-BST Sox6 Gaba_1,0337 MEA-BST Sox6 Gaba_1,073 MEA-BST Sox6 Gaba,11 CNU-HYa GABA,GABA,11,1.4497987,0.0,0.2727272727272727
1145,1196 MEA-BST Sox6 Gaba_2,0338 MEA-BST Sox6 Gaba_2,073 MEA-BST Sox6 Gaba,11 CNU-HYa GABA,GABA,17,2.2992535,0.0,0.4117647058823529
1147,1191 MEA-BST Sox6 Gaba_1,0337 MEA-BST Sox6 Gaba_1,073 MEA-BST Sox6 Gaba,11 CNU-HYa GABA,GABA,2,0.0,0.0,0.0
1148,1190 MEA-BST Sox6 Gaba_1,0337 MEA-BST Sox6 Gaba_1,073 MEA-BST Sox6 Gaba,11 CNU-HYa GABA,GABA,18,2.0636559,0.0,0.3333333333333333
1150,1234 MEA-BST Sox6 Gaba_9,0345 MEA-BST Sox6 Gaba_9,073 MEA-BST Sox6 Gaba,11 CNU-HYa GABA,GABA,5,1.393886,0.0,0.2
1151,1197 MEA-BST Sox6 Gaba_2,0338 MEA-BST Sox6 Gaba_2,073 MEA-BST Sox6 Gaba,11 CNU-HYa GABA,GABA,72,3.4018154,5.2264137,0.5694444444444444
1152,1263 MEA-BST Lhx6 Sp9 Gaba_7,0353 MEA-BST Lhx6 Sp9 Gaba_7,074 MEA-BST Lhx6 Sp9 Gaba,11 CNU-HYa GABA,GABA,19,3.2823856,5.0506535,0.5789473684210527
1153,1264 MEA-BST Lhx6 Sp9 Gaba_7,0353 MEA-BST Lhx6 Sp9 Gaba_7,074 MEA-BST Lhx6 Sp9 Gaba,11 CNU-HYa GABA,GABA,61,3.7297013,5.2869945,0.5737704918032787
1154,1265 MEA-BST Lhx6 Sp9 Gaba_7,0353 MEA-BST Lhx6 Sp9 Gaba_7,074 MEA-BST Lhx6 Sp9 Gaba,11 CNU-HYa GABA,GABA,12,2.9077966,2.5275228,0.5
1155,1266 MEA-BST Lhx6 Sp9 Gaba_7,0353 MEA-BST Lhx6 Sp9 Gaba_7,074 MEA-BST Lhx6 Sp9 Gaba,11 CNU-HYa GABA,GABA,48,3.594884,5.1356306,0.6041666666666666
1157,1220 MEA-BST Sox6 Gaba_6,0342 MEA-BST Sox6 Gaba_6,073 MEA-BST Sox6 Gaba,11 CNU-HYa GABA,GABA,5,2.827519,4.274887,0.6
1158,1207 MEA-BST Sox6 Gaba_4,0340 MEA-BST Sox6 Gaba_4,073 MEA-BST Sox6 Gaba,11 CNU-HYa GABA,GABA,4,0.0,0.0,0.0
1159,1221 MEA-BST Sox6 Gaba_6,0342 MEA-BST Sox6 Gaba_6,073 MEA-BST Sox6 Gaba,11 CNU-HYa GABA,GABA,7,3.6042306,5.4612403,0.5714285714285714
1160,1208 MEA-BST Sox6 Gaba_4,0340 MEA-BST Sox6 Gaba_4,073 MEA-BST Sox6 Gaba,11 CNU-HYa GABA,GABA,1,0.0,0.0,0.0
1161,1231 MEA-BST Sox6 Gaba_8,0344 MEA-BST Sox6 Gaba_8,073 MEA-BST Sox6 Gaba,11 CNU-HYa GABA,GABA,7,3.260771,4.683417,0.5714285714285714
1163,1199 MEA-BST Sox6 Gaba_3,0339 MEA-BST Sox6 Gaba_3,073 MEA-BST Sox6 Gaba,11 CNU-HYa GABA,GABA,5,4.7527137,5.926543,0.8
1164,1209 MEA-BST Sox6 Gaba_4,0340 MEA-BST Sox6 Gaba_4,073 MEA-BST Sox6 Gaba,11 CNU-HYa GABA,GABA,1,0.0,0.0,0.0
1165,1200 MEA-BST Sox6 Gaba_3,0339 MEA-BST Sox6 Gaba_3,073 MEA-BST Sox6 Gaba,11 CNU-HYa GABA,GABA,16,3.6804247,5.168543,0.625
1166,1201 MEA-BST Sox6 Gaba_3,0339 MEA-BST Sox6 Gaba_3,073 MEA-BST Sox6 Gaba,11 CNU-HYa GABA,GABA,57,3.454831,5.0698805,0.5263157894736842
1167,1202 MEA-BST Sox6 Gaba_3,0339 MEA-BST Sox6 Gaba_3,073 MEA-BST Sox6 Gaba,11 CNU-HYa GABA,GABA,4,1.7641164,0.0,0.25
1168,1203 MEA-BST Sox6 Gaba_3,0339 MEA-BST Sox6 Gaba_3,073 MEA-BST Sox6 Gaba,11 CNU-HYa GABA,GABA,19,3.5138276,4.959456,0.5263157894736842
1169,1204 MEA-BST Sox6 Gaba_3,0339 MEA-BST Sox6 Gaba_3,073 MEA-BST Sox6 Gaba,11 CNU-HYa GABA,GABA,91,3.5590987,5.0831275,0.5604395604395604
1170,1025 IA Mgp Gaba_5,0294 IA Mgp Gaba_5,065 IA Mgp Gaba,09 CNU-LGE GABA,GABA,5,2.4209657,0.0,0.4
1171,1026 IA Mgp Gaba_5,0294 IA Mgp Gaba_5,065 IA Mgp Gaba,09 CNU-LGE GABA,GABA,14,2.3464723,0.0,0.42857142857142855
1172,1027 IA Mgp Gaba_5,0294 IA Mgp Gaba_5,065 IA Mgp Gaba,09 CNU-LGE GABA,GABA,3,1.8792385,0.0,0.3333333333333333
1174,1224 MEA-BST Sox6 Gaba_6,0342 MEA-BST Sox6 Gaba_6,073 MEA-BST Sox6 Gaba,11 CNU-HYa GABA,GABA,1,0.0,0.0,0.0
1175,1210 MEA-BST Sox6 Gaba_4,0340 MEA-BST Sox6 Gaba_4,073 MEA-BST Sox6 Gaba,11 CNU-HYa GABA,GABA,1,5.9156356,5.9156356,1.0
1176,1225 MEA-BST Sox6 Gaba_6,0342 MEA-BST Sox6 Gaba_6,073 MEA-BST Sox6 Gaba,11 CNU-HYa GABA,GABA,9,1.7895646,0.0,0.3333333333333333
1177,1211 MEA-BST Sox6 Gaba_4,0340 MEA-BST Sox6 Gaba_4,073 MEA-BST Sox6 Gaba,11 CNU-HYa GABA,GABA,2,7.0722857,7.0722857,1.0
1178,0918 GPe-SI Sox6 Cyp26b1 Gaba_1,0257 GPe-SI Sox6 Cyp26b1 Gaba_1,059 GPe-SI Sox6 Cyp26b1 Gaba,09 CNU-LGE GABA,GABA,480,3.6541407,5.026078,0.6458333333333334
1179,0919 GPe-SI Sox6 Cyp26b1 Gaba_2,0258 GPe-SI Sox6 Cyp26b1 Gaba_2,059 GPe-SI Sox6 Cyp26b1 Gaba,09 CNU-LGE GABA,GABA,500,3.2997234,4.846946,0.566
1180,0920 GPe-SI Sox6 Cyp26b1 Gaba_2,0258 GPe-SI Sox6 Cyp26b1 Gaba_2,059 GPe-SI Sox6 Cyp26b1 Gaba,09 CNU-LGE GABA,GABA,49,3.5461843,5.1714687,0.6122448979591837
1181,0921 GPe-SI Sox6 Cyp26b1 Gaba_2,0258 GPe-SI Sox6 Cyp26b1 Gaba_2,059 GPe-SI Sox6 Cyp26b1 Gaba,09 CNU-LGE GABA,GABA,63,3.5708268,4.891939,0.6507936507936508
1182,0922 GPe-SI Sox6 Cyp26b1 Gaba_2,0258 GPe-SI Sox6 Cyp26b1 Gaba_2,059 GPe-SI Sox6 Cyp26b1 Gaba,09 CNU-LGE GABA,GABA,14,3.2718625,4.704467,0.5714285714285714
1183,1032 NDB-SI-ant Prdm12 Gaba_1,0295 NDB-SI-ant Prdm12 Gaba_1,066 NDB-SI-ant Prdm12 Gaba,11 CNU-HYa GABA,GABA,32,3.393289,4.7563324,0.59375
1184,0943 STR D1 Gaba_1,0265 STR D1 Gaba_1,061 STR D1 Gaba,09 CNU-LGE GABA,GABA,400,2.803352,0.0,0.4575
1185,1376 ACB-BST-FS D1 Gaba_2,0382 ACB-BST-FS D1 Gaba_2,081 ACB-BST-FS D1 Gaba,11 CNU-HYa GABA,GABA,57,2.8469846,0.0,0.49122807017543857
1186,0944 STR D1 Gaba_1,0265 STR D1 Gaba_1,061 STR D1 Gaba,09 CNU-LGE GABA,GABA,211,2.8394608,0.0,0.46445497630331756
1187,0945 STR D1 Gaba_1,0265 STR D1 Gaba_1,061 STR D1 Gaba,09 CNU-LGE GABA,GABA,155,2.4763012,0.0,0.41935483870967744
1188,0946 STR D1 Gaba_1,0265 STR D1 Gaba_1,061 STR D1 Gaba,09 CNU-LGE GABA,GABA,26,3.8523037,5.2339964,0.6538461538461539
1189,0959 STR D1 Gaba_6,0270 STR D1 Gaba_6,061 STR D1 Gaba,09 CNU-LGE GABA,GABA,3102,3.1078048,4.5359335,0.5357833655705996
1190,0947 STR D1 Gaba_1,0265 STR D1 Gaba_1,061 STR D1 Gaba,09 CNU-LGE GABA,GABA,188,2.6285472,0.0,0.44148936170212766
1191,0941 OT D3 Folh1 Gaba_3,0264 OT D3 Folh1 Gaba_3,060 OT D3 Folh1 Gaba,09 CNU-LGE GABA,GABA,228,3.2176661,0.0,0.4868421052631579
1192,0942 OT D3 Folh1 Gaba_3,0264 OT D3 Folh1 Gaba_3,060 OT D3 Folh1 Gaba,09 CNU-LGE GABA,GABA,375,2.928862,0.0,0.448
1193,0940 OT D3 Folh1 Gaba_2,0263 OT D3 Folh1 Gaba_2,060 OT D3 Folh1 Gaba,09 CNU-LGE GABA,GABA,101,3.106156,0.0,0.48514851485148514
1194,0939 OT D3 Folh1 Gaba_1,0262 OT D3 Folh1 Gaba_1,060 OT D3 Folh1 Gaba,09 CNU-LGE GABA,GABA,3767,3.1105528,0.0,0.4332359968144412
1195,1377 ACB-BST-FS D1 Gaba_2,0382 ACB-BST-FS D1 Gaba_2,081 ACB-BST-FS D1 Gaba,11 CNU-HYa GABA,GABA,65,2.6945546,0.0,0.4461538461538462
1196,1381 ACB-BST-FS D1 Gaba_3,0383 ACB-BST-FS D1 Gaba_3,081 ACB-BST-FS D1 Gaba,11 CNU-HYa GABA,Glut-GABA,154,2.265732,0.0,0.36363636363636365
1197,1382 ACB-BST-FS D1 Gaba_3,0383 ACB-BST-FS D1 Gaba_3,081 ACB-BST-FS D1 Gaba,11 CNU-HYa GABA,Glut-GABA,377,3.1738768,4.786892,0.53315649867374
1198,1383 ACB-BST-FS D1 Gaba_3,0383 ACB-BST-FS D1 Gaba_3,081 ACB-BST-FS D1 Gaba,11 CNU-HYa GABA,GABA,41,4.130406,5.2757034,0.7073170731707317
1199,1374 ACB-BST-FS D1 Gaba_1,0381 ACB-BST-FS D1 Gaba_1,081 ACB-BST-FS D1 Gaba,11 CNU-HYa GABA,GABA,192,2.5547698,0.0,0.4375
1200,1375 ACB-BST-FS D1 Gaba_1,0381 ACB-BST-FS D1 Gaba_1,081 ACB-BST-FS D1 Gaba,11 CNU-HYa GABA,GABA,81,2.6866064,0.0,0.4691358024691358
1201,1378 ACB-BST-FS D1 Gaba_2,0382 ACB-BST-FS D1 Gaba_2,081 ACB-BST-FS D1 Gaba,11 CNU-HYa GABA,GABA,525,2.6789145,0.0,0.4552380952380952
1202,1380 ACB-BST-FS D1 Gaba_3,0383 ACB-BST-FS D1 Gaba_3,081 ACB-BST-FS D1 Gaba,11 CNU-HYa GABA,GABA,25,3.6026385,5.4503565,0.56
1203,1379 ACB-BST-FS D1 Gaba_2,0382 ACB-BST-FS D1 Gaba_2,081 ACB-BST-FS D1 Gaba,11 CNU-HYa GABA,GABA,25,3.415903,5.3265452,0.6
1204,1274 MEA-BST Lhx6 Nr2e1 Gaba_2,0355 MEA-BST Lhx6 Nr2e1 Gaba_2,075 MEA-BST Lhx6 Nr2e1 Gaba,11 CNU-HYa GABA,GABA,7,5.040335,6.276113,0.7142857142857143
1205,1275 MEA-BST Lhx6 Nr2e1 Gaba_2,0355 MEA-BST Lhx6 Nr2e1 Gaba_2,075 MEA-BST Lhx6 Nr2e1 Gaba,11 CNU-HYa GABA,GABA,2,0.0,0.0,0.0
1207,1270 MEA-BST Lhx6 Nr2e1 Gaba_1,0354 MEA-BST Lhx6 Nr2e1 Gaba_1,075 MEA-BST Lhx6 Nr2e1 Gaba,11 CNU-HYa GABA,GABA,2,2.8214316,2.8214316,0.5
1208,1271 MEA-BST Lhx6 Nr2e1 Gaba_1,0354 MEA-BST Lhx6 Nr2e1 Gaba_1,075 MEA-BST Lhx6 Nr2e1 Gaba,11 CNU-HYa GABA,GABA,7,3.408127,4.7560635,0.5714285714285714
1209,1272 MEA-BST Lhx6 Nr2e1 Gaba_1,0354 MEA-BST Lhx6 Nr2e1 Gaba_1,075 MEA-BST Lhx6 Nr2e1 Gaba,11 CNU-HYa GABA,GABA,22,3.4281983,4.918582,0.5909090909090909
1210,1273 MEA-BST Lhx6 Nr2e1 Gaba_2,0355 MEA-BST Lhx6 Nr2e1 Gaba_2,075 MEA-BST Lhx6 Nr2e1 Gaba,11 CNU-HYa GABA,GABA,2,2.9074016,2.9074016,0.5
1211,1276 MEA-BST Lhx6 Nr2e1 Gaba_2,0355 MEA-BST Lhx6 Nr2e1 Gaba_2,075 MEA-BST Lhx6 Nr2e1 Gaba,11 CNU-HYa GABA,GABA,4,1.4202256,0.0,0.25
1213,1280 MEA-BST Lhx6 Nr2e1 Gaba_3,0356 MEA-BST Lhx6 Nr2e1 Gaba_3,075 MEA-BST Lhx6 Nr2e1 Gaba,11 CNU-HYa GABA,GABA,15,4.0931835,5.7146444,0.6666666666666666
1215,1279 MEA-BST Lhx6 Nr2e1 Gaba_2,0355 MEA-BST Lhx6 Nr2e1 Gaba_2,075 MEA-BST Lhx6 Nr2e1 Gaba,11 CNU-HYa GABA,GABA,304,3.4246516,5.082241,0.555921052631579
1216,1301 MEA-BST Lhx6 Nfib Gaba_4,0360 MEA-BST Lhx6 Nfib Gaba_4,076 MEA-BST Lhx6 Nfib Gaba,11 CNU-HYa GABA,GABA,19,3.0020149,0.0,0.47368421052631576
1217,0829 STR Prox1 Lhx6 Gaba_1,0233 STR Prox1 Lhx6 Gaba_1,054 STR Prox1 Lhx6 Gaba,08 CNU-MGE GABA,GABA,7,3.321879,4.8148518,0.5714285714285714
1218,1311 MEA-BST Lhx6 Nfib Gaba_6,0362 MEA-BST Lhx6 Nfib Gaba_6,076 MEA-BST Lhx6 Nfib Gaba,11 CNU-HYa GABA,GABA,42,2.6151264,0.0,0.40476190476190477
1219,1312 MEA-BST Lhx6 Nfib Gaba_6,0362 MEA-BST Lhx6 Nfib Gaba_6,076 MEA-BST Lhx6 Nfib Gaba,11 CNU-HYa GABA,GABA,5,4.4344854,5.3457794,0.8
1220,0830 STR Prox1 Lhx6 Gaba_1,0233 STR Prox1 Lhx6 Gaba_1,054 STR Prox1 Lhx6 Gaba,08 CNU-MGE GABA,GABA,1,0.0,0.0,0.0
1221,1313 MEA-BST Lhx6 Nfib Gaba_6,0362 MEA-BST Lhx6 Nfib Gaba_6,076 MEA-BST Lhx6 Nfib Gaba,11 CNU-HYa GABA,GABA,77,3.0296946,4.514713,0.5194805194805194
1222,0831 STR Prox1 Lhx6 Gaba_1,0233 STR Prox1 Lhx6 Gaba_1,054 STR Prox1 Lhx6 Gaba,08 CNU-MGE GABA,GABA,4,1.4098601,0.0,0.25
1223,1306 MEA-BST Lhx6 Nfib Gaba_5,0361 MEA-BST Lhx6 Nfib Gaba_5,076 MEA-BST Lhx6 Nfib Gaba,11 CNU-HYa GABA,GABA,54,3.646126,5.0646777,0.6111111111111112
1224,1307 MEA-BST Lhx6 Nfib Gaba_5,0361 MEA-BST Lhx6 Nfib Gaba_5,076 MEA-BST Lhx6 Nfib Gaba,11 CNU-HYa GABA,GABA,73,2.4447298,0.0,0.410958904109589
1225,1296 MEA-BST Lhx6 Nfib Gaba_3,0359 MEA-BST Lhx6 Nfib Gaba_3,076 MEA-BST Lhx6 Nfib Gaba,11 CNU-HYa GABA,GABA,3,1.9006001,0.0,0.3333333333333333
1226,1281 MEA-BST Lhx6 Nfib Gaba_1,0357 MEA-BST Lhx6 Nfib Gaba_1,076 MEA-BST Lhx6 Nfib Gaba,11 CNU-HYa GABA,GABA,72,3.7853034,5.229049,0.625
1227,1289 MEA-BST Lhx6 Nfib Gaba_2,0358 MEA-BST Lhx6 Nfib Gaba_2,076 MEA-BST Lhx6 Nfib Gaba,11 CNU-HYa GABA,GABA,43,3.5693154,5.460694,0.5813953488372093
1228,1290 MEA-BST Lhx6 Nfib Gaba_2,0358 MEA-BST Lhx6 Nfib Gaba_2,076 MEA-BST Lhx6 Nfib Gaba,11 CNU-HYa GABA,GABA,34,2.9878411,2.1332002,0.5
1229,1291 MEA-BST Lhx6 Nfib Gaba_2,0358 MEA-BST Lhx6 Nfib Gaba_2,076 MEA-BST Lhx6 Nfib Gaba,11 CNU-HYa GABA,GABA,44,3.4720025,4.9817276,0.5909090909090909
1230,1292 MEA-BST Lhx6 Nfib Gaba_2,0358 MEA-BST Lhx6 Nfib Gaba_2,076 MEA-BST Lhx6 Nfib Gaba,11 CNU-HYa GABA,GABA,15,2.7859192,0.0,0.4666666666666667
1231,1304 MEA-BST Lhx6 Nfib Gaba_5,0361 MEA-BST Lhx6 Nfib Gaba_5,076 MEA-BST Lhx6 Nfib Gaba,11 CNU-HYa GABA,GABA,7,1.7942146,0.0,0.2857142857142857
1232,1293 MEA-BST Lhx6 Nfib Gaba_2,0358 MEA-BST Lhx6 Nfib Gaba_2,076 MEA-BST Lhx6 Nfib Gaba,11 CNU-HYa GABA,GABA,26,3.2140956,4.2215633,0.5384615384615384
1233,1282 MEA-BST Lhx6 Nfib Gaba_1,0357 MEA-BST Lhx6 Nfib Gaba_1,076 MEA-BST Lhx6 Nfib Gaba,11 CNU-HYa GABA,GABA,116,3.977884,5.5971966,0.646551724137931
1234,1283 MEA-BST Lhx6 Nfib Gaba_1,0357 MEA-BST Lhx6 Nfib Gaba_1,076 MEA-BST Lhx6 Nfib Gaba,11 CNU-HYa GABA,GABA,31,4.262186,5.413923,0.6774193548387096
1235,1284 MEA-BST Lhx6 Nfib Gaba_1,0357 MEA-BST Lhx6 Nfib Gaba_1,076 MEA-BST Lhx6 Nfib Gaba,11 CNU-HYa GABA,GABA,15,4.008889,5.058886,0.6666666666666666
1236,1285 MEA-BST Lhx6 Nfib Gaba_1,0357 MEA-BST Lhx6 Nfib Gaba_1,076 MEA-BST Lhx6 Nfib Gaba,11 CNU-HYa GABA,GABA,44,3.9039278,5.574133,0.6363636363636364
1237,1297 MEA-BST Lhx6 Nfib Gaba_3,0359 MEA-BST Lhx6 Nfib Gaba_3,076 MEA-BST Lhx6 Nfib Gaba,11 CNU-HYa GABA,GABA,42,3.9970157,5.716342,0.6190476190476191
1238,1298 MEA-BST Lhx6 Nfib Gaba_3,0359 MEA-BST Lhx6 Nfib Gaba_3,076 MEA-BST Lhx6 Nfib Gaba,11 CNU-HYa GABA,GABA,1,5.4519234,5.4519234,1.0
1239,1286 MEA-BST Lhx6 Nfib Gaba_1,0357 MEA-BST Lhx6 Nfib Gaba_1,076 MEA-BST Lhx6 Nfib Gaba,11 CNU-HYa GABA,GABA,30,3.4776556,5.2430487,0.5333333333333333
1240,1302 MEA-BST Lhx6 Nfib Gaba_4,0360 MEA-BST Lhx6 Nfib Gaba_4,076 MEA-BST Lhx6 Nfib Gaba,11 CNU-HYa GABA,GABA,46,3.1425152,4.8857985,0.5217391304347826
1241,1294 MEA-BST Lhx6 Nfib Gaba_2,0358 MEA-BST Lhx6 Nfib Gaba_2,076 MEA-BST Lhx6 Nfib Gaba,11 CNU-HYa GABA,GABA,19,2.3704844,0.0,0.42105263157894735
1242,1299 MEA-BST Lhx6 Nfib Gaba_3,0359 MEA-BST Lhx6 Nfib Gaba_3,076 MEA-BST Lhx6 Nfib Gaba,11 CNU-HYa GABA,GABA,1,5.8494296,5.8494296,1.0
1244,1287 MEA-BST Lhx6 Nfib Gaba_1,0357 MEA-BST Lhx6 Nfib Gaba_1,076 MEA-BST Lhx6 Nfib Gaba,11 CNU-HYa GABA,GABA,14,4.8323736,6.123926,0.7857142857142857
1245,1308 MEA-BST Lhx6 Nfib Gaba_5,0361 MEA-BST Lhx6 Nfib Gaba_5,076 MEA-BST Lhx6 Nfib Gaba,11 CNU-HYa GABA,GABA,3,4.012257,5.961788,0.6666666666666666
1246,1309 MEA-BST Lhx6 Nfib Gaba_5,0361 MEA-BST Lhx6 Nfib Gaba_5,076 MEA-BST Lhx6 Nfib Gaba,11 CNU-HYa GABA,GABA,32,2.8584301,0.0,0.46875
1247,1310 MEA-BST Lhx6 Nfib Gaba_5,0361 MEA-BST Lhx6 Nfib Gaba_5,076 MEA-BST Lhx6 Nfib Gaba,11 CNU-HYa GABA,GABA,15,1.5397213,0.0,0.26666666666666666
1248,1303 MEA-BST Lhx6 Nfib Gaba_4,0360 MEA-BST Lhx6 Nfib Gaba_4,076 MEA-BST Lhx6 Nfib Gaba,11 CNU-HYa GABA,GABA,2,5.834078,5.834078,1.0
1249,1305 MEA-BST Lhx6 Nfib Gaba_5,0361 MEA-BST Lhx6 Nfib Gaba_5,076 MEA-BST Lhx6 Nfib Gaba,11 CNU-HYa GABA,GABA,1,5.1399875,5.1399875,1.0
1250,1288 MEA-BST Lhx6 Nfib Gaba_1,0357 MEA-BST Lhx6 Nfib Gaba_1,076 MEA-BST Lhx6 Nfib Gaba,11 CNU-HYa GABA,GABA,25,4.727271,6.101954,0.72
1251,0832 STR Prox1 Lhx6 Gaba_1,0233 STR Prox1 Lhx6 Gaba_1,054 STR Prox1 Lhx6 Gaba,08 CNU-MGE GABA,GABA,51,3.4440117,5.2111106,0.5686274509803921
1252,1314 MEA-BST Lhx6 Nfib Gaba_6,0362 MEA-BST Lhx6 Nfib Gaba_6,076 MEA-BST Lhx6 Nfib Gaba,11 CNU-HYa GABA,GABA,5,3.9399962,6.2963576,0.6
1253,1295 MEA-BST Lhx6 Nfib Gaba_2,0358 MEA-BST Lhx6 Nfib Gaba_2,076 MEA-BST Lhx6 Nfib Gaba,11 CNU-HYa GABA,GABA,51,2.3225446,0.0,0.39215686274509803
1254,1001 STR-PAL Chst9 Gaba_1,0285 STR-PAL Chst9 Gaba_1,064 STR-PAL Chst9 Gaba,09 CNU-LGE GABA,GABA,152,2.1779854,0.0,0.3355263157894737
1255,1002 STR-PAL Chst9 Gaba_1,0285 STR-PAL Chst9 Gaba_1,064 STR-PAL Chst9 Gaba,09 CNU-LGE GABA,GABA,139,2.1273181,0.0,0.34532374100719426
1256,1016 IA Mgp Gaba_1,0290 IA Mgp Gaba_1,065 IA Mgp Gaba,09 CNU-LGE GABA,GABA,57,1.6945094,0.0,0.24561403508771928
1257,0998 STR D1 Sema5a Gaba_3,0283 STR D1 Sema5a Gaba_3,063 STR D1 Sema5a Gaba,09 CNU-LGE GABA,GABA,184,2.4896004,0.0,0.4076086956521739
1258,0518 OB Meis2 Thsd7b Gaba_1,0143 OB Meis2 Thsd7b Gaba_1,039 OB Meis2 Thsd7b Gaba,05 OB-IMN GABA,GABA,33,2.4652998,0.0,0.3333333333333333
1259,0999 STR D1 Sema5a Gaba_4,0284 STR D1 Sema5a Gaba_4,063 STR D1 Sema5a Gaba,09 CNU-LGE GABA,GABA,43,2.1031227,0.0,0.32558139534883723
1260,1008 STR-PAL Chst9 Gaba_3,0287 STR-PAL Chst9 Gaba_3,064 STR-PAL Chst9 Gaba,09 CNU-LGE GABA,GABA,45,2.8137841,0.0,0.4444444444444444
1261,1003 STR-PAL Chst9 Gaba_1,0285 STR-PAL Chst9 Gaba_1,064 STR-PAL Chst9 Gaba,09 CNU-LGE GABA,GABA,1837,2.480426,0.0,0.3728905824714208
1262,1009 STR-PAL Chst9 Gaba_3,0287 STR-PAL Chst9 Gaba_3,064 STR-PAL Chst9 Gaba,09 CNU-LGE GABA,GABA,1305,3.3872762,5.288546,0.518007662835249
1263,1010 STR-PAL Chst9 Gaba_3,0287 STR-PAL Chst9 Gaba_3,064 STR-PAL Chst9 Gaba,09 CNU-LGE GABA,GABA,304,2.0693598,0.0,0.32894736842105265
1264,1000 STR D1 Sema5a Gaba_4,0284 STR D1 Sema5a Gaba_4,063 STR D1 Sema5a Gaba,09 CNU-LGE GABA,GABA,1304,3.1811528,4.654357,0.504601226993865
1265,0993 STR D1 Sema5a Gaba_2,0282 STR D1 Sema5a Gaba_2,063 STR D1 Sema5a Gaba,09 CNU-LGE GABA,GABA,47,2.5217268,0.0,0.3829787234042553
1266,0992 STR D1 Sema5a Gaba_2,0282 STR D1 Sema5a Gaba_2,063 STR D1 Sema5a Gaba,09 CNU-LGE GABA,GABA,268,3.292773,5.068389,0.5410447761194029
1267,0995 STR D1 Sema5a Gaba_2,0282 STR D1 Sema5a Gaba_2,063 STR D1 Sema5a Gaba,09 CNU-LGE GABA,GABA,14,3.9199376,5.047714,0.7142857142857143
1268,0997 STR D1 Sema5a Gaba_3,0283 STR D1 Sema5a Gaba_3,063 STR D1 Sema5a Gaba,09 CNU-LGE GABA,GABA,1034,3.1169887,4.736042,0.534816247582205
1269,0994 STR D1 Sema5a Gaba_2,0282 STR D1 Sema5a Gaba_2,063 STR D1 Sema5a Gaba,09 CNU-LGE GABA,GABA,1,0.0,0.0,0.0
1270,0996 STR D1 Sema5a Gaba_2,0282 STR D1 Sema5a Gaba_2,063 STR D1 Sema5a Gaba,09 CNU-LGE GABA,GABA,120,3.0623796,4.5488434,0.5083333333333333
1271,1004 STR-PAL Chst9 Gaba_2,0286 STR-PAL Chst9 Gaba_2,064 STR-PAL Chst9 Gaba,09 CNU-LGE GABA,GABA,10,2.529623,0.0,0.4
1272,0990 STR D1 Sema5a Gaba_1,0281 STR D1 Sema5a Gaba_1,063 STR D1 Sema5a Gaba,09 CNU-LGE GABA,GABA,74,3.6699986,5.402978,0.581081081081081
1273,0991 STR D1 Sema5a Gaba_1,0281 STR D1 Sema5a Gaba_1,063 STR D1 Sema5a Gaba,09 CNU-LGE GABA,GABA,20,4.3910627,6.047159,0.7
1274,1014 STR-PAL Chst9 Gaba_5,0289 STR-PAL Chst9 Gaba_5,064 STR-PAL Chst9 Gaba,09 CNU-LGE GABA,GABA,25,2.5107942,0.0,0.4
1275,1015 STR-PAL Chst9 Gaba_5,0289 STR-PAL Chst9 Gaba_5,064 STR-PAL Chst9 Gaba,09 CNU-LGE GABA,GABA,5,2.3590922,0.0,0.4
1276,1011 STR-PAL Chst9 Gaba_4,0288 STR-PAL Chst9 Gaba_4,064 STR-PAL Chst9 Gaba,09 CNU-LGE GABA,GABA,266,3.1896327,0.0,0.4849624060150376
1277,1005 STR-PAL Chst9 Gaba_2,0286 STR-PAL Chst9 Gaba_2,064 STR-PAL Chst9 Gaba,09 CNU-LGE GABA,GABA,476,2.5606039,0.0,0.38865546218487396
1278,1006 STR-PAL Chst9 Gaba_2,0286 STR-PAL Chst9 Gaba_2,064 STR-PAL Chst9 Gaba,09 CNU-LGE GABA,GABA,15,1.5517486,0.0,0.26666666666666666
1279,1007 STR-PAL Chst9 Gaba_2,0286 STR-PAL Chst9 Gaba_2,064 STR-PAL Chst9 Gaba,09 CNU-LGE GABA,GABA,6,0.9624474,0.0,0.16666666666666666
1280,1012 STR-PAL Chst9 Gaba_4,0288 STR-PAL Chst9 Gaba_4,064 STR-PAL Chst9 Gaba,09 CNU-LGE GABA,GABA,18,1.0242821,0.0,0.16666666666666666
1283,0528 OB Meis2 Thsd7b Gaba_5,0147 OB Meis2 Thsd7b Gaba_5,039 OB Meis2 Thsd7b Gaba,05 OB-IMN GABA,GABA,9,3.0296912,0.0,0.4444444444444444
1286,0522 OB Meis2 Thsd7b Gaba_2,0144 OB Meis2 Thsd7b Gaba_2,039 OB Meis2 Thsd7b Gaba,05 OB-IMN GABA,GABA,2,0.0,0.0,0.0
1289,0520 OB Meis2 Thsd7b Gaba_1,0143 OB Meis2 Thsd7b Gaba_1,039 OB Meis2 Thsd7b Gaba,05 OB-IMN GABA,GABA,1,0.0,0.0,0.0
1290,0519 OB Meis2 Thsd7b Gaba_1,0143 OB Meis2 Thsd7b Gaba_1,039 OB Meis2 Thsd7b Gaba,05 OB-IMN GABA,GABA,3,2.3504872,0.0,0.3333333333333333
1292,1017 IA Mgp Gaba_1,0290 IA Mgp Gaba_1,065 IA Mgp Gaba,09 CNU-LGE GABA,GABA,13,1.3901,0.0,0.23076923076923078
1293,1021 IA Mgp Gaba_3,0292 IA Mgp Gaba_3,065 IA Mgp Gaba,09 CNU-LGE GABA,GABA,1,6.26418,6.26418,1.0
1296,1019 IA Mgp Gaba_2,0291 IA Mgp Gaba_2,065 IA Mgp Gaba,09 CNU-LGE GABA,GABA,1,0.0,0.0,0.0
1297,1018 IA Mgp Gaba_1,0290 IA Mgp Gaba_1,065 IA Mgp Gaba,09 CNU-LGE GABA,GABA,2,6.668935,6.668935,1.0
1299,0529 OB Trdn Gaba_1,0148 OB Trdn Gaba_1,040 OB Trdn Gaba,05 OB-IMN GABA,GABA,1,0.0,0.0,0.0
1301,0560 OB-in Frmd7 Gaba_5,0154 OB-in Frmd7 Gaba_5,041 OB-in Frmd7 Gaba,05 OB-IMN GABA,GABA,1,5.9973197,5.9973197,1.0
1304,0532 OB-in Frmd7 Gaba_1,0150 OB-in Frmd7 Gaba_1,041 OB-in Frmd7 Gaba,05 OB-IMN GABA,GABA,1,0.0,0.0,0.0
1308,0562 OB-in Frmd7 Gaba_5,0154 OB-in Frmd7 Gaba_5,041 OB-in Frmd7 Gaba,05 OB-IMN GABA,GABA,2,0.0,0.0,0.0
1313,0559 OB-in Frmd7 Gaba_5,0154 OB-in Frmd7 Gaba_5,041 OB-in Frmd7 Gaba,05 OB-IMN GABA,GABA,4,1.8149301,0.0,0.25
1321,0531 OB Trdn Gaba_2,0149 OB Trdn Gaba_2,040 OB Trdn Gaba,05 OB-IMN GABA,GABA,1,0.0,0.0,0.0
1322,0530 OB Trdn Gaba_2,0149 OB Trdn Gaba_2,040 OB Trdn Gaba,05 OB-IMN GABA,GABA,1,0.0,0.0,0.0
1330,0566 OB-in Frmd7 Gaba_7,0156 OB-in Frmd7 Gaba_7,041 OB-in Frmd7 Gaba,05 OB-IMN GABA,GABA,1,0.0,0.0,0.0
1331,0545 OB-in Frmd7 Gaba_2,0151 OB-in Frmd7 Gaba_2,041 OB-in Frmd7 Gaba,05 OB-IMN GABA,GABA,3,0.0,0.0,0.0
1333,0548 OB-in Frmd7 Gaba_2,0151 OB-in Frmd7 Gaba_2,041 OB-in Frmd7 Gaba,05 OB-IMN GABA,GABA,2,0.0,0.0,0.0
1337,0554 OB-in Frmd7 Gaba_3,0152 OB-in Frmd7 Gaba_3,041 OB-in Frmd7 Gaba,05 OB-IMN GABA,GABA,1,6.265477,6.265477,1.0
1342,0618 OB-STR-CTX Inh IMN_5,0170 OB-STR-CTX Inh IMN_5,045 OB-STR-CTX Inh IMN,05 OB-IMN GABA,,2,0.0,0.0,0.0
1343,0619 OB-STR-CTX Inh IMN_5,0170 OB-STR-CTX Inh IMN_5,045 OB-STR-CTX Inh IMN,05 OB-IMN GABA,GABA,1,0.0,0.0,0.0
1347,0612 OB-STR-CTX Inh IMN_4,0169 OB-STR-CTX Inh IMN_4,045 OB-STR-CTX Inh IMN,05 OB-IMN GABA,,7,0.0,0.0,0.0
1354,0604 OB-STR-CTX Inh IMN_2,0167 OB-STR-CTX Inh IMN_2,045 OB-STR-CTX Inh IMN,05 OB-IMN GABA,GABA,1,0.0,0.0,0.0
1358,0621 OB-STR-CTX Inh IMN_6,0171 OB-STR-CTX Inh IMN_6,045 OB-STR-CTX Inh IMN,05 OB-IMN GABA,GABA,4,0.0,0.0,0.0
1359,0609 OB-STR-CTX Inh IMN_3,0168 OB-STR-CTX Inh IMN_3,045 OB-STR-CTX Inh IMN,05 OB-IMN GABA,GABA,4,0.0,0.0,0.0
1360,0594 OB-STR-CTX Inh IMN_1,0166 OB-STR-CTX Inh IMN_1,045 OB-STR-CTX Inh IMN,05 OB-IMN GABA,,2,5.6485076,5.6485076,1.0
1361,0610 OB-STR-CTX Inh IMN_3,0168 OB-STR-CTX Inh IMN_3,045 OB-STR-CTX Inh IMN,05 OB-IMN GABA,GABA,1,0.0,0.0,0.0
1363,0511 DG-PIR Ex IMN_1,0140 DG-PIR Ex IMN_1,038 DG-PIR Ex IMN,04 DG-IMN Glut,Glut,1,0.0,0.0,0.0
1364,0595 OB-STR-CTX Inh IMN_1,0166 OB-STR-CTX Inh IMN_1,045 OB-STR-CTX Inh IMN,05 OB-IMN GABA,,3,2.569936,0.0,0.3333333333333333
1365,0596 OB-STR-CTX Inh IMN_1,0166 OB-STR-CTX Inh IMN_1,045 OB-STR-CTX Inh IMN,05 OB-IMN GABA,,2,6.3870935,6.3870935,1.0
1366,0597 OB-STR-CTX Inh IMN_1,0166 OB-STR-CTX Inh IMN_1,045 OB-STR-CTX Inh IMN,05 OB-IMN GABA,,2,0.0,0.0,0.0
1367,0598 OB-STR-CTX Inh IMN_1,0166 OB-STR-CTX Inh IMN_1,045 OB-STR-CTX Inh IMN,05 OB-IMN GABA,,2,5.4571285,5.4571285,1.0
1368,0599 OB-STR-CTX Inh IMN_1,0166 OB-STR-CTX Inh IMN_1,045 OB-STR-CTX Inh IMN,05 OB-IMN GABA,,1,0.0,0.0,0.0
1369,0600 OB-STR-CTX Inh IMN_1,0166 OB-STR-CTX Inh IMN_1,045 OB-STR-CTX Inh IMN,05 OB-IMN GABA,GABA,4,0.0,0.0,0.0
1373,0590 OB Dopa-Gaba_2,0163 OB Dopa-Gaba_2,044 OB Dopa-Gaba,05 OB-IMN GABA,GABA,13,1.2655901,0.0,0.15384615384615385
1375,0580 OB-mi Frmd7 Gaba_1,0161 OB-mi Frmd7 Gaba_1,043 OB-mi Frmd7 Gaba,05 OB-IMN GABA,GABA,8,1.7155926,0.0,0.25
1376,0581 OB-mi Frmd7 Gaba_1,0161 OB-mi Frmd7 Gaba_1,043 OB-mi Frmd7 Gaba,05 OB-IMN GABA,GABA,4,2.0187182,0.0,0.25
1377,0585 OB Dopa-Gaba_1,0162 OB Dopa-Gaba_1,044 OB Dopa-Gaba,05 OB-IMN GABA,Dopa,20,2.9301178,0.0,0.45
1384,0569 OB-out Frmd7 Gaba_1,0158 OB-out Frmd7 Gaba_1,042 OB-out Frmd7 Gaba,05 OB-IMN GABA,GABA,5,3.3342147,0.0,0.4
1385,0571 OB-out Frmd7 Gaba_1,0158 OB-out Frmd7 Gaba_1,042 OB-out Frmd7 Gaba,05 OB-IMN GABA,GABA,2,0.0,0.0,0.0
1386,0572 OB-out Frmd7 Gaba_1,0158 OB-out Frmd7 Gaba_1,042 OB-out Frmd7 Gaba,05 OB-IMN GABA,GABA,5,0.0,0.0,0.0
1387,0573 OB-out Frmd7 Gaba_1,0158 OB-out Frmd7 Gaba_1,042 OB-out Frmd7 Gaba,05 OB-IMN GABA,GABA,3,0.0,0.0,0.0
1388,0574 OB-out Frmd7 Gaba_1,0158 OB-out Frmd7 Gaba_1,042 OB-out Frmd7 Gaba,05 OB-IMN GABA,GABA,1,0.0,0.0,0.0
1391,0587 OB Dopa-Gaba_1,0162 OB Dopa-Gaba_1,044 OB Dopa-Gaba,05 OB-IMN GABA,GABA,21,3.407355,0.0,0.47619047619047616
1392,0589 OB Dopa-Gaba_1,0162 OB Dopa-Gaba_1,044 OB Dopa-Gaba,05 OB-IMN GABA,Dopa,8,1.8759375,0.0,0.25
1396,0583 OB Dopa-Gaba_1,0162 OB Dopa-Gaba_1,044 OB Dopa-Gaba,05 OB-IMN GABA,GABA,6,2.358863,0.0,0.3333333333333333
1397,0584 OB Dopa-Gaba_1,0162 OB Dopa-Gaba_1,044 OB Dopa-Gaba,05 OB-IMN GABA,GABA,1,0.0,0.0,0.0
1409,1524 PVR Six3 Sox3 Gaba_7,0417 PVR Six3 Sox3 Gaba_7,089 PVR Six3 Sox3 Gaba,11 CNU-HYa GABA,GABA,10,2.5086815,0.0,0.4
1410,1535 PVR Six3 Sox3 Gaba_9,0419 PVR Six3 Sox3 Gaba_9,089 PVR Six3 Sox3 Gaba,11 CNU-HYa GABA,Dopa,10,4.493469,6.370948,0.7
1411,1885 PVpo-VMPO-MPN Hmx2 Gaba_1,0482 PVpo-VMPO-MPN Hmx2 Gaba_1,106 PVpo-VMPO-MPN Hmx2 Gaba,12 HY GABA,GABA,14,3.164,2.6533816,0.5
1412,1536 PVR Six3 Sox3 Gaba_9,0419 PVR Six3 Sox3 Gaba_9,089 PVR Six3 Sox3 Gaba,11 CNU-HYa GABA,GABA,4,4.856881,6.0108023,0.75
1413,1532 PVR Six3 Sox3 Gaba_9,0419 PVR Six3 Sox3 Gaba_9,089 PVR Six3 Sox3 Gaba,11 CNU-HYa GABA,GABA,1,7.5956388,7.5956388,1.0
1414,1886 PVpo-VMPO-MPN Hmx2 Gaba_1,0482 PVpo-VMPO-MPN Hmx2 Gaba_1,106 PVpo-VMPO-MPN Hmx2 Gaba,12 HY GABA,GABA,1,6.726842,6.726842,1.0
1415,1525 PVR Six3 Sox3 Gaba_7,0417 PVR Six3 Sox3 Gaba_7,089 PVR Six3 Sox3 Gaba,11 CNU-HYa GABA,GABA,5,4.884089,5.459057,0.8
1416,1526 PVR Six3 Sox3 Gaba_7,0417 PVR Six3 Sox3 Gaba_7,089 PVR Six3 Sox3 Gaba,11 CNU-HYa GABA,GABA,15,4.161107,6.041545,0.6666666666666666
1417,1527 PVR Six3 Sox3 Gaba_8,0418 PVR Six3 Sox3 Gaba_8,089 PVR Six3 Sox3 Gaba,11 CNU-HYa GABA,GABA,9,5.602213,5.890428,0.8888888888888888
1418,1531 PVR Six3 Sox3 Gaba_9,0419 PVR Six3 Sox3 Gaba_9,089 PVR Six3 Sox3 Gaba,11 CNU-HYa GABA,GABA,8,3.758087,5.5359316,0.625
1419,1528 PVR Six3 Sox3 Gaba_8,0418 PVR Six3 Sox3 Gaba_8,089 PVR Six3 Sox3 Gaba,11 CNU-HYa GABA,GABA,28,4.520822,5.716731,0.7142857142857143
1420,1529 PVR Six3 Sox3 Gaba_8,0418 PVR Six3 Sox3 Gaba_8,089 PVR Six3 Sox3 Gaba,11 CNU-HYa GABA,GABA,12,4.4165826,5.9032927,0.6666666666666666
1421,1530 PVR Six3 Sox3 Gaba_8,0418 PVR Six3 Sox3 Gaba_8,089 PVR Six3 Sox3 Gaba,11 CNU-HYa GABA,GABA,9,3.6639836,5.487965,0.5555555555555556
1422,1537 PVR Six3 Sox3 Gaba_9,0419 PVR Six3 Sox3 Gaba_9,089 PVR Six3 Sox3 Gaba,11 CNU-HYa GABA,GABA,8,4.107065,6.0677867,0.625
1423,1533 PVR Six3 Sox3 Gaba_9,0419 PVR Six3 Sox3 Gaba_9,089 PVR Six3 Sox3 Gaba,11 CNU-HYa GABA,GABA,16,4.393314,5.7267675,0.6875
1424,1534 PVR Six3 Sox3 Gaba_9,0419 PVR Six3 Sox3 Gaba_9,089 PVR Six3 Sox3 Gaba,11 CNU-HYa GABA,GABA,11,5.0696025,5.988241,0.8181818181818182
1436,1567 BST-MPN Six3 Nrgn Gaba_7,0426 BST-MPN Six3 Nrgn Gaba_7,090 BST-MPN Six3 Nrgn Gaba,11 CNU-HYa GABA,GABA,4,4.4832277,5.6796265,0.75
1439,1634 PVHd-SBPV Six3 Prox1 Gaba_2,0443 PVHd-SBPV Six3 Prox1 Gaba_2,097 PVHd-SBPV Six3 Prox1 Gaba,12 HY GABA,GABA,1,0.0,0.0,0.0
1449,1235 MEA-BST Sox6 Gaba_10,0346 MEA-BST Sox6 Gaba_10,073 MEA-BST Sox6 Gaba,11 CNU-HYa GABA,GABA,5,4.7639318,5.7616525,0.8
1450,1503 PVR Six3 Sox3 Gaba_1,0411 PVR Six3 Sox3 Gaba_1,089 PVR Six3 Sox3 Gaba,11 CNU-HYa GABA,GABA,17,5.303127,6.2159753,0.8235294117647058
1451,1504 PVR Six3 Sox3 Gaba_1,0411 PVR Six3 Sox3 Gaba_1,089 PVR Six3 Sox3 Gaba,11 CNU-HYa GABA,GABA,21,4.314393,5.5015244,0.6666666666666666
1452,1505 PVR Six3 Sox3 Gaba_1,0411 PVR Six3 Sox3 Gaba_1,089 PVR Six3 Sox3 Gaba,11 CNU-HYa GABA,GABA,98,5.2056627,5.863443,0.826530612244898
1453,1506 PVR Six3 Sox3 Gaba_1,0411 PVR Six3 Sox3 Gaba_1,089 PVR Six3 Sox3 Gaba,11 CNU-HYa GABA,GABA,28,4.4129505,5.412109,0.75
1458,1509 PVR Six3 Sox3 Gaba_2,0412 PVR Six3 Sox3 Gaba_2,089 PVR Six3 Sox3 Gaba,11 CNU-HYa GABA,GABA,1,0.0,0.0,0.0
1460,1507 PVR Six3 Sox3 Gaba_1,0411 PVR Six3 Sox3 Gaba_1,089 PVR Six3 Sox3 Gaba,11 CNU-HYa GABA,GABA,12,4.3794436,5.748025,0.75
1470,2564 HY Gnrh1 Glut_1,0628 HY Gnrh1 Glut_1,142 HY Gnrh1 Glut,15 HY Gnrh1 Glut,Glut,76,3.5048816,4.8281374,0.618421052631579
1488,1648 AHN-SBPV-PVHd Pdrm12 Gaba_1,0446 AHN-SBPV-PVHd Pdrm12 Gaba_1,098 AHN-SBPV-PVHd Pdrm12 Gaba,12 HY GABA,GABA,3,2.2880626,0.0,0.3333333333333333
1489,1678 AHN-SBPV-PVHd Pdrm12 Gaba_7,0452 AHN-SBPV-PVHd Pdrm12 Gaba_7,098 AHN-SBPV-PVHd Pdrm12 Gaba,12 HY GABA,GABA,9,4.434225,5.898808,0.6666666666666666
1490,1679 AHN-SBPV-PVHd Pdrm12 Gaba_7,0452 AHN-SBPV-PVHd Pdrm12 Gaba_7,098 AHN-SBPV-PVHd Pdrm12 Gaba,12 HY GABA,GABA,2,7.190645,7.190645,1.0
1514,1551 BST-MPN Six3 Nrgn Gaba_5,0424 BST-MPN Six3 Nrgn Gaba_5,090 BST-MPN Six3 Nrgn Gaba,11 CNU-HYa GABA,GABA,71,3.2850337,4.968442,0.5492957746478874
1515,1552 BST-MPN Six3 Nrgn Gaba_5,0424 BST-MPN Six3 Nrgn Gaba_5,090 BST-MPN Six3 Nrgn Gaba,11 CNU-HYa GABA,GABA,163,3.594345,5.1396513,0.588957055214724
1516,1553 BST-MPN Six3 Nrgn Gaba_5,0424 BST-MPN Six3 Nrgn Gaba_5,090 BST-MPN Six3 Nrgn Gaba,11 CNU-HYa GABA,GABA,41,2.7795796,0.0,0.4878048780487805
1517,1556 BST-MPN Six3 Nrgn Gaba_5,0424 BST-MPN Six3 Nrgn Gaba_5,090 BST-MPN Six3 Nrgn Gaba,11 CNU-HYa GABA,GABA,153,3.1066089,4.5123324,0.5163398692810458
1518,1554 BST-MPN Six3 Nrgn Gaba_5,0424 BST-MPN Six3 Nrgn Gaba_5,090 BST-MPN Six3 Nrgn Gaba,11 CNU-HYa GABA,GABA,83,3.2888114,4.747343,0.5421686746987951
1519,1547 BST-MPN Six3 Nrgn Gaba_4,0423 BST-MPN Six3 Nrgn Gaba_4,090 BST-MPN Six3 Nrgn Gaba,11 CNU-HYa GABA,GABA,17,3.9828954,5.1275573,0.7058823529411765
1520,1540 BST-MPN Six3 Nrgn Gaba_2,0421 BST-MPN Six3 Nrgn Gaba_2,090 BST-MPN Six3 Nrgn Gaba,11 CNU-HYa GABA,GABA,9,3.5821238,4.493592,0.6666666666666666
1521,1562 BST-MPN Six3 Nrgn Gaba_6,0425 BST-MPN Six3 Nrgn Gaba_6,090 BST-MPN Six3 Nrgn Gaba,11 CNU-HYa GABA,GABA,17,4.4998584,5.5877934,0.7647058823529411
1522,1563 BST-MPN Six3 Nrgn Gaba_6,0425 BST-MPN Six3 Nrgn Gaba_6,090 BST-MPN Six3 Nrgn Gaba,11 CNU-HYa GABA,GABA,31,3.9529808,5.0750904,0.6774193548387096
1523,1315 CEA-BST Gal Avp Gaba_1,0363 CEA-BST Gal Avp Gaba_1,077 CEA-BST Gal Avp Gaba,11 CNU-HYa GABA,GABA,83,4.452394,5.46033,0.7349397590361446
1524,1316 CEA-BST Gal Avp Gaba_1,0363 CEA-BST Gal Avp Gaba_1,077 CEA-BST Gal Avp Gaba,11 CNU-HYa GABA,GABA,89,4.7272587,5.591024,0.8089887640449438
1525,1548 BST-MPN Six3 Nrgn Gaba_4,0423 BST-MPN Six3 Nrgn Gaba_4,090 BST-MPN Six3 Nrgn Gaba,11 CNU-HYa GABA,GABA,46,3.330163,4.6820407,0.5652173913043478
1527,1543 BST-MPN Six3 Nrgn Gaba_3,0422 BST-MPN Six3 Nrgn Gaba_3,090 BST-MPN Six3 Nrgn Gaba,11 CNU-HYa GABA,GABA,24,2.977544,0.0,0.4583333333333333
1531,1561 BST-MPN Six3 Nrgn Gaba_6,0425 BST-MPN Six3 Nrgn Gaba_6,090 BST-MPN Six3 Nrgn Gaba,11 CNU-HYa GABA,GABA,2,6.737316,6.737316,1.0
1533,1539 BST-MPN Six3 Nrgn Gaba_1,0420 BST-MPN Six3 Nrgn Gaba_1,090 BST-MPN Six3 Nrgn Gaba,11 CNU-HYa GABA,GABA,2,3.1460729,3.1460729,0.5
1534,1498 BST Tac2 Gaba_1,0409 BST Tac2 Gaba_1,088 BST Tac2 Gaba,11 CNU-HYa GABA,GABA,29,4.219188,5.1735344,0.7241379310344828
1535,1557 BST-MPN Six3 Nrgn Gaba_5,0424 BST-MPN Six3 Nrgn Gaba_5,090 BST-MPN Six3 Nrgn Gaba,11 CNU-HYa GABA,GABA,16,4.808629,5.6317015,0.8125
1537,1414 BST-SI-AAA Six3 Slc22a3 Gaba_2,0395 BST-SI-AAA Six3 Slc22a3 Gaba_2,084 BST-SI-AAA Six3 Slc22a3 Gaba,11 CNU-HYa GABA,GABA,56,3.461708,4.9571924,0.625
1538,1560 BST-MPN Six3 Nrgn Gaba_6,0425 BST-MPN Six3 Nrgn Gaba_6,090 BST-MPN Six3 Nrgn Gaba,11 CNU-HYa GABA,GABA,35,4.30141,5.463914,0.7142857142857143
1539,1564 BST-MPN Six3 Nrgn Gaba_6,0425 BST-MPN Six3 Nrgn Gaba_6,090 BST-MPN Six3 Nrgn Gaba,11 CNU-HYa GABA,GABA,12,4.1999607,5.2727985,0.75
1540,1411 BST-SI-AAA Six3 Slc22a3 Gaba_1,0394 BST-SI-AAA Six3 Slc22a3 Gaba_1,084 BST-SI-AAA Six3 Slc22a3 Gaba,11 CNU-HYa GABA,GABA,39,3.7099376,5.15588,0.6410256410256411
1541,1412 BST-SI-AAA Six3 Slc22a3 Gaba_1,0394 BST-SI-AAA Six3 Slc22a3 Gaba_1,084 BST-SI-AAA Six3 Slc22a3 Gaba,11 CNU-HYa GABA,GABA,230,2.8961914,0.0,0.46956521739130436
1542,1415 BST-SI-AAA Six3 Slc22a3 Gaba_2,0395 BST-SI-AAA Six3 Slc22a3 Gaba_2,084 BST-SI-AAA Six3 Slc22a3 Gaba,11 CNU-HYa GABA,GABA,64,3.4344714,5.0436983,0.578125
1543,1416 BST-SI-AAA Six3 Slc22a3 Gaba_2,0395 BST-SI-AAA Six3 Slc22a3 Gaba_2,084 BST-SI-AAA Six3 Slc22a3 Gaba,11 CNU-HYa GABA,GABA,95,3.5020435,5.0192456,0.5894736842105263
1544,1413 BST-SI-AAA Six3 Slc22a3 Gaba_1,0394 BST-SI-AAA Six3 Slc22a3 Gaba_1,084 BST-SI-AAA Six3 Slc22a3 Gaba,11 CNU-HYa GABA,GABA,53,4.002643,5.1167026,0.660377358490566
1545,1417 BST-SI-AAA Six3 Slc22a3 Gaba_2,0395 BST-SI-AAA Six3 Slc22a3 Gaba_2,084 BST-SI-AAA Six3 Slc22a3 Gaba,11 CNU-HYa GABA,GABA,38,3.4623554,4.8912725,0.6052631578947368
1546,1493 BST Tac2 Gaba_1,0409 BST Tac2 Gaba_1,088 BST Tac2 Gaba,11 CNU-HYa GABA,GABA,28,4.3069987,5.3235445,0.75
1547,1494 BST Tac2 Gaba_1,0409 BST Tac2 Gaba_1,088 BST Tac2 Gaba,11 CNU-HYa GABA,GABA,49,4.5470586,5.2048764,0.8163265306122449
1548,1495 BST Tac2 Gaba_1,0409 BST Tac2 Gaba_1,088 BST Tac2 Gaba,11 CNU-HYa GABA,GABA,175,3.8323245,5.3036737,0.64
1549,1496 BST Tac2 Gaba_1,0409 BST Tac2 Gaba_1,088 BST Tac2 Gaba,11 CNU-HYa GABA,GABA,14,4.892045,5.403771,0.8571428571428571
1550,1497 BST Tac2 Gaba_1,0409 BST Tac2 Gaba_1,088 BST Tac2 Gaba,11 CNU-HYa GABA,GABA,38,4.0249963,5.503405,0.6578947368421053
1551,1460 MPO-ADP Lhx8 Gaba_2,0403 MPO-ADP Lhx8 Gaba_2,086 MPO-ADP Lhx8 Gaba,11 CNU-HYa GABA,GABA,15,4.571167,5.8437915,0.7333333333333333
1552,1466 MPO-ADP Lhx8 Gaba_3,0404 MPO-ADP Lhx8 Gaba_3,086 MPO-ADP Lhx8 Gaba,11 CNU-HYa GABA,GABA,77,4.442687,5.622044,0.7272727272727273
1553,1467 MPO-ADP Lhx8 Gaba_3,0404 MPO-ADP Lhx8 Gaba_3,086 MPO-ADP Lhx8 Gaba,11 CNU-HYa GABA,GABA,18,4.157641,5.2514105,0.6666666666666666
1554,1468 MPO-ADP Lhx8 Gaba_3,0404 MPO-ADP Lhx8 Gaba_3,086 MPO-ADP Lhx8 Gaba,11 CNU-HYa GABA,GABA,13,3.2648926,0.0,0.46153846153846156
1555,1461 MPO-ADP Lhx8 Gaba_2,0403 MPO-ADP Lhx8 Gaba_2,086 MPO-ADP Lhx8 Gaba,11 CNU-HYa GABA,GABA,14,3.208896,2.6752663,0.5
1557,1462 MPO-ADP Lhx8 Gaba_2,0403 MPO-ADP Lhx8 Gaba_2,086 MPO-ADP Lhx8 Gaba,11 CNU-HYa GABA,GABA,14,4.3247805,5.4411592,0.7142857142857143
1558,1475 MPO-ADP Lhx8 Gaba_4,0405 MPO-ADP Lhx8 Gaba_4,086 MPO-ADP Lhx8 Gaba,11 CNU-HYa GABA,GABA,94,4.0829697,5.2639427,0.7127659574468085
1559,1476 MPO-ADP Lhx8 Gaba_4,0405 MPO-ADP Lhx8 Gaba_4,086 MPO-ADP Lhx8 Gaba,11 CNU-HYa GABA,GABA,56,4.27678,5.6555324,0.6785714285714286
1560,1477 MPO-ADP Lhx8 Gaba_4,0405 MPO-ADP Lhx8 Gaba_4,086 MPO-ADP Lhx8 Gaba,11 CNU-HYa GABA,GABA,53,4.2502837,5.6163616,0.7169811320754716
1561,1463 MPO-ADP Lhx8 Gaba_2,0403 MPO-ADP Lhx8 Gaba_2,086 MPO-ADP Lhx8 Gaba,11 CNU-HYa GABA,GABA,34,4.7703137,6.135744,0.7352941176470589
1562,1480 MPO-ADP Lhx8 Gaba_5,0406 MPO-ADP Lhx8 Gaba_5,086 MPO-ADP Lhx8 Gaba,11 CNU-HYa GABA,GABA,4,3.0631547,2.7133255,0.5
1563,1478 MPO-ADP Lhx8 Gaba_4,0405 MPO-ADP Lhx8 Gaba_4,086 MPO-ADP Lhx8 Gaba,11 CNU-HYa GABA,GABA,19,4.4882145,5.5454693,0.7368421052631579
1564,1481 MPO-ADP Lhx8 Gaba_5,0406 MPO-ADP Lhx8 Gaba_5,086 MPO-ADP Lhx8 Gaba,11 CNU-HYa GABA,GABA,4,1.6093102,0.0,0.25
1565,1479 MPO-ADP Lhx8 Gaba_4,0405 MPO-ADP Lhx8 Gaba_4,086 MPO-ADP Lhx8 Gaba,11 CNU-HYa GABA,GABA,79,4.2455826,5.563982,0.6962025316455697
1566,1472 MPO-ADP Lhx8 Gaba_4,0405 MPO-ADP Lhx8 Gaba_4,086 MPO-ADP Lhx8 Gaba,11 CNU-HYa GABA,GABA,17,4.2167025,5.5430837,0.7058823529411765
1567,1473 MPO-ADP Lhx8 Gaba_4,0405 MPO-ADP Lhx8 Gaba_4,086 MPO-ADP Lhx8 Gaba,11 CNU-HYa GABA,GABA,184,3.8493617,5.3749084,0.6195652173913043
1568,1470 MPO-ADP Lhx8 Gaba_3,0404 MPO-ADP Lhx8 Gaba_3,086 MPO-ADP Lhx8 Gaba,11 CNU-HYa GABA,GABA,30,4.821313,5.595303,0.8333333333333334
1569,1471 MPO-ADP Lhx8 Gaba_3,0404 MPO-ADP Lhx8 Gaba_3,086 MPO-ADP Lhx8 Gaba,11 CNU-HYa GABA,GABA,1,6.8810277,6.8810277,1.0
1570,1464 MPO-ADP Lhx8 Gaba_2,0403 MPO-ADP Lhx8 Gaba_2,086 MPO-ADP Lhx8 Gaba,11 CNU-HYa GABA,GABA,3,2.3202462,0.0,0.3333333333333333
1571,1457 MPO-ADP Lhx8 Gaba_1,0402 MPO-ADP Lhx8 Gaba_1,086 MPO-ADP Lhx8 Gaba,11 CNU-HYa GABA,GABA,114,3.8979127,5.313157,0.6403508771929824
1572,1482 MPO-ADP Lhx8 Gaba_5,0406 MPO-ADP Lhx8 Gaba_5,086 MPO-ADP Lhx8 Gaba,11 CNU-HYa GABA,GABA,100,4.9428596,6.143358,0.78
1573,1458 MPO-ADP Lhx8 Gaba_1,0402 MPO-ADP Lhx8 Gaba_1,086 MPO-ADP Lhx8 Gaba,11 CNU-HYa GABA,GABA,36,4.1053295,5.3732333,0.6666666666666666
1574,1459 MPO-ADP Lhx8 Gaba_1,0402 MPO-ADP Lhx8 Gaba_1,086 MPO-ADP Lhx8 Gaba,11 CNU-HYa GABA,GABA,7,5.395657,6.2632446,0.8571428571428571
1575,1465 MPO-ADP Lhx8 Gaba_2,0403 MPO-ADP Lhx8 Gaba_2,086 MPO-ADP Lhx8 Gaba,11 CNU-HYa GABA,GABA,14,4.4685764,5.997408,0.7142857142857143
1576,1474 MPO-ADP Lhx8 Gaba_4,0405 MPO-ADP Lhx8 Gaba_4,086 MPO-ADP Lhx8 Gaba,11 CNU-HYa GABA,GABA,2,5.1248674,5.1248674,1.0
1577,1487 MPN-MPO-LPO Lhx6 Zfhx3 Gaba_1,0407 MPN-MPO-LPO Lhx6 Zfhx3 Gaba_1,087 MPN-MPO-LPO Lhx6 Zfhx3 Gaba,11 CNU-HYa GABA,GABA,3,5.400254,5.21015,1.0
1578,1483 MPN-MPO-LPO Lhx6 Zfhx3 Gaba_1,0407 MPN-MPO-LPO Lhx6 Zfhx3 Gaba_1,087 MPN-MPO-LPO Lhx6 Zfhx3 Gaba,11 CNU-HYa GABA,GABA,161,3.4878745,5.099252,0.5714285714285714
1579,1489 MPN-MPO-LPO Lhx6 Zfhx3 Gaba_2,0408 MPN-MPO-LPO Lhx6 Zfhx3 Gaba_2,087 MPN-MPO-LPO Lhx6 Zfhx3 Gaba,11 CNU-HYa GABA,GABA,63,4.8925586,5.610364,0.8095238095238095
1580,1267 MEA-BST Lhx6 Sp9 Gaba_7,0353 MEA-BST Lhx6 Sp9 Gaba_7,074 MEA-BST Lhx6 Sp9 Gaba,11 CNU-HYa GABA,GABA,88,3.817359,5.2815857,0.6363636363636364
1581,1268 MEA-BST Lhx6 Sp9 Gaba_7,0353 MEA-BST Lhx6 Sp9 Gaba_7,074 MEA-BST Lhx6 Sp9 Gaba,11 CNU-HYa GABA,GABA,61,3.5718517,4.7634225,0.5737704918032787
1582,1484 MPN-MPO-LPO Lhx6 Zfhx3 Gaba_1,0407 MPN-MPO-LPO Lhx6 Zfhx3 Gaba_1,087 MPN-MPO-LPO Lhx6 Zfhx3 Gaba,11 CNU-HYa GABA,GABA,54,4.9419413,5.9259214,0.7962962962962963
1583,1485 MPN-MPO-LPO Lhx6 Zfhx3 Gaba_1,0407 MPN-MPO-LPO Lhx6 Zfhx3 Gaba_1,087 MPN-MPO-LPO Lhx6 Zfhx3 Gaba,11 CNU-HYa GABA,GABA,41,3.9595892,5.409355,0.6341463414634146
1585,1486 MPN-MPO-LPO Lhx6 Zfhx3 Gaba_1,0407 MPN-MPO-LPO Lhx6 Zfhx3 Gaba_1,087 MPN-MPO-LPO Lhx6 Zfhx3 Gaba,11 CNU-HYa GABA,GABA,29,3.3068786,4.8064175,0.5517241379310345
1586,1488 MPN-MPO-LPO Lhx6 Zfhx3 Gaba_1,0407 MPN-MPO-LPO Lhx6 Zfhx3 Gaba_1,087 MPN-MPO-LPO Lhx6 Zfhx3 Gaba,11 CNU-HYa GABA,GABA,16,4.22994,5.857546,0.6875
1587,1492 MPN-MPO-LPO Lhx6 Zfhx3 Gaba_2,0408 MPN-MPO-LPO Lhx6 Zfhx3 Gaba_2,087 MPN-MPO-LPO Lhx6 Zfhx3 Gaba,11 CNU-HYa GABA,GABA,6,3.9266407,5.302321,0.6666666666666666
1588,1490 MPN-MPO-LPO Lhx6 Zfhx3 Gaba_2,0408 MPN-MPO-LPO Lhx6 Zfhx3 Gaba_2,087 MPN-MPO-LPO Lhx6 Zfhx3 Gaba,11 CNU-HYa GABA,GABA,26,3.4738946,5.038913,0.5769230769230769
1589,1520 PVR Six3 Sox3 Gaba_5,0415 PVR Six3 Sox3 Gaba_5,089 PVR Six3 Sox3 Gaba,11 CNU-HYa GABA,GABA,58,3.9244967,5.7385006,0.6206896551724138
1590,1104 LSX Nkx2-1 Gaba_7,0312 LSX Nkx2-1 Gaba_7,069 LSX Nkx2-1 Gaba,10 LSX GABA,GABA,14,2.8979766,2.341366,0.5
1591,1521 PVR Six3 Sox3 Gaba_5,0415 PVR Six3 Sox3 Gaba_5,089 PVR Six3 Sox3 Gaba,11 CNU-HYa GABA,GABA,50,4.56645,6.0947056,0.7
1592,1089 LSX Nkx2-1 Gaba_3,0308 LSX Nkx2-1 Gaba_3,069 LSX Nkx2-1 Gaba,10 LSX GABA,GABA,37,2.2209802,0.0,0.35135135135135137
1593,1090 LSX Nkx2-1 Gaba_3,0308 LSX Nkx2-1 Gaba_3,069 LSX Nkx2-1 Gaba,10 LSX GABA,GABA,24,2.110738,0.0,0.3333333333333333
1594,1555 BST-MPN Six3 Nrgn Gaba_5,0424 BST-MPN Six3 Nrgn Gaba_5,090 BST-MPN Six3 Nrgn Gaba,11 CNU-HYa GABA,GABA,46,2.648687,0.0,0.43478260869565216
1595,1091 LSX Nkx2-1 Gaba_3,0308 LSX Nkx2-1 Gaba_3,069 LSX Nkx2-1 Gaba,10 LSX GABA,GABA,37,1.97671,0.0,0.32432432432432434
1596,1523 PVR Six3 Sox3 Gaba_6,0416 PVR Six3 Sox3 Gaba_6,089 PVR Six3 Sox3 Gaba,11 CNU-HYa GABA,GABA,18,4.9499435,6.7735186,0.7222222222222222
1597,2065 MS-SF Bsx Glut_1,0518 MS-SF Bsx Glut_1,115 MS-SF Bsx Glut,13 CNU-HYa Glut,Glut,3,2.337198,0.0,0.3333333333333333
1598,2054 MS-SF Bsx Glut_1,0518 MS-SF Bsx Glut_1,115 MS-SF Bsx Glut,13 CNU-HYa Glut,Glut,3,4.5644736,6.391867,0.6666666666666666
1599,2070 MS-SF Bsx Glut_1,0518 MS-SF Bsx Glut_1,115 MS-SF Bsx Glut,13 CNU-HYa Glut,Glut,12,4.656061,5.3249745,0.8333333333333334
1600,1522 PVR Six3 Sox3 Gaba_5,0415 PVR Six3 Sox3 Gaba_5,089 PVR Six3 Sox3 Gaba,11 CNU-HYa GABA,GABA,90,4.393005,5.6711254,0.6888888888888889
1601,2066 MS-SF Bsx Glut_1,0518 MS-SF Bsx Glut_1,115 MS-SF Bsx Glut,13 CNU-HYa Glut,Glut,13,6.2220635,6.5364127,1.0
1602,1518 PVR Six3 Sox3 Gaba_4,0414 PVR Six3 Sox3 Gaba_4,089 PVR Six3 Sox3 Gaba,11 CNU-HYa GABA,GABA,24,4.2742476,5.564109,0.6666666666666666
1603,2060 MS-SF Bsx Glut_1,0518 MS-SF Bsx Glut_1,115 MS-SF Bsx Glut,13 CNU-HYa Glut,Glut,77,4.6017613,5.8066397,0.7402597402597403
1604,2055 MS-SF Bsx Glut_1,0518 MS-SF Bsx Glut_1,115 MS-SF Bsx Glut,13 CNU-HYa Glut,Glut,10,2.2987034,0.0,0.4
1605,2071 MS-SF Bsx Glut_1,0518 MS-SF Bsx Glut_1,115 MS-SF Bsx Glut,13 CNU-HYa Glut,Glut-GABA,4,4.982543,6.3432636,0.75
1606,2056 MS-SF Bsx Glut_1,0518 MS-SF Bsx Glut_1,115 MS-SF Bsx Glut,13 CNU-HYa Glut,Glut,11,4.0695477,4.980517,0.7272727272727273
1607,2057 MS-SF Bsx Glut_1,0518 MS-SF Bsx Glut_1,115 MS-SF Bsx Glut,13 CNU-HYa Glut,Glut,3,4.2807126,4.9458175,0.6666666666666666
1608,2058 MS-SF Bsx Glut_1,0518 MS-SF Bsx Glut_1,115 MS-SF Bsx Glut,13 CNU-HYa Glut,Glut,7,3.6461449,4.8227696,0.5714285714285714
1609,2063 MS-SF Bsx Glut_1,0518 MS-SF Bsx Glut_1,115 MS-SF Bsx Glut,13 CNU-HYa Glut,Glut,18,3.174565,5.1528187,0.5555555555555556
1610,2059 MS-SF Bsx Glut_1,0518 MS-SF Bsx Glut_1,115 MS-SF Bsx Glut,13 CNU-HYa Glut,Glut,3,1.8684899,0.0,0.3333333333333333
1611,1519 PVR Six3 Sox3 Gaba_4,0414 PVR Six3 Sox3 Gaba_4,089 PVR Six3 Sox3 Gaba,11 CNU-HYa GABA,GABA,27,5.029755,5.9923873,0.7777777777777778
1612,2072 MS-SF Bsx Glut_1,0518 MS-SF Bsx Glut_1,115 MS-SF Bsx Glut,13 CNU-HYa Glut,Glut,24,4.012873,5.26531,0.7083333333333334
1613,2067 MS-SF Bsx Glut_1,0518 MS-SF Bsx Glut_1,115 MS-SF Bsx Glut,13 CNU-HYa Glut,Glut,19,4.0882664,5.6359234,0.631578947368421
1614,2068 MS-SF Bsx Glut_1,0518 MS-SF Bsx Glut_1,115 MS-SF Bsx Glut,13 CNU-HYa Glut,Glut,1,7.504819,7.504819,1.0
1615,2064 MS-SF Bsx Glut_1,0518 MS-SF Bsx Glut_1,115 MS-SF Bsx Glut,13 CNU-HYa Glut,Glut,13,4.7139645,5.685999,0.7692307692307693
1616,2061 MS-SF Bsx Glut_1,0518 MS-SF Bsx Glut_1,115 MS-SF Bsx Glut,13 CNU-HYa Glut,Glut,37,4.922583,6.131157,0.7837837837837838
1617,2069 MS-SF Bsx Glut_1,0518 MS-SF Bsx Glut_1,115 MS-SF Bsx Glut,13 CNU-HYa Glut,Glut,36,3.4215264,4.436128,0.5833333333333334
1618,2062 MS-SF Bsx Glut_1,0518 MS-SF Bsx Glut_1,115 MS-SF Bsx Glut,13 CNU-HYa Glut,Glut,42,4.2795463,5.329032,0.7142857142857143
1619,1712 AHN Onecut3 Gaba_3,0458 AHN Onecut3 Gaba_3,100 AHN Onecut3 Gaba,12 HY GABA,GABA,16,2.8710852,2.2759042,0.5
1630,1711 AHN Onecut3 Gaba_3,0458 AHN Onecut3 Gaba_3,100 AHN Onecut3 Gaba,12 HY GABA,GABA,5,5.799209,6.075077,1.0
1645,1713 AHN Onecut3 Gaba_3,0458 AHN Onecut3 Gaba_3,100 AHN Onecut3 Gaba,12 HY GABA,GABA,3,7.049341,7.1100006,1.0
1651,1780 ZI Pax6 Gaba_10,0468 ZI Pax6 Gaba_10,101 ZI Pax6 Gaba,12 HY GABA,GABA,1,7.7486224,7.7486224,1.0
1655,1815 PVHd-DMH Lhx6 Gaba_1,0474 PVHd-DMH Lhx6 Gaba_1,103 PVHd-DMH Lhx6 Gaba,12 HY GABA,GABA,2,6.0783668,6.0783668,1.0
1658,1717 ZI Pax6 Gaba_1,0459 ZI Pax6 Gaba_1,101 ZI Pax6 Gaba,12 HY GABA,GABA,8,4.8485823,5.4758625,0.75
1659,1731 ZI Pax6 Gaba_3,0461 ZI Pax6 Gaba_3,101 ZI Pax6 Gaba,12 HY GABA,GABA,22,4.663315,6.14878,0.7272727272727273
1660,1781 ZI Pax6 Gaba_10,0468 ZI Pax6 Gaba_10,101 ZI Pax6 Gaba,12 HY GABA,GABA,5,4.7039175,5.8249865,0.8
1669,1820 PVHd-DMH Lhx6 Gaba_1,0474 PVHd-DMH Lhx6 Gaba_1,103 PVHd-DMH Lhx6 Gaba,12 HY GABA,GABA,1,5.4278946,5.4278946,1.0
1681,1824 PVHd-DMH Lhx6 Gaba_2,0475 PVHd-DMH Lhx6 Gaba_2,103 PVHd-DMH Lhx6 Gaba,12 HY GABA,GABA,1,6.94894,6.94894,1.0
1690,1759 ZI Pax6 Gaba_7,0465 ZI Pax6 Gaba_7,101 ZI Pax6 Gaba,12 HY GABA,GABA,3,4.051699,5.802595,0.6666666666666666
1693,1762 ZI Pax6 Gaba_7,0465 ZI Pax6 Gaba_7,101 ZI Pax6 Gaba,12 HY GABA,GABA,4,5.6017885,5.533418,1.0
1698,1580 RT-ZI Gnb3 Gaba_1,0431 RT-ZI Gnb3 Gaba_1,093 RT-ZI Gnb3 Gaba,12 HY GABA,GABA,7,5.282506,5.4689717,0.8571428571428571
1700,1741 ZI Pax6 Gaba_4,0462 ZI Pax6 Gaba_4,101 ZI Pax6 Gaba,12 HY GABA,GABA,1,4.6048665,4.6048665,1.0
1710,1763 ZI Pax6 Gaba_7,0465 ZI Pax6 Gaba_7,101 ZI Pax6 Gaba,12 HY GABA,GABA,1,7.968314,7.968314,1.0
1715,1764 ZI Pax6 Gaba_7,0465 ZI Pax6 Gaba_7,101 ZI Pax6 Gaba,12 HY GABA,GABA,1,5.016392,5.016392,1.0
1716,1765 ZI Pax6 Gaba_7,0465 ZI Pax6 Gaba_7,101 ZI Pax6 Gaba,12 HY GABA,GABA,8,6.670061,6.7663164,1.0
1720,1757 ZI Pax6 Gaba_6,0464 ZI Pax6 Gaba_6,101 ZI Pax6 Gaba,12 HY GABA,GABA,1,0.0,0.0,0.0
1721,1734 ZI Pax6 Gaba_3,0461 ZI Pax6 Gaba_3,101 ZI Pax6 Gaba,12 HY GABA,GABA,3,3.703553,5.1459074,0.6666666666666666
1722,1236 MEA-BST Sox6 Gaba_10,0346 MEA-BST Sox6 Gaba_10,073 MEA-BST Sox6 Gaba,11 CNU-HYa GABA,GABA,84,3.464291,5.084238,0.5595238095238095
1723,1775 ZI Pax6 Gaba_9,0467 ZI Pax6 Gaba_9,101 ZI Pax6 Gaba,12 HY GABA,GABA,2,3.2716768,3.2716768,0.5
1724,1595 RT-ZI Gnb3 Gaba_4,0434 RT-ZI Gnb3 Gaba_4,093 RT-ZI Gnb3 Gaba,12 HY GABA,GABA,11,4.0299454,5.9138117,0.6363636363636364
1725,1766 ZI Pax6 Gaba_8,0466 ZI Pax6 Gaba_8,101 ZI Pax6 Gaba,12 HY GABA,GABA,1,5.0237794,5.0237794,1.0
1726,1776 ZI Pax6 Gaba_9,0467 ZI Pax6 Gaba_9,101 ZI Pax6 Gaba,12 HY GABA,GABA,1,7.2885413,7.2885413,1.0
1727,1767 ZI Pax6 Gaba_8,0466 ZI Pax6 Gaba_8,101 ZI Pax6 Gaba,12 HY GABA,GABA,9,1.2598784,0.0,0.2222222222222222
1729,1768 ZI Pax6 Gaba_8,0466 ZI Pax6 Gaba_8,101 ZI Pax6 Gaba,12 HY GABA,GABA,7,5.1718826,5.799182,0.8571428571428571
1730,1596 RT-ZI Gnb3 Gaba_4,0434 RT-ZI Gnb3 Gaba_4,093 RT-ZI Gnb3 Gaba,12 HY GABA,GABA,5,3.3410943,5.3650036,0.6
1741,1769 ZI Pax6 Gaba_8,0466 ZI Pax6 Gaba_8,101 ZI Pax6 Gaba,12 HY GABA,GABA,7,1.9131851,0.0,0.2857142857142857
1742,1770 ZI Pax6 Gaba_8,0466 ZI Pax6 Gaba_8,101 ZI Pax6 Gaba,12 HY GABA,GABA,7,3.722416,6.044959,0.5714285714285714
1743,1771 ZI Pax6 Gaba_8,0466 ZI Pax6 Gaba_8,101 ZI Pax6 Gaba,12 HY GABA,GABA,2,6.563691,6.563691,1.0
1744,1237 MEA-BST Sox6 Gaba_10,0346 MEA-BST Sox6 Gaba_10,073 MEA-BST Sox6 Gaba,11 CNU-HYa GABA,GABA,16,4.1602902,5.5479126,0.6875
1745,1777 ZI Pax6 Gaba_9,0467 ZI Pax6 Gaba_9,101 ZI Pax6 Gaba,12 HY GABA,GABA,2,5.7400255,5.7400255,1.0
1746,1632 PVHd-SBPV Six3 Prox1 Gaba_1,0442 PVHd-SBPV Six3 Prox1 Gaba_1,097 PVHd-SBPV Six3 Prox1 Gaba,12 HY GABA,GABA,2,0.0,0.0,0.0
1747,1772 ZI Pax6 Gaba_8,0466 ZI Pax6 Gaba_8,101 ZI Pax6 Gaba,12 HY GABA,GABA,2,5.9282846,5.9282846,1.0
1750,1774 ZI Pax6 Gaba_8,0466 ZI Pax6 Gaba_8,101 ZI Pax6 Gaba,12 HY GABA,GABA,1,5.2215734,5.2215734,1.0
1752,1984 LGv-ZI Otx2 Gaba_5,0500 LGv-ZI Otx2 Gaba_5,109 LGv-ZI Otx2 Gaba,12 HY GABA,GABA,7,3.7650294,6.1660924,0.5714285714285714
1755,1985 LGv-ZI Otx2 Gaba_5,0500 LGv-ZI Otx2 Gaba_5,109 LGv-ZI Otx2 Gaba,12 HY GABA,GABA,2,6.677495,6.677495,1.0
1757,1980 LGv-ZI Otx2 Gaba_4,0499 LGv-ZI Otx2 Gaba_4,109 LGv-ZI Otx2 Gaba,12 HY GABA,GABA,4,6.1638966,5.982319,1.0
1758,1736 ZI Pax6 Gaba_3,0461 ZI Pax6 Gaba_3,101 ZI Pax6 Gaba,12 HY GABA,GABA,2,3.2098498,3.2098498,0.5
1761,1972 LGv-ZI Otx2 Gaba_1,0496 LGv-ZI Otx2 Gaba_1,109 LGv-ZI Otx2 Gaba,12 HY GABA,GABA,11,4.59996,6.2510095,0.7272727272727273
1762,1782 ZI Pax6 Gaba_11,0469 ZI Pax6 Gaba_11,101 ZI Pax6 Gaba,12 HY GABA,GABA,1,5.0582075,5.0582075,1.0
1764,1986 LGv-ZI Otx2 Gaba_5,0500 LGv-ZI Otx2 Gaba_5,109 LGv-ZI Otx2 Gaba,12 HY GABA,GABA,1,6.428048,6.428048,1.0
1768,1973 LGv-ZI Otx2 Gaba_1,0496 LGv-ZI Otx2 Gaba_1,109 LGv-ZI Otx2 Gaba,12 HY GABA,GABA,2,0.0,0.0,0.0
1771,1987 LGv-ZI Otx2 Gaba_5,0500 LGv-ZI Otx2 Gaba_5,109 LGv-ZI Otx2 Gaba,12 HY GABA,GABA,1,6.65059,6.65059,1.0
1772,1988 LGv-ZI Otx2 Gaba_5,0500 LGv-ZI Otx2 Gaba_5,109 LGv-ZI Otx2 Gaba,12 HY GABA,GABA,6,4.275684,5.831504,0.6666666666666666
1774,1982 LGv-ZI Otx2 Gaba_4,0499 LGv-ZI Otx2 Gaba_4,109 LGv-ZI Otx2 Gaba,12 HY GABA,GABA,1,0.0,0.0,0.0
1775,1724 ZI Pax6 Gaba_1,0459 ZI Pax6 Gaba_1,101 ZI Pax6 Gaba,12 HY GABA,GABA,6,3.7384794,4.7131844,0.6666666666666666
1779,1974 LGv-ZI Otx2 Gaba_1,0496 LGv-ZI Otx2 Gaba_1,109 LGv-ZI Otx2 Gaba,12 HY GABA,GABA,1,5.458057,5.458057,1.0
1781,1582 RT-ZI Gnb3 Gaba_1,0431 RT-ZI Gnb3 Gaba_1,093 RT-ZI Gnb3 Gaba,12 HY GABA,GABA,66,4.727699,5.5522532,0.8181818181818182
1782,1585 RT-ZI Gnb3 Gaba_1,0431 RT-ZI Gnb3 Gaba_1,093 RT-ZI Gnb3 Gaba,12 HY GABA,GABA,2,6.3349686,6.3349686,1.0
1784,1586 RT-ZI Gnb3 Gaba_2,0432 RT-ZI Gnb3 Gaba_2,093 RT-ZI Gnb3 Gaba,12 HY GABA,GABA,42,3.6197088,5.2018566,0.5952380952380952
1785,1583 RT-ZI Gnb3 Gaba_1,0431 RT-ZI Gnb3 Gaba_1,093 RT-ZI Gnb3 Gaba,12 HY GABA,GABA,20,3.0153797,2.4039412,0.5
1786,1587 RT-ZI Gnb3 Gaba_2,0432 RT-ZI Gnb3 Gaba_2,093 RT-ZI Gnb3 Gaba,12 HY GABA,GABA,1,6.16705,6.16705,1.0
1787,1588 RT-ZI Gnb3 Gaba_2,0432 RT-ZI Gnb3 Gaba_2,093 RT-ZI Gnb3 Gaba,12 HY GABA,GABA,2,3.3699484,3.3699484,0.5
1788,1589 RT-ZI Gnb3 Gaba_2,0432 RT-ZI Gnb3 Gaba_2,093 RT-ZI Gnb3 Gaba,12 HY GABA,GABA,3,2.1024845,0.0,0.3333333333333333
1789,1590 RT-ZI Gnb3 Gaba_2,0432 RT-ZI Gnb3 Gaba_2,093 RT-ZI Gnb3 Gaba,12 HY GABA,GABA,4,3.8369496,4.7574286,0.75
1790,1591 RT-ZI Gnb3 Gaba_3,0433 RT-ZI Gnb3 Gaba_3,093 RT-ZI Gnb3 Gaba,12 HY GABA,GABA,28,4.72363,5.6493607,0.7857142857142857
1791,1600 RT-ZI Gnb3 Gaba_5,0435 RT-ZI Gnb3 Gaba_5,093 RT-ZI Gnb3 Gaba,12 HY GABA,GABA,77,4.1472626,5.769821,0.6363636363636364
1792,1601 RT-ZI Gnb3 Gaba_5,0435 RT-ZI Gnb3 Gaba_5,093 RT-ZI Gnb3 Gaba,12 HY GABA,GABA,17,4.797958,6.25117,0.7647058823529411
1793,1602 RT-ZI Gnb3 Gaba_5,0435 RT-ZI Gnb3 Gaba_5,093 RT-ZI Gnb3 Gaba,12 HY GABA,GABA,3,2.2388694,0.0,0.3333333333333333
1794,1603 RT-ZI Gnb3 Gaba_5,0435 RT-ZI Gnb3 Gaba_5,093 RT-ZI Gnb3 Gaba,12 HY GABA,GABA,31,5.279723,6.18453,0.8387096774193549
1796,1592 RT-ZI Gnb3 Gaba_3,0433 RT-ZI Gnb3 Gaba_3,093 RT-ZI Gnb3 Gaba,12 HY GABA,GABA,11,3.8747482,4.5058165,0.7272727272727273
1797,1593 RT-ZI Gnb3 Gaba_3,0433 RT-ZI Gnb3 Gaba_3,093 RT-ZI Gnb3 Gaba,12 HY GABA,GABA,22,4.3244305,5.5714793,0.7272727272727273
1798,1597 RT-ZI Gnb3 Gaba_4,0434 RT-ZI Gnb3 Gaba_4,093 RT-ZI Gnb3 Gaba,12 HY GABA,GABA,15,4.5874195,5.3945565,0.8
1799,1594 RT-ZI Gnb3 Gaba_3,0433 RT-ZI Gnb3 Gaba_3,093 RT-ZI Gnb3 Gaba,12 HY GABA,GABA,6,4.218514,6.0331287,0.6666666666666666
1800,1598 RT-ZI Gnb3 Gaba_4,0434 RT-ZI Gnb3 Gaba_4,093 RT-ZI Gnb3 Gaba,12 HY GABA,GABA,60,3.7090156,5.233858,0.6333333333333333
1801,1599 RT-ZI Gnb3 Gaba_4,0434 RT-ZI Gnb3 Gaba_4,093 RT-ZI Gnb3 Gaba,12 HY GABA,GABA,2,6.126728,6.126728,1.0
1802,1584 RT-ZI Gnb3 Gaba_1,0431 RT-ZI Gnb3 Gaba_1,093 RT-ZI Gnb3 Gaba,12 HY GABA,GABA,1,0.0,0.0,0.0
1804,1502 BST Tac2 Gaba_2,0410 BST Tac2 Gaba_2,088 BST Tac2 Gaba,11 CNU-HYa GABA,GABA,27,3.4270005,4.7055473,0.5925925925925926
1805,1499 BST Tac2 Gaba_2,0410 BST Tac2 Gaba_2,088 BST Tac2 Gaba,11 CNU-HYa GABA,GABA,54,4.5808387,5.567442,0.7962962962962963
1806,1500 BST Tac2 Gaba_2,0410 BST Tac2 Gaba_2,088 BST Tac2 Gaba,11 CNU-HYa GABA,GABA,227,3.5895717,5.030055,0.6255506607929515
1807,1501 BST Tac2 Gaba_2,0410 BST Tac2 Gaba_2,088 BST Tac2 Gaba,11 CNU-HYa GABA,GABA,64,3.0997038,4.6179385,0.546875
1809,1391 CEA-BST Ebf1 Pdyn Gaba_3,0386 CEA-BST Ebf1 Pdyn Gaba_3,082 CEA-BST Ebf1 Pdyn Gaba,11 CNU-HYa GABA,GABA,177,4.4739885,5.7110043,0.7005649717514124
1810,1392 CEA-BST Ebf1 Pdyn Gaba_3,0386 CEA-BST Ebf1 Pdyn Gaba_3,082 CEA-BST Ebf1 Pdyn Gaba,11 CNU-HYa GABA,GABA,8,5.0273542,6.5844707,0.75
1811,1393 CEA-BST Ebf1 Pdyn Gaba_3,0386 CEA-BST Ebf1 Pdyn Gaba_3,082 CEA-BST Ebf1 Pdyn Gaba,11 CNU-HYa GABA,GABA,51,4.5240145,6.0995507,0.7058823529411765
1813,1404 CEA-BST Ebf1 Pdyn Gaba_7,0390 CEA-BST Ebf1 Pdyn Gaba_7,082 CEA-BST Ebf1 Pdyn Gaba,11 CNU-HYa GABA,GABA,29,2.567194,0.0,0.3793103448275862
1814,1387 CEA-BST Ebf1 Pdyn Gaba_2,0385 CEA-BST Ebf1 Pdyn Gaba_2,082 CEA-BST Ebf1 Pdyn Gaba,11 CNU-HYa GABA,GABA,167,3.3220634,4.7628775,0.5568862275449101
1815,1388 CEA-BST Ebf1 Pdyn Gaba_2,0385 CEA-BST Ebf1 Pdyn Gaba_2,082 CEA-BST Ebf1 Pdyn Gaba,11 CNU-HYa GABA,GABA,2,5.862089,5.862089,1.0
1816,1395 CEA-BST Ebf1 Pdyn Gaba_4,0387 CEA-BST Ebf1 Pdyn Gaba_4,082 CEA-BST Ebf1 Pdyn Gaba,11 CNU-HYa GABA,GABA,2,2.3272622,2.3272622,0.5
1817,1403 CEA-BST Ebf1 Pdyn Gaba_6,0389 CEA-BST Ebf1 Pdyn Gaba_6,082 CEA-BST Ebf1 Pdyn Gaba,11 CNU-HYa GABA,GABA,26,3.493539,4.9955244,0.6153846153846154
1818,1402 CEA-BST Ebf1 Pdyn Gaba_6,0389 CEA-BST Ebf1 Pdyn Gaba_6,082 CEA-BST Ebf1 Pdyn Gaba,11 CNU-HYa GABA,GABA,23,2.8628395,0.0,0.4782608695652174
1820,1407 CEA-BST Rai14 Pdyn Crh Gaba_1,0392 CEA-BST Rai14 Pdyn Crh Gaba_1,083 CEA-BST Rai14 Pdyn Crh Gaba,11 CNU-HYa GABA,GABA,17,3.7867565,5.188929,0.6470588235294118
1821,1408 CEA-BST Rai14 Pdyn Crh Gaba_1,0392 CEA-BST Rai14 Pdyn Crh Gaba_1,083 CEA-BST Rai14 Pdyn Crh Gaba,11 CNU-HYa GABA,GABA,59,2.716418,0.0,0.4915254237288136
1822,1396 CEA-BST Ebf1 Pdyn Gaba_4,0387 CEA-BST Ebf1 Pdyn Gaba_4,082 CEA-BST Ebf1 Pdyn Gaba,11 CNU-HYa GABA,GABA,37,3.2238042,4.598619,0.5405405405405406
1823,1389 CEA-BST Ebf1 Pdyn Gaba_2,0385 CEA-BST Ebf1 Pdyn Gaba_2,082 CEA-BST Ebf1 Pdyn Gaba,11 CNU-HYa GABA,GABA,1,0.0,0.0,0.0
1825,1384 CEA-BST Ebf1 Pdyn Gaba_1,0384 CEA-BST Ebf1 Pdyn Gaba_1,082 CEA-BST Ebf1 Pdyn Gaba,11 CNU-HYa GABA,GABA,1124,3.5105445,4.977511,0.5854092526690391
1826,1385 CEA-BST Ebf1 Pdyn Gaba_1,0384 CEA-BST Ebf1 Pdyn Gaba_1,082 CEA-BST Ebf1 Pdyn Gaba,11 CNU-HYa GABA,GABA,10,1.4866601,0.0,0.3
1827,1386 CEA-BST Ebf1 Pdyn Gaba_1,0384 CEA-BST Ebf1 Pdyn Gaba_1,082 CEA-BST Ebf1 Pdyn Gaba,11 CNU-HYa GABA,GABA,27,1.8422599,0.0,0.3333333333333333
1828,1399 CEA-BST Ebf1 Pdyn Gaba_5,0388 CEA-BST Ebf1 Pdyn Gaba_5,082 CEA-BST Ebf1 Pdyn Gaba,11 CNU-HYa GABA,GABA,5,2.6509023,4.018652,0.6
1829,1400 CEA-BST Ebf1 Pdyn Gaba_5,0388 CEA-BST Ebf1 Pdyn Gaba_5,082 CEA-BST Ebf1 Pdyn Gaba,11 CNU-HYa GABA,GABA,1,0.0,0.0,0.0
1830,1401 CEA-BST Ebf1 Pdyn Gaba_5,0388 CEA-BST Ebf1 Pdyn Gaba_5,082 CEA-BST Ebf1 Pdyn Gaba,11 CNU-HYa GABA,GABA,22,2.4829667,0.0,0.45454545454545453
1831,1397 CEA-BST Ebf1 Pdyn Gaba_4,0387 CEA-BST Ebf1 Pdyn Gaba_4,082 CEA-BST Ebf1 Pdyn Gaba,11 CNU-HYa GABA,GABA,34,2.9158642,2.2309468,0.5
1832,1405 CEA-BST Ebf1 Pdyn Gaba_8,0391 CEA-BST Ebf1 Pdyn Gaba_8,082 CEA-BST Ebf1 Pdyn Gaba,11 CNU-HYa GABA,GABA,9,1.7550883,0.0,0.3333333333333333
1833,1406 CEA-BST Ebf1 Pdyn Gaba_8,0391 CEA-BST Ebf1 Pdyn Gaba_8,082 CEA-BST Ebf1 Pdyn Gaba,11 CNU-HYa GABA,GABA,6,4.582139,4.9108434,0.8333333333333334
1835,1409 CEA-BST Rai14 Pdyn Crh Gaba_2,0393 CEA-BST Rai14 Pdyn Crh Gaba_2,083 CEA-BST Rai14 Pdyn Crh Gaba,11 CNU-HYa GABA,GABA,151,3.4211688,5.014464,0.5629139072847682
1836,1410 CEA-BST Rai14 Pdyn Crh Gaba_2,0393 CEA-BST Rai14 Pdyn Crh Gaba_2,083 CEA-BST Rai14 Pdyn Crh Gaba,11 CNU-HYa GABA,GABA,76,3.162603,4.6679845,0.5526315789473685
1837,1319 SI-MA-ACB Ebf1 Bnc2 Gaba_1,0364 SI-MA-ACB Ebf1 Bnc2 Gaba_1,078 SI-MA-ACB Ebf1 Bnc2 Gaba,11 CNU-HYa GABA,GABA,9,5.239233,5.730261,0.8888888888888888
1838,1321 SI-MA-ACB Ebf1 Bnc2 Gaba_2,0365 SI-MA-ACB Ebf1 Bnc2 Gaba_2,078 SI-MA-ACB Ebf1 Bnc2 Gaba,11 CNU-HYa GABA,GABA,108,4.0836115,5.3470955,0.6944444444444444
1839,1317 SI-MA-ACB Ebf1 Bnc2 Gaba_1,0364 SI-MA-ACB Ebf1 Bnc2 Gaba_1,078 SI-MA-ACB Ebf1 Bnc2 Gaba,11 CNU-HYa GABA,GABA,379,3.8706074,5.3285284,0.633245382585752
1840,1320 SI-MA-ACB Ebf1 Bnc2 Gaba_2,0365 SI-MA-ACB Ebf1 Bnc2 Gaba_2,078 SI-MA-ACB Ebf1 Bnc2 Gaba,11 CNU-HYa GABA,GABA,59,4.3575397,5.511121,0.711864406779661
1841,1318 SI-MA-ACB Ebf1 Bnc2 Gaba_1,0364 SI-MA-ACB Ebf1 Bnc2 Gaba_1,078 SI-MA-ACB Ebf1 Bnc2 Gaba,11 CNU-HYa GABA,GABA,241,4.014226,5.385247,0.6597510373443983
1842,1322 SI-MA-ACB Ebf1 Bnc2 Gaba_2,0365 SI-MA-ACB Ebf1 Bnc2 Gaba_2,078 SI-MA-ACB Ebf1 Bnc2 Gaba,11 CNU-HYa GABA,GABA,117,3.9594343,5.4956613,0.6410256410256411
1843,1323 SI-MA-ACB Ebf1 Bnc2 Gaba_2,0365 SI-MA-ACB Ebf1 Bnc2 Gaba_2,078 SI-MA-ACB Ebf1 Bnc2 Gaba,11 CNU-HYa GABA,GABA,51,3.6409798,5.073672,0.6274509803921569
1844,1904 PVpo-VMPO-MPN Hmx2 Gaba_3,0484 PVpo-VMPO-MPN Hmx2 Gaba_3,106 PVpo-VMPO-MPN Hmx2 Gaba,12 HY GABA,Dopa,5,5.965115,5.7666764,1.0
1845,1905 PVpo-VMPO-MPN Hmx2 Gaba_3,0484 PVpo-VMPO-MPN Hmx2 Gaba_3,106 PVpo-VMPO-MPN Hmx2 Gaba,12 HY GABA,Dopa,2,5.8488793,5.8488793,1.0
1846,1870 PVpo-VMPO-MPN Hmx2 Gaba_1,0482 PVpo-VMPO-MPN Hmx2 Gaba_1,106 PVpo-VMPO-MPN Hmx2 Gaba,12 HY GABA,GABA,4,5.713952,5.8913913,1.0
1847,1902 PVpo-VMPO-MPN Hmx2 Gaba_2,0483 PVpo-VMPO-MPN Hmx2 Gaba_2,106 PVpo-VMPO-MPN Hmx2 Gaba,12 HY GABA,GABA,7,5.9027905,5.9755454,1.0
1850,1887 PVpo-VMPO-MPN Hmx2 Gaba_1,0482 PVpo-VMPO-MPN Hmx2 Gaba_1,106 PVpo-VMPO-MPN Hmx2 Gaba,12 HY GABA,GABA,6,5.7059917,5.7781854,1.0
1852,1889 PVpo-VMPO-MPN Hmx2 Gaba_2,0483 PVpo-VMPO-MPN Hmx2 Gaba_2,106 PVpo-VMPO-MPN Hmx2 Gaba,12 HY GABA,GABA,2,6.5081267,6.5081267,1.0
1854,1891 PVpo-VMPO-MPN Hmx2 Gaba_2,0483 PVpo-VMPO-MPN Hmx2 Gaba_2,106 PVpo-VMPO-MPN Hmx2 Gaba,12 HY GABA,GABA,1,5.7549567,5.7549567,1.0
1855,1892 PVpo-VMPO-MPN Hmx2 Gaba_2,0483 PVpo-VMPO-MPN Hmx2 Gaba_2,106 PVpo-VMPO-MPN Hmx2 Gaba,12 HY GABA,GABA,8,4.6822543,4.9952564,0.875
1856,1893 PVpo-VMPO-MPN Hmx2 Gaba_2,0483 PVpo-VMPO-MPN Hmx2 Gaba_2,106 PVpo-VMPO-MPN Hmx2 Gaba,12 HY GABA,GABA,10,4.805083,5.8092985,0.8
1857,1894 PVpo-VMPO-MPN Hmx2 Gaba_2,0483 PVpo-VMPO-MPN Hmx2 Gaba_2,106 PVpo-VMPO-MPN Hmx2 Gaba,12 HY GABA,GABA,4,4.7505403,5.496275,0.75
1859,1898 PVpo-VMPO-MPN Hmx2 Gaba_2,0483 PVpo-VMPO-MPN Hmx2 Gaba_2,106 PVpo-VMPO-MPN Hmx2 Gaba,12 HY GABA,GABA,23,3.3588638,3.9836252,0.6086956521739131
1860,1883 PVpo-VMPO-MPN Hmx2 Gaba_1,0482 PVpo-VMPO-MPN Hmx2 Gaba_1,106 PVpo-VMPO-MPN Hmx2 Gaba,12 HY GABA,GABA,5,3.683406,5.851439,0.6
1862,1910 PVpo-VMPO-MPN Hmx2 Gaba_4,0485 PVpo-VMPO-MPN Hmx2 Gaba_4,106 PVpo-VMPO-MPN Hmx2 Gaba,12 HY GABA,Dopa,1,0.0,0.0,0.0
1863,1871 PVpo-VMPO-MPN Hmx2 Gaba_1,0482 PVpo-VMPO-MPN Hmx2 Gaba_1,106 PVpo-VMPO-MPN Hmx2 Gaba,12 HY GABA,GABA,9,4.7029757,5.324785,0.8888888888888888
1864,1872 PVpo-VMPO-MPN Hmx2 Gaba_1,0482 PVpo-VMPO-MPN Hmx2 Gaba_1,106 PVpo-VMPO-MPN Hmx2 Gaba,12 HY GABA,GABA,17,5.334985,5.496097,0.9411764705882353
1865,1873 PVpo-VMPO-MPN Hmx2 Gaba_1,0482 PVpo-VMPO-MPN Hmx2 Gaba_1,106 PVpo-VMPO-MPN Hmx2 Gaba,12 HY GABA,GABA,10,5.202182,5.6926985,0.9
1870,1877 PVpo-VMPO-MPN Hmx2 Gaba_1,0482 PVpo-VMPO-MPN Hmx2 Gaba_1,106 PVpo-VMPO-MPN Hmx2 Gaba,12 HY GABA,GABA,1,6.407866,6.407866,1.0
1871,1878 PVpo-VMPO-MPN Hmx2 Gaba_1,0482 PVpo-VMPO-MPN Hmx2 Gaba_1,106 PVpo-VMPO-MPN Hmx2 Gaba,12 HY GABA,GABA,2,3.2283523,3.2283523,0.5
1874,1884 PVpo-VMPO-MPN Hmx2 Gaba_1,0482 PVpo-VMPO-MPN Hmx2 Gaba_1,106 PVpo-VMPO-MPN Hmx2 Gaba,12 HY GABA,GABA,1,7.4776945,7.4776945,1.0
1877,1900 PVpo-VMPO-MPN Hmx2 Gaba_2,0483 PVpo-VMPO-MPN Hmx2 Gaba_2,106 PVpo-VMPO-MPN Hmx2 Gaba,12 HY GABA,GABA,18,4.272285,5.5687075,0.7222222222222222
1878,1901 PVpo-VMPO-MPN Hmx2 Gaba_2,0483 PVpo-VMPO-MPN Hmx2 Gaba_2,106 PVpo-VMPO-MPN Hmx2 Gaba,12 HY GABA,GABA,8,2.0735836,0.0,0.375
1879,1912 PVpo-VMPO-MPN Hmx2 Gaba_5,0486 PVpo-VMPO-MPN Hmx2 Gaba_5,106 PVpo-VMPO-MPN Hmx2 Gaba,12 HY GABA,GABA,4,3.2308931,2.6072779,0.5
1880,1914 PVpo-VMPO-MPN Hmx2 Gaba_5,0486 PVpo-VMPO-MPN Hmx2 Gaba_5,106 PVpo-VMPO-MPN Hmx2 Gaba,12 HY GABA,GABA,1,6.0952344,6.0952344,1.0
1881,1915 PVpo-VMPO-MPN Hmx2 Gaba_5,0486 PVpo-VMPO-MPN Hmx2 Gaba_5,106 PVpo-VMPO-MPN Hmx2 Gaba,12 HY GABA,Dopa,2,5.786993,5.786993,1.0
1882,1906 PVpo-VMPO-MPN Hmx2 Gaba_3,0484 PVpo-VMPO-MPN Hmx2 Gaba_3,106 PVpo-VMPO-MPN Hmx2 Gaba,12 HY GABA,GABA,11,4.756529,6.4508033,0.7272727272727273
1888,1879 PVpo-VMPO-MPN Hmx2 Gaba_1,0482 PVpo-VMPO-MPN Hmx2 Gaba_1,106 PVpo-VMPO-MPN Hmx2 Gaba,12 HY GABA,GABA,2,5.142391,5.142391,1.0
1891,1880 PVpo-VMPO-MPN Hmx2 Gaba_1,0482 PVpo-VMPO-MPN Hmx2 Gaba_1,106 PVpo-VMPO-MPN Hmx2 Gaba,12 HY GABA,GABA,4,3.3589525,3.296754,0.5
1892,1930 DMH Hmx2 Gaba_2,0488 DMH Hmx2 Gaba_2,107 DMH Hmx2 Gaba,12 HY GABA,GABA,1,0.0,0.0,0.0
1896,1938 DMH Hmx2 Gaba_3,0489 DMH Hmx2 Gaba_3,107 DMH Hmx2 Gaba,12 HY GABA,Dopa,1,7.158144,7.158144,1.0
1907,1956 DMH Hmx2 Gaba_5,0491 DMH Hmx2 Gaba_5,107 DMH Hmx2 Gaba,12 HY GABA,GABA,1,0.0,0.0,0.0
1909,2231 MPN-MPO-PVpo Hmx2 Glut_1,0546 MPN-MPO-PVpo Hmx2 Glut_1,124 MPN-MPO-PVpo Hmx2 Glut,14 HY Glut,Glut,2,2.327346,2.327346,0.5
1911,2233 MPN-MPO-PVpo Hmx2 Glut_1,0546 MPN-MPO-PVpo Hmx2 Glut_1,124 MPN-MPO-PVpo Hmx2 Glut,14 HY Glut,Glut,1,4.35496,4.35496,1.0
1913,2252 MPN-MPO-PVpo Hmx2 Glut_4,0549 MPN-MPO-PVpo Hmx2 Glut_4,124 MPN-MPO-PVpo Hmx2 Glut,14 HY Glut,Glut,12,5.3466716,5.463497,0.9166666666666666
1915,2253 MPN-MPO-PVpo Hmx2 Glut_4,0549 MPN-MPO-PVpo Hmx2 Glut_4,124 MPN-MPO-PVpo Hmx2 Glut,14 HY Glut,Glut,3,4.067227,5.3632503,0.6666666666666666
1916,2254 MPN-MPO-PVpo Hmx2 Glut_4,0549 MPN-MPO-PVpo Hmx2 Glut_4,124 MPN-MPO-PVpo Hmx2 Glut,14 HY Glut,Glut,2,3.0502076,3.0502076,0.5
1918,2240 MPN-MPO-PVpo Hmx2 Glut_2,0547 MPN-MPO-PVpo Hmx2 Glut_2,124 MPN-MPO-PVpo Hmx2 Glut,14 HY Glut,Glut,2,3.1465507,3.1465507,0.5
1919,2246 MPN-MPO-PVpo Hmx2 Glut_2,0547 MPN-MPO-PVpo Hmx2 Glut_2,124 MPN-MPO-PVpo Hmx2 Glut,14 HY Glut,Glut,1,7.7597933,7.7597933,1.0
1920,2256 MPN-MPO-PVpo Hmx2 Glut_4,0549 MPN-MPO-PVpo Hmx2 Glut_4,124 MPN-MPO-PVpo Hmx2 Glut,14 HY Glut,Glut,1,6.034466,6.034466,1.0
1922,2261 MPN-MPO-PVpo Hmx2 Glut_6,0551 MPN-MPO-PVpo Hmx2 Glut_6,124 MPN-MPO-PVpo Hmx2 Glut,14 HY Glut,Glut,1,7.9611635,7.9611635,1.0
1923,2241 MPN-MPO-PVpo Hmx2 Glut_2,0547 MPN-MPO-PVpo Hmx2 Glut_2,124 MPN-MPO-PVpo Hmx2 Glut,14 HY Glut,Glut,1,4.69753,4.69753,1.0
1924,2242 MPN-MPO-PVpo Hmx2 Glut_2,0547 MPN-MPO-PVpo Hmx2 Glut_2,124 MPN-MPO-PVpo Hmx2 Glut,14 HY Glut,Glut,1,6.325391,6.325391,1.0
1925,2243 MPN-MPO-PVpo Hmx2 Glut_2,0547 MPN-MPO-PVpo Hmx2 Glut_2,124 MPN-MPO-PVpo Hmx2 Glut,14 HY Glut,Glut,1,6.7610893,6.7610893,1.0
1929,2258 MPN-MPO-PVpo Hmx2 Glut_5,0550 MPN-MPO-PVpo Hmx2 Glut_5,124 MPN-MPO-PVpo Hmx2 Glut,14 HY Glut,Glut-GABA,2,6.651904,6.651904,1.0
1933,2239 MPN-MPO-PVpo Hmx2 Glut_1,0546 MPN-MPO-PVpo Hmx2 Glut_1,124 MPN-MPO-PVpo Hmx2 Glut,14 HY Glut,Glut,6,4.4760613,6.42869,0.6666666666666666
1935,2236 MPN-MPO-PVpo Hmx2 Glut_1,0546 MPN-MPO-PVpo Hmx2 Glut_1,124 MPN-MPO-PVpo Hmx2 Glut,14 HY Glut,Glut,7,4.4591455,5.8029833,0.7142857142857143
1938,2250 MPN-MPO-PVpo Hmx2 Glut_3,0548 MPN-MPO-PVpo Hmx2 Glut_3,124 MPN-MPO-PVpo Hmx2 Glut,14 HY Glut,Glut,15,4.9345264,6.07385,0.8
1947,2238 MPN-MPO-PVpo Hmx2 Glut_1,0546 MPN-MPO-PVpo Hmx2 Glut_1,124 MPN-MPO-PVpo Hmx2 Glut,14 HY Glut,Glut,27,3.3739882,4.8794184,0.5925925925925926
1956,2273 DMH Hmx2 Glut_2,0553 DMH Hmx2 Glut_2,125 DMH Hmx2 Glut,14 HY Glut,Glut,1,0.0,0.0,0.0
1961,1967 ARH-PVp Tbx3 Gaba_2,0494 ARH-PVp Tbx3 Gaba_2,108 ARH-PVp Tbx3 Gaba,12 HY GABA,GABA,1,5.586929,5.586929,1.0
1974,2276 ARH-PVp Tbx3 Glut_1,0554 ARH-PVp Tbx3 Glut_1,126 ARH-PVp Tbx3 Glut,14 HY Glut,Glut,2,6.1980047,6.1980047,1.0
2048,1813 DMH-LHA Gsx1 Gaba_4,0473 DMH-LHA Gsx1 Gaba_4,102 DMH-LHA Gsx1 Gaba,12 HY GABA,GABA,12,5.3022995,6.052761,0.8333333333333334
2054,1791 DMH-LHA Gsx1 Gaba_1,0470 DMH-LHA Gsx1 Gaba_1,102 DMH-LHA Gsx1 Gaba,12 HY GABA,GABA,1,0.0,0.0,0.0
2056,1795 DMH-LHA Gsx1 Gaba_2,0471 DMH-LHA Gsx1 Gaba_2,102 DMH-LHA Gsx1 Gaba,12 HY GABA,GABA,4,4.725558,5.9587536,0.75
2057,1796 DMH-LHA Gsx1 Gaba_2,0471 DMH-LHA Gsx1 Gaba_2,102 DMH-LHA Gsx1 Gaba,12 HY GABA,GABA,5,4.7325864,5.657723,0.8
2059,1797 DMH-LHA Gsx1 Gaba_2,0471 DMH-LHA Gsx1 Gaba_2,102 DMH-LHA Gsx1 Gaba,12 HY GABA,GABA,3,3.6393986,4.6586523,0.6666666666666666
2060,1798 DMH-LHA Gsx1 Gaba_2,0471 DMH-LHA Gsx1 Gaba_2,102 DMH-LHA Gsx1 Gaba,12 HY GABA,GABA,1,5.8763547,5.8763547,1.0
2061,1799 DMH-LHA Gsx1 Gaba_2,0471 DMH-LHA Gsx1 Gaba_2,102 DMH-LHA Gsx1 Gaba,12 HY GABA,GABA,9,4.0961537,5.777046,0.6666666666666666
2062,1800 DMH-LHA Gsx1 Gaba_2,0471 DMH-LHA Gsx1 Gaba_2,102 DMH-LHA Gsx1 Gaba,12 HY GABA,GABA,1,0.0,0.0,0.0
2066,1805 DMH-LHA Gsx1 Gaba_2,0471 DMH-LHA Gsx1 Gaba_2,102 DMH-LHA Gsx1 Gaba,12 HY GABA,GABA,5,4.215863,4.997795,0.8
2067,1808 DMH-LHA Gsx1 Gaba_2,0471 DMH-LHA Gsx1 Gaba_2,102 DMH-LHA Gsx1 Gaba,12 HY GABA,GABA,1,0.0,0.0,0.0
2101,1909 PVpo-VMPO-MPN Hmx2 Gaba_3,0484 PVpo-VMPO-MPN Hmx2 Gaba_3,106 PVpo-VMPO-MPN Hmx2 Gaba,12 HY GABA,GABA,1,6.8381066,6.8381066,1.0
2114,2325 LHA-AHN-PVH Otp Trh Glut_1,0574 LHA-AHN-PVH Otp Trh Glut_1,131 LHA-AHN-PVH Otp Trh Glut,14 HY Glut,Glut,4,3.3126721,3.1923647,0.5
2115,2099 LHA Barhl2 Glut_1,0524 LHA Barhl2 Glut_1,117 LHA Barhl2 Glut,13 CNU-HYa Glut,Glut,8,3.8696444,5.0845556,0.625
2119,2320 LHA Pmch Glut_1,0572 LHA Pmch Glut_1,130 LHA Pmch Glut,14 HY Glut,Glut,5,3.250805,5.004632,0.6
2121,2511 PH-LHA Foxb1 Glut_3,0614 PH-LHA Foxb1 Glut_3,139 PH-LHA Foxb1 Glut,14 HY Glut,Glut,1,0.0,0.0,0.0
2126,2506 PH-LHA Foxb1 Glut_2,0613 PH-LHA Foxb1 Glut_2,139 PH-LHA Foxb1 Glut,14 HY Glut,Glut,1,6.803711,6.803711,1.0
2134,2321 LHA Pmch Glut_1,0572 LHA Pmch Glut_1,130 LHA Pmch Glut,14 HY Glut,Glut,2,4.8489776,4.8489776,1.0
2151,2112 LHA Barhl2 Glut_3,0526 LHA Barhl2 Glut_3,117 LHA Barhl2 Glut,13 CNU-HYa Glut,Glut,10,2.7168233,0.0,0.4
2153,2322 LHA Pmch Glut_1,0572 LHA Pmch Glut_1,130 LHA Pmch Glut,14 HY Glut,Glut,2,5.272376,5.272376,1.0
2155,2285 DMH-LHA Vgll2 Glut_1,0559 DMH-LHA Vgll2 Glut_1,127 DMH-LHA Vgll2 Glut,14 HY Glut,Glut,1,0.0,0.0,0.0
2166,2507 PH-LHA Foxb1 Glut_2,0613 PH-LHA Foxb1 Glut_2,139 PH-LHA Foxb1 Glut,14 HY Glut,Glut,1,0.0,0.0,0.0
2182,3383 ND-INC Foxd2 Glut_1,0790 ND-INC Foxd2 Glut_1,190 ND-INC Foxd2 Glut,19 MB Glut,Glut,1,6.042282,6.042282,1.0
2200,2485 PH Pitx2 Glut_2,0611 PH Pitx2 Glut_2,138 PH Pitx2 Glut,14 HY Glut,Glut,1,4.09114,4.09114,1.0
2217,2442 STN-PSTN Pitx2 Glut_3,0600 STN-PSTN Pitx2 Glut_3,135 STN-PSTN Pitx2 Glut,14 HY Glut,Glut,4,3.4299402,3.2651532,0.5
2218,2443 STN-PSTN Pitx2 Glut_3,0600 STN-PSTN Pitx2 Glut_3,135 STN-PSTN Pitx2 Glut,14 HY Glut,Glut,1,0.0,0.0,0.0
2223,2446 STN-PSTN Pitx2 Glut_3,0600 STN-PSTN Pitx2 Glut_3,135 STN-PSTN Pitx2 Glut,14 HY Glut,Glut,3,3.8985431,4.738643,0.6666666666666666
2224,2453 STN-PSTN Pitx2 Glut_5,0602 STN-PSTN Pitx2 Glut_5,135 STN-PSTN Pitx2 Glut,14 HY Glut,Glut,1,4.896567,4.896567,1.0
2225,2454 STN-PSTN Pitx2 Glut_5,0602 STN-PSTN Pitx2 Glut_5,135 STN-PSTN Pitx2 Glut,14 HY Glut,Glut,1,4.922828,4.922828,1.0
2226,2455 STN-PSTN Pitx2 Glut_5,0602 STN-PSTN Pitx2 Glut_5,135 STN-PSTN Pitx2 Glut,14 HY Glut,Glut,4,5.1220107,5.105406,1.0
2227,2437 STN-PSTN Pitx2 Glut_2,0599 STN-PSTN Pitx2 Glut_2,135 STN-PSTN Pitx2 Glut,14 HY Glut,Glut,1,0.0,0.0,0.0
2228,2438 STN-PSTN Pitx2 Glut_2,0599 STN-PSTN Pitx2 Glut_2,135 STN-PSTN Pitx2 Glut,14 HY Glut,Glut,2,5.4971905,5.4971905,1.0
2234,2435 STN-PSTN Pitx2 Glut_1,0598 STN-PSTN Pitx2 Glut_1,135 STN-PSTN Pitx2 Glut,14 HY Glut,Glut,1,0.0,0.0,0.0
2235,2447 STN-PSTN Pitx2 Glut_3,0600 STN-PSTN Pitx2 Glut_3,135 STN-PSTN Pitx2 Glut,14 HY Glut,Glut,1,0.0,0.0,0.0
2236,2439 STN-PSTN Pitx2 Glut_2,0599 STN-PSTN Pitx2 Glut_2,135 STN-PSTN Pitx2 Glut,14 HY Glut,Glut,1,5.9066525,5.9066525,1.0
2238,2441 STN-PSTN Pitx2 Glut_2,0599 STN-PSTN Pitx2 Glut_2,135 STN-PSTN Pitx2 Glut,14 HY Glut,Glut,1,0.0,0.0,0.0
2239,2448 STN-PSTN Pitx2 Glut_4,0601 STN-PSTN Pitx2 Glut_4,135 STN-PSTN Pitx2 Glut,14 HY Glut,Glut,1,5.01885,5.01885,1.0
2243,2452 STN-PSTN Pitx2 Glut_4,0601 STN-PSTN Pitx2 Glut_4,135 STN-PSTN Pitx2 Glut,14 HY Glut,Glut,1,4.577519,4.577519,1.0
2247,2073 AVPV-MEPO-SFO Tbr1 Glut_1,0519 AVPV-MEPO-SFO Tbr1 Glut_1,116 AVPV-MEPO-SFO Tbr1 Glut,13 CNU-HYa Glut,Glut,20,3.5120826,4.9130754,0.6
2248,2074 AVPV-MEPO-SFO Tbr1 Glut_1,0519 AVPV-MEPO-SFO Tbr1 Glut_1,116 AVPV-MEPO-SFO Tbr1 Glut,13 CNU-HYa Glut,Glut,6,3.001118,2.6358392,0.5
2249,2075 AVPV-MEPO-SFO Tbr1 Glut_1,0519 AVPV-MEPO-SFO Tbr1 Glut_1,116 AVPV-MEPO-SFO Tbr1 Glut,13 CNU-HYa Glut,Glut,5,4.815266,5.820849,0.8
2250,2076 AVPV-MEPO-SFO Tbr1 Glut_1,0519 AVPV-MEPO-SFO Tbr1 Glut_1,116 AVPV-MEPO-SFO Tbr1 Glut,13 CNU-HYa Glut,Glut,4,1.5731099,0.0,0.25
2251,2121 ADP-MPO Trp73 Glut_2,0528 ADP-MPO Trp73 Glut_2,118 ADP-MPO Trp73 Glut,13 CNU-HYa Glut,Glut,7,4.2594075,5.1475,0.7142857142857143
2252,2096 AVPV-MEPO-SFO Tbr1 Glut_5,0523 AVPV-MEPO-SFO Tbr1 Glut_5,116 AVPV-MEPO-SFO Tbr1 Glut,13 CNU-HYa Glut,Glut,25,1.9054518,0.0,0.32
2253,2113 ADP-MPO Trp73 Glut_1,0527 ADP-MPO Trp73 Glut_1,118 ADP-MPO Trp73 Glut,13 CNU-HYa Glut,Glut,7,5.1876593,5.7982526,0.8571428571428571
2254,2077 AVPV-MEPO-SFO Tbr1 Glut_1,0519 AVPV-MEPO-SFO Tbr1 Glut_1,116 AVPV-MEPO-SFO Tbr1 Glut,13 CNU-HYa Glut,Glut,18,3.6788342,4.9942055,0.6111111111111112
2255,2088 AVPV-MEPO-SFO Tbr1 Glut_3,0521 AVPV-MEPO-SFO Tbr1 Glut_3,116 AVPV-MEPO-SFO Tbr1 Glut,13 CNU-HYa Glut,Glut,9,2.5672665,0.0,0.4444444444444444
2256,2092 AVPV-MEPO-SFO Tbr1 Glut_4,0522 AVPV-MEPO-SFO Tbr1 Glut_4,116 AVPV-MEPO-SFO Tbr1 Glut,13 CNU-HYa Glut,Glut,13,3.8704312,5.301132,0.6923076923076923
2258,2097 AVPV-MEPO-SFO Tbr1 Glut_5,0523 AVPV-MEPO-SFO Tbr1 Glut_5,116 AVPV-MEPO-SFO Tbr1 Glut,13 CNU-HYa Glut,Glut,20,4.200589,5.2990675,0.7
2259,2098 AVPV-MEPO-SFO Tbr1 Glut_5,0523 AVPV-MEPO-SFO Tbr1 Glut_5,116 AVPV-MEPO-SFO Tbr1 Glut,13 CNU-HYa Glut,Glut,8,3.8840404,5.8175664,0.625
2260,2079 AVPV-MEPO-SFO Tbr1 Glut_2,0520 AVPV-MEPO-SFO Tbr1 Glut_2,116 AVPV-MEPO-SFO Tbr1 Glut,13 CNU-HYa Glut,Glut,9,1.9185265,0.0,0.3333333333333333
2261,2084 AVPV-MEPO-SFO Tbr1 Glut_3,0521 AVPV-MEPO-SFO Tbr1 Glut_3,116 AVPV-MEPO-SFO Tbr1 Glut,13 CNU-HYa Glut,Glut,10,5.268252,5.523781,0.9
2262,2089 AVPV-MEPO-SFO Tbr1 Glut_3,0521 AVPV-MEPO-SFO Tbr1 Glut_3,116 AVPV-MEPO-SFO Tbr1 Glut,13 CNU-HYa Glut,Glut,18,3.6260805,5.236082,0.6111111111111112
2263,2090 AVPV-MEPO-SFO Tbr1 Glut_3,0521 AVPV-MEPO-SFO Tbr1 Glut_3,116 AVPV-MEPO-SFO Tbr1 Glut,13 CNU-HYa Glut,Glut,7,3.460731,5.466288,0.5714285714285714
2264,2091 AVPV-MEPO-SFO Tbr1 Glut_3,0521 AVPV-MEPO-SFO Tbr1 Glut_3,116 AVPV-MEPO-SFO Tbr1 Glut,13 CNU-HYa Glut,Glut,11,3.4220498,5.2373667,0.5454545454545454
2265,2085 AVPV-MEPO-SFO Tbr1 Glut_3,0521 AVPV-MEPO-SFO Tbr1 Glut_3,116 AVPV-MEPO-SFO Tbr1 Glut,13 CNU-HYa Glut,Glut,12,3.375432,2.9178014,0.5
2266,2086 AVPV-MEPO-SFO Tbr1 Glut_3,0521 AVPV-MEPO-SFO Tbr1 Glut_3,116 AVPV-MEPO-SFO Tbr1 Glut,13 CNU-HYa Glut,Glut,16,3.203193,2.604999,0.5
2267,2087 AVPV-MEPO-SFO Tbr1 Glut_3,0521 AVPV-MEPO-SFO Tbr1 Glut_3,116 AVPV-MEPO-SFO Tbr1 Glut,13 CNU-HYa Glut,Glut,13,3.3067343,5.4495134,0.5384615384615384
2269,2080 AVPV-MEPO-SFO Tbr1 Glut_2,0520 AVPV-MEPO-SFO Tbr1 Glut_2,116 AVPV-MEPO-SFO Tbr1 Glut,13 CNU-HYa Glut,Glut,18,2.6750631,4.1829233,0.5555555555555556
2270,2081 AVPV-MEPO-SFO Tbr1 Glut_2,0520 AVPV-MEPO-SFO Tbr1 Glut_2,116 AVPV-MEPO-SFO Tbr1 Glut,13 CNU-HYa Glut,Glut,6,5.1957226,6.0920095,0.8333333333333334
2271,2082 AVPV-MEPO-SFO Tbr1 Glut_2,0520 AVPV-MEPO-SFO Tbr1 Glut_2,116 AVPV-MEPO-SFO Tbr1 Glut,13 CNU-HYa Glut,Glut,1,0.0,0.0,0.0
2272,2083 AVPV-MEPO-SFO Tbr1 Glut_2,0520 AVPV-MEPO-SFO Tbr1 Glut_2,116 AVPV-MEPO-SFO Tbr1 Glut,13 CNU-HYa Glut,Glut,2,2.497774,2.497774,0.5
2273,2049 COAa-PAA-MEA Barhl2 Glut_8,0516 COAa-PAA-MEA Barhl2 Glut_8,114 COAa-PAA-MEA Barhl2 Glut,13 CNU-HYa Glut,Glut,12,1.4939457,0.0,0.25
2274,2078 AVPV-MEPO-SFO Tbr1 Glut_1,0519 AVPV-MEPO-SFO Tbr1 Glut_1,116 AVPV-MEPO-SFO Tbr1 Glut,13 CNU-HYa Glut,Glut,1,0.0,0.0,0.0
2275,2122 ADP-MPO Trp73 Glut_2,0528 ADP-MPO Trp73 Glut_2,118 ADP-MPO Trp73 Glut,13 CNU-HYa Glut,Glut,11,3.799259,5.0616493,0.6363636363636364
2278,2115 ADP-MPO Trp73 Glut_1,0527 ADP-MPO Trp73 Glut_1,118 ADP-MPO Trp73 Glut,13 CNU-HYa Glut,Glut,27,3.3096569,4.433943,0.5185185185185185
2279,2128 ADP-MPO Trp73 Glut_2,0528 ADP-MPO Trp73 Glut_2,118 ADP-MPO Trp73 Glut,13 CNU-HYa Glut,Glut,7,5.1356483,5.867498,0.8571428571428571
2281,2123 ADP-MPO Trp73 Glut_2,0528 ADP-MPO Trp73 Glut_2,118 ADP-MPO Trp73 Glut,13 CNU-HYa Glut,Glut,20,3.3795326,5.127238,0.55
2282,2124 ADP-MPO Trp73 Glut_2,0528 ADP-MPO Trp73 Glut_2,118 ADP-MPO Trp73 Glut,13 CNU-HYa Glut,Glut,25,4.848193,5.7673955,0.8
2283,2125 ADP-MPO Trp73 Glut_2,0528 ADP-MPO Trp73 Glut_2,118 ADP-MPO Trp73 Glut,13 CNU-HYa Glut,Glut,115,4.190354,5.354234,0.6782608695652174
2284,2126 ADP-MPO Trp73 Glut_2,0528 ADP-MPO Trp73 Glut_2,118 ADP-MPO Trp73 Glut,13 CNU-HYa Glut,Glut,16,3.7532558,5.66307,0.5625
2286,2111 LHA Barhl2 Glut_2,0525 LHA Barhl2 Glut_2,117 LHA Barhl2 Glut,13 CNU-HYa Glut,Glut,1,6.427017,6.427017,1.0
2288,2106 LHA Barhl2 Glut_2,0525 LHA Barhl2 Glut_2,117 LHA Barhl2 Glut,13 CNU-HYa Glut,Glut,1,0.0,0.0,0.0
2289,2107 LHA Barhl2 Glut_2,0525 LHA Barhl2 Glut_2,117 LHA Barhl2 Glut,13 CNU-HYa Glut,Glut,2,5.96556,5.96556,1.0
2290,2108 LHA Barhl2 Glut_2,0525 LHA Barhl2 Glut_2,117 LHA Barhl2 Glut,13 CNU-HYa Glut,Glut,2,5.3264713,5.3264713,1.0
2291,2095 AVPV-MEPO-SFO Tbr1 Glut_4,0522 AVPV-MEPO-SFO Tbr1 Glut_4,116 AVPV-MEPO-SFO Tbr1 Glut,13 CNU-HYa Glut,Glut,1,3.941201,3.941201,1.0
2292,2129 ADP-MPO Trp73 Glut_3,0529 ADP-MPO Trp73 Glut_3,118 ADP-MPO Trp73 Glut,13 CNU-HYa Glut,Glut,5,6.3800445,6.432643,1.0
2293,2132 ADP-MPO Trp73 Glut_3,0529 ADP-MPO Trp73 Glut_3,118 ADP-MPO Trp73 Glut,13 CNU-HYa Glut,Glut,9,3.5331478,5.5366254,0.5555555555555556
2294,2116 ADP-MPO Trp73 Glut_1,0527 ADP-MPO Trp73 Glut_1,118 ADP-MPO Trp73 Glut,13 CNU-HYa Glut,Glut,1,6.087856,6.087856,1.0
2296,2118 ADP-MPO Trp73 Glut_1,0527 ADP-MPO Trp73 Glut_1,118 ADP-MPO Trp73 Glut,13 CNU-HYa Glut,Glut,4,6.208426,6.025113,1.0
2298,2120 ADP-MPO Trp73 Glut_1,0527 ADP-MPO Trp73 Glut_1,118 ADP-MPO Trp73 Glut,13 CNU-HYa Glut,Glut,4,6.3310194,6.252652,1.0
2299,2130 ADP-MPO Trp73 Glut_3,0529 ADP-MPO Trp73 Glut_3,118 ADP-MPO Trp73 Glut,13 CNU-HYa Glut,Glut,1,6.522049,6.522049,1.0
2303,2739 PRC-PAG Pax6 Glut_2,0677 PRC-PAG Pax6 Glut_2,155 PRC-PAG Pax6 Glut,19 MB Glut,Glut,1,0.0,0.0,0.0
2441,2427 PH-ant-LHA Otp Bsx Glut_7,0597 PH-ant-LHA Otp Bsx Glut_7,134 PH-ant-LHA Otp Bsx Glut,14 HY Glut,Glut,1,5.474722,5.474722,1.0
2460,2377 PVH-SO-PVa Otp Glut_3,0587 PVH-SO-PVa Otp Glut_3,133 PVH-SO-PVa Otp Glut,14 HY Glut,Glut,1,7.0465064,7.0465064,1.0
2461,2378 PVH-SO-PVa Otp Glut_3,0587 PVH-SO-PVa Otp Glut_3,133 PVH-SO-PVa Otp Glut,14 HY Glut,Glut,1,6.2058353,6.2058353,1.0
2465,2379 PVH-SO-PVa Otp Glut_4,0588 PVH-SO-PVa Otp Glut_4,133 PVH-SO-PVa Otp Glut,14 HY Glut,Glut,5,4.1617513,4.4423375,0.8
2466,2380 PVH-SO-PVa Otp Glut_4,0588 PVH-SO-PVa Otp Glut_4,133 PVH-SO-PVa Otp Glut,14 HY Glut,Glut,20,3.8706691,4.8594084,0.65
2474,2368 PVH-SO-PVa Otp Glut_1,0585 PVH-SO-PVa Otp Glut_1,133 PVH-SO-PVa Otp Glut,14 HY Glut,Glut,2,2.3961518,2.3961518,0.5
2475,2386 PVH-SO-PVa Otp Glut_6,0590 PVH-SO-PVa Otp Glut_6,133 PVH-SO-PVa Otp Glut,14 HY Glut,Glut,7,5.677543,5.6907206,1.0
2476,2326 LHA-AHN-PVH Otp Trh Glut_1,0574 LHA-AHN-PVH Otp Trh Glut_1,131 LHA-AHN-PVH Otp Trh Glut,14 HY Glut,Glut-GABA,27,3.9614048,5.447378,0.7037037037037037
2477,2224 LHA-MEA Otp Glut_2,0543 LHA-MEA Otp Glut_2,122 LHA-MEA Otp Glut,13 CNU-HYa Glut,Glut,10,3.8240821,5.9607763,0.6
2478,2218 LHA-MEA Otp Glut_1,0542 LHA-MEA Otp Glut_1,122 LHA-MEA Otp Glut,13 CNU-HYa Glut,Glut,2,2.9321437,2.9321437,0.5
2479,2214 MEA-BST Otp Zic2 Glut_2,0540 MEA-BST Otp Zic2 Glut_2,121 MEA-BST Otp Zic2 Glut,13 CNU-HYa Glut,Glut,3,6.28484,6.278839,1.0
2480,2215 MEA-BST Otp Zic2 Glut_2,0540 MEA-BST Otp Zic2 Glut_2,121 MEA-BST Otp Zic2 Glut,13 CNU-HYa Glut,Glut,20,5.2733994,5.945122,0.85
2481,2220 LHA-MEA Otp Glut_1,0542 LHA-MEA Otp Glut_1,122 LHA-MEA Otp Glut,13 CNU-HYa Glut,Glut,33,2.8923104,0.0,0.48484848484848486
2482,2221 LHA-MEA Otp Glut_1,0542 LHA-MEA Otp Glut_1,122 LHA-MEA Otp Glut,13 CNU-HYa Glut,Glut,13,3.5060225,5.1161366,0.6153846153846154
2483,2222 LHA-MEA Otp Glut_1,0542 LHA-MEA Otp Glut_1,122 LHA-MEA Otp Glut,13 CNU-HYa Glut,Glut,16,3.6867478,5.470987,0.625
2484,2219 LHA-MEA Otp Glut_1,0542 LHA-MEA Otp Glut_1,122 LHA-MEA Otp Glut,13 CNU-HYa Glut,Glut,4,5.1698318,5.1467986,1.0
2485,2208 MEA-BST Otp Zic2 Glut_1,0539 MEA-BST Otp Zic2 Glut_1,121 MEA-BST Otp Zic2 Glut,13 CNU-HYa Glut,Glut,55,3.895159,5.319956,0.6363636363636364
2486,2211 MEA-BST Otp Zic2 Glut_1,0539 MEA-BST Otp Zic2 Glut_1,121 MEA-BST Otp Zic2 Glut,13 CNU-HYa Glut,Glut,22,3.70914,5.6475964,0.5909090909090909
2487,2209 MEA-BST Otp Zic2 Glut_1,0539 MEA-BST Otp Zic2 Glut_1,121 MEA-BST Otp Zic2 Glut,13 CNU-HYa Glut,Glut,10,4.9859443,5.7454133,0.8
2488,2212 MEA-BST Otp Zic2 Glut_1,0539 MEA-BST Otp Zic2 Glut_1,121 MEA-BST Otp Zic2 Glut,13 CNU-HYa Glut,Glut,58,4.2949023,5.558242,0.7241379310344828
2489,2216 MEA-BST Otp Zic2 Glut_2,0540 MEA-BST Otp Zic2 Glut_2,121 MEA-BST Otp Zic2 Glut,13 CNU-HYa Glut,Glut,12,3.3174365,2.8054018,0.5
2490,2330 LHA-AHN-PVH Otp Trh Glut_2,0575 LHA-AHN-PVH Otp Trh Glut_2,131 LHA-AHN-PVH Otp Trh Glut,14 HY Glut,Glut,6,4.945008,5.6186256,0.8333333333333334
2491,2331 LHA-AHN-PVH Otp Trh Glut_2,0575 LHA-AHN-PVH Otp Trh Glut_2,131 LHA-AHN-PVH Otp Trh Glut,14 HY Glut,Glut,22,3.273247,4.8714776,0.5454545454545454
2492,2332 LHA-AHN-PVH Otp Trh Glut_2,0575 LHA-AHN-PVH Otp Trh Glut_2,131 LHA-AHN-PVH Otp Trh Glut,14 HY Glut,Glut,1,5.990283,5.990283,1.0
2493,2333 LHA-AHN-PVH Otp Trh Glut_2,0575 LHA-AHN-PVH Otp Trh Glut_2,131 LHA-AHN-PVH Otp Trh Glut,14 HY Glut,Glut,1,6.7107105,6.7107105,1.0
2494,2335 LHA-AHN-PVH Otp Trh Glut_3,0576 LHA-AHN-PVH Otp Trh Glut_3,131 LHA-AHN-PVH Otp Trh Glut,14 HY Glut,Glut,29,3.3216527,4.953247,0.5517241379310345
2498,2339 LHA-AHN-PVH Otp Trh Glut_5,0578 LHA-AHN-PVH Otp Trh Glut_5,131 LHA-AHN-PVH Otp Trh Glut,14 HY Glut,Glut-GABA,11,4.517613,5.6008954,0.7272727272727273
2499,2328 LHA-AHN-PVH Otp Trh Glut_1,0574 LHA-AHN-PVH Otp Trh Glut_1,131 LHA-AHN-PVH Otp Trh Glut,14 HY Glut,Glut,6,4.805094,5.5623775,0.8333333333333334
2500,2337 LHA-AHN-PVH Otp Trh Glut_4,0577 LHA-AHN-PVH Otp Trh Glut_4,131 LHA-AHN-PVH Otp Trh Glut,14 HY Glut,Glut,9,4.3166137,6.0067277,0.6666666666666666
2501,2338 LHA-AHN-PVH Otp Trh Glut_4,0577 LHA-AHN-PVH Otp Trh Glut_4,131 LHA-AHN-PVH Otp Trh Glut,14 HY Glut,Glut,10,3.4991906,5.1563616,0.6
2502,2336 LHA-AHN-PVH Otp Trh Glut_3,0576 LHA-AHN-PVH Otp Trh Glut_3,131 LHA-AHN-PVH Otp Trh Glut,14 HY Glut,Glut,7,4.898742,5.6178565,0.8571428571428571
2503,2213 MEA-BST Otp Zic2 Glut_1,0539 MEA-BST Otp Zic2 Glut_1,121 MEA-BST Otp Zic2 Glut,13 CNU-HYa Glut,Glut,12,4.335608,6.268076,0.6666666666666666
2504,2334 LHA-AHN-PVH Otp Trh Glut_3,0576 LHA-AHN-PVH Otp Trh Glut_3,131 LHA-AHN-PVH Otp Trh Glut,14 HY Glut,Glut,11,5.3735476,5.8226995,0.9090909090909091
2505,2210 MEA-BST Otp Zic2 Glut_1,0539 MEA-BST Otp Zic2 Glut_1,121 MEA-BST Otp Zic2 Glut,13 CNU-HYa Glut,Glut,15,3.0272086,4.6703324,0.5333333333333333
2506,2223 LHA-MEA Otp Glut_1,0542 LHA-MEA Otp Glut_1,122 LHA-MEA Otp Glut,13 CNU-HYa Glut,Glut,4,1.3148005,0.0,0.25
2507,2340 AHN-RCH-LHA Otp Fezf1 Glut_1,0579 AHN-RCH-LHA Otp Fezf1 Glut_1,132 AHN-RCH-LHA Otp Fezf1 Glut,14 HY Glut,Glut,7,6.7143135,6.6852145,1.0
2508,2341 AHN-RCH-LHA Otp Fezf1 Glut_1,0579 AHN-RCH-LHA Otp Fezf1 Glut_1,132 AHN-RCH-LHA Otp Fezf1 Glut,14 HY Glut,Glut,30,6.0693974,6.7637897,0.8666666666666667
2514,2348 AHN-RCH-LHA Otp Fezf1 Glut_2,0580 AHN-RCH-LHA Otp Fezf1 Glut_2,132 AHN-RCH-LHA Otp Fezf1 Glut,14 HY Glut,Glut,1,6.5511003,6.5511003,1.0
2516,2385 PVH-SO-PVa Otp Glut_6,0590 PVH-SO-PVa Otp Glut_6,133 PVH-SO-PVa Otp Glut,14 HY Glut,,1,6.8617115,6.8617115,1.0
2523,2361 AHN-RCH-LHA Otp Fezf1 Glut_6,0584 AHN-RCH-LHA Otp Fezf1 Glut_6,132 AHN-RCH-LHA Otp Fezf1 Glut,14 HY Glut,Glut,1,5.8351254,5.8351254,1.0
2526,2344 AHN-RCH-LHA Otp Fezf1 Glut_1,0579 AHN-RCH-LHA Otp Fezf1 Glut_1,132 AHN-RCH-LHA Otp Fezf1 Glut,14 HY Glut,Glut,2,6.4599876,6.4599876,1.0
2531,2363 AHN-RCH-LHA Otp Fezf1 Glut_6,0584 AHN-RCH-LHA Otp Fezf1 Glut_6,132 AHN-RCH-LHA Otp Fezf1 Glut,14 HY Glut,Glut,1,6.370037,6.370037,1.0
2532,2041 COAa-PAA-MEA Barhl2 Glut_7,0515 COAa-PAA-MEA Barhl2 Glut_7,114 COAa-PAA-MEA Barhl2 Glut,13 CNU-HYa Glut,Glut,2,2.5121984,2.5121984,0.5
2533,2217 MEA-BST Otp Zic2 Glut_3,0541 MEA-BST Otp Zic2 Glut_3,121 MEA-BST Otp Zic2 Glut,13 CNU-HYa Glut,Glut,15,4.6332703,5.664316,0.8
2534,2042 COAa-PAA-MEA Barhl2 Glut_7,0515 COAa-PAA-MEA Barhl2 Glut_7,114 COAa-PAA-MEA Barhl2 Glut,13 CNU-HYa Glut,Glut,27,3.581123,5.3993363,0.5555555555555556
2535,2043 COAa-PAA-MEA Barhl2 Glut_7,0515 COAa-PAA-MEA Barhl2 Glut_7,114 COAa-PAA-MEA Barhl2 Glut,13 CNU-HYa Glut,Glut,9,5.2717977,5.2860856,0.8888888888888888
2536,2044 COAa-PAA-MEA Barhl2 Glut_7,0515 COAa-PAA-MEA Barhl2 Glut_7,114 COAa-PAA-MEA Barhl2 Glut,13 CNU-HYa Glut,Glut,10,3.138267,2.6919634,0.5
2537,2045 COAa-PAA-MEA Barhl2 Glut_7,0515 COAa-PAA-MEA Barhl2 Glut_7,114 COAa-PAA-MEA Barhl2 Glut,13 CNU-HYa Glut,Glut,8,1.7129776,0.0,0.25
2538,2046 COAa-PAA-MEA Barhl2 Glut_7,0515 COAa-PAA-MEA Barhl2 Glut_7,114 COAa-PAA-MEA Barhl2 Glut,13 CNU-HYa Glut,Glut,2,2.5565832,2.5565832,0.5
2540,2047 COAa-PAA-MEA Barhl2 Glut_7,0515 COAa-PAA-MEA Barhl2 Glut_7,114 COAa-PAA-MEA Barhl2 Glut,13 CNU-HYa Glut,Glut,9,4.8081603,6.1887207,0.7777777777777778
2543,2048 COAa-PAA-MEA Barhl2 Glut_7,0515 COAa-PAA-MEA Barhl2 Glut_7,114 COAa-PAA-MEA Barhl2 Glut,13 CNU-HYa Glut,Glut,2,6.4685793,6.4685793,1.0
2552,2003 MEA-COA-BMA Ccdc42 Glut_1,0505 MEA-COA-BMA Ccdc42 Glut_1,113 MEA-COA-BMA Ccdc42 Glut,13 CNU-HYa Glut,Glut,1,5.2885995,5.2885995,1.0
2555,2053 COAa-PAA-MEA Barhl2 Glut_9,0517 COAa-PAA-MEA Barhl2 Glut_9,114 COAa-PAA-MEA Barhl2 Glut,13 CNU-HYa Glut,Glut,1,0.0,0.0,0.0
2559,2019 COAa-PAA-MEA Barhl2 Glut_1,0509 COAa-PAA-MEA Barhl2 Glut_1,114 COAa-PAA-MEA Barhl2 Glut,13 CNU-HYa Glut,Glut,2,2.638794,2.638794,0.5
2561,0207 MEA Slc17a7 Glut_2,0056 MEA Slc17a7 Glut_2,012 MEA Slc17a7 Glut,01 IT-ET Glut,Glut,1,0.0,0.0,0.0
2563,2008 MEA-COA-BMA Ccdc42 Glut_3,0507 MEA-COA-BMA Ccdc42 Glut_3,113 MEA-COA-BMA Ccdc42 Glut,13 CNU-HYa Glut,Glut,2,6.597049,6.597049,1.0
2564,2006 MEA-COA-BMA Ccdc42 Glut_3,0507 MEA-COA-BMA Ccdc42 Glut_3,113 MEA-COA-BMA Ccdc42 Glut,13 CNU-HYa Glut,Glut,27,2.4328935,0.0,0.4444444444444444
2572,2050 COAa-PAA-MEA Barhl2 Glut_8,0516 COAa-PAA-MEA Barhl2 Glut_8,114 COAa-PAA-MEA Barhl2 Glut,13 CNU-HYa Glut,Glut,6,4.0718274,5.45259,0.6666666666666666
2576,2051 COAa-PAA-MEA Barhl2 Glut_8,0516 COAa-PAA-MEA Barhl2 Glut_8,114 COAa-PAA-MEA Barhl2 Glut,13 CNU-HYa Glut,Glut,3,2.4291694,0.0,0.3333333333333333
2577,2052 COAa-PAA-MEA Barhl2 Glut_8,0516 COAa-PAA-MEA Barhl2 Glut_8,114 COAa-PAA-MEA Barhl2 Glut,13 CNU-HYa Glut,Glut,2,6.272449,6.272449,1.0
2584,2040 COAa-PAA-MEA Barhl2 Glut_6,0514 COAa-PAA-MEA Barhl2 Glut_6,114 COAa-PAA-MEA Barhl2 Glut,13 CNU-HYa Glut,Glut,1,0.0,0.0,0.0
2593,2100 LHA Barhl2 Glut_1,0524 LHA Barhl2 Glut_1,117 LHA Barhl2 Glut,13 CNU-HYa Glut,Glut,18,3.5273836,4.918626,0.6111111111111112
2594,2101 LHA Barhl2 Glut_1,0524 LHA Barhl2 Glut_1,117 LHA Barhl2 Glut,13 CNU-HYa Glut,Glut,2,2.341041,2.341041,0.5
2675,2204 MEA Otp Foxp2 Glut_1,0538 MEA Otp Foxp2 Glut_1,120 MEA Otp Foxp2 Glut,13 CNU-HYa Glut,Glut,1,7.3875413,7.3875413,1.0
2676,2206 MEA Otp Foxp2 Glut_1,0538 MEA Otp Foxp2 Glut_1,120 MEA Otp Foxp2 Glut,13 CNU-HYa Glut,Glut,1,6.6684375,6.6684375,1.0
2678,2205 MEA Otp Foxp2 Glut_1,0538 MEA Otp Foxp2 Glut_1,120 MEA Otp Foxp2 Glut,13 CNU-HYa Glut,Glut,2,0.0,0.0,0.0
2679,1989 BST-po Iigp1 Glut_1,0501 BST-po Iigp1 Glut_1,110 BST-po Iigp1 Glut,13 CNU-HYa Glut,Glut,73,1.7436093,0.0,0.273972602739726
2680,2193 SI-MA-LPO-LHA Skor1 Glut_7,0536 SI-MA-LPO-LHA Skor1 Glut_7,119 SI-MA-LPO-LHA Skor1 Glut,13 CNU-HYa Glut,Glut,74,5.498114,6.131362,0.9054054054054054
2681,2198 SI-MA-LPO-LHA Skor1 Glut_8,0537 SI-MA-LPO-LHA Skor1 Glut_8,119 SI-MA-LPO-LHA Skor1 Glut,13 CNU-HYa Glut,Glut,33,3.4368124,5.0648265,0.5757575757575758
2682,2173 SI-MA-LPO-LHA Skor1 Glut_5,0534 SI-MA-LPO-LHA Skor1 Glut_5,119 SI-MA-LPO-LHA Skor1 Glut,13 CNU-HYa Glut,Glut,98,3.3027415,5.0819416,0.5408163265306123
2683,2183 SI-MA-LPO-LHA Skor1 Glut_6,0535 SI-MA-LPO-LHA Skor1 Glut_6,119 SI-MA-LPO-LHA Skor1 Glut,13 CNU-HYa Glut,Glut,28,1.2458878,0.0,0.25
2684,2184 SI-MA-LPO-LHA Skor1 Glut_6,0535 SI-MA-LPO-LHA Skor1 Glut_6,119 SI-MA-LPO-LHA Skor1 Glut,13 CNU-HYa Glut,Glut,4,2.527194,2.2143106,0.5
2685,2155 SI-MA-LPO-LHA Skor1 Glut_3,0532 SI-MA-LPO-LHA Skor1 Glut_3,119 SI-MA-LPO-LHA Skor1 Glut,13 CNU-HYa Glut,Glut,4,4.1878,5.3736286,0.75
2686,2146 SI-MA-LPO-LHA Skor1 Glut_2,0531 SI-MA-LPO-LHA Skor1 Glut_2,119 SI-MA-LPO-LHA Skor1 Glut,13 CNU-HYa Glut,Glut,34,3.6823428,4.8518467,0.6470588235294118
2687,2187 SI-MA-LPO-LHA Skor1 Glut_6,0535 SI-MA-LPO-LHA Skor1 Glut_6,119 SI-MA-LPO-LHA Skor1 Glut,13 CNU-HYa Glut,Glut,4,1.4715539,0.0,0.25
2688,2180 SI-MA-LPO-LHA Skor1 Glut_6,0535 SI-MA-LPO-LHA Skor1 Glut_6,119 SI-MA-LPO-LHA Skor1 Glut,13 CNU-HYa Glut,Glut,15,3.2438567,4.545651,0.6
2689,2181 SI-MA-LPO-LHA Skor1 Glut_6,0535 SI-MA-LPO-LHA Skor1 Glut_6,119 SI-MA-LPO-LHA Skor1 Glut,13 CNU-HYa Glut,Glut,5,3.6984239,5.1488047,0.6
2690,2188 SI-MA-LPO-LHA Skor1 Glut_6,0535 SI-MA-LPO-LHA Skor1 Glut_6,119 SI-MA-LPO-LHA Skor1 Glut,13 CNU-HYa Glut,Glut,10,0.4828519,0.0,0.1
2691,2185 SI-MA-LPO-LHA Skor1 Glut_6,0535 SI-MA-LPO-LHA Skor1 Glut_6,119 SI-MA-LPO-LHA Skor1 Glut,13 CNU-HYa Glut,Glut,17,1.8762212,0.0,0.35294117647058826
2692,2182 SI-MA-LPO-LHA Skor1 Glut_6,0535 SI-MA-LPO-LHA Skor1 Glut_6,119 SI-MA-LPO-LHA Skor1 Glut,13 CNU-HYa Glut,Glut,31,2.3615477,0.0,0.3870967741935484
2696,2160 SI-MA-LPO-LHA Skor1 Glut_3,0532 SI-MA-LPO-LHA Skor1 Glut_3,119 SI-MA-LPO-LHA Skor1 Glut,13 CNU-HYa Glut,Glut-GABA,52,3.4746652,5.2226152,0.5576923076923077
2697,2161 SI-MA-LPO-LHA Skor1 Glut_3,0532 SI-MA-LPO-LHA Skor1 Glut_3,119 SI-MA-LPO-LHA Skor1 Glut,13 CNU-HYa Glut,Glut-GABA,31,4.0827937,5.438244,0.6774193548387096
2698,2156 SI-MA-LPO-LHA Skor1 Glut_3,0532 SI-MA-LPO-LHA Skor1 Glut_3,119 SI-MA-LPO-LHA Skor1 Glut,13 CNU-HYa Glut,Glut,28,2.9472668,0.0,0.4642857142857143
2699,2174 SI-MA-LPO-LHA Skor1 Glut_5,0534 SI-MA-LPO-LHA Skor1 Glut_5,119 SI-MA-LPO-LHA Skor1 Glut,13 CNU-HYa Glut,Glut,66,3.4090962,4.7129173,0.5606060606060606
2700,2175 SI-MA-LPO-LHA Skor1 Glut_5,0534 SI-MA-LPO-LHA Skor1 Glut_5,119 SI-MA-LPO-LHA Skor1 Glut,13 CNU-HYa Glut,Glut,39,3.8190541,5.30343,0.6410256410256411
2701,2133 SI-MA-LPO-LHA Skor1 Glut_1,0530 SI-MA-LPO-LHA Skor1 Glut_1,119 SI-MA-LPO-LHA Skor1 Glut,13 CNU-HYa Glut,Glut,63,3.692736,5.5744853,0.6031746031746031
2702,2176 SI-MA-LPO-LHA Skor1 Glut_5,0534 SI-MA-LPO-LHA Skor1 Glut_5,119 SI-MA-LPO-LHA Skor1 Glut,13 CNU-HYa Glut,Glut,36,3.8431005,5.0208607,0.6666666666666666
2703,2177 SI-MA-LPO-LHA Skor1 Glut_5,0534 SI-MA-LPO-LHA Skor1 Glut_5,119 SI-MA-LPO-LHA Skor1 Glut,13 CNU-HYa Glut,Glut,79,2.648908,0.0,0.46835443037974683
2704,2178 SI-MA-LPO-LHA Skor1 Glut_5,0534 SI-MA-LPO-LHA Skor1 Glut_5,119 SI-MA-LPO-LHA Skor1 Glut,13 CNU-HYa Glut,Glut,53,2.6188207,0.0,0.4339622641509434
2705,2179 SI-MA-LPO-LHA Skor1 Glut_5,0534 SI-MA-LPO-LHA Skor1 Glut_5,119 SI-MA-LPO-LHA Skor1 Glut,13 CNU-HYa Glut,Glut,100,3.874439,5.2835236,0.64
2706,2199 SI-MA-LPO-LHA Skor1 Glut_8,0537 SI-MA-LPO-LHA Skor1 Glut_8,119 SI-MA-LPO-LHA Skor1 Glut,13 CNU-HYa Glut,Glut,18,3.1783197,4.622771,0.5555555555555556
2707,2194 SI-MA-LPO-LHA Skor1 Glut_7,0536 SI-MA-LPO-LHA Skor1 Glut_7,119 SI-MA-LPO-LHA Skor1 Glut,13 CNU-HYa Glut,Glut,67,3.9929035,5.4445868,0.6417910447761194
2708,2147 SI-MA-LPO-LHA Skor1 Glut_2,0531 SI-MA-LPO-LHA Skor1 Glut_2,119 SI-MA-LPO-LHA Skor1 Glut,13 CNU-HYa Glut,Glut,64,3.621433,5.0788956,0.59375
2709,2148 SI-MA-LPO-LHA Skor1 Glut_2,0531 SI-MA-LPO-LHA Skor1 Glut_2,119 SI-MA-LPO-LHA Skor1 Glut,13 CNU-HYa Glut,Glut,52,3.3307967,4.9101214,0.5576923076923077
2710,2149 SI-MA-LPO-LHA Skor1 Glut_2,0531 SI-MA-LPO-LHA Skor1 Glut_2,119 SI-MA-LPO-LHA Skor1 Glut,13 CNU-HYa Glut,Glut,106,3.3708897,4.89264,0.5754716981132075
2711,2150 SI-MA-LPO-LHA Skor1 Glut_2,0531 SI-MA-LPO-LHA Skor1 Glut_2,119 SI-MA-LPO-LHA Skor1 Glut,13 CNU-HYa Glut,Glut,34,2.2710986,0.0,0.38235294117647056
2712,2151 SI-MA-LPO-LHA Skor1 Glut_2,0531 SI-MA-LPO-LHA Skor1 Glut_2,119 SI-MA-LPO-LHA Skor1 Glut,13 CNU-HYa Glut,Glut,77,3.5593631,4.8880053,0.5974025974025974
2713,2200 SI-MA-LPO-LHA Skor1 Glut_8,0537 SI-MA-LPO-LHA Skor1 Glut_8,119 SI-MA-LPO-LHA Skor1 Glut,13 CNU-HYa Glut,Glut,22,3.3195035,4.4318743,0.5454545454545454
2714,2201 SI-MA-LPO-LHA Skor1 Glut_8,0537 SI-MA-LPO-LHA Skor1 Glut_8,119 SI-MA-LPO-LHA Skor1 Glut,13 CNU-HYa Glut,Glut,292,3.5937998,5.0115113,0.613013698630137
2715,2170 SI-MA-LPO-LHA Skor1 Glut_5,0534 SI-MA-LPO-LHA Skor1 Glut_5,119 SI-MA-LPO-LHA Skor1 Glut,13 CNU-HYa Glut,Glut,31,4.5473957,5.628504,0.7419354838709677
2716,2153 SI-MA-LPO-LHA Skor1 Glut_2,0531 SI-MA-LPO-LHA Skor1 Glut_2,119 SI-MA-LPO-LHA Skor1 Glut,13 CNU-HYa Glut,Glut,115,2.2294142,0.0,0.3826086956521739
2717,2154 SI-MA-LPO-LHA Skor1 Glut_2,0531 SI-MA-LPO-LHA Skor1 Glut_2,119 SI-MA-LPO-LHA Skor1 Glut,13 CNU-HYa Glut,Glut,65,2.0087276,0.0,0.3230769230769231
2718,2202 SI-MA-LPO-LHA Skor1 Glut_8,0537 SI-MA-LPO-LHA Skor1 Glut_8,119 SI-MA-LPO-LHA Skor1 Glut,13 CNU-HYa Glut,Glut,17,3.7261267,5.0154276,0.6470588235294118
2719,2195 SI-MA-LPO-LHA Skor1 Glut_7,0536 SI-MA-LPO-LHA Skor1 Glut_7,119 SI-MA-LPO-LHA Skor1 Glut,13 CNU-HYa Glut,Glut,39,3.9872901,5.1322055,0.6666666666666666
2720,2171 SI-MA-LPO-LHA Skor1 Glut_5,0534 SI-MA-LPO-LHA Skor1 Glut_5,119 SI-MA-LPO-LHA Skor1 Glut,13 CNU-HYa Glut,Glut,44,3.738572,5.0704694,0.6590909090909091
2721,2172 SI-MA-LPO-LHA Skor1 Glut_5,0534 SI-MA-LPO-LHA Skor1 Glut_5,119 SI-MA-LPO-LHA Skor1 Glut,13 CNU-HYa Glut,Glut,70,3.765329,5.028845,0.6428571428571429
2722,2196 SI-MA-LPO-LHA Skor1 Glut_7,0536 SI-MA-LPO-LHA Skor1 Glut_7,119 SI-MA-LPO-LHA Skor1 Glut,13 CNU-HYa Glut,Glut,104,4.339642,5.622905,0.7115384615384616
2723,2157 SI-MA-LPO-LHA Skor1 Glut_3,0532 SI-MA-LPO-LHA Skor1 Glut_3,119 SI-MA-LPO-LHA Skor1 Glut,13 CNU-HYa Glut,Glut,52,3.8326921,5.2620196,0.6346153846153846
2724,2158 SI-MA-LPO-LHA Skor1 Glut_3,0532 SI-MA-LPO-LHA Skor1 Glut_3,119 SI-MA-LPO-LHA Skor1 Glut,13 CNU-HYa Glut,Glut,32,3.4474988,5.675868,0.53125
2725,2159 SI-MA-LPO-LHA Skor1 Glut_3,0532 SI-MA-LPO-LHA Skor1 Glut_3,119 SI-MA-LPO-LHA Skor1 Glut,13 CNU-HYa Glut,Glut,36,4.6432652,5.801482,0.75
2726,2186 SI-MA-LPO-LHA Skor1 Glut_6,0535 SI-MA-LPO-LHA Skor1 Glut_6,119 SI-MA-LPO-LHA Skor1 Glut,13 CNU-HYa Glut,Glut,15,2.2625325,0.0,0.3333333333333333
2727,2197 SI-MA-LPO-LHA Skor1 Glut_7,0536 SI-MA-LPO-LHA Skor1 Glut_7,119 SI-MA-LPO-LHA Skor1 Glut,13 CNU-HYa Glut,Glut,155,4.0694547,5.483269,0.6774193548387096
2728,2152 SI-MA-LPO-LHA Skor1 Glut_2,0531 SI-MA-LPO-LHA Skor1 Glut_2,119 SI-MA-LPO-LHA Skor1 Glut,13 CNU-HYa Glut,Glut,31,3.7417243,5.1255126,0.6451612903225806
2729,2163 SI-MA-LPO-LHA Skor1 Glut_4,0533 SI-MA-LPO-LHA Skor1 Glut_4,119 SI-MA-LPO-LHA Skor1 Glut,13 CNU-HYa Glut,Glut,63,3.6080294,5.315799,0.6190476190476191
2730,2189 SI-MA-LPO-LHA Skor1 Glut_6,0535 SI-MA-LPO-LHA Skor1 Glut_6,119 SI-MA-LPO-LHA Skor1 Glut,13 CNU-HYa Glut,Glut,25,1.8115909,0.0,0.36
2731,2190 SI-MA-LPO-LHA Skor1 Glut_6,0535 SI-MA-LPO-LHA Skor1 Glut_6,119 SI-MA-LPO-LHA Skor1 Glut,13 CNU-HYa Glut,Glut,7,4.7659025,5.542955,0.8571428571428571
2732,1995 GPi Tbr1 Cngb3 Gaba-Glut_1,0504 GPi Tbr1 Cngb3 Gaba-Glut_1,112 GPi Tbr1 Cngb3 Gaba-Glut,13 CNU-HYa Glut,Glut-GABA,83,5.401177,5.984874,0.8795180722891566
2733,2127 ADP-MPO Trp73 Glut_2,0528 ADP-MPO Trp73 Glut_2,118 ADP-MPO Trp73 Glut,13 CNU-HYa Glut,Glut,32,3.2532241,4.8452787,0.53125
2734,2164 SI-MA-LPO-LHA Skor1 Glut_4,0533 SI-MA-LPO-LHA Skor1 Glut_4,119 SI-MA-LPO-LHA Skor1 Glut,13 CNU-HYa Glut,Glut,41,3.9277034,5.803605,0.6341463414634146
2735,2134 SI-MA-LPO-LHA Skor1 Glut_1,0530 SI-MA-LPO-LHA Skor1 Glut_1,119 SI-MA-LPO-LHA Skor1 Glut,13 CNU-HYa Glut,Glut,12,2.4251096,0.0,0.4166666666666667
2736,2135 SI-MA-LPO-LHA Skor1 Glut_1,0530 SI-MA-LPO-LHA Skor1 Glut_1,119 SI-MA-LPO-LHA Skor1 Glut,13 CNU-HYa Glut,Glut,23,2.9452143,0.0,0.4782608695652174
2737,2136 SI-MA-LPO-LHA Skor1 Glut_1,0530 SI-MA-LPO-LHA Skor1 Glut_1,119 SI-MA-LPO-LHA Skor1 Glut,13 CNU-HYa Glut,Glut,11,4.0045834,6.0387363,0.6363636363636364
2738,2191 SI-MA-LPO-LHA Skor1 Glut_6,0535 SI-MA-LPO-LHA Skor1 Glut_6,119 SI-MA-LPO-LHA Skor1 Glut,13 CNU-HYa Glut,Glut,39,1.4436663,0.0,0.28205128205128205
2739,2192 SI-MA-LPO-LHA Skor1 Glut_6,0535 SI-MA-LPO-LHA Skor1 Glut_6,119 SI-MA-LPO-LHA Skor1 Glut,13 CNU-HYa Glut,Glut,14,1.5156127,0.0,0.2857142857142857
2740,2162 SI-MA-LPO-LHA Skor1 Glut_3,0532 SI-MA-LPO-LHA Skor1 Glut_3,119 SI-MA-LPO-LHA Skor1 Glut,13 CNU-HYa Glut,Glut,7,1.4664831,0.0,0.2857142857142857
2741,2103 LHA Barhl2 Glut_1,0524 LHA Barhl2 Glut_1,117 LHA Barhl2 Glut,13 CNU-HYa Glut,Glut,24,5.280447,6.2249894,0.8333333333333334
2742,2102 LHA Barhl2 Glut_1,0524 LHA Barhl2 Glut_1,117 LHA Barhl2 Glut,13 CNU-HYa Glut,Glut,37,4.814275,6.0443277,0.7837837837837838
2743,2104 LHA Barhl2 Glut_1,0524 LHA Barhl2 Glut_1,117 LHA Barhl2 Glut,13 CNU-HYa Glut,Glut,41,4.987504,6.108191,0.8048780487804879
2744,2105 LHA Barhl2 Glut_1,0524 LHA Barhl2 Glut_1,117 LHA Barhl2 Glut,13 CNU-HYa Glut,Glut,4,1.3665264,0.0,0.25
2745,2109 LHA Barhl2 Glut_2,0525 LHA Barhl2 Glut_2,117 LHA Barhl2 Glut,13 CNU-HYa Glut,Glut,17,4.0391264,5.455364,0.6470588235294118
2746,2137 SI-MA-LPO-LHA Skor1 Glut_1,0530 SI-MA-LPO-LHA Skor1 Glut_1,119 SI-MA-LPO-LHA Skor1 Glut,13 CNU-HYa Glut,Glut,49,3.9190838,5.1264634,0.673469387755102
2747,2138 SI-MA-LPO-LHA Skor1 Glut_1,0530 SI-MA-LPO-LHA Skor1 Glut_1,119 SI-MA-LPO-LHA Skor1 Glut,13 CNU-HYa Glut,Glut,101,2.7527819,0.0,0.49504950495049505
2748,2139 SI-MA-LPO-LHA Skor1 Glut_1,0530 SI-MA-LPO-LHA Skor1 Glut_1,119 SI-MA-LPO-LHA Skor1 Glut,13 CNU-HYa Glut,Glut,9,1.2312944,0.0,0.2222222222222222
2749,2140 SI-MA-LPO-LHA Skor1 Glut_1,0530 SI-MA-LPO-LHA Skor1 Glut_1,119 SI-MA-LPO-LHA Skor1 Glut,13 CNU-HYa Glut,Glut,29,2.4194524,0.0,0.4482758620689655
2750,2165 SI-MA-LPO-LHA Skor1 Glut_4,0533 SI-MA-LPO-LHA Skor1 Glut_4,119 SI-MA-LPO-LHA Skor1 Glut,13 CNU-HYa Glut,Glut,97,3.320553,4.963414,0.5567010309278351
2751,2141 SI-MA-LPO-LHA Skor1 Glut_1,0530 SI-MA-LPO-LHA Skor1 Glut_1,119 SI-MA-LPO-LHA Skor1 Glut,13 CNU-HYa Glut,Glut,1,0.0,0.0,0.0
2752,2142 SI-MA-LPO-LHA Skor1 Glut_1,0530 SI-MA-LPO-LHA Skor1 Glut_1,119 SI-MA-LPO-LHA Skor1 Glut,13 CNU-HYa Glut,Glut,5,3.902827,6.2184305,0.6
2754,2144 SI-MA-LPO-LHA Skor1 Glut_1,0530 SI-MA-LPO-LHA Skor1 Glut_1,119 SI-MA-LPO-LHA Skor1 Glut,13 CNU-HYa Glut,Glut,1,5.358284,5.358284,1.0
2755,1996 GPi Tbr1 Cngb3 Gaba-Glut_1,0504 GPi Tbr1 Cngb3 Gaba-Glut_1,112 GPi Tbr1 Cngb3 Gaba-Glut,13 CNU-HYa Glut,Glut-GABA,161,4.8212214,5.8724294,0.7888198757763976
2756,1997 GPi Tbr1 Cngb3 Gaba-Glut_1,0504 GPi Tbr1 Cngb3 Gaba-Glut_1,112 GPi Tbr1 Cngb3 Gaba-Glut,13 CNU-HYa Glut,Glut-GABA,85,5.1064634,5.945115,0.8352941176470589
2757,2166 SI-MA-LPO-LHA Skor1 Glut_4,0533 SI-MA-LPO-LHA Skor1 Glut_4,119 SI-MA-LPO-LHA Skor1 Glut,13 CNU-HYa Glut,Glut,112,2.6436346,0.0,0.45535714285714285
2758,2167 SI-MA-LPO-LHA Skor1 Glut_4,0533 SI-MA-LPO-LHA Skor1 Glut_4,119 SI-MA-LPO-LHA Skor1 Glut,13 CNU-HYa Glut,Glut,128,3.2609913,4.752366,0.53125
2759,2168 SI-MA-LPO-LHA Skor1 Glut_4,0533 SI-MA-LPO-LHA Skor1 Glut_4,119 SI-MA-LPO-LHA Skor1 Glut,13 CNU-HYa Glut,Glut,15,2.6845772,0.0,0.4666666666666667
2760,2169 SI-MA-LPO-LHA Skor1 Glut_4,0533 SI-MA-LPO-LHA Skor1 Glut_4,119 SI-MA-LPO-LHA Skor1 Glut,13 CNU-HYa Glut,Glut,34,2.078402,0.0,0.38235294117647056
2761,2145 SI-MA-LPO-LHA Skor1 Glut_1,0530 SI-MA-LPO-LHA Skor1 Glut_1,119 SI-MA-LPO-LHA Skor1 Glut,13 CNU-HYa Glut,Glut,88,3.558323,5.1498394,0.6022727272727273
2762,0497 HPF CR Glut_1,0135 HPF CR Glut_1,036 HPF CR Glut,03 OB-CR Glut,Glut,19,2.2096522,0.0,0.3157894736842105
2763,0501 HPF CR Glut_1,0135 HPF CR Glut_1,036 HPF CR Glut,03 OB-CR Glut,Glut,11,4.8194866,6.728192,0.6363636363636364
2764,0493 OB Eomes Ms4a15 Glut_3,0132 OB Eomes Ms4a15 Glut_3,035 OB Eomes Ms4a15 Glut,03 OB-CR Glut,Glut,2,6.757535,6.757535,1.0
2765,0498 HPF CR Glut_1,0135 HPF CR Glut_1,036 HPF CR Glut,03 OB-CR Glut,Glut,22,0.9249451,0.0,0.13636363636363635
2766,0499 HPF CR Glut_1,0135 HPF CR Glut_1,036 HPF CR Glut,03 OB-CR Glut,Glut,2,0.0,0.0,0.0
2767,0500 HPF CR Glut_1,0135 HPF CR Glut_1,036 HPF CR Glut,03 OB-CR Glut,Glut,7,2.6495917,0.0,0.42857142857142855
2866,1990 TRS-BAC Sln Glut_1,0502 TRS-BAC Sln Glut_1,111 TRS-BAC Sln Glut,13 CNU-HYa Glut,Glut,472,3.400454,5.1420517,0.5402542372881356
2867,1991 TRS-BAC Sln Glut_1,0502 TRS-BAC Sln Glut_1,111 TRS-BAC Sln Glut,13 CNU-HYa Glut,Glut,1,5.6533914,5.6533914,1.0
2868,1992 TRS-BAC Sln Glut_1,0502 TRS-BAC Sln Glut_1,111 TRS-BAC Sln Glut,13 CNU-HYa Glut,Glut,7,2.9044971,0.0,0.42857142857142855
2869,1993 TRS-BAC Sln Glut_2,0503 TRS-BAC Sln Glut_2,111 TRS-BAC Sln Glut,13 CNU-HYa Glut,Glut,78,2.8230264,0.0,0.4358974358974359
2870,1994 TRS-BAC Sln Glut_2,0503 TRS-BAC Sln Glut_2,111 TRS-BAC Sln Glut,13 CNU-HYa Glut,Glut,44,4.2746587,6.0898285,0.6136363636363636
2872,0487 OB Eomes Ms4a15 Glut_1,0130 OB Eomes Ms4a15 Glut_1,035 OB Eomes Ms4a15 Glut,03 OB-CR Glut,Glut,1,6.665659,6.665659,1.0
3171,3601 PRT Tcf7l2 Gaba_1,0829 PRT Tcf7l2 Gaba_1,202 PRT Tcf7l2 Gaba,20 MB GABA,GABA,1,0.0,0.0,0.0
3174,3720 SCm-PAG Cdh23 Gaba_4,0851 SCm-PAG Cdh23 Gaba_4,206 SCm-PAG Cdh23 Gaba,20 MB GABA,GABA,1,0.0,0.0,0.0
3374,3438 SNr-VTA Pax5 Npas1 Gaba_1,0800 SNr-VTA Pax5 Npas1 Gaba_1,195 SNr-VTA Pax5 Npas1 Gaba,20 MB GABA,GABA,1,5.762105,5.762105,1.0
3482,3659 LGv-SPFp-SPFm Nkx2-2 Tcf7l2 Gaba_5,0838 LGv-SPFp-SPFm Nkx2-2 Tcf7l2 Gaba_5,203 LGv-SPFp-SPFm Nkx2-2 Tcf7l2 Gaba,20 MB GABA,GABA,1,6.075738,6.075738,1.0
3587,3800 SCsg Gabrr2 Gaba_1,0872 SCsg Gabrr2 Gaba_1,213 SCsg Gabrr2 Gaba,20 MB GABA,GABA,1,6.178741,6.178741,1.0
4667,3152 PAG Pou4f2 Glut_1,0745 PAG Pou4f2 Glut_1,173 PAG Pou4f2 Glut,19 MB Glut,Glut,1,6.042359,6.042359,1.0
4692,2910 PRC-PAG Tcf7l2 Irx2 Glut_2,0714 PRC-PAG Tcf7l2 Irx2 Glut_2,167 PRC-PAG Tcf7l2 Irx2 Glut,19 MB Glut,Glut,1,5.5836086,5.5836086,1.0
4702,2914 PRC-PAG Tcf7l2 Irx2 Glut_2,0714 PRC-PAG Tcf7l2 Irx2 Glut_2,167 PRC-PAG Tcf7l2 Irx2 Glut,19 MB Glut,Glut,6,5.1129093,6.2183,0.8333333333333334
4778,2955 SPA-SPFm-SPFp-POL-PIL-PoT Sp9 Glut_3,0720 SPA-SPFm-SPFp-POL-PIL-PoT Sp9 Glut_3,168 SPA-SPFm-SPFp-POL-PIL-PoT Sp9 Glut,19 MB Glut,Glut,33,5.008425,6.4184937,0.7575757575757576
4851,2995 SPA-SPFm-SPFp-POL-PIL-PoT Sp9 Glut_9,0726 SPA-SPFm-SPFp-POL-PIL-PoT Sp9 Glut_9,168 SPA-SPFm-SPFp-POL-PIL-PoT Sp9 Glut,19 MB Glut,Glut,1,0.0,0.0,0.0
4853,2980 SPA-SPFm-SPFp-POL-PIL-PoT Sp9 Glut_6,0723 SPA-SPFm-SPFp-POL-PIL-PoT Sp9 Glut_6,168 SPA-SPFm-SPFp-POL-PIL-PoT Sp9 Glut,19 MB Glut,Glut,1,0.0,0.0,0.0
5020,2613 AD Serpinb7 Glut_1,0641 AD Serpinb7 Glut_1,147 AD Serpinb7 Glut,18 TH Glut,Glut,3,5.9616585,6.328214,1.0
5022,2615 AV Col27a1 Glut_1,0642 AV Col27a1 Glut_1,148 AV Col27a1 Glut,18 TH Glut,Glut,14,4.8002396,5.6162767,0.7857142857142857
5023,2616 AV Col27a1 Glut_1,0642 AV Col27a1 Glut_1,148 AV Col27a1 Glut,18 TH Glut,Glut,174,4.7665505,5.9004,0.7586206896551724
5042,2675 TH Prkcd Grin2c Glut_9,0662 TH Prkcd Grin2c Glut_9,151 TH Prkcd Grin2c Glut,18 TH Glut,Glut,5,2.4606063,0.0,0.4
5043,2676 TH Prkcd Grin2c Glut_9,0662 TH Prkcd Grin2c Glut_9,151 TH Prkcd Grin2c Glut,18 TH Glut,Glut,1,0.0,0.0,0.0
5068,2655 TH Prkcd Grin2c Glut_5,0658 TH Prkcd Grin2c Glut_5,151 TH Prkcd Grin2c Glut,18 TH Glut,Glut,1,5.910927,5.910927,1.0
5203,5269 OPC NN_1,1179 OPC NN_1,326 OPC NN,31 OPC-Oligo,,6167,6.258741,7.6510515,0.7859575158099562
5204,5271 OPC NN_2,1180 OPC NN_2,326 OPC NN,31 OPC-Oligo,,65,5.9225116,7.678005,0.7230769230769231
5205,5266 OPC NN_1,1179 OPC NN_1,326 OPC NN,31 OPC-Oligo,,8,7.22424,7.99078,0.875
5206,5267 OPC NN_1,1179 OPC NN_1,326 OPC NN,31 OPC-Oligo,,21,6.6274467,7.0038257,0.9047619047619048
5207,5270 OPC NN_1,1179 OPC NN_1,326 OPC NN,31 OPC-Oligo,,119,6.57915,7.5407715,0.8571428571428571
5208,5268 OPC NN_1,1179 OPC NN_1,326 OPC NN,31 OPC-Oligo,,59,5.784632,7.0624366,0.7627118644067796
5211,5272 COP NN_1,1181 COP NN_1,327 Oligo NN,31 OPC-Oligo,,513,4.559897,6.3622556,0.6296296296296297
5212,5273 COP NN_1,1181 COP NN_1,327 Oligo NN,31 OPC-Oligo,,402,4.2030344,5.940007,0.6169154228855721
5214,5275 COP NN_1,1181 COP NN_1,327 Oligo NN,31 OPC-Oligo,,200,3.895465,5.848753,0.57
5215,5276 COP NN_1,1181 COP NN_1,327 Oligo NN,31 OPC-Oligo,,23,4.184549,5.9449143,0.6521739130434783
5216,5277 COP NN_1,1181 COP NN_1,327 Oligo NN,31 OPC-Oligo,,2,7.0371027,7.0371027,1.0
5217,5278 NFOL NN_2,1182 NFOL NN_2,327 Oligo NN,31 OPC-Oligo,,1,8.639995,8.639995,1.0
5218,5279 NFOL NN_2,1182 NFOL NN_2,327 Oligo NN,31 OPC-Oligo,,37,5.234582,6.107015,0.8378378378378378
5220,5280 NFOL NN_2,1182 NFOL NN_2,327 Oligo NN,31 OPC-Oligo,,157,4.3215046,5.8295717,0.6751592356687898
5222,5281 NFOL NN_2,1182 NFOL NN_2,327 Oligo NN,31 OPC-Oligo,,31,6.633787,6.8255887,0.967741935483871
5230,5284 MOL NN_4,1184 MOL NN_4,327 Oligo NN,31 OPC-Oligo,,6162,7.2753353,7.9487114,0.907822135670237
5231,5285 MOL NN_4,1184 MOL NN_4,327 Oligo NN,31 OPC-Oligo,,17997,7.6255937,8.536005,0.8852030894037896
5232,5286 MOL NN_4,1184 MOL NN_4,327 Oligo NN,31 OPC-Oligo,,99,5.807198,6.7470016,0.8282828282828283
5233,5287 MOL NN_4,1184 MOL NN_4,327 Oligo NN,31 OPC-Oligo,,275,7.534684,8.394161,0.8981818181818182
5234,5282 MFOL NN_3,1183 MFOL NN_3,327 Oligo NN,31 OPC-Oligo,,601,7.570614,7.9637895,0.9584026622296173
5236,5283 MFOL NN_3,1183 MFOL NN_3,327 Oligo NN,31 OPC-Oligo,,58,6.735067,7.431486,0.9137931034482759
5237,5288 MOL NN_4,1184 MOL NN_4,327 Oligo NN,31 OPC-Oligo,,38,8.199739,8.199488,1.0
5243,5304 Peri NN_1,1191 Peri NN_1,331 Peri NN,33 Vascular,,531,2.8290908,0.0,0.3502824858757062
5244,5306 SMC NN_1,1192 SMC NN_1,332 SMC NN,33 Vascular,,110,4.3400917,7.1071935,0.5363636363636364
5248,5305 Peri NN_1,1191 Peri NN_1,331 Peri NN,33 Vascular,,4,2.2498064,0.0,0.25
5249,5307 SMC NN_1,1192 SMC NN_1,332 SMC NN,33 Vascular,,325,5.0387316,7.0138865,0.6553846153846153
5250,5308 SMC NN_1,1192 SMC NN_1,332 SMC NN,33 Vascular,,15,6.699087,7.11704,0.9333333333333333
5252,5309 Endo NN_1,1193 Endo NN_1,333 Endo NN,33 Vascular,,186,3.7161603,2.7318048,0.5
5254,5310 Endo NN_1,1193 Endo NN_1,333 Endo NN,33 Vascular,,1253,3.21919,0.0,0.4030327214684757
5255,5311 Endo NN_1,1193 Endo NN_1,333 Endo NN,33 Vascular,,785,4.5528097,6.7447224,0.5961783439490446
5259,5296 VLMC NN_1,1187 VLMC NN_1,330 VLMC NN,33 Vascular,,1,0.0,0.0,0.0
5261,5301 VLMC NN_2,1188 VLMC NN_2,330 VLMC NN,33 Vascular,,152,3.5980113,0.0,0.46710526315789475
5262,5300 VLMC NN_2,1188 VLMC NN_2,330 VLMC NN,33 Vascular,,3,2.2134423,0.0,0.3333333333333333
5263,5298 VLMC NN_1,1187 VLMC NN_1,330 VLMC NN,33 Vascular,,5,6.682074,6.564137,1.0
5264,5302 VLMC NN_3,1189 VLMC NN_3,330 VLMC NN,33 Vascular,,6,2.299391,0.0,0.3333333333333333
5265,5303 VLMC NN_4,1190 VLMC NN_4,330 VLMC NN,33 Vascular,,2,3.357523,3.357523,0.5
5266,5299 VLMC NN_1,1187 VLMC NN_1,330 VLMC NN,33 Vascular,,4,4.9769897,5.8511105,0.75
5267,5313 BAM NN_1,1195 BAM NN_1,335 BAM NN,34 Immune,,76,4.1490073,6.4460278,0.5394736842105263
5268,5314 BAM NN_1,1195 BAM NN_1,335 BAM NN,34 Immune,,63,3.749456,6.310074,0.5079365079365079
5273,5322 T cells NN_4,1201 T cells NN_4,338 Lymphoid NN,34 Immune,,1,0.0,0.0,0.0
5274,5321 NK cells NN_3,1200 NK cells NN_3,338 Lymphoid NN,34 Immune,,3,0.0,0.0,0.0
5276,5315 Monocytes NN_1,1196 Monocytes NN_1,336 Monocytes NN,34 Immune,,1,9.112006,9.112006,1.0
5277,5316 DC NN_1,1197 DC NN_1,337 DC NN,34 Immune,,4,3.1247187,3.0091414,0.5
5278,5317 DC NN_1,1197 DC NN_1,337 DC NN,34 Immune,,7,5.418568,6.0523233,0.8571428571428571
5279,5318 DC NN_1,1197 DC NN_1,337 DC NN,34 Immune,,4,5.3229694,6.4672565,0.75
5283,5312 Microglia NN_1,1194 Microglia NN_1,334 Microglia NN,34 Immune,,2992,3.9493468,6.4575415,0.5100267379679144
5339,0684 Sncg Gaba_8,0192 Sncg Gaba_8,047 Sncg Gaba,06 CTX-CGE GABA,GABA,2,2.1173983,2.1173983,0.5
5343,0677 Sncg Gaba_3,0187 Sncg Gaba_3,047 Sncg Gaba,06 CTX-CGE GABA,GABA,5,1.1130582,0.0,0.2
5344,1261 MEA-BST Lhx6 Sp9 Gaba_6,0352 MEA-BST Lhx6 Sp9 Gaba_6,074 MEA-BST Lhx6 Sp9 Gaba,11 CNU-HYa GABA,GABA,65,4.0469313,5.5717206,0.6923076923076923
5354,1244 MEA-BST Lhx6 Sp9 Gaba_2,0348 MEA-BST Lhx6 Sp9 Gaba_2,074 MEA-BST Lhx6 Sp9 Gaba,11 CNU-HYa GABA,GABA,63,3.9089253,5.2917624,0.6825396825396826
14852,5239 Astroependymal NN_1,1169 Astroependymal NN_1,321 Astroependymal NN,30 Astro-Epen,,51,2.2569406,0.0,0.29411764705882354
14859,5228 Astro-TE NN_4,1164 Astro-TE NN_4,319 Astro-TE NN,30 Astro-Epen,,2,0.0,0.0,0.0
14865,5237 Astroependymal NN_1,1169 Astroependymal NN_1,321 Astroependymal NN,30 Astro-Epen,,1,0.0,0.0,0.0
14871,5238 Astroependymal NN_1,1169 Astroependymal NN_1,321 Astroependymal NN,30 Astro-Epen,,16,2.9687653,0.0,0.4375
14872,5211 Astro-NT NN_1,1159 Astro-NT NN_1,318 Astro-NT NN,30 Astro-Epen,,2,0.0,0.0,0.0
14878,5251 Ependymal NN_1,1175 Ependymal NN_1,323 Ependymal NN,30 Astro-Epen,,1,6.585703,6.585703,1.0
14919,5243 Tanycyte NN_1,1172 Tanycyte NN_1,322 Tanycyte NN,30 Astro-Epen,,92,5.3885145,6.6012383,0.7608695652173914
14926,5218 Astro-TE NN_1,1161 Astro-TE NN_1,319 Astro-TE NN,30 Astro-Epen,,3,2.2754567,0.0,0.3333333333333333
14932,5220 Astro-TE NN_1,1161 Astro-TE NN_1,319 Astro-TE NN,30 Astro-Epen,,1,0.0,0.0,0.0
14939,5225 Astro-TE NN_3,1163 Astro-TE NN_3,319 Astro-TE NN,30 Astro-Epen,,858,3.764481,5.8856,0.5023310023310024
14945,5226 Astro-TE NN_3,1163 Astro-TE NN_3,319 Astro-TE NN,30 Astro-Epen,,211,3.2442725,0.0,0.4265402843601896
14947,5227 Astro-TE NN_3,1163 Astro-TE NN_3,319 Astro-TE NN,30 Astro-Epen,,1180,3.8324566,6.3016176,0.514406779661017
14948,5233 Astro-OLF NN_2,1167 Astro-OLF NN_2,320 Astro-OLF NN,30 Astro-Epen,,1,7.4746466,7.4746466,1.0
14951,5231 Astro-OLF NN_1,1166 Astro-OLF NN_1,320 Astro-OLF NN,30 Astro-Epen,,3,7.203139,7.0681467,1.0
14954,5229 Astro-TE NN_5,1165 Astro-TE NN_5,319 Astro-TE NN,30 Astro-Epen,,2,9.236913,9.236913,1.0
14955,5230 Astro-TE NN_5,1165 Astro-TE NN_5,319 Astro-TE NN,30 Astro-Epen,,27,3.057269,0.0,0.37037037037037035
14956,5214 Astro-NT NN_2,1160 Astro-NT NN_2,318 Astro-NT NN,30 Astro-Epen,,7972,3.9251847,6.526166,0.5100351229302559
14962,5215 Astro-NT NN_2,1160 Astro-NT NN_2,318 Astro-NT NN,30 Astro-Epen,,73,4.169519,6.592076,0.5616438356164384
14965,5216 Astro-NT NN_2,1160 Astro-NT NN_2,318 Astro-NT NN,30 Astro-Epen,,2,4.006547,4.006547,0.5
14977,5212 Astro-NT NN_1,1159 Astro-NT NN_1,318 Astro-NT NN,30 Astro-Epen,,1,0.0,0.0,0.0
14980,5209 Astro-NT NN_1,1159 Astro-NT NN_1,318 Astro-NT NN,30 Astro-Epen,,16,3.6808395,3.088025,0.5
14984,5264 CHOR NN_1,1178 CHOR NN_1,325 CHOR NN,30 Astro-Epen,,30,3.747296,5.058903,0.6333333333333333
14985,5265 CHOR NN_1,1178 CHOR NN_1,325 CHOR NN,30 Astro-Epen,Glut,6,4.757664,5.2966595,0.8333333333333334
14990,5256 Ependymal NN_1,1175 Ependymal NN_1,323 Ependymal NN,30 Astro-Epen,,14,2.8345935,0.0,0.42857142857142855
14991,5257 Ependymal NN_1,1175 Ependymal NN_1,323 Ependymal NN,30 Astro-Epen,,6,1.3027953,0.0,0.16666666666666666
14993,5258 Ependymal NN_1,1175 Ependymal NN_1,323 Ependymal NN,30 Astro-Epen,,17,3.4899945,0.0,0.47058823529411764
