cluster_alias,cluster,supertype,subclass,class,neurotransmitter,n_cells,mean_Kif13a,median_Kif13a,fraction_expressing
484,0204 MEA Slc17a7 Glut_2,0056 MEA Slc17a7 Glut_2,012 MEA Slc17a7 Glut,01 IT-ET Glut,Glut,1,5.592425,5.592425,1.0
548,0764 Sst Gaba_2,0215 Sst Gaba_2,053 Sst Gaba,07 CTX-MGE GABA,GABA,1,6.164834,6.164834,1.0
549,0765 Sst Gaba_2,0215 Sst Gaba_2,053 Sst Gaba,07 CTX-MGE GABA,GABA,1,0.0,0.0,0.0
550,0823 Sst Gaba_17,0230 Sst Gaba_17,053 Sst Gaba,07 CTX-MGE GABA,GABA,2,6.7185135,6.7185135,1.0
562,0837 STR Prox1 Lhx6 Gaba_3,0235 STR Prox1 Lhx6 Gaba_3,054 STR Prox1 Lhx6 Gaba,08 CNU-MGE GABA,GABA,1,7.146801,7.146801,1.0
563,0934 PAL-STR Gaba-Chol_3,0261 PAL-STR Gaba-Chol_3,058 PAL-STR Gaba-Chol,08 CNU-MGE GABA,GABA,22,3.6506057,4.9438596,0.6363636363636364
564,0935 PAL-STR Gaba-Chol_3,0261 PAL-STR Gaba-Chol_3,058 PAL-STR Gaba-Chol,08 CNU-MGE GABA,GABA,12,4.1630645,4.7851853,0.75
565,0841 STR Lhx8 Gaba_1,0236 STR Lhx8 Gaba_1,055 STR Lhx8 Gaba,08 CNU-MGE GABA,GABA,100,4.0381403,5.317263,0.66
566,0843 STR Lhx8 Gaba_2,0237 STR Lhx8 Gaba_2,055 STR Lhx8 Gaba,08 CNU-MGE GABA,GABA,31,3.544478,5.200828,0.5806451612903226
567,0936 PAL-STR Gaba-Chol_3,0261 PAL-STR Gaba-Chol_3,058 PAL-STR Gaba-Chol,08 CNU-MGE GABA,GABA,24,4.276915,5.1144075,0.75
568,0923 PAL-STR Gaba-Chol_1,0259 PAL-STR Gaba-Chol_1,058 PAL-STR Gaba-Chol,08 CNU-MGE GABA,Chol,7,3.767791,4.3429174,0.7142857142857143
569,0937 PAL-STR Gaba-Chol_3,0261 PAL-STR Gaba-Chol_3,058 PAL-STR Gaba-Chol,08 CNU-MGE GABA,GABA,22,3.282459,4.454244,0.5909090909090909
570,0924 PAL-STR Gaba-Chol_1,0259 PAL-STR Gaba-Chol_1,058 PAL-STR Gaba-Chol,08 CNU-MGE GABA,Chol,8,3.5177295,4.275445,0.75
571,0925 PAL-STR Gaba-Chol_1,0259 PAL-STR Gaba-Chol_1,058 PAL-STR Gaba-Chol,08 CNU-MGE GABA,Chol,2,2.1071415,2.1071415,0.5
572,0833 STR Prox1 Lhx6 Gaba_2,0234 STR Prox1 Lhx6 Gaba_2,054 STR Prox1 Lhx6 Gaba,08 CNU-MGE GABA,GABA,1,0.0,0.0,0.0
573,0839 STR Lhx8 Gaba_1,0236 STR Lhx8 Gaba_1,055 STR Lhx8 Gaba,08 CNU-MGE GABA,GABA,1,7.235713,7.235713,1.0
579,0844 STR Lhx8 Gaba_2,0237 STR Lhx8 Gaba_2,055 STR Lhx8 Gaba,08 CNU-MGE GABA,GABA,27,4.4601917,5.2463965,0.7407407407407407
580,0838 STR Prox1 Lhx6 Gaba_3,0235 STR Prox1 Lhx6 Gaba_3,054 STR Prox1 Lhx6 Gaba,08 CNU-MGE GABA,GABA,1,0.0,0.0,0.0
581,0842 STR Lhx8 Gaba_1,0236 STR Lhx8 Gaba_1,055 STR Lhx8 Gaba,08 CNU-MGE GABA,GABA,2,6.4968424,6.4968424,1.0
582,0938 PAL-STR Gaba-Chol_3,0261 PAL-STR Gaba-Chol_3,058 PAL-STR Gaba-Chol,08 CNU-MGE GABA,GABA,6,3.840851,4.9172473,0.6666666666666666
583,0930 PAL-STR Gaba-Chol_2,0260 PAL-STR Gaba-Chol_2,058 PAL-STR Gaba-Chol,08 CNU-MGE GABA,Chol,1,0.0,0.0,0.0
585,0932 PAL-STR Gaba-Chol_2,0260 PAL-STR Gaba-Chol_2,058 PAL-STR Gaba-Chol,08 CNU-MGE GABA,Chol,2,6.612748,6.612748,1.0
586,0933 PAL-STR Gaba-Chol_2,0260 PAL-STR Gaba-Chol_2,058 PAL-STR Gaba-Chol,08 CNU-MGE GABA,Chol,8,3.3043528,4.2062697,0.625
588,0927 PAL-STR Gaba-Chol_1,0259 PAL-STR Gaba-Chol_1,058 PAL-STR Gaba-Chol,08 CNU-MGE GABA,Chol,4,4.7682376,4.6974354,1.0
602,0748 Pvalb Gaba_5,0209 Pvalb Gaba_5,052 Pvalb Gaba,07 CTX-MGE GABA,GABA,1,6.1693196,6.1693196,1.0
622,0672 Sncg Gaba_3,0187 Sncg Gaba_3,047 Sncg Gaba,06 CTX-CGE GABA,GABA,1,0.0,0.0,0.0
626,0645 Vip Gaba_6,0178 Vip Gaba_6,046 Vip Gaba,06 CTX-CGE GABA,GABA,1,4.958195,4.958195,1.0
630,0641 Vip Gaba_5,0177 Vip Gaba_5,046 Vip Gaba,06 CTX-CGE GABA,GABA,1,0.0,0.0,0.0
632,0643 Vip Gaba_5,0177 Vip Gaba_5,046 Vip Gaba,06 CTX-CGE GABA,GABA,1,5.209998,5.209998,1.0
634,0628 Vip Gaba_2,0174 Vip Gaba_2,046 Vip Gaba,06 CTX-CGE GABA,GABA,3,0.0,0.0,0.0
648,0655 Vip Gaba_9,0181 Vip Gaba_9,046 Vip Gaba,06 CTX-CGE GABA,GABA,1,6.6454844,6.6454844,1.0
649,0623 Vip Gaba_1,0173 Vip Gaba_1,046 Vip Gaba,06 CTX-CGE GABA,GABA,2,2.196736,2.196736,0.5
651,0644 Vip Gaba_5,0177 Vip Gaba_5,046 Vip Gaba,06 CTX-CGE GABA,GABA,1,5.1630416,5.1630416,1.0
653,0634 Vip Gaba_3,0175 Vip Gaba_3,046 Vip Gaba,06 CTX-CGE GABA,GABA,5,0.0,0.0,0.0
654,0656 Vip Gaba_9,0181 Vip Gaba_9,046 Vip Gaba,06 CTX-CGE GABA,GABA,1,0.0,0.0,0.0
656,0636 Vip Gaba_4,0176 Vip Gaba_4,046 Vip Gaba,06 CTX-CGE GABA,GABA,1,0.0,0.0,0.0
671,0694 RHP-COA Ndnf Gaba_3,0195 RHP-COA Ndnf Gaba_3,048 RHP-COA Ndnf Gaba,06 CTX-CGE GABA,GABA,1,0.0,0.0,0.0
686,0625 Vip Gaba_1,0173 Vip Gaba_1,046 Vip Gaba,06 CTX-CGE GABA,GABA,4,4.5325046,5.609274,0.75
703,0708 Lamp5 Gaba_1,0199 Lamp5 Gaba_1,049 Lamp5 Gaba,06 CTX-CGE GABA,GABA,5,2.3938243,0.0,0.4
704,0709 Lamp5 Gaba_1,0199 Lamp5 Gaba_1,049 Lamp5 Gaba,06 CTX-CGE GABA,GABA,1,5.903559,5.903559,1.0
705,0710 Lamp5 Gaba_1,0199 Lamp5 Gaba_1,049 Lamp5 Gaba,06 CTX-CGE GABA,GABA,5,4.693373,5.621533,0.8
730,0893 NDB-SI-MA-STRv Lhx8 Gaba_5,0248 NDB-SI-MA-STRv Lhx8 Gaba_5,057 NDB-SI-MA-STRv Lhx8 Gaba,08 CNU-MGE GABA,GABA,103,3.626418,5.192019,0.6116504854368932
731,0894 NDB-SI-MA-STRv Lhx8 Gaba_5,0248 NDB-SI-MA-STRv Lhx8 Gaba_5,057 NDB-SI-MA-STRv Lhx8 Gaba,08 CNU-MGE GABA,GABA,45,4.606535,5.9627895,0.7333333333333333
733,0904 NDB-SI-MA-STRv Lhx8 Gaba_7,0250 NDB-SI-MA-STRv Lhx8 Gaba_7,057 NDB-SI-MA-STRv Lhx8 Gaba,08 CNU-MGE GABA,GABA,30,5.6816745,5.6633577,1.0
734,0905 NDB-SI-MA-STRv Lhx8 Gaba_7,0250 NDB-SI-MA-STRv Lhx8 Gaba_7,057 NDB-SI-MA-STRv Lhx8 Gaba,08 CNU-MGE GABA,GABA,36,4.5911045,4.9307795,0.8611111111111112
735,0895 NDB-SI-MA-STRv Lhx8 Gaba_5,0248 NDB-SI-MA-STRv Lhx8 Gaba_5,057 NDB-SI-MA-STRv Lhx8 Gaba,08 CNU-MGE GABA,GABA,51,4.923398,5.732253,0.803921568627451
736,0896 NDB-SI-MA-STRv Lhx8 Gaba_5,0248 NDB-SI-MA-STRv Lhx8 Gaba_5,057 NDB-SI-MA-STRv Lhx8 Gaba,08 CNU-MGE GABA,GABA,41,4.4758897,5.1806407,0.7804878048780488
737,0897 NDB-SI-MA-STRv Lhx8 Gaba_5,0248 NDB-SI-MA-STRv Lhx8 Gaba_5,057 NDB-SI-MA-STRv Lhx8 Gaba,08 CNU-MGE GABA,GABA,53,3.8792233,5.024397,0.660377358490566
738,0864 NDB-SI-MA-STRv Lhx8 Gaba_1,0244 NDB-SI-MA-STRv Lhx8 Gaba_1,057 NDB-SI-MA-STRv Lhx8 Gaba,08 CNU-MGE GABA,GABA,68,4.124976,5.3081408,0.7058823529411765
739,0865 NDB-SI-MA-STRv Lhx8 Gaba_1,0244 NDB-SI-MA-STRv Lhx8 Gaba_1,057 NDB-SI-MA-STRv Lhx8 Gaba,08 CNU-MGE GABA,GABA,76,3.8182073,4.790065,0.6973684210526315
740,0866 NDB-SI-MA-STRv Lhx8 Gaba_1,0244 NDB-SI-MA-STRv Lhx8 Gaba_1,057 NDB-SI-MA-STRv Lhx8 Gaba,08 CNU-MGE GABA,GABA,13,4.2933335,5.565487,0.7692307692307693
741,0867 NDB-SI-MA-STRv Lhx8 Gaba_1,0244 NDB-SI-MA-STRv Lhx8 Gaba_1,057 NDB-SI-MA-STRv Lhx8 Gaba,08 CNU-MGE GABA,GABA,7,3.7524471,5.198921,0.5714285714285714
742,0868 NDB-SI-MA-STRv Lhx8 Gaba_1,0244 NDB-SI-MA-STRv Lhx8 Gaba_1,057 NDB-SI-MA-STRv Lhx8 Gaba,08 CNU-MGE GABA,GABA,11,3.5444336,4.765132,0.6363636363636364
743,0869 NDB-SI-MA-STRv Lhx8 Gaba_1,0244 NDB-SI-MA-STRv Lhx8 Gaba_1,057 NDB-SI-MA-STRv Lhx8 Gaba,08 CNU-MGE GABA,GABA,21,4.8697143,6.0754547,0.7619047619047619
744,0879 NDB-SI-MA-STRv Lhx8 Gaba_3,0246 NDB-SI-MA-STRv Lhx8 Gaba_3,057 NDB-SI-MA-STRv Lhx8 Gaba,08 CNU-MGE GABA,GABA,73,4.9121265,5.3800583,0.8767123287671232
745,0880 NDB-SI-MA-STRv Lhx8 Gaba_3,0246 NDB-SI-MA-STRv Lhx8 Gaba_3,057 NDB-SI-MA-STRv Lhx8 Gaba,08 CNU-MGE GABA,GABA,92,5.048065,5.682193,0.8369565217391305
746,0881 NDB-SI-MA-STRv Lhx8 Gaba_3,0246 NDB-SI-MA-STRv Lhx8 Gaba_3,057 NDB-SI-MA-STRv Lhx8 Gaba,08 CNU-MGE GABA,GABA,49,5.1823277,5.6580963,0.8979591836734694
747,0882 NDB-SI-MA-STRv Lhx8 Gaba_3,0246 NDB-SI-MA-STRv Lhx8 Gaba_3,057 NDB-SI-MA-STRv Lhx8 Gaba,08 CNU-MGE GABA,GABA,15,4.6304755,5.6136136,0.8
748,0883 NDB-SI-MA-STRv Lhx8 Gaba_3,0246 NDB-SI-MA-STRv Lhx8 Gaba_3,057 NDB-SI-MA-STRv Lhx8 Gaba,08 CNU-MGE GABA,GABA,33,5.2200885,5.751322,0.9090909090909091
749,0884 NDB-SI-MA-STRv Lhx8 Gaba_3,0246 NDB-SI-MA-STRv Lhx8 Gaba_3,057 NDB-SI-MA-STRv Lhx8 Gaba,08 CNU-MGE GABA,GABA,32,5.3841863,5.8118095,0.90625
750,0885 NDB-SI-MA-STRv Lhx8 Gaba_3,0246 NDB-SI-MA-STRv Lhx8 Gaba_3,057 NDB-SI-MA-STRv Lhx8 Gaba,08 CNU-MGE GABA,GABA,187,5.007844,5.6728024,0.8502673796791443
751,0886 NDB-SI-MA-STRv Lhx8 Gaba_3,0246 NDB-SI-MA-STRv Lhx8 Gaba_3,057 NDB-SI-MA-STRv Lhx8 Gaba,08 CNU-MGE GABA,GABA,23,5.6289454,6.104362,0.9130434782608695
752,0887 NDB-SI-MA-STRv Lhx8 Gaba_3,0246 NDB-SI-MA-STRv Lhx8 Gaba_3,057 NDB-SI-MA-STRv Lhx8 Gaba,08 CNU-MGE GABA,GABA,15,4.949538,6.1814375,0.8
753,0888 NDB-SI-MA-STRv Lhx8 Gaba_3,0246 NDB-SI-MA-STRv Lhx8 Gaba_3,057 NDB-SI-MA-STRv Lhx8 Gaba,08 CNU-MGE GABA,GABA,27,5.9904976,6.150084,1.0
754,0906 NDB-SI-MA-STRv Lhx8 Gaba_7,0250 NDB-SI-MA-STRv Lhx8 Gaba_7,057 NDB-SI-MA-STRv Lhx8 Gaba,08 CNU-MGE GABA,GABA,16,4.4280696,5.3159733,0.8125
755,0898 NDB-SI-MA-STRv Lhx8 Gaba_5,0248 NDB-SI-MA-STRv Lhx8 Gaba_5,057 NDB-SI-MA-STRv Lhx8 Gaba,08 CNU-MGE GABA,GABA,2,6.1658792,6.1658792,1.0
756,0912 NDB-SI-MA-STRv Lhx8 Gaba_10,0253 NDB-SI-MA-STRv Lhx8 Gaba_10,057 NDB-SI-MA-STRv Lhx8 Gaba,08 CNU-MGE GABA,GABA,3,5.100069,4.985137,1.0
757,0913 NDB-SI-MA-STRv Lhx8 Gaba_10,0253 NDB-SI-MA-STRv Lhx8 Gaba_10,057 NDB-SI-MA-STRv Lhx8 Gaba,08 CNU-MGE GABA,GABA,14,4.6956964,5.659877,0.7857142857142857
758,0914 NDB-SI-MA-STRv Lhx8 Gaba_10,0253 NDB-SI-MA-STRv Lhx8 Gaba_10,057 NDB-SI-MA-STRv Lhx8 Gaba,08 CNU-MGE GABA,GABA,5,5.070777,6.0296826,0.8
759,0846 Sst Chodl Gaba_1,0238 Sst Chodl Gaba_1,056 Sst Chodl Gaba,08 CNU-MGE GABA,GABA,33,4.368367,5.590191,0.696969696969697
760,0855 Sst Chodl Gaba_3,0240 Sst Chodl Gaba_3,056 Sst Chodl Gaba,08 CNU-MGE GABA,GABA,13,4.9606504,5.6279216,0.8461538461538461
761,0860 Sst Chodl Gaba_5,0242 Sst Chodl Gaba_5,056 Sst Chodl Gaba,08 CNU-MGE GABA,GABA,9,5.8531876,5.5031505,1.0
763,0849 Sst Chodl Gaba_2,0239 Sst Chodl Gaba_2,056 Sst Chodl Gaba,08 CNU-MGE GABA,GABA,2,2.4117267,2.4117267,0.5
764,0850 Sst Chodl Gaba_2,0239 Sst Chodl Gaba_2,056 Sst Chodl Gaba,08 CNU-MGE GABA,GABA,2,2.7475507,2.7475507,0.5
766,0847 Sst Chodl Gaba_1,0238 Sst Chodl Gaba_1,056 Sst Chodl Gaba,08 CNU-MGE GABA,GABA,5,3.0538116,4.7126684,0.6
767,0859 Sst Chodl Gaba_4,0241 Sst Chodl Gaba_4,056 Sst Chodl Gaba,08 CNU-MGE GABA,GABA,1,6.9331393,6.9331393,1.0
768,0852 Sst Chodl Gaba_2,0239 Sst Chodl Gaba_2,056 Sst Chodl Gaba,08 CNU-MGE GABA,GABA,1,7.2813964,7.2813964,1.0
769,0845 Sst Chodl Gaba_1,0238 Sst Chodl Gaba_1,056 Sst Chodl Gaba,08 CNU-MGE GABA,GABA,11,4.5630994,5.550738,0.7272727272727273
770,0861 Sst Chodl Gaba_5,0242 Sst Chodl Gaba_5,056 Sst Chodl Gaba,08 CNU-MGE GABA,GABA,3,6.254936,6.0909314,1.0
772,0856 Sst Chodl Gaba_3,0240 Sst Chodl Gaba_3,056 Sst Chodl Gaba,08 CNU-MGE GABA,GABA,1,0.0,0.0,0.0
773,0848 Sst Chodl Gaba_1,0238 Sst Chodl Gaba_1,056 Sst Chodl Gaba,08 CNU-MGE GABA,GABA,6,4.4007335,5.9858675,0.6666666666666666
775,0857 Sst Chodl Gaba_3,0240 Sst Chodl Gaba_3,056 Sst Chodl Gaba,08 CNU-MGE GABA,GABA,1,7.213191,7.213191,1.0
776,1451 SI-MPO-LPO Lhx8 Gaba_5,0400 SI-MPO-LPO Lhx8 Gaba_5,085 SI-MPO-LPO Lhx8 Gaba,11 CNU-HYa GABA,GABA,20,4.962011,5.743202,0.85
777,1452 SI-MPO-LPO Lhx8 Gaba_5,0400 SI-MPO-LPO Lhx8 Gaba_5,085 SI-MPO-LPO Lhx8 Gaba,11 CNU-HYa GABA,Glut-GABA,43,4.555052,5.591124,0.7674418604651163
778,1453 SI-MPO-LPO Lhx8 Gaba_5,0400 SI-MPO-LPO Lhx8 Gaba_5,085 SI-MPO-LPO Lhx8 Gaba,11 CNU-HYa GABA,GABA,26,3.610012,4.5960155,0.6923076923076923
779,1418 SI-MPO-LPO Lhx8 Gaba_1,0396 SI-MPO-LPO Lhx8 Gaba_1,085 SI-MPO-LPO Lhx8 Gaba,11 CNU-HYa GABA,GABA,6,4.7198887,5.5991945,0.8333333333333334
781,1420 SI-MPO-LPO Lhx8 Gaba_1,0396 SI-MPO-LPO Lhx8 Gaba_1,085 SI-MPO-LPO Lhx8 Gaba,11 CNU-HYa GABA,GABA,13,5.8224516,5.903253,1.0
782,1421 SI-MPO-LPO Lhx8 Gaba_1,0396 SI-MPO-LPO Lhx8 Gaba_1,085 SI-MPO-LPO Lhx8 Gaba,11 CNU-HYa GABA,GABA,24,5.4742923,5.777772,0.9583333333333334
783,1422 SI-MPO-LPO Lhx8 Gaba_1,0396 SI-MPO-LPO Lhx8 Gaba_1,085 SI-MPO-LPO Lhx8 Gaba,11 CNU-HYa GABA,GABA,3,6.101217,6.597334,1.0
784,1423 SI-MPO-LPO Lhx8 Gaba_1,0396 SI-MPO-LPO Lhx8 Gaba_1,085 SI-MPO-LPO Lhx8 Gaba,11 CNU-HYa GABA,GABA,2,5.719817,5.719817,1.0
785,1454 SI-MPO-LPO Lhx8 Gaba_5,0400 SI-MPO-LPO Lhx8 Gaba_5,085 SI-MPO-LPO Lhx8 Gaba,11 CNU-HYa GABA,GABA,18,4.8032827,5.6919155,0.7777777777777778
786,0917 NDB-SI-MA-STRv Lhx8 Gaba_13,0256 NDB-SI-MA-STRv Lhx8 Gaba_13,057 NDB-SI-MA-STRv Lhx8 Gaba,08 CNU-MGE GABA,GABA,6,4.641989,5.0132504,0.8333333333333334
787,1424 SI-MPO-LPO Lhx8 Gaba_1,0396 SI-MPO-LPO Lhx8 Gaba_1,085 SI-MPO-LPO Lhx8 Gaba,11 CNU-HYa GABA,GABA,18,4.231722,4.625267,0.7777777777777778
789,1426 SI-MPO-LPO Lhx8 Gaba_1,0396 SI-MPO-LPO Lhx8 Gaba_1,085 SI-MPO-LPO Lhx8 Gaba,11 CNU-HYa GABA,GABA,2,5.569109,5.569109,1.0
790,1455 SI-MPO-LPO Lhx8 Gaba_5,0400 SI-MPO-LPO Lhx8 Gaba_5,085 SI-MPO-LPO Lhx8 Gaba,11 CNU-HYa GABA,GABA,6,5.461326,6.1511908,0.8333333333333334
791,1427 SI-MPO-LPO Lhx8 Gaba_1,0396 SI-MPO-LPO Lhx8 Gaba_1,085 SI-MPO-LPO Lhx8 Gaba,11 CNU-HYa GABA,GABA,10,3.8891819,4.7073812,0.7
792,1428 SI-MPO-LPO Lhx8 Gaba_1,0396 SI-MPO-LPO Lhx8 Gaba_1,085 SI-MPO-LPO Lhx8 Gaba,11 CNU-HYa GABA,GABA,4,2.5084848,2.2788727,0.5
793,1429 SI-MPO-LPO Lhx8 Gaba_2,0397 SI-MPO-LPO Lhx8 Gaba_2,085 SI-MPO-LPO Lhx8 Gaba,11 CNU-HYa GABA,GABA,95,4.0563416,5.2184668,0.6947368421052632
794,1439 SI-MPO-LPO Lhx8 Gaba_3,0398 SI-MPO-LPO Lhx8 Gaba_3,085 SI-MPO-LPO Lhx8 Gaba,11 CNU-HYa GABA,GABA,94,4.9260654,5.692339,0.8191489361702128
795,1440 SI-MPO-LPO Lhx8 Gaba_3,0398 SI-MPO-LPO Lhx8 Gaba_3,085 SI-MPO-LPO Lhx8 Gaba,11 CNU-HYa GABA,GABA,175,4.61763,5.5903463,0.7942857142857143
796,1446 SI-MPO-LPO Lhx8 Gaba_4,0399 SI-MPO-LPO Lhx8 Gaba_4,085 SI-MPO-LPO Lhx8 Gaba,11 CNU-HYa GABA,GABA,29,4.2412868,4.991107,0.7586206896551724
797,1447 SI-MPO-LPO Lhx8 Gaba_4,0399 SI-MPO-LPO Lhx8 Gaba_4,085 SI-MPO-LPO Lhx8 Gaba,11 CNU-HYa GABA,GABA,47,5.053625,5.48142,0.851063829787234
798,1448 SI-MPO-LPO Lhx8 Gaba_4,0399 SI-MPO-LPO Lhx8 Gaba_4,085 SI-MPO-LPO Lhx8 Gaba,11 CNU-HYa GABA,GABA,127,4.4192863,5.434815,0.7559055118110236
799,1430 SI-MPO-LPO Lhx8 Gaba_2,0397 SI-MPO-LPO Lhx8 Gaba_2,085 SI-MPO-LPO Lhx8 Gaba,11 CNU-HYa GABA,GABA,40,3.9836788,5.138793,0.7
800,1431 SI-MPO-LPO Lhx8 Gaba_2,0397 SI-MPO-LPO Lhx8 Gaba_2,085 SI-MPO-LPO Lhx8 Gaba,11 CNU-HYa GABA,GABA,60,4.843978,5.4738235,0.8333333333333334
801,1432 SI-MPO-LPO Lhx8 Gaba_2,0397 SI-MPO-LPO Lhx8 Gaba_2,085 SI-MPO-LPO Lhx8 Gaba,11 CNU-HYa GABA,GABA,97,4.8254766,5.5174923,0.845360824742268
802,1433 SI-MPO-LPO Lhx8 Gaba_2,0397 SI-MPO-LPO Lhx8 Gaba_2,085 SI-MPO-LPO Lhx8 Gaba,11 CNU-HYa GABA,GABA,133,4.37849,5.3176026,0.7744360902255639
803,1441 SI-MPO-LPO Lhx8 Gaba_3,0398 SI-MPO-LPO Lhx8 Gaba_3,085 SI-MPO-LPO Lhx8 Gaba,11 CNU-HYa GABA,GABA,19,5.659145,6.168092,0.9473684210526315
804,1442 SI-MPO-LPO Lhx8 Gaba_3,0398 SI-MPO-LPO Lhx8 Gaba_3,085 SI-MPO-LPO Lhx8 Gaba,11 CNU-HYa GABA,GABA,34,4.9314685,6.1954403,0.7941176470588235
805,1443 SI-MPO-LPO Lhx8 Gaba_3,0398 SI-MPO-LPO Lhx8 Gaba_3,085 SI-MPO-LPO Lhx8 Gaba,11 CNU-HYa GABA,GABA,33,4.5236573,5.7243013,0.7575757575757576
806,1456 SI-MPO-LPO Lhx8 Gaba_6,0401 SI-MPO-LPO Lhx8 Gaba_6,085 SI-MPO-LPO Lhx8 Gaba,11 CNU-HYa GABA,GABA,19,2.9851897,0.0,0.47368421052631576
807,1449 SI-MPO-LPO Lhx8 Gaba_4,0399 SI-MPO-LPO Lhx8 Gaba_4,085 SI-MPO-LPO Lhx8 Gaba,11 CNU-HYa GABA,GABA,71,4.082674,5.0162606,0.7183098591549296
808,1434 SI-MPO-LPO Lhx8 Gaba_2,0397 SI-MPO-LPO Lhx8 Gaba_2,085 SI-MPO-LPO Lhx8 Gaba,11 CNU-HYa GABA,GABA,36,4.687572,5.5957127,0.7777777777777778
809,1450 SI-MPO-LPO Lhx8 Gaba_4,0399 SI-MPO-LPO Lhx8 Gaba_4,085 SI-MPO-LPO Lhx8 Gaba,11 CNU-HYa GABA,GABA,9,4.554297,5.184878,0.7777777777777778
810,1435 SI-MPO-LPO Lhx8 Gaba_2,0397 SI-MPO-LPO Lhx8 Gaba_2,085 SI-MPO-LPO Lhx8 Gaba,11 CNU-HYa GABA,GABA,12,4.807692,6.2536316,0.75
811,1436 SI-MPO-LPO Lhx8 Gaba_2,0397 SI-MPO-LPO Lhx8 Gaba_2,085 SI-MPO-LPO Lhx8 Gaba,11 CNU-HYa GABA,GABA,7,4.819694,6.6693974,0.7142857142857143
812,1437 SI-MPO-LPO Lhx8 Gaba_2,0397 SI-MPO-LPO Lhx8 Gaba_2,085 SI-MPO-LPO Lhx8 Gaba,11 CNU-HYa GABA,GABA,18,3.316655,4.5598555,0.6111111111111112
813,1438 SI-MPO-LPO Lhx8 Gaba_2,0397 SI-MPO-LPO Lhx8 Gaba_2,085 SI-MPO-LPO Lhx8 Gaba,11 CNU-HYa GABA,GABA,29,4.778322,5.385305,0.8620689655172413
814,1444 SI-MPO-LPO Lhx8 Gaba_3,0398 SI-MPO-LPO Lhx8 Gaba_3,085 SI-MPO-LPO Lhx8 Gaba,11 CNU-HYa GABA,GABA,33,5.4585524,6.1499844,0.8787878787878788
815,1445 SI-MPO-LPO Lhx8 Gaba_3,0398 SI-MPO-LPO Lhx8 Gaba_3,085 SI-MPO-LPO Lhx8 Gaba,11 CNU-HYa GABA,GABA,90,4.604116,5.42708,0.7777777777777778
816,0889 NDB-SI-MA-STRv Lhx8 Gaba_4,0247 NDB-SI-MA-STRv Lhx8 Gaba_4,057 NDB-SI-MA-STRv Lhx8 Gaba,08 CNU-MGE GABA,GABA,7,5.242039,5.828147,0.8571428571428571
817,0907 NDB-SI-MA-STRv Lhx8 Gaba_8,0251 NDB-SI-MA-STRv Lhx8 Gaba_8,057 NDB-SI-MA-STRv Lhx8 Gaba,08 CNU-MGE GABA,GABA,30,3.9226267,4.830982,0.7333333333333333
818,0870 NDB-SI-MA-STRv Lhx8 Gaba_2,0245 NDB-SI-MA-STRv Lhx8 Gaba_2,057 NDB-SI-MA-STRv Lhx8 Gaba,08 CNU-MGE GABA,GABA,14,4.34736,5.153472,0.7857142857142857
819,0899 NDB-SI-MA-STRv Lhx8 Gaba_6,0249 NDB-SI-MA-STRv Lhx8 Gaba_6,057 NDB-SI-MA-STRv Lhx8 Gaba,08 CNU-MGE GABA,GABA,18,5.5493546,5.564539,1.0
820,0871 NDB-SI-MA-STRv Lhx8 Gaba_2,0245 NDB-SI-MA-STRv Lhx8 Gaba_2,057 NDB-SI-MA-STRv Lhx8 Gaba,08 CNU-MGE GABA,GABA,82,4.690455,5.4687605,0.8048780487804879
821,0872 NDB-SI-MA-STRv Lhx8 Gaba_2,0245 NDB-SI-MA-STRv Lhx8 Gaba_2,057 NDB-SI-MA-STRv Lhx8 Gaba,08 CNU-MGE GABA,GABA,16,4.495176,5.2564144,0.8125
822,0873 NDB-SI-MA-STRv Lhx8 Gaba_2,0245 NDB-SI-MA-STRv Lhx8 Gaba_2,057 NDB-SI-MA-STRv Lhx8 Gaba,08 CNU-MGE GABA,GABA,13,4.5157094,5.589724,0.7692307692307693
823,0874 NDB-SI-MA-STRv Lhx8 Gaba_2,0245 NDB-SI-MA-STRv Lhx8 Gaba_2,057 NDB-SI-MA-STRv Lhx8 Gaba,08 CNU-MGE GABA,GABA,44,4.526055,5.373436,0.8181818181818182
824,0875 NDB-SI-MA-STRv Lhx8 Gaba_2,0245 NDB-SI-MA-STRv Lhx8 Gaba_2,057 NDB-SI-MA-STRv Lhx8 Gaba,08 CNU-MGE GABA,GABA,9,4.6312203,6.0586224,0.7777777777777778
825,0900 NDB-SI-MA-STRv Lhx8 Gaba_6,0249 NDB-SI-MA-STRv Lhx8 Gaba_6,057 NDB-SI-MA-STRv Lhx8 Gaba,08 CNU-MGE GABA,GABA,13,2.7803366,4.264256,0.5384615384615384
826,0901 NDB-SI-MA-STRv Lhx8 Gaba_6,0249 NDB-SI-MA-STRv Lhx8 Gaba_6,057 NDB-SI-MA-STRv Lhx8 Gaba,08 CNU-MGE GABA,GABA,5,2.5701945,0.0,0.4
828,0903 NDB-SI-MA-STRv Lhx8 Gaba_6,0249 NDB-SI-MA-STRv Lhx8 Gaba_6,057 NDB-SI-MA-STRv Lhx8 Gaba,08 CNU-MGE GABA,GABA,1,5.1118016,5.1118016,1.0
829,0910 NDB-SI-MA-STRv Lhx8 Gaba_9,0252 NDB-SI-MA-STRv Lhx8 Gaba_9,057 NDB-SI-MA-STRv Lhx8 Gaba,08 CNU-MGE GABA,GABA,3,5.394078,4.958699,1.0
830,0890 NDB-SI-MA-STRv Lhx8 Gaba_4,0247 NDB-SI-MA-STRv Lhx8 Gaba_4,057 NDB-SI-MA-STRv Lhx8 Gaba,08 CNU-MGE GABA,GABA,6,5.129348,6.112546,0.8333333333333334
831,0891 NDB-SI-MA-STRv Lhx8 Gaba_4,0247 NDB-SI-MA-STRv Lhx8 Gaba_4,057 NDB-SI-MA-STRv Lhx8 Gaba,08 CNU-MGE GABA,GABA,11,3.4794724,4.7386074,0.6363636363636364
832,0892 NDB-SI-MA-STRv Lhx8 Gaba_4,0247 NDB-SI-MA-STRv Lhx8 Gaba_4,057 NDB-SI-MA-STRv Lhx8 Gaba,08 CNU-MGE GABA,GABA,21,4.2737727,5.4568157,0.7142857142857143
833,0915 NDB-SI-MA-STRv Lhx8 Gaba_11,0254 NDB-SI-MA-STRv Lhx8 Gaba_11,057 NDB-SI-MA-STRv Lhx8 Gaba,08 CNU-MGE GABA,GABA,3,6.3303227,6.6653714,1.0
834,0876 NDB-SI-MA-STRv Lhx8 Gaba_2,0245 NDB-SI-MA-STRv Lhx8 Gaba_2,057 NDB-SI-MA-STRv Lhx8 Gaba,08 CNU-MGE GABA,GABA,4,3.8206868,4.518779,0.75
835,0916 NDB-SI-MA-STRv Lhx8 Gaba_12,0255 NDB-SI-MA-STRv Lhx8 Gaba_12,057 NDB-SI-MA-STRv Lhx8 Gaba,08 CNU-MGE GABA,GABA,2,2.9197924,2.9197924,0.5
836,0877 NDB-SI-MA-STRv Lhx8 Gaba_2,0245 NDB-SI-MA-STRv Lhx8 Gaba_2,057 NDB-SI-MA-STRv Lhx8 Gaba,08 CNU-MGE GABA,GABA,3,3.9335136,4.935802,0.6666666666666666
837,0908 NDB-SI-MA-STRv Lhx8 Gaba_8,0251 NDB-SI-MA-STRv Lhx8 Gaba_8,057 NDB-SI-MA-STRv Lhx8 Gaba,08 CNU-MGE GABA,GABA,20,4.5008645,4.9764953,0.8
838,0909 NDB-SI-MA-STRv Lhx8 Gaba_8,0251 NDB-SI-MA-STRv Lhx8 Gaba_8,057 NDB-SI-MA-STRv Lhx8 Gaba,08 CNU-MGE GABA,GABA,1,0.0,0.0,0.0
840,0911 NDB-SI-MA-STRv Lhx8 Gaba_9,0252 NDB-SI-MA-STRv Lhx8 Gaba_9,057 NDB-SI-MA-STRv Lhx8 Gaba,08 CNU-MGE GABA,GABA,3,4.1373954,5.993307,0.6666666666666666
841,1108 LSX Nkx2-1 Gaba_8,0313 LSX Nkx2-1 Gaba_8,069 LSX Nkx2-1 Gaba,10 LSX GABA,GABA,3,5.931608,5.7004642,1.0
842,1093 LSX Nkx2-1 Gaba_4,0309 LSX Nkx2-1 Gaba_4,069 LSX Nkx2-1 Gaba,10 LSX GABA,GABA,2,2.10982,2.10982,0.5
847,1092 LSX Nkx2-1 Gaba_3,0308 LSX Nkx2-1 Gaba_3,069 LSX Nkx2-1 Gaba,10 LSX GABA,GABA,7,4.8787947,5.585467,0.8571428571428571
849,1096 LSX Nkx2-1 Gaba_4,0309 LSX Nkx2-1 Gaba_4,069 LSX Nkx2-1 Gaba,10 LSX GABA,GABA,1,0.0,0.0,0.0
866,1109 LSX Nkx2-1 Gaba_8,0313 LSX Nkx2-1 Gaba_8,069 LSX Nkx2-1 Gaba,10 LSX GABA,GABA,1,0.0,0.0,0.0
873,1515 PVR Six3 Sox3 Gaba_4,0414 PVR Six3 Sox3 Gaba_4,089 PVR Six3 Sox3 Gaba,11 CNU-HYa GABA,GABA,18,4.2547317,4.9754524,0.7777777777777778
874,1516 PVR Six3 Sox3 Gaba_4,0414 PVR Six3 Sox3 Gaba_4,089 PVR Six3 Sox3 Gaba,11 CNU-HYa GABA,GABA,81,2.8934195,4.522668,0.5185185185185185
875,1517 PVR Six3 Sox3 Gaba_4,0414 PVR Six3 Sox3 Gaba_4,089 PVR Six3 Sox3 Gaba,11 CNU-HYa GABA,GABA,37,3.6866155,4.7847476,0.6486486486486487
876,1069 LSX Otx2 Gaba_5,0305 LSX Otx2 Gaba_5,068 LSX Otx2 Gaba,10 LSX GABA,GABA,1,0.0,0.0,0.0
877,1051 LSX Otx2 Gaba_1,0301 LSX Otx2 Gaba_1,068 LSX Otx2 Gaba,10 LSX GABA,GABA,6,2.8926823,2.5069473,0.5
883,1061 LSX Otx2 Gaba_3,0303 LSX Otx2 Gaba_3,068 LSX Otx2 Gaba,10 LSX GABA,GABA,2,3.2408,3.2408,0.5
884,1088 LSX Nkx2-1 Gaba_3,0308 LSX Nkx2-1 Gaba_3,069 LSX Nkx2-1 Gaba,10 LSX GABA,GABA,5,5.809143,5.386646,1.0
888,1059 LSX Otx2 Gaba_3,0303 LSX Otx2 Gaba_3,068 LSX Otx2 Gaba,10 LSX GABA,GABA,1,5.954191,5.954191,1.0
889,1060 LSX Otx2 Gaba_3,0303 LSX Otx2 Gaba_3,068 LSX Otx2 Gaba,10 LSX GABA,GABA,1,4.9085402,4.9085402,1.0
896,1055 LSX Otx2 Gaba_3,0303 LSX Otx2 Gaba_3,068 LSX Otx2 Gaba,10 LSX GABA,GABA,5,4.6722994,5.4634275,0.8
897,1056 LSX Otx2 Gaba_3,0303 LSX Otx2 Gaba_3,068 LSX Otx2 Gaba,10 LSX GABA,GABA,3,6.1360774,5.9118924,1.0
946,1126 LSX Prdm12 Slit2 Gaba_2,0318 LSX Prdm12 Slit2 Gaba_2,070 LSX Prdm12 Slit2 Gaba,10 LSX GABA,GABA,7,3.0609403,4.47257,0.5714285714285714
961,1130 LSX Prdm12 Slit2 Gaba_2,0318 LSX Prdm12 Slit2 Gaba_2,070 LSX Prdm12 Slit2 Gaba,10 LSX GABA,GABA,2,4.8658457,4.8658457,1.0
967,1144 LSX Prdm12 Slit2 Gaba_6,0322 LSX Prdm12 Slit2 Gaba_6,070 LSX Prdm12 Slit2 Gaba,10 LSX GABA,GABA,1,0.0,0.0,0.0
980,1030 NDB-SI-ant Prdm12 Gaba_1,0295 NDB-SI-ant Prdm12 Gaba_1,066 NDB-SI-ant Prdm12 Gaba,11 CNU-HYa GABA,GABA,3,3.8104172,4.3887773,0.6666666666666666
984,1031 NDB-SI-ant Prdm12 Gaba_1,0295 NDB-SI-ant Prdm12 Gaba_1,066 NDB-SI-ant Prdm12 Gaba,11 CNU-HYa GABA,GABA,3,1.8860477,0.0,0.3333333333333333
994,1043 LSX Sall3 Pax6 Gaba_1,0299 LSX Sall3 Pax6 Gaba_1,067 LSX Sall3 Pax6 Gaba,10 LSX GABA,GABA,1,0.0,0.0,0.0
995,1042 LSX Sall3 Pax6 Gaba_1,0299 LSX Sall3 Pax6 Gaba_1,067 LSX Sall3 Pax6 Gaba,10 LSX GABA,GABA,2,3.3514895,3.3514895,0.5
996,1037 NDB-SI-ant Prdm12 Gaba_1,0295 NDB-SI-ant Prdm12 Gaba_1,066 NDB-SI-ant Prdm12 Gaba,11 CNU-HYa GABA,GABA,1,6.137427,6.137427,1.0
997,1325 SI-MA-ACB Ebf1 Bnc2 Gaba_3,0366 SI-MA-ACB Ebf1 Bnc2 Gaba_3,078 SI-MA-ACB Ebf1 Bnc2 Gaba,11 CNU-HYa GABA,GABA,5,3.9910932,4.8791804,0.8
999,1326 SI-MA-ACB Ebf1 Bnc2 Gaba_3,0366 SI-MA-ACB Ebf1 Bnc2 Gaba_3,078 SI-MA-ACB Ebf1 Bnc2 Gaba,11 CNU-HYa GABA,GABA,1,0.0,0.0,0.0
1001,1327 CEA-BST Six3 Cyp26b1 Gaba_1,0367 CEA-BST Six3 Cyp26b1 Gaba_1,079 CEA-BST Six3 Cyp26b1 Gaba,11 CNU-HYa GABA,GABA,1,0.0,0.0,0.0
1002,1330 CEA-BST Six3 Cyp26b1 Gaba_1,0367 CEA-BST Six3 Cyp26b1 Gaba_1,079 CEA-BST Six3 Cyp26b1 Gaba,11 CNU-HYa GABA,GABA,2,6.3891635,6.3891635,1.0
1003,1358 CEA-AAA-BST Six3 Sp9 Gaba_2,0374 CEA-AAA-BST Six3 Sp9 Gaba_2,080 CEA-AAA-BST Six3 Sp9 Gaba,11 CNU-HYa GABA,GABA,3,3.8526726,5.355133,0.6666666666666666
1005,1340 CEA-BST Six3 Cyp26b1 Gaba_4,0370 CEA-BST Six3 Cyp26b1 Gaba_4,079 CEA-BST Six3 Cyp26b1 Gaba,11 CNU-HYa GABA,GABA,1,6.217124,6.217124,1.0
1008,1333 CEA-BST Six3 Cyp26b1 Gaba_2,0368 CEA-BST Six3 Cyp26b1 Gaba_2,079 CEA-BST Six3 Cyp26b1 Gaba,11 CNU-HYa GABA,GABA,1,6.601067,6.601067,1.0
1017,1369 CEA-AAA-BST Six3 Sp9 Gaba_6,0378 CEA-AAA-BST Six3 Sp9 Gaba_6,080 CEA-AAA-BST Six3 Sp9 Gaba,11 CNU-HYa GABA,GABA,1,0.0,0.0,0.0
1018,1349 CEA-AAA-BST Six3 Sp9 Gaba_1,0373 CEA-AAA-BST Six3 Sp9 Gaba_1,080 CEA-AAA-BST Six3 Sp9 Gaba,11 CNU-HYa GABA,GABA,32,4.671758,5.68376,0.75
1019,1198 MEA-BST Sox6 Gaba_3,0339 MEA-BST Sox6 Gaba_3,073 MEA-BST Sox6 Gaba,11 CNU-HYa GABA,GABA,1,0.0,0.0,0.0
1021,1348 CEA-AAA-BST Six3 Sp9 Gaba_1,0373 CEA-AAA-BST Six3 Sp9 Gaba_1,080 CEA-AAA-BST Six3 Sp9 Gaba,11 CNU-HYa GABA,GABA,19,3.8959792,4.5320454,0.631578947368421
1023,1354 CEA-AAA-BST Six3 Sp9 Gaba_2,0374 CEA-AAA-BST Six3 Sp9 Gaba_2,080 CEA-AAA-BST Six3 Sp9 Gaba,11 CNU-HYa GABA,GABA,3,4.3612785,6.083741,0.6666666666666666
1027,1355 CEA-AAA-BST Six3 Sp9 Gaba_2,0374 CEA-AAA-BST Six3 Sp9 Gaba_2,080 CEA-AAA-BST Six3 Sp9 Gaba,11 CNU-HYa GABA,GABA,1,7.0344114,7.0344114,1.0
1028,1337 CEA-BST Six3 Cyp26b1 Gaba_3,0369 CEA-BST Six3 Cyp26b1 Gaba_3,079 CEA-BST Six3 Cyp26b1 Gaba,11 CNU-HYa GABA,GABA,1,0.0,0.0,0.0
1031,1351 CEA-AAA-BST Six3 Sp9 Gaba_1,0373 CEA-AAA-BST Six3 Sp9 Gaba_1,080 CEA-AAA-BST Six3 Sp9 Gaba,11 CNU-HYa GABA,GABA,3,3.47225,4.941537,0.6666666666666666
1034,1357 CEA-AAA-BST Six3 Sp9 Gaba_2,0374 CEA-AAA-BST Six3 Sp9 Gaba_2,080 CEA-AAA-BST Six3 Sp9 Gaba,11 CNU-HYa GABA,GABA,3,1.8562547,0.0,0.3333333333333333
1037,1352 CEA-AAA-BST Six3 Sp9 Gaba_1,0373 CEA-AAA-BST Six3 Sp9 Gaba_1,080 CEA-AAA-BST Six3 Sp9 Gaba,11 CNU-HYa GABA,GABA,2,2.9252973,2.9252973,0.5
1039,1625 PVHd Gsc Gaba_1,0441 PVHd Gsc Gaba_1,096 PVHd Gsc Gaba,12 HY GABA,GABA,76,3.9980562,4.994037,0.6973684210526315
1041,1328 CEA-BST Six3 Cyp26b1 Gaba_1,0367 CEA-BST Six3 Cyp26b1 Gaba_1,079 CEA-BST Six3 Cyp26b1 Gaba,11 CNU-HYa GABA,GABA,6,3.8482199,5.2812123,0.6666666666666666
1043,1360 CEA-AAA-BST Six3 Sp9 Gaba_3,0375 CEA-AAA-BST Six3 Sp9 Gaba_3,080 CEA-AAA-BST Six3 Sp9 Gaba,11 CNU-HYa GABA,GABA,1,6.1607637,6.1607637,1.0
1044,1361 CEA-AAA-BST Six3 Sp9 Gaba_3,0375 CEA-AAA-BST Six3 Sp9 Gaba_3,080 CEA-AAA-BST Six3 Sp9 Gaba,11 CNU-HYa GABA,GABA,2,2.3931684,2.3931684,0.5
1046,1370 CEA-AAA-BST Six3 Sp9 Gaba_7,0379 CEA-AAA-BST Six3 Sp9 Gaba_7,080 CEA-AAA-BST Six3 Sp9 Gaba,11 CNU-HYa GABA,GABA,7,4.2920847,5.2047505,0.7142857142857143
1057,0984 STR D2 Gaba_5,0278 STR D2 Gaba_5,062 STR D2 Gaba,09 CNU-LGE GABA,GABA,1,6.379424,6.379424,1.0
1059,0985 STR D2 Gaba_5,0278 STR D2 Gaba_5,062 STR D2 Gaba,09 CNU-LGE GABA,GABA,7,3.1328294,4.7212706,0.5714285714285714
1062,0970 STR D2 Gaba_1,0274 STR D2 Gaba_1,062 STR D2 Gaba,09 CNU-LGE GABA,GABA,1,0.0,0.0,0.0
1067,0961 STR D1 Gaba_8,0272 STR D1 Gaba_8,061 STR D1 Gaba,09 CNU-LGE GABA,GABA,3,4.0768256,5.9054813,0.6666666666666666
1071,0962 STR D1 Gaba_8,0272 STR D1 Gaba_8,061 STR D1 Gaba,09 CNU-LGE GABA,GABA,4,5.451634,5.430116,1.0
1075,0976 STR D2 Gaba_2,0275 STR D2 Gaba_2,062 STR D2 Gaba,09 CNU-LGE GABA,GABA,2,2.519494,2.519494,0.5
1076,0977 STR D2 Gaba_2,0275 STR D2 Gaba_2,062 STR D2 Gaba,09 CNU-LGE GABA,GABA,10,2.7967675,2.3655672,0.5
1082,0964 STR D1 Gaba_9,0273 STR D1 Gaba_9,061 STR D1 Gaba,09 CNU-LGE GABA,GABA,1,5.860153,5.860153,1.0
1097,1558 BST-MPN Six3 Nrgn Gaba_6,0425 BST-MPN Six3 Nrgn Gaba_6,090 BST-MPN Six3 Nrgn Gaba,11 CNU-HYa GABA,GABA,12,4.619944,5.925867,0.75
1101,1253 MEA-BST Lhx6 Sp9 Gaba_4,0350 MEA-BST Lhx6 Sp9 Gaba_4,074 MEA-BST Lhx6 Sp9 Gaba,11 CNU-HYa GABA,GABA,1,5.855951,5.855951,1.0
1103,1239 MEA-BST Lhx6 Sp9 Gaba_1,0347 MEA-BST Lhx6 Sp9 Gaba_1,074 MEA-BST Lhx6 Sp9 Gaba,11 CNU-HYa GABA,GABA,1,0.0,0.0,0.0
1104,1241 MEA-BST Lhx6 Sp9 Gaba_1,0347 MEA-BST Lhx6 Sp9 Gaba_1,074 MEA-BST Lhx6 Sp9 Gaba,11 CNU-HYa GABA,GABA,1,4.997968,4.997968,1.0
1106,1249 MEA-BST Lhx6 Sp9 Gaba_3,0349 MEA-BST Lhx6 Sp9 Gaba_3,074 MEA-BST Lhx6 Sp9 Gaba,11 CNU-HYa GABA,GABA,1,4.5340333,4.5340333,1.0
1107,1262 MEA-BST Lhx6 Sp9 Gaba_6,0352 MEA-BST Lhx6 Sp9 Gaba_6,074 MEA-BST Lhx6 Sp9 Gaba,11 CNU-HYa GABA,GABA,2,5.1574354,5.1574354,1.0
1108,1257 MEA-BST Lhx6 Sp9 Gaba_5,0351 MEA-BST Lhx6 Sp9 Gaba_5,074 MEA-BST Lhx6 Sp9 Gaba,11 CNU-HYa GABA,GABA,2,2.2165036,2.2165036,0.5
1113,1230 MEA-BST Sox6 Gaba_8,0344 MEA-BST Sox6 Gaba_8,073 MEA-BST Sox6 Gaba,11 CNU-HYa GABA,GABA,2,3.232093,3.232093,0.5
1114,1226 MEA-BST Sox6 Gaba_7,0343 MEA-BST Sox6 Gaba_7,073 MEA-BST Sox6 Gaba,11 CNU-HYa GABA,GABA,9,2.7394679,0.0,0.4444444444444444
1115,1227 MEA-BST Sox6 Gaba_7,0343 MEA-BST Sox6 Gaba_7,073 MEA-BST Sox6 Gaba,11 CNU-HYa GABA,GABA,227,4.1423473,5.309968,0.6916299559471366
1116,1228 MEA-BST Sox6 Gaba_7,0343 MEA-BST Sox6 Gaba_7,073 MEA-BST Sox6 Gaba,11 CNU-HYa GABA,GABA,83,5.028342,5.6277504,0.8313253012048193
1118,1251 MEA-BST Lhx6 Sp9 Gaba_3,0349 MEA-BST Lhx6 Sp9 Gaba_3,074 MEA-BST Lhx6 Sp9 Gaba,11 CNU-HYa GABA,GABA,4,3.8574567,4.934539,0.75
1119,1255 MEA-BST Lhx6 Sp9 Gaba_4,0350 MEA-BST Lhx6 Sp9 Gaba_4,074 MEA-BST Lhx6 Sp9 Gaba,11 CNU-HYa GABA,GABA,5,4.2661247,5.067875,0.8
1120,1245 MEA-BST Lhx6 Sp9 Gaba_2,0348 MEA-BST Lhx6 Sp9 Gaba_2,074 MEA-BST Lhx6 Sp9 Gaba,11 CNU-HYa GABA,GABA,5,3.6972861,5.1311316,0.6
1121,1246 MEA-BST Lhx6 Sp9 Gaba_2,0348 MEA-BST Lhx6 Sp9 Gaba_2,074 MEA-BST Lhx6 Sp9 Gaba,11 CNU-HYa GABA,GABA,47,3.5213516,4.6468735,0.6382978723404256
1122,1240 MEA-BST Lhx6 Sp9 Gaba_1,0347 MEA-BST Lhx6 Sp9 Gaba_1,074 MEA-BST Lhx6 Sp9 Gaba,11 CNU-HYa GABA,GABA,4,5.956252,5.9438906,1.0
1123,1247 MEA-BST Lhx6 Sp9 Gaba_2,0348 MEA-BST Lhx6 Sp9 Gaba_2,074 MEA-BST Lhx6 Sp9 Gaba,11 CNU-HYa GABA,GABA,2,5.4327164,5.4327164,1.0
1125,1260 MEA-BST Lhx6 Sp9 Gaba_5,0351 MEA-BST Lhx6 Sp9 Gaba_5,074 MEA-BST Lhx6 Sp9 Gaba,11 CNU-HYa GABA,GABA,3,3.0990105,4.4534316,0.6666666666666666
1128,0203 MEA Slc17a7 Glut_2,0056 MEA Slc17a7 Glut_2,012 MEA Slc17a7 Glut,01 IT-ET Glut,Glut,34,3.6506164,5.262661,0.6176470588235294
1129,1192 MEA-BST Sox6 Gaba_2,0338 MEA-BST Sox6 Gaba_2,073 MEA-BST Sox6 Gaba,11 CNU-HYa GABA,GABA,2,3.093167,3.093167,0.5
1131,1256 MEA-BST Lhx6 Sp9 Gaba_4,0350 MEA-BST Lhx6 Sp9 Gaba_4,074 MEA-BST Lhx6 Sp9 Gaba,11 CNU-HYa GABA,GABA,2,6.2821617,6.2821617,1.0
1135,1213 MEA-BST Sox6 Gaba_5,0341 MEA-BST Sox6 Gaba_5,073 MEA-BST Sox6 Gaba,11 CNU-HYa GABA,GABA,1,0.0,0.0,0.0
1142,1232 MEA-BST Sox6 Gaba_9,0345 MEA-BST Sox6 Gaba_9,073 MEA-BST Sox6 Gaba,11 CNU-HYa GABA,GABA,4,4.024305,5.2082295,0.75
1145,1196 MEA-BST Sox6 Gaba_2,0338 MEA-BST Sox6 Gaba_2,073 MEA-BST Sox6 Gaba,11 CNU-HYa GABA,GABA,1,0.0,0.0,0.0
1148,1190 MEA-BST Sox6 Gaba_1,0337 MEA-BST Sox6 Gaba_1,073 MEA-BST Sox6 Gaba,11 CNU-HYa GABA,GABA,3,5.834807,5.466349,1.0
1150,1234 MEA-BST Sox6 Gaba_9,0345 MEA-BST Sox6 Gaba_9,073 MEA-BST Sox6 Gaba,11 CNU-HYa GABA,GABA,2,3.4869647,3.4869647,0.5
1151,1197 MEA-BST Sox6 Gaba_2,0338 MEA-BST Sox6 Gaba_2,073 MEA-BST Sox6 Gaba,11 CNU-HYa GABA,GABA,4,2.7897828,2.460903,0.5
1152,1263 MEA-BST Lhx6 Sp9 Gaba_7,0353 MEA-BST Lhx6 Sp9 Gaba_7,074 MEA-BST Lhx6 Sp9 Gaba,11 CNU-HYa GABA,GABA,35,3.6790528,5.039345,0.6571428571428571
1153,1264 MEA-BST Lhx6 Sp9 Gaba_7,0353 MEA-BST Lhx6 Sp9 Gaba_7,074 MEA-BST Lhx6 Sp9 Gaba,11 CNU-HYa GABA,GABA,20,3.5666852,5.2543755,0.55
1154,1265 MEA-BST Lhx6 Sp9 Gaba_7,0353 MEA-BST Lhx6 Sp9 Gaba_7,074 MEA-BST Lhx6 Sp9 Gaba,11 CNU-HYa GABA,GABA,75,3.4196563,4.975019,0.5866666666666667
1155,1266 MEA-BST Lhx6 Sp9 Gaba_7,0353 MEA-BST Lhx6 Sp9 Gaba_7,074 MEA-BST Lhx6 Sp9 Gaba,11 CNU-HYa GABA,GABA,23,3.6614006,5.0726657,0.6521739130434783
1156,1633 PVHd-SBPV Six3 Prox1 Gaba_2,0443 PVHd-SBPV Six3 Prox1 Gaba_2,097 PVHd-SBPV Six3 Prox1 Gaba,12 HY GABA,GABA,34,3.444111,5.0227733,0.5588235294117647
1157,1220 MEA-BST Sox6 Gaba_6,0342 MEA-BST Sox6 Gaba_6,073 MEA-BST Sox6 Gaba,11 CNU-HYa GABA,GABA,1,0.0,0.0,0.0
1160,1208 MEA-BST Sox6 Gaba_4,0340 MEA-BST Sox6 Gaba_4,073 MEA-BST Sox6 Gaba,11 CNU-HYa GABA,GABA,2,3.4104958,3.4104958,0.5
1161,1231 MEA-BST Sox6 Gaba_8,0344 MEA-BST Sox6 Gaba_8,073 MEA-BST Sox6 Gaba,11 CNU-HYa GABA,GABA,5,3.6506774,4.568914,0.6
1163,1199 MEA-BST Sox6 Gaba_3,0339 MEA-BST Sox6 Gaba_3,073 MEA-BST Sox6 Gaba,11 CNU-HYa GABA,GABA,1,5.029922,5.029922,1.0
1165,1200 MEA-BST Sox6 Gaba_3,0339 MEA-BST Sox6 Gaba_3,073 MEA-BST Sox6 Gaba,11 CNU-HYa GABA,GABA,12,4.1658587,5.3987646,0.75
1166,1201 MEA-BST Sox6 Gaba_3,0339 MEA-BST Sox6 Gaba_3,073 MEA-BST Sox6 Gaba,11 CNU-HYa GABA,GABA,10,2.9164138,2.4837344,0.5
1168,1203 MEA-BST Sox6 Gaba_3,0339 MEA-BST Sox6 Gaba_3,073 MEA-BST Sox6 Gaba,11 CNU-HYa GABA,GABA,1,6.579084,6.579084,1.0
1169,1204 MEA-BST Sox6 Gaba_3,0339 MEA-BST Sox6 Gaba_3,073 MEA-BST Sox6 Gaba,11 CNU-HYa GABA,GABA,10,3.08543,2.5767992,0.5
1171,1026 IA Mgp Gaba_5,0294 IA Mgp Gaba_5,065 IA Mgp Gaba,09 CNU-LGE GABA,GABA,1,0.0,0.0,0.0
1178,0918 GPe-SI Sox6 Cyp26b1 Gaba_1,0257 GPe-SI Sox6 Cyp26b1 Gaba_1,059 GPe-SI Sox6 Cyp26b1 Gaba,09 CNU-LGE GABA,GABA,1,5.2948785,5.2948785,1.0
1179,0919 GPe-SI Sox6 Cyp26b1 Gaba_2,0258 GPe-SI Sox6 Cyp26b1 Gaba_2,059 GPe-SI Sox6 Cyp26b1 Gaba,09 CNU-LGE GABA,GABA,56,3.4122481,4.8886604,0.6071428571428571
1180,0920 GPe-SI Sox6 Cyp26b1 Gaba_2,0258 GPe-SI Sox6 Cyp26b1 Gaba_2,059 GPe-SI Sox6 Cyp26b1 Gaba,09 CNU-LGE GABA,GABA,1,0.0,0.0,0.0
1181,0921 GPe-SI Sox6 Cyp26b1 Gaba_2,0258 GPe-SI Sox6 Cyp26b1 Gaba_2,059 GPe-SI Sox6 Cyp26b1 Gaba,09 CNU-LGE GABA,GABA,2,2.8868096,2.8868096,0.5
1182,0922 GPe-SI Sox6 Cyp26b1 Gaba_2,0258 GPe-SI Sox6 Cyp26b1 Gaba_2,059 GPe-SI Sox6 Cyp26b1 Gaba,09 CNU-LGE GABA,GABA,1,6.0279016,6.0279016,1.0
1184,0943 STR D1 Gaba_1,0265 STR D1 Gaba_1,061 STR D1 Gaba,09 CNU-LGE GABA,GABA,5,5.6986413,5.8575654,1.0
1186,0944 STR D1 Gaba_1,0265 STR D1 Gaba_1,061 STR D1 Gaba,09 CNU-LGE GABA,GABA,2,3.386251,3.386251,0.5
1188,0946 STR D1 Gaba_1,0265 STR D1 Gaba_1,061 STR D1 Gaba,09 CNU-LGE GABA,GABA,2,5.9698677,5.9698677,1.0
1189,0959 STR D1 Gaba_6,0270 STR D1 Gaba_6,061 STR D1 Gaba,09 CNU-LGE GABA,GABA,2,2.9142318,2.9142318,0.5
1193,0940 OT D3 Folh1 Gaba_2,0263 OT D3 Folh1 Gaba_2,060 OT D3 Folh1 Gaba,09 CNU-LGE GABA,GABA,4,3.322216,3.2571867,0.5
1194,0939 OT D3 Folh1 Gaba_1,0262 OT D3 Folh1 Gaba_1,060 OT D3 Folh1 Gaba,09 CNU-LGE GABA,GABA,56,3.594736,5.5812883,0.5178571428571429
1195,1377 ACB-BST-FS D1 Gaba_2,0382 ACB-BST-FS D1 Gaba_2,081 ACB-BST-FS D1 Gaba,11 CNU-HYa GABA,GABA,4,4.286023,5.32517,0.75
1196,1381 ACB-BST-FS D1 Gaba_3,0383 ACB-BST-FS D1 Gaba_3,081 ACB-BST-FS D1 Gaba,11 CNU-HYa GABA,Glut-GABA,1,0.0,0.0,0.0
1197,1382 ACB-BST-FS D1 Gaba_3,0383 ACB-BST-FS D1 Gaba_3,081 ACB-BST-FS D1 Gaba,11 CNU-HYa GABA,Glut-GABA,22,3.5247576,4.8157034,0.5909090909090909
1199,1374 ACB-BST-FS D1 Gaba_1,0381 ACB-BST-FS D1 Gaba_1,081 ACB-BST-FS D1 Gaba,11 CNU-HYa GABA,GABA,5,2.3074765,0.0,0.4
1200,1375 ACB-BST-FS D1 Gaba_1,0381 ACB-BST-FS D1 Gaba_1,081 ACB-BST-FS D1 Gaba,11 CNU-HYa GABA,GABA,7,2.255717,0.0,0.42857142857142855
1201,1378 ACB-BST-FS D1 Gaba_2,0382 ACB-BST-FS D1 Gaba_2,081 ACB-BST-FS D1 Gaba,11 CNU-HYa GABA,GABA,34,3.6795237,5.1160293,0.6470588235294118
1202,1380 ACB-BST-FS D1 Gaba_3,0383 ACB-BST-FS D1 Gaba_3,081 ACB-BST-FS D1 Gaba,11 CNU-HYa GABA,GABA,1,5.2124777,5.2124777,1.0
1208,1271 MEA-BST Lhx6 Nr2e1 Gaba_1,0354 MEA-BST Lhx6 Nr2e1 Gaba_1,075 MEA-BST Lhx6 Nr2e1 Gaba,11 CNU-HYa GABA,GABA,1,0.0,0.0,0.0
1215,1279 MEA-BST Lhx6 Nr2e1 Gaba_2,0355 MEA-BST Lhx6 Nr2e1 Gaba_2,075 MEA-BST Lhx6 Nr2e1 Gaba,11 CNU-HYa GABA,GABA,21,4.802548,5.239638,0.8571428571428571
1216,1301 MEA-BST Lhx6 Nfib Gaba_4,0360 MEA-BST Lhx6 Nfib Gaba_4,076 MEA-BST Lhx6 Nfib Gaba,11 CNU-HYa GABA,GABA,86,4.071438,5.4956307,0.6511627906976745
1217,0829 STR Prox1 Lhx6 Gaba_1,0233 STR Prox1 Lhx6 Gaba_1,054 STR Prox1 Lhx6 Gaba,08 CNU-MGE GABA,GABA,2,0.0,0.0,0.0
1219,1312 MEA-BST Lhx6 Nfib Gaba_6,0362 MEA-BST Lhx6 Nfib Gaba_6,076 MEA-BST Lhx6 Nfib Gaba,11 CNU-HYa GABA,GABA,1,0.0,0.0,0.0
1221,1313 MEA-BST Lhx6 Nfib Gaba_6,0362 MEA-BST Lhx6 Nfib Gaba_6,076 MEA-BST Lhx6 Nfib Gaba,11 CNU-HYa GABA,GABA,64,3.4672825,4.9521804,0.625
1223,1306 MEA-BST Lhx6 Nfib Gaba_5,0361 MEA-BST Lhx6 Nfib Gaba_5,076 MEA-BST Lhx6 Nfib Gaba,11 CNU-HYa GABA,GABA,48,3.8572786,5.0624332,0.6666666666666666
1224,1307 MEA-BST Lhx6 Nfib Gaba_5,0361 MEA-BST Lhx6 Nfib Gaba_5,076 MEA-BST Lhx6 Nfib Gaba,11 CNU-HYa GABA,GABA,33,3.256937,4.8602953,0.5757575757575758
1226,1281 MEA-BST Lhx6 Nfib Gaba_1,0357 MEA-BST Lhx6 Nfib Gaba_1,076 MEA-BST Lhx6 Nfib Gaba,11 CNU-HYa GABA,GABA,15,4.0374904,5.09846,0.6666666666666666
1227,1289 MEA-BST Lhx6 Nfib Gaba_2,0358 MEA-BST Lhx6 Nfib Gaba_2,076 MEA-BST Lhx6 Nfib Gaba,11 CNU-HYa GABA,GABA,9,3.2093496,5.3388753,0.5555555555555556
1228,1290 MEA-BST Lhx6 Nfib Gaba_2,0358 MEA-BST Lhx6 Nfib Gaba_2,076 MEA-BST Lhx6 Nfib Gaba,11 CNU-HYa GABA,GABA,4,5.3219934,5.0498343,1.0
1230,1292 MEA-BST Lhx6 Nfib Gaba_2,0358 MEA-BST Lhx6 Nfib Gaba_2,076 MEA-BST Lhx6 Nfib Gaba,11 CNU-HYa GABA,GABA,3,2.3221717,0.0,0.3333333333333333
1231,1304 MEA-BST Lhx6 Nfib Gaba_5,0361 MEA-BST Lhx6 Nfib Gaba_5,076 MEA-BST Lhx6 Nfib Gaba,11 CNU-HYa GABA,GABA,42,3.4751942,5.1393366,0.5714285714285714
1232,1293 MEA-BST Lhx6 Nfib Gaba_2,0358 MEA-BST Lhx6 Nfib Gaba_2,076 MEA-BST Lhx6 Nfib Gaba,11 CNU-HYa GABA,GABA,2,6.0891933,6.0891933,1.0
1233,1282 MEA-BST Lhx6 Nfib Gaba_1,0357 MEA-BST Lhx6 Nfib Gaba_1,076 MEA-BST Lhx6 Nfib Gaba,11 CNU-HYa GABA,GABA,147,3.8339481,5.215875,0.6394557823129252
1234,1283 MEA-BST Lhx6 Nfib Gaba_1,0357 MEA-BST Lhx6 Nfib Gaba_1,076 MEA-BST Lhx6 Nfib Gaba,11 CNU-HYa GABA,GABA,22,4.894283,5.5524344,0.8181818181818182
1235,1284 MEA-BST Lhx6 Nfib Gaba_1,0357 MEA-BST Lhx6 Nfib Gaba_1,076 MEA-BST Lhx6 Nfib Gaba,11 CNU-HYa GABA,GABA,2,3.3464944,3.3464944,0.5
1236,1285 MEA-BST Lhx6 Nfib Gaba_1,0357 MEA-BST Lhx6 Nfib Gaba_1,076 MEA-BST Lhx6 Nfib Gaba,11 CNU-HYa GABA,GABA,47,4.210467,5.385822,0.7021276595744681
1237,1297 MEA-BST Lhx6 Nfib Gaba_3,0359 MEA-BST Lhx6 Nfib Gaba_3,076 MEA-BST Lhx6 Nfib Gaba,11 CNU-HYa GABA,GABA,2,6.9920926,6.9920926,1.0
1239,1286 MEA-BST Lhx6 Nfib Gaba_1,0357 MEA-BST Lhx6 Nfib Gaba_1,076 MEA-BST Lhx6 Nfib Gaba,11 CNU-HYa GABA,GABA,1,4.7635317,4.7635317,1.0
1240,1302 MEA-BST Lhx6 Nfib Gaba_4,0360 MEA-BST Lhx6 Nfib Gaba_4,076 MEA-BST Lhx6 Nfib Gaba,11 CNU-HYa GABA,GABA,69,4.0318136,5.27634,0.6666666666666666
1241,1294 MEA-BST Lhx6 Nfib Gaba_2,0358 MEA-BST Lhx6 Nfib Gaba_2,076 MEA-BST Lhx6 Nfib Gaba,11 CNU-HYa GABA,GABA,1,5.301564,5.301564,1.0
1244,1287 MEA-BST Lhx6 Nfib Gaba_1,0357 MEA-BST Lhx6 Nfib Gaba_1,076 MEA-BST Lhx6 Nfib Gaba,11 CNU-HYa GABA,GABA,12,4.365429,6.0098786,0.6666666666666666
1245,1308 MEA-BST Lhx6 Nfib Gaba_5,0361 MEA-BST Lhx6 Nfib Gaba_5,076 MEA-BST Lhx6 Nfib Gaba,11 CNU-HYa GABA,GABA,39,4.361938,5.248085,0.7435897435897436
1246,1309 MEA-BST Lhx6 Nfib Gaba_5,0361 MEA-BST Lhx6 Nfib Gaba_5,076 MEA-BST Lhx6 Nfib Gaba,11 CNU-HYa GABA,GABA,296,2.870115,0.0,0.4864864864864865
1247,1310 MEA-BST Lhx6 Nfib Gaba_5,0361 MEA-BST Lhx6 Nfib Gaba_5,076 MEA-BST Lhx6 Nfib Gaba,11 CNU-HYa GABA,GABA,120,3.5478551,4.9926977,0.6
1248,1303 MEA-BST Lhx6 Nfib Gaba_4,0360 MEA-BST Lhx6 Nfib Gaba_4,076 MEA-BST Lhx6 Nfib Gaba,11 CNU-HYa GABA,GABA,18,4.221941,5.582524,0.6666666666666666
1249,1305 MEA-BST Lhx6 Nfib Gaba_5,0361 MEA-BST Lhx6 Nfib Gaba_5,076 MEA-BST Lhx6 Nfib Gaba,11 CNU-HYa GABA,GABA,43,3.6207092,5.3908887,0.5813953488372093
1250,1288 MEA-BST Lhx6 Nfib Gaba_1,0357 MEA-BST Lhx6 Nfib Gaba_1,076 MEA-BST Lhx6 Nfib Gaba,11 CNU-HYa GABA,GABA,6,3.4591115,3.0926564,0.5
1251,0832 STR Prox1 Lhx6 Gaba_1,0233 STR Prox1 Lhx6 Gaba_1,054 STR Prox1 Lhx6 Gaba,08 CNU-MGE GABA,GABA,2,7.1621,7.1621,1.0
1253,1295 MEA-BST Lhx6 Nfib Gaba_2,0358 MEA-BST Lhx6 Nfib Gaba_2,076 MEA-BST Lhx6 Nfib Gaba,11 CNU-HYa GABA,GABA,7,3.8671114,5.9127746,0.5714285714285714
1254,1001 STR-PAL Chst9 Gaba_1,0285 STR-PAL Chst9 Gaba_1,064 STR-PAL Chst9 Gaba,09 CNU-LGE GABA,GABA,3,4.5338855,6.351813,0.6666666666666666
1256,1016 IA Mgp Gaba_1,0290 IA Mgp Gaba_1,065 IA Mgp Gaba,09 CNU-LGE GABA,GABA,2,4.2722316,4.2722316,0.5
1257,0998 STR D1 Sema5a Gaba_3,0283 STR D1 Sema5a Gaba_3,063 STR D1 Sema5a Gaba,09 CNU-LGE GABA,GABA,1,5.3648906,5.3648906,1.0
1259,0999 STR D1 Sema5a Gaba_4,0284 STR D1 Sema5a Gaba_4,063 STR D1 Sema5a Gaba,09 CNU-LGE GABA,GABA,1,0.0,0.0,0.0
1260,1008 STR-PAL Chst9 Gaba_3,0287 STR-PAL Chst9 Gaba_3,064 STR-PAL Chst9 Gaba,09 CNU-LGE GABA,GABA,6,5.4093385,6.39301,0.8333333333333334
1261,1003 STR-PAL Chst9 Gaba_1,0285 STR-PAL Chst9 Gaba_1,064 STR-PAL Chst9 Gaba,09 CNU-LGE GABA,GABA,58,3.3653235,5.432053,0.5344827586206896
1262,1009 STR-PAL Chst9 Gaba_3,0287 STR-PAL Chst9 Gaba_3,064 STR-PAL Chst9 Gaba,09 CNU-LGE GABA,GABA,85,4.134846,5.6390953,0.6705882352941176
1263,1010 STR-PAL Chst9 Gaba_3,0287 STR-PAL Chst9 Gaba_3,064 STR-PAL Chst9 Gaba,09 CNU-LGE GABA,GABA,8,5.1802874,5.818985,0.875
1264,1000 STR D1 Sema5a Gaba_4,0284 STR D1 Sema5a Gaba_4,063 STR D1 Sema5a Gaba,09 CNU-LGE GABA,GABA,8,2.8145206,2.5454671,0.5
1271,1004 STR-PAL Chst9 Gaba_2,0286 STR-PAL Chst9 Gaba_2,064 STR-PAL Chst9 Gaba,09 CNU-LGE GABA,GABA,5,2.700514,0.0,0.4
1276,1011 STR-PAL Chst9 Gaba_4,0288 STR-PAL Chst9 Gaba_4,064 STR-PAL Chst9 Gaba,09 CNU-LGE GABA,GABA,36,3.3438427,5.397143,0.5277777777777778
1277,1005 STR-PAL Chst9 Gaba_2,0286 STR-PAL Chst9 Gaba_2,064 STR-PAL Chst9 Gaba,09 CNU-LGE GABA,GABA,69,2.5370724,0.0,0.42028985507246375
1279,1007 STR-PAL Chst9 Gaba_2,0286 STR-PAL Chst9 Gaba_2,064 STR-PAL Chst9 Gaba,09 CNU-LGE GABA,GABA,1,0.0,0.0,0.0
1280,1012 STR-PAL Chst9 Gaba_4,0288 STR-PAL Chst9 Gaba_4,064 STR-PAL Chst9 Gaba,09 CNU-LGE GABA,GABA,2,4.0561814,4.0561814,0.5
1296,1019 IA Mgp Gaba_2,0291 IA Mgp Gaba_2,065 IA Mgp Gaba,09 CNU-LGE GABA,GABA,1,5.2358203,5.2358203,1.0
1300,0567 OB-in Frmd7 Gaba_8,0157 OB-in Frmd7 Gaba_8,041 OB-in Frmd7 Gaba,05 OB-IMN GABA,GABA,1,0.0,0.0,0.0
1303,0561 OB-in Frmd7 Gaba_5,0154 OB-in Frmd7 Gaba_5,041 OB-in Frmd7 Gaba,05 OB-IMN GABA,GABA,1,5.6104655,5.6104655,1.0
1409,1524 PVR Six3 Sox3 Gaba_7,0417 PVR Six3 Sox3 Gaba_7,089 PVR Six3 Sox3 Gaba,11 CNU-HYa GABA,GABA,19,5.0235863,6.1828127,0.7894736842105263
1410,1535 PVR Six3 Sox3 Gaba_9,0419 PVR Six3 Sox3 Gaba_9,089 PVR Six3 Sox3 Gaba,11 CNU-HYa GABA,Dopa,56,4.0059333,5.354257,0.6607142857142857
1411,1885 PVpo-VMPO-MPN Hmx2 Gaba_1,0482 PVpo-VMPO-MPN Hmx2 Gaba_1,106 PVpo-VMPO-MPN Hmx2 Gaba,12 HY GABA,GABA,19,4.0607724,5.340431,0.6842105263157895
1412,1536 PVR Six3 Sox3 Gaba_9,0419 PVR Six3 Sox3 Gaba_9,089 PVR Six3 Sox3 Gaba,11 CNU-HYa GABA,GABA,124,4.8837996,5.797965,0.7903225806451613
1413,1532 PVR Six3 Sox3 Gaba_9,0419 PVR Six3 Sox3 Gaba_9,089 PVR Six3 Sox3 Gaba,11 CNU-HYa GABA,GABA,38,4.085928,5.3197927,0.6578947368421053
1414,1886 PVpo-VMPO-MPN Hmx2 Gaba_1,0482 PVpo-VMPO-MPN Hmx2 Gaba_1,106 PVpo-VMPO-MPN Hmx2 Gaba,12 HY GABA,GABA,25,4.575596,5.7821264,0.72
1415,1525 PVR Six3 Sox3 Gaba_7,0417 PVR Six3 Sox3 Gaba_7,089 PVR Six3 Sox3 Gaba,11 CNU-HYa GABA,GABA,44,5.116452,6.6040974,0.7727272727272727
1416,1526 PVR Six3 Sox3 Gaba_7,0417 PVR Six3 Sox3 Gaba_7,089 PVR Six3 Sox3 Gaba,11 CNU-HYa GABA,GABA,62,4.341166,5.879222,0.6774193548387096
1417,1527 PVR Six3 Sox3 Gaba_8,0418 PVR Six3 Sox3 Gaba_8,089 PVR Six3 Sox3 Gaba,11 CNU-HYa GABA,GABA,37,4.107774,5.5444374,0.6756756756756757
1418,1531 PVR Six3 Sox3 Gaba_9,0419 PVR Six3 Sox3 Gaba_9,089 PVR Six3 Sox3 Gaba,11 CNU-HYa GABA,GABA,52,4.073701,5.422579,0.6538461538461539
1419,1528 PVR Six3 Sox3 Gaba_8,0418 PVR Six3 Sox3 Gaba_8,089 PVR Six3 Sox3 Gaba,11 CNU-HYa GABA,GABA,112,4.1611295,5.4372926,0.6785714285714286
1420,1529 PVR Six3 Sox3 Gaba_8,0418 PVR Six3 Sox3 Gaba_8,089 PVR Six3 Sox3 Gaba,11 CNU-HYa GABA,GABA,51,5.063607,5.7695932,0.8235294117647058
1421,1530 PVR Six3 Sox3 Gaba_8,0418 PVR Six3 Sox3 Gaba_8,089 PVR Six3 Sox3 Gaba,11 CNU-HYa GABA,GABA,16,3.969935,5.6457787,0.625
1422,1537 PVR Six3 Sox3 Gaba_9,0419 PVR Six3 Sox3 Gaba_9,089 PVR Six3 Sox3 Gaba,11 CNU-HYa GABA,GABA,71,4.2500763,5.613919,0.676056338028169
1423,1533 PVR Six3 Sox3 Gaba_9,0419 PVR Six3 Sox3 Gaba_9,089 PVR Six3 Sox3 Gaba,11 CNU-HYa GABA,GABA,45,3.530343,5.177873,0.5555555555555556
1424,1534 PVR Six3 Sox3 Gaba_9,0419 PVR Six3 Sox3 Gaba_9,089 PVR Six3 Sox3 Gaba,11 CNU-HYa GABA,GABA,58,4.194659,5.3566647,0.6896551724137931
1425,1611 SCH Six6 Cdc14a Gaba_2,0437 SCH Six6 Cdc14a Gaba_2,094 SCH Six6 Cdc14a Gaba,12 HY GABA,GABA,103,4.8606644,6.1921716,0.7281553398058253
1426,1605 SCH Six6 Cdc14a Gaba_1,0436 SCH Six6 Cdc14a Gaba_1,094 SCH Six6 Cdc14a Gaba,12 HY GABA,GABA,146,3.988268,6.0760217,0.5821917808219178
1427,1612 SCH Six6 Cdc14a Gaba_2,0437 SCH Six6 Cdc14a Gaba_2,094 SCH Six6 Cdc14a Gaba,12 HY GABA,GABA,175,3.6300228,5.6684003,0.5371428571428571
1428,1606 SCH Six6 Cdc14a Gaba_1,0436 SCH Six6 Cdc14a Gaba_1,094 SCH Six6 Cdc14a Gaba,12 HY GABA,GABA,160,3.8103077,5.4797926,0.58125
1429,1613 SCH Six6 Cdc14a Gaba_2,0437 SCH Six6 Cdc14a Gaba_2,094 SCH Six6 Cdc14a Gaba,12 HY GABA,GABA,103,3.8440917,5.8549023,0.5825242718446602
1430,1607 SCH Six6 Cdc14a Gaba_1,0436 SCH Six6 Cdc14a Gaba_1,094 SCH Six6 Cdc14a Gaba,12 HY GABA,GABA,210,4.190159,5.9896617,0.6047619047619047
1431,1614 SCH Six6 Cdc14a Gaba_2,0437 SCH Six6 Cdc14a Gaba_2,094 SCH Six6 Cdc14a Gaba,12 HY GABA,GABA,402,4.2241035,5.953067,0.6268656716417911
1432,1608 SCH Six6 Cdc14a Gaba_1,0436 SCH Six6 Cdc14a Gaba_1,094 SCH Six6 Cdc14a Gaba,12 HY GABA,GABA,64,5.611727,6.3073144,0.859375
1433,1609 SCH Six6 Cdc14a Gaba_1,0436 SCH Six6 Cdc14a Gaba_1,094 SCH Six6 Cdc14a Gaba,12 HY GABA,GABA,69,5.540102,6.3076205,0.855072463768116
1434,1565 BST-MPN Six3 Nrgn Gaba_7,0426 BST-MPN Six3 Nrgn Gaba_7,090 BST-MPN Six3 Nrgn Gaba,11 CNU-HYa GABA,GABA,35,5.688678,6.671318,0.8571428571428571
1435,1566 BST-MPN Six3 Nrgn Gaba_7,0426 BST-MPN Six3 Nrgn Gaba_7,090 BST-MPN Six3 Nrgn Gaba,11 CNU-HYa GABA,GABA,78,5.799517,6.338873,0.8974358974358975
1436,1567 BST-MPN Six3 Nrgn Gaba_7,0426 BST-MPN Six3 Nrgn Gaba_7,090 BST-MPN Six3 Nrgn Gaba,11 CNU-HYa GABA,GABA,47,5.011514,5.752632,0.8297872340425532
1437,1642 PVHd-SBPV Six3 Prox1 Gaba_4,0445 PVHd-SBPV Six3 Prox1 Gaba_4,097 PVHd-SBPV Six3 Prox1 Gaba,12 HY GABA,GABA,128,4.546433,5.7054596,0.71875
1438,1643 PVHd-SBPV Six3 Prox1 Gaba_4,0445 PVHd-SBPV Six3 Prox1 Gaba_4,097 PVHd-SBPV Six3 Prox1 Gaba,12 HY GABA,GABA,72,3.6828609,5.1505423,0.625
1439,1634 PVHd-SBPV Six3 Prox1 Gaba_2,0443 PVHd-SBPV Six3 Prox1 Gaba_2,097 PVHd-SBPV Six3 Prox1 Gaba,12 HY GABA,GABA,191,4.572269,5.7633123,0.7329842931937173
1440,1635 PVHd-SBPV Six3 Prox1 Gaba_2,0443 PVHd-SBPV Six3 Prox1 Gaba_2,097 PVHd-SBPV Six3 Prox1 Gaba,12 HY GABA,GABA,170,4.609944,5.788825,0.7352941176470589
1441,1636 PVHd-SBPV Six3 Prox1 Gaba_2,0443 PVHd-SBPV Six3 Prox1 Gaba_2,097 PVHd-SBPV Six3 Prox1 Gaba,12 HY GABA,GABA,38,5.262908,5.86312,0.8421052631578947
1442,1568 BST-MPN Six3 Nrgn Gaba_7,0426 BST-MPN Six3 Nrgn Gaba_7,090 BST-MPN Six3 Nrgn Gaba,11 CNU-HYa GABA,GABA,64,4.5871387,5.569149,0.765625
1443,1644 PVHd-SBPV Six3 Prox1 Gaba_4,0445 PVHd-SBPV Six3 Prox1 Gaba_4,097 PVHd-SBPV Six3 Prox1 Gaba,12 HY GABA,GABA,30,4.812004,6.250348,0.7333333333333333
1444,1645 PVHd-SBPV Six3 Prox1 Gaba_4,0445 PVHd-SBPV Six3 Prox1 Gaba_4,097 PVHd-SBPV Six3 Prox1 Gaba,12 HY GABA,GABA,55,5.899965,6.701137,0.9090909090909091
1445,1511 PVR Six3 Sox3 Gaba_3,0413 PVR Six3 Sox3 Gaba_3,089 PVR Six3 Sox3 Gaba,11 CNU-HYa GABA,GABA,26,4.42693,5.6695375,0.6923076923076923
1446,1512 PVR Six3 Sox3 Gaba_3,0413 PVR Six3 Sox3 Gaba_3,089 PVR Six3 Sox3 Gaba,11 CNU-HYa GABA,GABA,21,5.831334,6.5265207,0.9047619047619048
1447,1646 PVHd-SBPV Six3 Prox1 Gaba_4,0445 PVHd-SBPV Six3 Prox1 Gaba_4,097 PVHd-SBPV Six3 Prox1 Gaba,12 HY GABA,GABA,76,4.876817,6.1347704,0.75
1448,1882 PVpo-VMPO-MPN Hmx2 Gaba_1,0482 PVpo-VMPO-MPN Hmx2 Gaba_1,106 PVpo-VMPO-MPN Hmx2 Gaba,12 HY GABA,GABA,69,3.3213136,4.879656,0.5652173913043478
1449,1235 MEA-BST Sox6 Gaba_10,0346 MEA-BST Sox6 Gaba_10,073 MEA-BST Sox6 Gaba,11 CNU-HYa GABA,GABA,17,3.427357,5.057801,0.5882352941176471
1450,1503 PVR Six3 Sox3 Gaba_1,0411 PVR Six3 Sox3 Gaba_1,089 PVR Six3 Sox3 Gaba,11 CNU-HYa GABA,GABA,44,5.482518,6.255625,0.8636363636363636
1451,1504 PVR Six3 Sox3 Gaba_1,0411 PVR Six3 Sox3 Gaba_1,089 PVR Six3 Sox3 Gaba,11 CNU-HYa GABA,GABA,98,4.2819805,5.680132,0.673469387755102
1452,1505 PVR Six3 Sox3 Gaba_1,0411 PVR Six3 Sox3 Gaba_1,089 PVR Six3 Sox3 Gaba,11 CNU-HYa GABA,GABA,44,5.107895,6.13216,0.7954545454545454
1453,1506 PVR Six3 Sox3 Gaba_1,0411 PVR Six3 Sox3 Gaba_1,089 PVR Six3 Sox3 Gaba,11 CNU-HYa GABA,GABA,16,5.802895,6.5752025,0.875
1454,1541 BST-MPN Six3 Nrgn Gaba_3,0422 BST-MPN Six3 Nrgn Gaba_3,090 BST-MPN Six3 Nrgn Gaba,11 CNU-HYa GABA,GABA,114,5.0620804,5.9748545,0.8070175438596491
1455,1538 BST-MPN Six3 Nrgn Gaba_1,0420 BST-MPN Six3 Nrgn Gaba_1,090 BST-MPN Six3 Nrgn Gaba,11 CNU-HYa GABA,GABA,99,4.7550216,5.801819,0.7575757575757576
1456,1513 PVR Six3 Sox3 Gaba_3,0413 PVR Six3 Sox3 Gaba_3,089 PVR Six3 Sox3 Gaba,11 CNU-HYa GABA,GABA,88,5.570563,6.15172,0.9090909090909091
1457,1508 PVR Six3 Sox3 Gaba_2,0412 PVR Six3 Sox3 Gaba_2,089 PVR Six3 Sox3 Gaba,11 CNU-HYa GABA,GABA,181,4.8221397,6.23304,0.7348066298342542
1458,1509 PVR Six3 Sox3 Gaba_2,0412 PVR Six3 Sox3 Gaba_2,089 PVR Six3 Sox3 Gaba,11 CNU-HYa GABA,GABA,78,4.6354775,5.5042534,0.7435897435897436
1459,1510 PVR Six3 Sox3 Gaba_2,0412 PVR Six3 Sox3 Gaba_2,089 PVR Six3 Sox3 Gaba,11 CNU-HYa GABA,GABA,61,4.981655,6.2121186,0.7704918032786885
1460,1507 PVR Six3 Sox3 Gaba_1,0411 PVR Six3 Sox3 Gaba_1,089 PVR Six3 Sox3 Gaba,11 CNU-HYa GABA,GABA,158,4.5049434,5.638562,0.7278481012658228
1461,1668 AHN-SBPV-PVHd Pdrm12 Gaba_5,0450 AHN-SBPV-PVHd Pdrm12 Gaba_5,098 AHN-SBPV-PVHd Pdrm12 Gaba,12 HY GABA,GABA,42,5.778993,6.245246,0.9047619047619048
1462,1514 PVR Six3 Sox3 Gaba_3,0413 PVR Six3 Sox3 Gaba_3,089 PVR Six3 Sox3 Gaba,11 CNU-HYa GABA,GABA,25,5.5246015,6.5002527,0.8
1463,1669 AHN-SBPV-PVHd Pdrm12 Gaba_5,0450 AHN-SBPV-PVHd Pdrm12 Gaba_5,098 AHN-SBPV-PVHd Pdrm12 Gaba,12 HY GABA,GABA,61,5.1689973,6.191607,0.8032786885245902
1464,1615 SCH Six6 Cdc14a Gaba_3,0438 SCH Six6 Cdc14a Gaba_3,094 SCH Six6 Cdc14a Gaba,12 HY GABA,GABA,48,3.4234526,5.412615,0.5208333333333334
1465,1610 SCH Six6 Cdc14a Gaba_1,0436 SCH Six6 Cdc14a Gaba_1,094 SCH Six6 Cdc14a Gaba,12 HY GABA,GABA,115,4.3976836,5.918418,0.6521739130434783
1466,1616 SCH Six6 Cdc14a Gaba_3,0438 SCH Six6 Cdc14a Gaba_3,094 SCH Six6 Cdc14a Gaba,12 HY GABA,GABA,86,4.030121,5.964883,0.5930232558139535
1467,1617 SCH Six6 Cdc14a Gaba_3,0438 SCH Six6 Cdc14a Gaba_3,094 SCH Six6 Cdc14a Gaba,12 HY GABA,GABA,117,4.0171456,5.693087,0.6153846153846154
1469,1618 SCH Six6 Cdc14a Gaba_3,0438 SCH Six6 Cdc14a Gaba_3,094 SCH Six6 Cdc14a Gaba,12 HY GABA,GABA,38,3.943047,5.9147663,0.5789473684210527
1470,2564 HY Gnrh1 Glut_1,0628 HY Gnrh1 Glut_1,142 HY Gnrh1 Glut,15 HY Gnrh1 Glut,Glut,62,4.226376,4.9056473,0.7903225806451613
1471,1695 SBPV-PVa Six6 Satb2 Gaba_3,0455 SBPV-PVa Six6 Satb2 Gaba_3,099 SBPV-PVa Six6 Satb2 Gaba,12 HY GABA,GABA,60,4.7469716,6.031992,0.7333333333333333
1472,1683 SBPV-PVa Six6 Satb2 Gaba_1,0453 SBPV-PVa Six6 Satb2 Gaba_1,099 SBPV-PVa Six6 Satb2 Gaba,12 HY GABA,Dopa,162,4.4200234,5.657944,0.7037037037037037
1473,1684 SBPV-PVa Six6 Satb2 Gaba_1,0453 SBPV-PVa Six6 Satb2 Gaba_1,099 SBPV-PVa Six6 Satb2 Gaba,12 HY GABA,GABA,74,4.340523,5.5462317,0.7162162162162162
1474,1685 SBPV-PVa Six6 Satb2 Gaba_1,0453 SBPV-PVa Six6 Satb2 Gaba_1,099 SBPV-PVa Six6 Satb2 Gaba,12 HY GABA,GABA,99,5.0166388,5.9008484,0.797979797979798
1475,1696 SBPV-PVa Six6 Satb2 Gaba_3,0455 SBPV-PVa Six6 Satb2 Gaba_3,099 SBPV-PVa Six6 Satb2 Gaba,12 HY GABA,GABA,41,5.523452,5.9442263,0.8780487804878049
1476,1697 SBPV-PVa Six6 Satb2 Gaba_3,0455 SBPV-PVa Six6 Satb2 Gaba_3,099 SBPV-PVa Six6 Satb2 Gaba,12 HY GABA,GABA,424,5.3152113,6.2244053,0.8254716981132075
1477,1691 SBPV-PVa Six6 Satb2 Gaba_2,0454 SBPV-PVa Six6 Satb2 Gaba_2,099 SBPV-PVa Six6 Satb2 Gaba,12 HY GABA,GABA,89,4.0040216,5.5094852,0.651685393258427
1478,1694 SBPV-PVa Six6 Satb2 Gaba_3,0455 SBPV-PVa Six6 Satb2 Gaba_3,099 SBPV-PVa Six6 Satb2 Gaba,12 HY GABA,GABA,135,4.5934224,5.957182,0.7037037037037037
1479,1692 SBPV-PVa Six6 Satb2 Gaba_2,0454 SBPV-PVa Six6 Satb2 Gaba_2,099 SBPV-PVa Six6 Satb2 Gaba,12 HY GABA,GABA,71,4.896315,5.932754,0.7605633802816901
1480,1688 SBPV-PVa Six6 Satb2 Gaba_2,0454 SBPV-PVa Six6 Satb2 Gaba_2,099 SBPV-PVa Six6 Satb2 Gaba,12 HY GABA,GABA,77,4.524232,5.565618,0.7532467532467533
1481,1686 SBPV-PVa Six6 Satb2 Gaba_1,0453 SBPV-PVa Six6 Satb2 Gaba_1,099 SBPV-PVa Six6 Satb2 Gaba,12 HY GABA,GABA,100,4.975753,5.7587156,0.81
1482,1687 SBPV-PVa Six6 Satb2 Gaba_1,0453 SBPV-PVa Six6 Satb2 Gaba_1,099 SBPV-PVa Six6 Satb2 Gaba,12 HY GABA,GABA,150,4.627401,5.629038,0.74
1483,1569 ARH-PVi Six6 Dopa-Gaba_1,0427 ARH-PVi Six6 Dopa-Gaba_1,091 ARH-PVi Six6 Dopa-Gaba,12 HY GABA,Dopa,98,4.7385745,5.5088835,0.8163265306122449
1484,1570 ARH-PVi Six6 Dopa-Gaba_1,0427 ARH-PVi Six6 Dopa-Gaba_1,091 ARH-PVi Six6 Dopa-Gaba,12 HY GABA,Dopa,112,4.0884576,5.29574,0.6964285714285714
1485,1571 ARH-PVi Six6 Dopa-Gaba_1,0427 ARH-PVi Six6 Dopa-Gaba_1,091 ARH-PVi Six6 Dopa-Gaba,12 HY GABA,Dopa,117,4.3269844,5.2928896,0.7435897435897436
1486,1689 SBPV-PVa Six6 Satb2 Gaba_2,0454 SBPV-PVa Six6 Satb2 Gaba_2,099 SBPV-PVa Six6 Satb2 Gaba,12 HY GABA,GABA,27,4.666754,5.4362154,0.7407407407407407
1487,1647 AHN-SBPV-PVHd Pdrm12 Gaba_1,0446 AHN-SBPV-PVHd Pdrm12 Gaba_1,098 AHN-SBPV-PVHd Pdrm12 Gaba,12 HY GABA,GABA,137,5.187665,6.062952,0.8175182481751825
1488,1648 AHN-SBPV-PVHd Pdrm12 Gaba_1,0446 AHN-SBPV-PVHd Pdrm12 Gaba_1,098 AHN-SBPV-PVHd Pdrm12 Gaba,12 HY GABA,GABA,124,4.48449,5.4506435,0.7419354838709677
1489,1678 AHN-SBPV-PVHd Pdrm12 Gaba_7,0452 AHN-SBPV-PVHd Pdrm12 Gaba_7,098 AHN-SBPV-PVHd Pdrm12 Gaba,12 HY GABA,GABA,53,5.0198092,5.523322,0.8113207547169812
1490,1679 AHN-SBPV-PVHd Pdrm12 Gaba_7,0452 AHN-SBPV-PVHd Pdrm12 Gaba_7,098 AHN-SBPV-PVHd Pdrm12 Gaba,12 HY GABA,GABA,77,4.517284,5.5149026,0.7402597402597403
1491,1672 AHN-SBPV-PVHd Pdrm12 Gaba_6,0451 AHN-SBPV-PVHd Pdrm12 Gaba_6,098 AHN-SBPV-PVHd Pdrm12 Gaba,12 HY GABA,Dopa,47,4.9844537,6.146884,0.8085106382978723
1492,1673 AHN-SBPV-PVHd Pdrm12 Gaba_6,0451 AHN-SBPV-PVHd Pdrm12 Gaba_6,098 AHN-SBPV-PVHd Pdrm12 Gaba,12 HY GABA,GABA,56,5.366208,5.977131,0.875
1493,1657 AHN-SBPV-PVHd Pdrm12 Gaba_3,0448 AHN-SBPV-PVHd Pdrm12 Gaba_3,098 AHN-SBPV-PVHd Pdrm12 Gaba,12 HY GABA,GABA,135,5.1040225,6.0914087,0.7925925925925926
1494,1651 AHN-SBPV-PVHd Pdrm12 Gaba_2,0447 AHN-SBPV-PVHd Pdrm12 Gaba_2,098 AHN-SBPV-PVHd Pdrm12 Gaba,12 HY GABA,GABA,54,4.543496,5.5867634,0.7222222222222222
1495,1652 AHN-SBPV-PVHd Pdrm12 Gaba_2,0447 AHN-SBPV-PVHd Pdrm12 Gaba_2,098 AHN-SBPV-PVHd Pdrm12 Gaba,12 HY GABA,GABA,125,4.728743,5.8778296,0.752
1496,1676 AHN-SBPV-PVHd Pdrm12 Gaba_6,0451 AHN-SBPV-PVHd Pdrm12 Gaba_6,098 AHN-SBPV-PVHd Pdrm12 Gaba,12 HY GABA,GABA,128,5.2998476,5.987809,0.8515625
1497,1659 AHN-SBPV-PVHd Pdrm12 Gaba_3,0448 AHN-SBPV-PVHd Pdrm12 Gaba_3,098 AHN-SBPV-PVHd Pdrm12 Gaba,12 HY GABA,GABA,204,4.7890663,5.8545656,0.7647058823529411
1498,1660 AHN-SBPV-PVHd Pdrm12 Gaba_3,0448 AHN-SBPV-PVHd Pdrm12 Gaba_3,098 AHN-SBPV-PVHd Pdrm12 Gaba,12 HY GABA,GABA,43,4.7292967,5.885721,0.7674418604651163
1499,1661 AHN-SBPV-PVHd Pdrm12 Gaba_3,0448 AHN-SBPV-PVHd Pdrm12 Gaba_3,098 AHN-SBPV-PVHd Pdrm12 Gaba,12 HY GABA,GABA,44,4.9467306,5.984576,0.7954545454545454
1500,1649 AHN-SBPV-PVHd Pdrm12 Gaba_1,0446 AHN-SBPV-PVHd Pdrm12 Gaba_1,098 AHN-SBPV-PVHd Pdrm12 Gaba,12 HY GABA,GABA,67,4.2667665,5.5039644,0.6865671641791045
1501,1677 AHN-SBPV-PVHd Pdrm12 Gaba_6,0451 AHN-SBPV-PVHd Pdrm12 Gaba_6,098 AHN-SBPV-PVHd Pdrm12 Gaba,12 HY GABA,GABA,55,4.7202106,5.9682746,0.7636363636363637
1502,1674 AHN-SBPV-PVHd Pdrm12 Gaba_6,0451 AHN-SBPV-PVHd Pdrm12 Gaba_6,098 AHN-SBPV-PVHd Pdrm12 Gaba,12 HY GABA,GABA,75,5.574115,6.0839787,0.8666666666666667
1503,1653 AHN-SBPV-PVHd Pdrm12 Gaba_2,0447 AHN-SBPV-PVHd Pdrm12 Gaba_2,098 AHN-SBPV-PVHd Pdrm12 Gaba,12 HY GABA,GABA,54,3.8240442,5.2966204,0.6481481481481481
1504,1650 AHN-SBPV-PVHd Pdrm12 Gaba_1,0446 AHN-SBPV-PVHd Pdrm12 Gaba_1,098 AHN-SBPV-PVHd Pdrm12 Gaba,12 HY GABA,GABA,50,3.3734832,5.0543633,0.56
1505,1662 AHN-SBPV-PVHd Pdrm12 Gaba_3,0448 AHN-SBPV-PVHd Pdrm12 Gaba_3,098 AHN-SBPV-PVHd Pdrm12 Gaba,12 HY GABA,GABA,112,4.607405,5.892116,0.7410714285714286
1506,1693 SBPV-PVa Six6 Satb2 Gaba_2,0454 SBPV-PVa Six6 Satb2 Gaba_2,099 SBPV-PVa Six6 Satb2 Gaba,12 HY GABA,GABA,87,4.836769,5.854821,0.7701149425287356
1507,1680 AHN-SBPV-PVHd Pdrm12 Gaba_7,0452 AHN-SBPV-PVHd Pdrm12 Gaba_7,098 AHN-SBPV-PVHd Pdrm12 Gaba,12 HY GABA,GABA,16,4.909557,5.5722723,0.8125
1508,1681 AHN-SBPV-PVHd Pdrm12 Gaba_7,0452 AHN-SBPV-PVHd Pdrm12 Gaba_7,098 AHN-SBPV-PVHd Pdrm12 Gaba,12 HY GABA,GABA,31,5.080924,6.170805,0.8064516129032258
1509,1658 AHN-SBPV-PVHd Pdrm12 Gaba_3,0448 AHN-SBPV-PVHd Pdrm12 Gaba_3,098 AHN-SBPV-PVHd Pdrm12 Gaba,12 HY GABA,GABA,327,5.0160885,6.0724363,0.7920489296636085
1511,1675 AHN-SBPV-PVHd Pdrm12 Gaba_6,0451 AHN-SBPV-PVHd Pdrm12 Gaba_6,098 AHN-SBPV-PVHd Pdrm12 Gaba,12 HY GABA,GABA,56,5.3676023,6.276698,0.8392857142857143
1512,1682 AHN-SBPV-PVHd Pdrm12 Gaba_7,0452 AHN-SBPV-PVHd Pdrm12 Gaba_7,098 AHN-SBPV-PVHd Pdrm12 Gaba,12 HY GABA,GABA,26,4.6344094,5.9415646,0.7307692307692307
1513,1699 AHN Onecut3 Gaba_1,0456 AHN Onecut3 Gaba_1,100 AHN Onecut3 Gaba,12 HY GABA,GABA,35,3.4862816,5.274272,0.5714285714285714
1514,1551 BST-MPN Six3 Nrgn Gaba_5,0424 BST-MPN Six3 Nrgn Gaba_5,090 BST-MPN Six3 Nrgn Gaba,11 CNU-HYa GABA,GABA,18,4.6385484,5.7344475,0.7777777777777778
1515,1552 BST-MPN Six3 Nrgn Gaba_5,0424 BST-MPN Six3 Nrgn Gaba_5,090 BST-MPN Six3 Nrgn Gaba,11 CNU-HYa GABA,GABA,27,2.8679385,4.3040204,0.5185185185185185
1516,1553 BST-MPN Six3 Nrgn Gaba_5,0424 BST-MPN Six3 Nrgn Gaba_5,090 BST-MPN Six3 Nrgn Gaba,11 CNU-HYa GABA,GABA,4,5.194184,5.1825705,1.0
1517,1556 BST-MPN Six3 Nrgn Gaba_5,0424 BST-MPN Six3 Nrgn Gaba_5,090 BST-MPN Six3 Nrgn Gaba,11 CNU-HYa GABA,GABA,43,3.6746397,5.0962257,0.6511627906976745
1518,1554 BST-MPN Six3 Nrgn Gaba_5,0424 BST-MPN Six3 Nrgn Gaba_5,090 BST-MPN Six3 Nrgn Gaba,11 CNU-HYa GABA,GABA,60,3.1874738,4.5443616,0.55
1519,1547 BST-MPN Six3 Nrgn Gaba_4,0423 BST-MPN Six3 Nrgn Gaba_4,090 BST-MPN Six3 Nrgn Gaba,11 CNU-HYa GABA,GABA,16,3.2800684,4.9363174,0.5625
1520,1540 BST-MPN Six3 Nrgn Gaba_2,0421 BST-MPN Six3 Nrgn Gaba_2,090 BST-MPN Six3 Nrgn Gaba,11 CNU-HYa GABA,GABA,137,3.6612773,4.9359055,0.6423357664233577
1521,1562 BST-MPN Six3 Nrgn Gaba_6,0425 BST-MPN Six3 Nrgn Gaba_6,090 BST-MPN Six3 Nrgn Gaba,11 CNU-HYa GABA,GABA,53,5.414315,6.0573015,0.8867924528301887
1522,1563 BST-MPN Six3 Nrgn Gaba_6,0425 BST-MPN Six3 Nrgn Gaba_6,090 BST-MPN Six3 Nrgn Gaba,11 CNU-HYa GABA,GABA,28,3.8545773,5.513042,0.6071428571428571
1523,1315 CEA-BST Gal Avp Gaba_1,0363 CEA-BST Gal Avp Gaba_1,077 CEA-BST Gal Avp Gaba,11 CNU-HYa GABA,GABA,6,5.226691,6.1431694,0.8333333333333334
1524,1316 CEA-BST Gal Avp Gaba_1,0363 CEA-BST Gal Avp Gaba_1,077 CEA-BST Gal Avp Gaba,11 CNU-HYa GABA,GABA,2,6.4785824,6.4785824,1.0
1525,1548 BST-MPN Six3 Nrgn Gaba_4,0423 BST-MPN Six3 Nrgn Gaba_4,090 BST-MPN Six3 Nrgn Gaba,11 CNU-HYa GABA,GABA,274,4.9110417,5.9301124,0.7956204379562044
1526,1542 BST-MPN Six3 Nrgn Gaba_3,0422 BST-MPN Six3 Nrgn Gaba_3,090 BST-MPN Six3 Nrgn Gaba,11 CNU-HYa GABA,GABA,41,4.8088994,5.5669937,0.8048780487804879
1527,1543 BST-MPN Six3 Nrgn Gaba_3,0422 BST-MPN Six3 Nrgn Gaba_3,090 BST-MPN Six3 Nrgn Gaba,11 CNU-HYa GABA,GABA,317,4.359301,5.532816,0.7034700315457413
1528,1544 BST-MPN Six3 Nrgn Gaba_3,0422 BST-MPN Six3 Nrgn Gaba_3,090 BST-MPN Six3 Nrgn Gaba,11 CNU-HYa GABA,GABA,217,4.598818,5.8664813,0.728110599078341
1529,1545 BST-MPN Six3 Nrgn Gaba_3,0422 BST-MPN Six3 Nrgn Gaba_3,090 BST-MPN Six3 Nrgn Gaba,11 CNU-HYa GABA,GABA,57,4.971199,6.246896,0.7719298245614035
1530,1549 BST-MPN Six3 Nrgn Gaba_4,0423 BST-MPN Six3 Nrgn Gaba_4,090 BST-MPN Six3 Nrgn Gaba,11 CNU-HYa GABA,GABA,71,5.16738,5.954278,0.8450704225352113
1531,1561 BST-MPN Six3 Nrgn Gaba_6,0425 BST-MPN Six3 Nrgn Gaba_6,090 BST-MPN Six3 Nrgn Gaba,11 CNU-HYa GABA,GABA,94,4.4946265,5.548217,0.7446808510638298
1532,1550 BST-MPN Six3 Nrgn Gaba_4,0423 BST-MPN Six3 Nrgn Gaba_4,090 BST-MPN Six3 Nrgn Gaba,11 CNU-HYa GABA,GABA,80,5.679307,6.2039413,0.9125
1533,1539 BST-MPN Six3 Nrgn Gaba_1,0420 BST-MPN Six3 Nrgn Gaba_1,090 BST-MPN Six3 Nrgn Gaba,11 CNU-HYa GABA,GABA,162,5.023482,5.8518047,0.8209876543209876
1534,1498 BST Tac2 Gaba_1,0409 BST Tac2 Gaba_1,088 BST Tac2 Gaba,11 CNU-HYa GABA,GABA,41,4.7843,5.1520953,0.8292682926829268
1535,1557 BST-MPN Six3 Nrgn Gaba_5,0424 BST-MPN Six3 Nrgn Gaba_5,090 BST-MPN Six3 Nrgn Gaba,11 CNU-HYa GABA,GABA,3,4.522776,6.326068,0.6666666666666666
1536,1546 BST-MPN Six3 Nrgn Gaba_3,0422 BST-MPN Six3 Nrgn Gaba_3,090 BST-MPN Six3 Nrgn Gaba,11 CNU-HYa GABA,GABA,34,5.0949025,5.9441605,0.8235294117647058
1537,1414 BST-SI-AAA Six3 Slc22a3 Gaba_2,0395 BST-SI-AAA Six3 Slc22a3 Gaba_2,084 BST-SI-AAA Six3 Slc22a3 Gaba,11 CNU-HYa GABA,GABA,21,4.2013984,5.064418,0.7619047619047619
1538,1560 BST-MPN Six3 Nrgn Gaba_6,0425 BST-MPN Six3 Nrgn Gaba_6,090 BST-MPN Six3 Nrgn Gaba,11 CNU-HYa GABA,GABA,6,4.6849723,5.3014894,0.8333333333333334
1539,1564 BST-MPN Six3 Nrgn Gaba_6,0425 BST-MPN Six3 Nrgn Gaba_6,090 BST-MPN Six3 Nrgn Gaba,11 CNU-HYa GABA,GABA,13,4.145426,5.535408,0.6923076923076923
1540,1411 BST-SI-AAA Six3 Slc22a3 Gaba_1,0394 BST-SI-AAA Six3 Slc22a3 Gaba_1,084 BST-SI-AAA Six3 Slc22a3 Gaba,11 CNU-HYa GABA,GABA,15,4.2967114,5.664738,0.7333333333333333
1541,1412 BST-SI-AAA Six3 Slc22a3 Gaba_1,0394 BST-SI-AAA Six3 Slc22a3 Gaba_1,084 BST-SI-AAA Six3 Slc22a3 Gaba,11 CNU-HYa GABA,GABA,29,4.6640153,5.369824,0.7931034482758621
1542,1415 BST-SI-AAA Six3 Slc22a3 Gaba_2,0395 BST-SI-AAA Six3 Slc22a3 Gaba_2,084 BST-SI-AAA Six3 Slc22a3 Gaba,11 CNU-HYa GABA,GABA,24,2.9362535,4.2709837,0.5416666666666666
1543,1416 BST-SI-AAA Six3 Slc22a3 Gaba_2,0395 BST-SI-AAA Six3 Slc22a3 Gaba_2,084 BST-SI-AAA Six3 Slc22a3 Gaba,11 CNU-HYa GABA,GABA,20,4.7155266,5.8249636,0.75
1544,1413 BST-SI-AAA Six3 Slc22a3 Gaba_1,0394 BST-SI-AAA Six3 Slc22a3 Gaba_1,084 BST-SI-AAA Six3 Slc22a3 Gaba,11 CNU-HYa GABA,GABA,11,4.4122176,5.577685,0.7272727272727273
1545,1417 BST-SI-AAA Six3 Slc22a3 Gaba_2,0395 BST-SI-AAA Six3 Slc22a3 Gaba_2,084 BST-SI-AAA Six3 Slc22a3 Gaba,11 CNU-HYa GABA,GABA,8,5.5564804,5.475095,1.0
1546,1493 BST Tac2 Gaba_1,0409 BST Tac2 Gaba_1,088 BST Tac2 Gaba,11 CNU-HYa GABA,GABA,62,4.822172,5.9922724,0.7903225806451613
1547,1494 BST Tac2 Gaba_1,0409 BST Tac2 Gaba_1,088 BST Tac2 Gaba,11 CNU-HYa GABA,GABA,21,3.4302714,4.920947,0.6190476190476191
1548,1495 BST Tac2 Gaba_1,0409 BST Tac2 Gaba_1,088 BST Tac2 Gaba,11 CNU-HYa GABA,GABA,52,4.1599183,5.2809606,0.7115384615384616
1549,1496 BST Tac2 Gaba_1,0409 BST Tac2 Gaba_1,088 BST Tac2 Gaba,11 CNU-HYa GABA,GABA,38,4.519144,5.339345,0.7631578947368421
1550,1497 BST Tac2 Gaba_1,0409 BST Tac2 Gaba_1,088 BST Tac2 Gaba,11 CNU-HYa GABA,GABA,19,4.2816043,5.1827207,0.7368421052631579
1551,1460 MPO-ADP Lhx8 Gaba_2,0403 MPO-ADP Lhx8 Gaba_2,086 MPO-ADP Lhx8 Gaba,11 CNU-HYa GABA,GABA,48,4.634858,5.516677,0.7916666666666666
1552,1466 MPO-ADP Lhx8 Gaba_3,0404 MPO-ADP Lhx8 Gaba_3,086 MPO-ADP Lhx8 Gaba,11 CNU-HYa GABA,GABA,39,4.1728244,5.1974177,0.717948717948718
1553,1467 MPO-ADP Lhx8 Gaba_3,0404 MPO-ADP Lhx8 Gaba_3,086 MPO-ADP Lhx8 Gaba,11 CNU-HYa GABA,GABA,7,4.3514013,5.947497,0.7142857142857143
1554,1468 MPO-ADP Lhx8 Gaba_3,0404 MPO-ADP Lhx8 Gaba_3,086 MPO-ADP Lhx8 Gaba,11 CNU-HYa GABA,GABA,38,5.056601,6.2072372,0.7894736842105263
1555,1461 MPO-ADP Lhx8 Gaba_2,0403 MPO-ADP Lhx8 Gaba_2,086 MPO-ADP Lhx8 Gaba,11 CNU-HYa GABA,GABA,54,4.9491067,5.9375353,0.8148148148148148
1556,1469 MPO-ADP Lhx8 Gaba_3,0404 MPO-ADP Lhx8 Gaba_3,086 MPO-ADP Lhx8 Gaba,11 CNU-HYa GABA,Dopa,16,5.168966,5.5413036,0.875
1557,1462 MPO-ADP Lhx8 Gaba_2,0403 MPO-ADP Lhx8 Gaba_2,086 MPO-ADP Lhx8 Gaba,11 CNU-HYa GABA,GABA,68,4.596974,5.5943146,0.7794117647058824
1558,1475 MPO-ADP Lhx8 Gaba_4,0405 MPO-ADP Lhx8 Gaba_4,086 MPO-ADP Lhx8 Gaba,11 CNU-HYa GABA,GABA,3,5.6161017,5.573102,1.0
1559,1476 MPO-ADP Lhx8 Gaba_4,0405 MPO-ADP Lhx8 Gaba_4,086 MPO-ADP Lhx8 Gaba,11 CNU-HYa GABA,GABA,10,4.531142,5.256628,0.8
1560,1477 MPO-ADP Lhx8 Gaba_4,0405 MPO-ADP Lhx8 Gaba_4,086 MPO-ADP Lhx8 Gaba,11 CNU-HYa GABA,GABA,13,4.581848,6.12921,0.6923076923076923
1561,1463 MPO-ADP Lhx8 Gaba_2,0403 MPO-ADP Lhx8 Gaba_2,086 MPO-ADP Lhx8 Gaba,11 CNU-HYa GABA,GABA,23,4.1963305,5.105372,0.7391304347826086
1562,1480 MPO-ADP Lhx8 Gaba_5,0406 MPO-ADP Lhx8 Gaba_5,086 MPO-ADP Lhx8 Gaba,11 CNU-HYa GABA,GABA,15,6.805013,7.162774,0.9333333333333333
1563,1478 MPO-ADP Lhx8 Gaba_4,0405 MPO-ADP Lhx8 Gaba_4,086 MPO-ADP Lhx8 Gaba,11 CNU-HYa GABA,GABA,29,5.296816,6.0693774,0.8620689655172413
1564,1481 MPO-ADP Lhx8 Gaba_5,0406 MPO-ADP Lhx8 Gaba_5,086 MPO-ADP Lhx8 Gaba,11 CNU-HYa GABA,GABA,10,6.295611,6.071953,1.0
1565,1479 MPO-ADP Lhx8 Gaba_4,0405 MPO-ADP Lhx8 Gaba_4,086 MPO-ADP Lhx8 Gaba,11 CNU-HYa GABA,GABA,17,3.899419,5.571622,0.6470588235294118
1566,1472 MPO-ADP Lhx8 Gaba_4,0405 MPO-ADP Lhx8 Gaba_4,086 MPO-ADP Lhx8 Gaba,11 CNU-HYa GABA,GABA,31,3.7465372,5.2086844,0.6129032258064516
1567,1473 MPO-ADP Lhx8 Gaba_4,0405 MPO-ADP Lhx8 Gaba_4,086 MPO-ADP Lhx8 Gaba,11 CNU-HYa GABA,GABA,88,4.216985,5.4525576,0.7045454545454546
1568,1470 MPO-ADP Lhx8 Gaba_3,0404 MPO-ADP Lhx8 Gaba_3,086 MPO-ADP Lhx8 Gaba,11 CNU-HYa GABA,GABA,42,4.853407,5.5032287,0.8095238095238095
1569,1471 MPO-ADP Lhx8 Gaba_3,0404 MPO-ADP Lhx8 Gaba_3,086 MPO-ADP Lhx8 Gaba,11 CNU-HYa GABA,GABA,26,5.62737,6.5287347,0.8461538461538461
1570,1464 MPO-ADP Lhx8 Gaba_2,0403 MPO-ADP Lhx8 Gaba_2,086 MPO-ADP Lhx8 Gaba,11 CNU-HYa GABA,GABA,81,4.613484,5.700753,0.7654320987654321
1571,1457 MPO-ADP Lhx8 Gaba_1,0402 MPO-ADP Lhx8 Gaba_1,086 MPO-ADP Lhx8 Gaba,11 CNU-HYa GABA,GABA,48,3.6757631,5.190658,0.625
1572,1482 MPO-ADP Lhx8 Gaba_5,0406 MPO-ADP Lhx8 Gaba_5,086 MPO-ADP Lhx8 Gaba,11 CNU-HYa GABA,GABA,42,5.425605,6.2374744,0.8571428571428571
1573,1458 MPO-ADP Lhx8 Gaba_1,0402 MPO-ADP Lhx8 Gaba_1,086 MPO-ADP Lhx8 Gaba,11 CNU-HYa GABA,GABA,35,4.0520477,5.755332,0.6571428571428571
1574,1459 MPO-ADP Lhx8 Gaba_1,0402 MPO-ADP Lhx8 Gaba_1,086 MPO-ADP Lhx8 Gaba,11 CNU-HYa GABA,GABA,26,5.417781,5.6897635,0.8846153846153846
1575,1465 MPO-ADP Lhx8 Gaba_2,0403 MPO-ADP Lhx8 Gaba_2,086 MPO-ADP Lhx8 Gaba,11 CNU-HYa GABA,GABA,118,5.040124,5.7968864,0.847457627118644
1576,1474 MPO-ADP Lhx8 Gaba_4,0405 MPO-ADP Lhx8 Gaba_4,086 MPO-ADP Lhx8 Gaba,11 CNU-HYa GABA,GABA,26,5.179597,5.932419,0.8461538461538461
1577,1487 MPN-MPO-LPO Lhx6 Zfhx3 Gaba_1,0407 MPN-MPO-LPO Lhx6 Zfhx3 Gaba_1,087 MPN-MPO-LPO Lhx6 Zfhx3 Gaba,11 CNU-HYa GABA,GABA,35,5.68722,6.0777225,0.9142857142857143
1578,1483 MPN-MPO-LPO Lhx6 Zfhx3 Gaba_1,0407 MPN-MPO-LPO Lhx6 Zfhx3 Gaba_1,087 MPN-MPO-LPO Lhx6 Zfhx3 Gaba,11 CNU-HYa GABA,GABA,46,4.2774425,5.604549,0.6956521739130435
1579,1489 MPN-MPO-LPO Lhx6 Zfhx3 Gaba_2,0408 MPN-MPO-LPO Lhx6 Zfhx3 Gaba_2,087 MPN-MPO-LPO Lhx6 Zfhx3 Gaba,11 CNU-HYa GABA,GABA,68,4.852786,5.8930326,0.7941176470588235
1580,1267 MEA-BST Lhx6 Sp9 Gaba_7,0353 MEA-BST Lhx6 Sp9 Gaba_7,074 MEA-BST Lhx6 Sp9 Gaba,11 CNU-HYa GABA,GABA,29,4.9239435,6.1782837,0.7931034482758621
1581,1268 MEA-BST Lhx6 Sp9 Gaba_7,0353 MEA-BST Lhx6 Sp9 Gaba_7,074 MEA-BST Lhx6 Sp9 Gaba,11 CNU-HYa GABA,GABA,103,4.1573434,5.073123,0.7281553398058253
1582,1484 MPN-MPO-LPO Lhx6 Zfhx3 Gaba_1,0407 MPN-MPO-LPO Lhx6 Zfhx3 Gaba_1,087 MPN-MPO-LPO Lhx6 Zfhx3 Gaba,11 CNU-HYa GABA,GABA,11,4.8130865,5.012014,0.8181818181818182
1583,1485 MPN-MPO-LPO Lhx6 Zfhx3 Gaba_1,0407 MPN-MPO-LPO Lhx6 Zfhx3 Gaba_1,087 MPN-MPO-LPO Lhx6 Zfhx3 Gaba,11 CNU-HYa GABA,GABA,164,4.278145,5.308675,0.725609756097561
1584,1491 MPN-MPO-LPO Lhx6 Zfhx3 Gaba_2,0408 MPN-MPO-LPO Lhx6 Zfhx3 Gaba_2,087 MPN-MPO-LPO Lhx6 Zfhx3 Gaba,11 CNU-HYa GABA,GABA,30,3.9001908,4.930737,0.7
1585,1486 MPN-MPO-LPO Lhx6 Zfhx3 Gaba_1,0407 MPN-MPO-LPO Lhx6 Zfhx3 Gaba_1,087 MPN-MPO-LPO Lhx6 Zfhx3 Gaba,11 CNU-HYa GABA,GABA,2,5.4844255,5.4844255,1.0
1586,1488 MPN-MPO-LPO Lhx6 Zfhx3 Gaba_1,0407 MPN-MPO-LPO Lhx6 Zfhx3 Gaba_1,087 MPN-MPO-LPO Lhx6 Zfhx3 Gaba,11 CNU-HYa GABA,GABA,29,4.1152325,5.352719,0.6551724137931034
1587,1492 MPN-MPO-LPO Lhx6 Zfhx3 Gaba_2,0408 MPN-MPO-LPO Lhx6 Zfhx3 Gaba_2,087 MPN-MPO-LPO Lhx6 Zfhx3 Gaba,11 CNU-HYa GABA,GABA,50,4.570039,5.583008,0.76
1588,1490 MPN-MPO-LPO Lhx6 Zfhx3 Gaba_2,0408 MPN-MPO-LPO Lhx6 Zfhx3 Gaba_2,087 MPN-MPO-LPO Lhx6 Zfhx3 Gaba,11 CNU-HYa GABA,GABA,21,4.2209387,5.64463,0.7142857142857143
1589,1520 PVR Six3 Sox3 Gaba_5,0415 PVR Six3 Sox3 Gaba_5,089 PVR Six3 Sox3 Gaba,11 CNU-HYa GABA,GABA,37,4.3546896,5.260775,0.7027027027027027
1591,1521 PVR Six3 Sox3 Gaba_5,0415 PVR Six3 Sox3 Gaba_5,089 PVR Six3 Sox3 Gaba,11 CNU-HYa GABA,GABA,50,5.534736,6.382233,0.86
1592,1089 LSX Nkx2-1 Gaba_3,0308 LSX Nkx2-1 Gaba_3,069 LSX Nkx2-1 Gaba,10 LSX GABA,GABA,8,2.2918553,0.0,0.375
1594,1555 BST-MPN Six3 Nrgn Gaba_5,0424 BST-MPN Six3 Nrgn Gaba_5,090 BST-MPN Six3 Nrgn Gaba,11 CNU-HYa GABA,GABA,33,4.4227705,5.2805386,0.7575757575757576
1595,1091 LSX Nkx2-1 Gaba_3,0308 LSX Nkx2-1 Gaba_3,069 LSX Nkx2-1 Gaba,10 LSX GABA,GABA,13,3.5844934,5.4795117,0.6153846153846154
1596,1523 PVR Six3 Sox3 Gaba_6,0416 PVR Six3 Sox3 Gaba_6,089 PVR Six3 Sox3 Gaba,11 CNU-HYa GABA,GABA,30,4.796516,5.8331,0.7666666666666667
1597,2065 MS-SF Bsx Glut_1,0518 MS-SF Bsx Glut_1,115 MS-SF Bsx Glut,13 CNU-HYa Glut,Glut,34,5.1184664,5.813863,0.8235294117647058
1598,2054 MS-SF Bsx Glut_1,0518 MS-SF Bsx Glut_1,115 MS-SF Bsx Glut,13 CNU-HYa Glut,Glut,41,5.1641254,6.3938794,0.8048780487804879
1599,2070 MS-SF Bsx Glut_1,0518 MS-SF Bsx Glut_1,115 MS-SF Bsx Glut,13 CNU-HYa Glut,Glut,1,5.959592,5.959592,1.0
1600,1522 PVR Six3 Sox3 Gaba_5,0415 PVR Six3 Sox3 Gaba_5,089 PVR Six3 Sox3 Gaba,11 CNU-HYa GABA,GABA,23,5.6251087,6.200457,0.8695652173913043
1601,2066 MS-SF Bsx Glut_1,0518 MS-SF Bsx Glut_1,115 MS-SF Bsx Glut,13 CNU-HYa Glut,Glut,16,5.4067464,6.2847,0.875
1602,1518 PVR Six3 Sox3 Gaba_4,0414 PVR Six3 Sox3 Gaba_4,089 PVR Six3 Sox3 Gaba,11 CNU-HYa GABA,GABA,12,5.225958,6.159224,0.8333333333333334
1603,2060 MS-SF Bsx Glut_1,0518 MS-SF Bsx Glut_1,115 MS-SF Bsx Glut,13 CNU-HYa Glut,Glut,38,4.6124754,5.537302,0.8157894736842105
1604,2055 MS-SF Bsx Glut_1,0518 MS-SF Bsx Glut_1,115 MS-SF Bsx Glut,13 CNU-HYa Glut,Glut,27,4.8773932,5.8831677,0.8148148148148148
1605,2071 MS-SF Bsx Glut_1,0518 MS-SF Bsx Glut_1,115 MS-SF Bsx Glut,13 CNU-HYa Glut,Glut-GABA,1,6.4106007,6.4106007,1.0
1606,2056 MS-SF Bsx Glut_1,0518 MS-SF Bsx Glut_1,115 MS-SF Bsx Glut,13 CNU-HYa Glut,Glut,2,0.0,0.0,0.0
1607,2057 MS-SF Bsx Glut_1,0518 MS-SF Bsx Glut_1,115 MS-SF Bsx Glut,13 CNU-HYa Glut,Glut,10,6.263447,5.996267,1.0
1608,2058 MS-SF Bsx Glut_1,0518 MS-SF Bsx Glut_1,115 MS-SF Bsx Glut,13 CNU-HYa Glut,Glut,22,5.390854,6.049816,0.8636363636363636
1609,2063 MS-SF Bsx Glut_1,0518 MS-SF Bsx Glut_1,115 MS-SF Bsx Glut,13 CNU-HYa Glut,Glut,11,4.1009183,5.0885277,0.7272727272727273
1610,2059 MS-SF Bsx Glut_1,0518 MS-SF Bsx Glut_1,115 MS-SF Bsx Glut,13 CNU-HYa Glut,Glut,1,6.598018,6.598018,1.0
1611,1519 PVR Six3 Sox3 Gaba_4,0414 PVR Six3 Sox3 Gaba_4,089 PVR Six3 Sox3 Gaba,11 CNU-HYa GABA,GABA,35,5.580456,5.9500847,0.9142857142857143
1613,2067 MS-SF Bsx Glut_1,0518 MS-SF Bsx Glut_1,115 MS-SF Bsx Glut,13 CNU-HYa Glut,Glut,33,5.461708,6.204644,0.8484848484848485
1614,2068 MS-SF Bsx Glut_1,0518 MS-SF Bsx Glut_1,115 MS-SF Bsx Glut,13 CNU-HYa Glut,Glut,35,5.893728,6.5947366,0.8857142857142857
1615,2064 MS-SF Bsx Glut_1,0518 MS-SF Bsx Glut_1,115 MS-SF Bsx Glut,13 CNU-HYa Glut,Glut,9,2.777764,4.22135,0.5555555555555556
1616,2061 MS-SF Bsx Glut_1,0518 MS-SF Bsx Glut_1,115 MS-SF Bsx Glut,13 CNU-HYa Glut,Glut,9,5.8447213,6.7556973,0.8888888888888888
1617,2069 MS-SF Bsx Glut_1,0518 MS-SF Bsx Glut_1,115 MS-SF Bsx Glut,13 CNU-HYa Glut,Glut,3,3.6290886,5.18602,0.6666666666666666
1618,2062 MS-SF Bsx Glut_1,0518 MS-SF Bsx Glut_1,115 MS-SF Bsx Glut,13 CNU-HYa Glut,Glut,12,4.971219,5.67129,0.8333333333333334
1619,1712 AHN Onecut3 Gaba_3,0458 AHN Onecut3 Gaba_3,100 AHN Onecut3 Gaba,12 HY GABA,GABA,79,4.614454,5.442609,0.7721518987341772
1620,1654 AHN-SBPV-PVHd Pdrm12 Gaba_2,0447 AHN-SBPV-PVHd Pdrm12 Gaba_2,098 AHN-SBPV-PVHd Pdrm12 Gaba,12 HY GABA,GABA,42,4.998688,5.8537683,0.8095238095238095
1621,1655 AHN-SBPV-PVHd Pdrm12 Gaba_2,0447 AHN-SBPV-PVHd Pdrm12 Gaba_2,098 AHN-SBPV-PVHd Pdrm12 Gaba,12 HY GABA,GABA,99,4.4435716,5.710568,0.6767676767676768
1622,1656 AHN-SBPV-PVHd Pdrm12 Gaba_2,0447 AHN-SBPV-PVHd Pdrm12 Gaba_2,098 AHN-SBPV-PVHd Pdrm12 Gaba,12 HY GABA,GABA,36,4.9162335,5.712915,0.8611111111111112
1623,1663 AHN-SBPV-PVHd Pdrm12 Gaba_4,0449 AHN-SBPV-PVHd Pdrm12 Gaba_4,098 AHN-SBPV-PVHd Pdrm12 Gaba,12 HY GABA,GABA,62,5.004095,5.7872252,0.8064516129032258
1624,1700 AHN Onecut3 Gaba_1,0456 AHN Onecut3 Gaba_1,100 AHN Onecut3 Gaba,12 HY GABA,GABA,56,4.6924334,6.2110157,0.6964285714285714
1625,1701 AHN Onecut3 Gaba_1,0456 AHN Onecut3 Gaba_1,100 AHN Onecut3 Gaba,12 HY GABA,GABA,67,4.985977,5.92318,0.7910447761194029
1626,1670 AHN-SBPV-PVHd Pdrm12 Gaba_5,0450 AHN-SBPV-PVHd Pdrm12 Gaba_5,098 AHN-SBPV-PVHd Pdrm12 Gaba,12 HY GABA,GABA,15,5.53535,6.1837306,0.8666666666666667
1627,1671 AHN-SBPV-PVHd Pdrm12 Gaba_5,0450 AHN-SBPV-PVHd Pdrm12 Gaba_5,098 AHN-SBPV-PVHd Pdrm12 Gaba,12 HY GABA,GABA,58,5.0002513,5.7347975,0.8275862068965517
1628,1703 AHN Onecut3 Gaba_1,0456 AHN Onecut3 Gaba_1,100 AHN Onecut3 Gaba,12 HY GABA,GABA,90,4.880839,5.515785,0.8111111111111111
1629,1710 AHN Onecut3 Gaba_3,0458 AHN Onecut3 Gaba_3,100 AHN Onecut3 Gaba,12 HY GABA,GABA,52,4.7373195,5.6169567,0.7884615384615384
1630,1711 AHN Onecut3 Gaba_3,0458 AHN Onecut3 Gaba_3,100 AHN Onecut3 Gaba,12 HY GABA,GABA,31,5.390168,5.9454737,0.8709677419354839
1631,1664 AHN-SBPV-PVHd Pdrm12 Gaba_4,0449 AHN-SBPV-PVHd Pdrm12 Gaba_4,098 AHN-SBPV-PVHd Pdrm12 Gaba,12 HY GABA,GABA,75,4.147225,5.6628404,0.6666666666666666
1632,1698 AHN Onecut3 Gaba_1,0456 AHN Onecut3 Gaba_1,100 AHN Onecut3 Gaba,12 HY GABA,GABA,45,4.3192663,5.458996,0.7111111111111111
1633,1665 AHN-SBPV-PVHd Pdrm12 Gaba_4,0449 AHN-SBPV-PVHd Pdrm12 Gaba_4,098 AHN-SBPV-PVHd Pdrm12 Gaba,12 HY GABA,GABA,55,4.3800497,5.7298923,0.6909090909090909
1634,1666 AHN-SBPV-PVHd Pdrm12 Gaba_4,0449 AHN-SBPV-PVHd Pdrm12 Gaba_4,098 AHN-SBPV-PVHd Pdrm12 Gaba,12 HY GABA,GABA,202,4.493736,5.652189,0.7178217821782178
1635,1667 AHN-SBPV-PVHd Pdrm12 Gaba_4,0449 AHN-SBPV-PVHd Pdrm12 Gaba_4,098 AHN-SBPV-PVHd Pdrm12 Gaba,12 HY GABA,GABA,45,3.472146,5.335824,0.5333333333333333
1636,1702 AHN Onecut3 Gaba_1,0456 AHN Onecut3 Gaba_1,100 AHN Onecut3 Gaba,12 HY GABA,GABA,90,5.0404844,6.04249,0.8111111111111111
1637,1704 AHN Onecut3 Gaba_1,0456 AHN Onecut3 Gaba_1,100 AHN Onecut3 Gaba,12 HY GABA,GABA,81,5.2583485,5.9835467,0.8765432098765432
1638,1705 AHN Onecut3 Gaba_2,0457 AHN Onecut3 Gaba_2,100 AHN Onecut3 Gaba,12 HY GABA,GABA,42,4.742804,5.5523214,0.7857142857142857
1639,1706 AHN Onecut3 Gaba_2,0457 AHN Onecut3 Gaba_2,100 AHN Onecut3 Gaba,12 HY GABA,GABA,79,4.8649936,5.778076,0.810126582278481
1640,1707 AHN Onecut3 Gaba_2,0457 AHN Onecut3 Gaba_2,100 AHN Onecut3 Gaba,12 HY GABA,GABA,173,4.7146807,5.6798,0.7976878612716763
1641,1708 AHN Onecut3 Gaba_2,0457 AHN Onecut3 Gaba_2,100 AHN Onecut3 Gaba,12 HY GABA,GABA,71,4.8757095,5.9325833,0.7887323943661971
1642,1572 ARH-PVi Six6 Dopa-Gaba_2,0428 ARH-PVi Six6 Dopa-Gaba_2,091 ARH-PVi Six6 Dopa-Gaba,12 HY GABA,Dopa,33,4.55947,5.5714245,0.7575757575757576
1643,1709 AHN Onecut3 Gaba_2,0457 AHN Onecut3 Gaba_2,100 AHN Onecut3 Gaba,12 HY GABA,GABA,52,4.665085,5.779322,0.7884615384615384
1644,1779 ZI Pax6 Gaba_10,0468 ZI Pax6 Gaba_10,101 ZI Pax6 Gaba,12 HY GABA,GABA,27,6.44893,6.7800846,1.0
1645,1713 AHN Onecut3 Gaba_3,0458 AHN Onecut3 Gaba_3,100 AHN Onecut3 Gaba,12 HY GABA,GABA,52,4.8893785,5.948621,0.7692307692307693
1646,1830 PVHd-DMH Lhx6 Gaba_3,0476 PVHd-DMH Lhx6 Gaba_3,103 PVHd-DMH Lhx6 Gaba,12 HY GABA,GABA,123,5.5915713,6.1379533,0.8780487804878049
1647,1714 ZI Pax6 Gaba_1,0459 ZI Pax6 Gaba_1,101 ZI Pax6 Gaba,12 HY GABA,GABA,52,5.0768976,6.032896,0.8269230769230769
1648,1715 ZI Pax6 Gaba_1,0459 ZI Pax6 Gaba_1,101 ZI Pax6 Gaba,12 HY GABA,GABA,24,5.2738996,5.856949,0.875
1649,1730 ZI Pax6 Gaba_3,0461 ZI Pax6 Gaba_3,101 ZI Pax6 Gaba,12 HY GABA,GABA,39,4.7665353,5.8081594,0.7948717948717948
1650,1716 ZI Pax6 Gaba_1,0459 ZI Pax6 Gaba_1,101 ZI Pax6 Gaba,12 HY GABA,GABA,35,5.936024,6.1078362,0.9714285714285714
1651,1780 ZI Pax6 Gaba_10,0468 ZI Pax6 Gaba_10,101 ZI Pax6 Gaba,12 HY GABA,GABA,52,5.8898745,6.558399,0.8846153846153846
1652,1814 PVHd-DMH Lhx6 Gaba_1,0474 PVHd-DMH Lhx6 Gaba_1,103 PVHd-DMH Lhx6 Gaba,12 HY GABA,GABA,15,5.5094004,5.7297077,0.9333333333333333
1653,1831 PVHd-DMH Lhx6 Gaba_3,0476 PVHd-DMH Lhx6 Gaba_3,103 PVHd-DMH Lhx6 Gaba,12 HY GABA,GABA,130,4.9282327,6.1507444,0.7692307692307693
1654,1690 SBPV-PVa Six6 Satb2 Gaba_2,0454 SBPV-PVa Six6 Satb2 Gaba_2,099 SBPV-PVa Six6 Satb2 Gaba,12 HY GABA,GABA,151,4.822455,5.9191775,0.7483443708609272
1655,1815 PVHd-DMH Lhx6 Gaba_1,0474 PVHd-DMH Lhx6 Gaba_1,103 PVHd-DMH Lhx6 Gaba,12 HY GABA,GABA,65,5.567946,6.292495,0.8769230769230769
1656,1816 PVHd-DMH Lhx6 Gaba_1,0474 PVHd-DMH Lhx6 Gaba_1,103 PVHd-DMH Lhx6 Gaba,12 HY GABA,GABA,32,5.8978887,6.3286085,0.9375
1657,1832 PVHd-DMH Lhx6 Gaba_3,0476 PVHd-DMH Lhx6 Gaba_3,103 PVHd-DMH Lhx6 Gaba,12 HY GABA,GABA,65,5.1993556,6.239128,0.8
1658,1717 ZI Pax6 Gaba_1,0459 ZI Pax6 Gaba_1,101 ZI Pax6 Gaba,12 HY GABA,GABA,234,5.4424477,6.035225,0.8888888888888888
1659,1731 ZI Pax6 Gaba_3,0461 ZI Pax6 Gaba_3,101 ZI Pax6 Gaba,12 HY GABA,GABA,2,6.7629137,6.7629137,1.0
1660,1781 ZI Pax6 Gaba_10,0468 ZI Pax6 Gaba_10,101 ZI Pax6 Gaba,12 HY GABA,GABA,42,5.6448455,6.1785383,0.9047619047619048
1661,1817 PVHd-DMH Lhx6 Gaba_1,0474 PVHd-DMH Lhx6 Gaba_1,103 PVHd-DMH Lhx6 Gaba,12 HY GABA,GABA,69,5.0205045,5.8871236,0.8260869565217391
1662,1718 ZI Pax6 Gaba_1,0459 ZI Pax6 Gaba_1,101 ZI Pax6 Gaba,12 HY GABA,GABA,154,4.9969187,5.600561,0.8311688311688312
1663,1719 ZI Pax6 Gaba_1,0459 ZI Pax6 Gaba_1,101 ZI Pax6 Gaba,12 HY GABA,GABA,27,4.7634397,5.461483,0.8518518518518519
1664,1818 PVHd-DMH Lhx6 Gaba_1,0474 PVHd-DMH Lhx6 Gaba_1,103 PVHd-DMH Lhx6 Gaba,12 HY GABA,GABA,115,5.1155825,5.973298,0.8260869565217391
1665,1720 ZI Pax6 Gaba_1,0459 ZI Pax6 Gaba_1,101 ZI Pax6 Gaba,12 HY GABA,GABA,79,5.3980618,6.207235,0.8734177215189873
1666,1807 DMH-LHA Gsx1 Gaba_2,0471 DMH-LHA Gsx1 Gaba_2,102 DMH-LHA Gsx1 Gaba,12 HY GABA,GABA,17,4.9253197,5.639993,0.8235294117647058
1667,1819 PVHd-DMH Lhx6 Gaba_1,0474 PVHd-DMH Lhx6 Gaba_1,103 PVHd-DMH Lhx6 Gaba,12 HY GABA,GABA,49,5.6873226,6.1212115,0.9183673469387755
1668,1721 ZI Pax6 Gaba_1,0459 ZI Pax6 Gaba_1,101 ZI Pax6 Gaba,12 HY GABA,GABA,32,4.4150968,5.591077,0.75
1669,1820 PVHd-DMH Lhx6 Gaba_1,0474 PVHd-DMH Lhx6 Gaba_1,103 PVHd-DMH Lhx6 Gaba,12 HY GABA,GABA,136,5.0679407,6.0023184,0.8455882352941176
1670,1722 ZI Pax6 Gaba_1,0459 ZI Pax6 Gaba_1,101 ZI Pax6 Gaba,12 HY GABA,GABA,43,5.4880104,5.6407533,0.9302325581395349
1671,1723 ZI Pax6 Gaba_1,0459 ZI Pax6 Gaba_1,101 ZI Pax6 Gaba,12 HY GABA,GABA,23,5.8467546,6.1121273,0.9565217391304348
1672,1821 PVHd-DMH Lhx6 Gaba_2,0475 PVHd-DMH Lhx6 Gaba_2,103 PVHd-DMH Lhx6 Gaba,12 HY GABA,GABA,68,5.6576166,6.47914,0.8676470588235294
1673,1833 PVHd-DMH Lhx6 Gaba_3,0476 PVHd-DMH Lhx6 Gaba_3,103 PVHd-DMH Lhx6 Gaba,12 HY GABA,GABA,40,4.6131816,6.087316,0.725
1674,1834 PVHd-DMH Lhx6 Gaba_4,0477 PVHd-DMH Lhx6 Gaba_4,103 PVHd-DMH Lhx6 Gaba,12 HY GABA,GABA,54,5.2755923,6.252431,0.8333333333333334
1675,1822 PVHd-DMH Lhx6 Gaba_2,0475 PVHd-DMH Lhx6 Gaba_2,103 PVHd-DMH Lhx6 Gaba,12 HY GABA,GABA,21,5.507346,5.8895187,0.8571428571428571
1676,1835 PVHd-DMH Lhx6 Gaba_4,0477 PVHd-DMH Lhx6 Gaba_4,103 PVHd-DMH Lhx6 Gaba,12 HY GABA,GABA,81,5.3265715,6.1875954,0.8271604938271605
1677,1827 PVHd-DMH Lhx6 Gaba_2,0475 PVHd-DMH Lhx6 Gaba_2,103 PVHd-DMH Lhx6 Gaba,12 HY GABA,GABA,71,5.359627,5.979838,0.8591549295774648
1678,1828 PVHd-DMH Lhx6 Gaba_2,0475 PVHd-DMH Lhx6 Gaba_2,103 PVHd-DMH Lhx6 Gaba,12 HY GABA,GABA,160,5.0940313,5.9447603,0.8
1679,1823 PVHd-DMH Lhx6 Gaba_2,0475 PVHd-DMH Lhx6 Gaba_2,103 PVHd-DMH Lhx6 Gaba,12 HY GABA,GABA,57,5.3265934,5.9538016,0.8421052631578947
1680,1829 PVHd-DMH Lhx6 Gaba_2,0475 PVHd-DMH Lhx6 Gaba_2,103 PVHd-DMH Lhx6 Gaba,12 HY GABA,GABA,28,4.4410677,6.0255194,0.6785714285714286
1681,1824 PVHd-DMH Lhx6 Gaba_2,0475 PVHd-DMH Lhx6 Gaba_2,103 PVHd-DMH Lhx6 Gaba,12 HY GABA,GABA,59,5.3725224,6.201645,0.847457627118644
1682,1825 PVHd-DMH Lhx6 Gaba_2,0475 PVHd-DMH Lhx6 Gaba_2,103 PVHd-DMH Lhx6 Gaba,12 HY GABA,GABA,18,5.462561,5.9433665,0.8888888888888888
1683,1826 PVHd-DMH Lhx6 Gaba_2,0475 PVHd-DMH Lhx6 Gaba_2,103 PVHd-DMH Lhx6 Gaba,12 HY GABA,GABA,103,5.1673555,6.2164974,0.8155339805825242
1684,1836 PVHd-DMH Lhx6 Gaba_4,0477 PVHd-DMH Lhx6 Gaba_4,103 PVHd-DMH Lhx6 Gaba,12 HY GABA,GABA,37,5.3811297,6.3531356,0.8648648648648649
1685,1952 DMH Hmx2 Gaba_5,0491 DMH Hmx2 Gaba_5,107 DMH Hmx2 Gaba,12 HY GABA,GABA,44,4.9293857,5.235096,0.8636363636363636
1686,1725 ZI Pax6 Gaba_2,0460 ZI Pax6 Gaba_2,101 ZI Pax6 Gaba,12 HY GABA,GABA,67,5.7936664,6.2657475,0.9104477611940298
1687,1732 ZI Pax6 Gaba_3,0461 ZI Pax6 Gaba_3,101 ZI Pax6 Gaba,12 HY GABA,GABA,39,5.118697,5.847503,0.8717948717948718
1688,1758 ZI Pax6 Gaba_7,0465 ZI Pax6 Gaba_7,101 ZI Pax6 Gaba,12 HY GABA,GABA,33,4.3441815,5.673062,0.696969696969697
1689,1739 ZI Pax6 Gaba_4,0462 ZI Pax6 Gaba_4,101 ZI Pax6 Gaba,12 HY GABA,GABA,73,4.6503763,5.427806,0.8082191780821918
1690,1759 ZI Pax6 Gaba_7,0465 ZI Pax6 Gaba_7,101 ZI Pax6 Gaba,12 HY GABA,GABA,31,3.8875656,5.0171375,0.6129032258064516
1691,1760 ZI Pax6 Gaba_7,0465 ZI Pax6 Gaba_7,101 ZI Pax6 Gaba,12 HY GABA,GABA,31,4.7690387,5.397886,0.8064516129032258
1692,1761 ZI Pax6 Gaba_7,0465 ZI Pax6 Gaba_7,101 ZI Pax6 Gaba,12 HY GABA,GABA,46,4.2697597,5.21371,0.7391304347826086
1693,1762 ZI Pax6 Gaba_7,0465 ZI Pax6 Gaba_7,101 ZI Pax6 Gaba,12 HY GABA,GABA,70,4.425326,5.326409,0.7714285714285715
1694,1752 ZI Pax6 Gaba_6,0464 ZI Pax6 Gaba_6,101 ZI Pax6 Gaba,12 HY GABA,GABA,63,5.782092,6.2378287,0.9206349206349206
1695,1740 ZI Pax6 Gaba_4,0462 ZI Pax6 Gaba_4,101 ZI Pax6 Gaba,12 HY GABA,GABA,117,5.2494197,6.0051703,0.8461538461538461
1696,1733 ZI Pax6 Gaba_3,0461 ZI Pax6 Gaba_3,101 ZI Pax6 Gaba,12 HY GABA,GABA,113,4.4628606,5.6653714,0.7256637168141593
1697,1726 ZI Pax6 Gaba_2,0460 ZI Pax6 Gaba_2,101 ZI Pax6 Gaba,12 HY GABA,GABA,107,5.4788294,5.8545256,0.897196261682243
1698,1580 RT-ZI Gnb3 Gaba_1,0431 RT-ZI Gnb3 Gaba_1,093 RT-ZI Gnb3 Gaba,12 HY GABA,GABA,161,4.5049725,5.752632,0.7142857142857143
1699,1727 ZI Pax6 Gaba_2,0460 ZI Pax6 Gaba_2,101 ZI Pax6 Gaba,12 HY GABA,GABA,26,5.7304406,5.6104636,1.0
1700,1741 ZI Pax6 Gaba_4,0462 ZI Pax6 Gaba_4,101 ZI Pax6 Gaba,12 HY GABA,GABA,253,5.3895335,5.918671,0.8853754940711462
1701,1742 ZI Pax6 Gaba_4,0462 ZI Pax6 Gaba_4,101 ZI Pax6 Gaba,12 HY GABA,GABA,75,5.173246,5.7918797,0.8666666666666667
1702,1743 ZI Pax6 Gaba_4,0462 ZI Pax6 Gaba_4,101 ZI Pax6 Gaba,12 HY GABA,GABA,27,3.504456,5.454337,0.5555555555555556
1703,1744 ZI Pax6 Gaba_4,0462 ZI Pax6 Gaba_4,101 ZI Pax6 Gaba,12 HY GABA,GABA,37,4.4849186,5.90682,0.7297297297297297
1704,1753 ZI Pax6 Gaba_6,0464 ZI Pax6 Gaba_6,101 ZI Pax6 Gaba,12 HY GABA,GABA,27,5.747766,6.158558,0.9629629629629629
1705,1754 ZI Pax6 Gaba_6,0464 ZI Pax6 Gaba_6,101 ZI Pax6 Gaba,12 HY GABA,GABA,50,4.6561313,5.4707994,0.78
1706,1755 ZI Pax6 Gaba_6,0464 ZI Pax6 Gaba_6,101 ZI Pax6 Gaba,12 HY GABA,GABA,56,4.8542,5.5248775,0.8214285714285714
1707,1749 ZI Pax6 Gaba_5,0463 ZI Pax6 Gaba_5,101 ZI Pax6 Gaba,12 HY GABA,GABA,18,4.10131,5.144188,0.7222222222222222
1709,1745 ZI Pax6 Gaba_4,0462 ZI Pax6 Gaba_4,101 ZI Pax6 Gaba,12 HY GABA,GABA,112,4.701087,5.584686,0.8035714285714286
1710,1763 ZI Pax6 Gaba_7,0465 ZI Pax6 Gaba_7,101 ZI Pax6 Gaba,12 HY GABA,GABA,101,4.4340115,5.5392885,0.7524752475247525
1711,1729 ZI Pax6 Gaba_2,0460 ZI Pax6 Gaba_2,101 ZI Pax6 Gaba,12 HY GABA,Dopa,56,4.6299844,5.5016265,0.7857142857142857
1712,1750 ZI Pax6 Gaba_5,0463 ZI Pax6 Gaba_5,101 ZI Pax6 Gaba,12 HY GABA,GABA,53,5.087249,5.9315605,0.8490566037735849
1713,1728 ZI Pax6 Gaba_2,0460 ZI Pax6 Gaba_2,101 ZI Pax6 Gaba,12 HY GABA,GABA,119,5.1705413,5.924592,0.8403361344537815
1714,1746 ZI Pax6 Gaba_4,0462 ZI Pax6 Gaba_4,101 ZI Pax6 Gaba,12 HY GABA,GABA,78,3.4842181,5.328051,0.5897435897435898
1715,1764 ZI Pax6 Gaba_7,0465 ZI Pax6 Gaba_7,101 ZI Pax6 Gaba,12 HY GABA,GABA,55,5.0319247,5.6666737,0.8363636363636363
1716,1765 ZI Pax6 Gaba_7,0465 ZI Pax6 Gaba_7,101 ZI Pax6 Gaba,12 HY GABA,GABA,94,5.4269466,6.13216,0.8723404255319149
1717,1747 ZI Pax6 Gaba_4,0462 ZI Pax6 Gaba_4,101 ZI Pax6 Gaba,12 HY GABA,GABA,53,4.3572297,5.660139,0.7169811320754716
1718,1748 ZI Pax6 Gaba_4,0462 ZI Pax6 Gaba_4,101 ZI Pax6 Gaba,12 HY GABA,GABA,34,5.1457863,6.0727944,0.8235294117647058
1719,1756 ZI Pax6 Gaba_6,0464 ZI Pax6 Gaba_6,101 ZI Pax6 Gaba,12 HY GABA,GABA,44,5.1640973,5.766017,0.8863636363636364
1720,1757 ZI Pax6 Gaba_6,0464 ZI Pax6 Gaba_6,101 ZI Pax6 Gaba,12 HY GABA,GABA,48,4.208841,5.266296,0.6875
1721,1734 ZI Pax6 Gaba_3,0461 ZI Pax6 Gaba_3,101 ZI Pax6 Gaba,12 HY GABA,GABA,90,5.175788,5.7980413,0.8555555555555555
1722,1236 MEA-BST Sox6 Gaba_10,0346 MEA-BST Sox6 Gaba_10,073 MEA-BST Sox6 Gaba,11 CNU-HYa GABA,GABA,23,4.3564224,5.786841,0.6956521739130435
1723,1775 ZI Pax6 Gaba_9,0467 ZI Pax6 Gaba_9,101 ZI Pax6 Gaba,12 HY GABA,GABA,45,4.5630608,5.9113464,0.7111111111111111
1724,1595 RT-ZI Gnb3 Gaba_4,0434 RT-ZI Gnb3 Gaba_4,093 RT-ZI Gnb3 Gaba,12 HY GABA,GABA,30,5.147583,5.551735,0.8666666666666667
1725,1766 ZI Pax6 Gaba_8,0466 ZI Pax6 Gaba_8,101 ZI Pax6 Gaba,12 HY GABA,GABA,185,4.757055,5.7507606,0.7567567567567568
1726,1776 ZI Pax6 Gaba_9,0467 ZI Pax6 Gaba_9,101 ZI Pax6 Gaba,12 HY GABA,GABA,22,6.440201,7.1511765,0.9090909090909091
1727,1767 ZI Pax6 Gaba_8,0466 ZI Pax6 Gaba_8,101 ZI Pax6 Gaba,12 HY GABA,GABA,190,3.8791375,5.500313,0.6210526315789474
1728,1626 PVHd-SBPV Six3 Prox1 Gaba_1,0442 PVHd-SBPV Six3 Prox1 Gaba_1,097 PVHd-SBPV Six3 Prox1 Gaba,12 HY GABA,GABA,38,4.5018725,6.127196,0.7105263157894737
1729,1768 ZI Pax6 Gaba_8,0466 ZI Pax6 Gaba_8,101 ZI Pax6 Gaba,12 HY GABA,GABA,51,5.449292,6.4743075,0.8235294117647058
1730,1596 RT-ZI Gnb3 Gaba_4,0434 RT-ZI Gnb3 Gaba_4,093 RT-ZI Gnb3 Gaba,12 HY GABA,GABA,14,4.851338,5.1432276,0.9285714285714286
1732,1638 PVHd-SBPV Six3 Prox1 Gaba_3,0444 PVHd-SBPV Six3 Prox1 Gaba_3,097 PVHd-SBPV Six3 Prox1 Gaba,12 HY GABA,GABA,167,5.1317816,6.0761156,0.8023952095808383
1733,1639 PVHd-SBPV Six3 Prox1 Gaba_3,0444 PVHd-SBPV Six3 Prox1 Gaba_3,097 PVHd-SBPV Six3 Prox1 Gaba,12 HY GABA,GABA,66,4.885691,5.9295835,0.7727272727272727
1734,1640 PVHd-SBPV Six3 Prox1 Gaba_3,0444 PVHd-SBPV Six3 Prox1 Gaba_3,097 PVHd-SBPV Six3 Prox1 Gaba,12 HY GABA,GABA,78,5.008843,6.034842,0.7948717948717948
1735,1627 PVHd-SBPV Six3 Prox1 Gaba_1,0442 PVHd-SBPV Six3 Prox1 Gaba_1,097 PVHd-SBPV Six3 Prox1 Gaba,12 HY GABA,GABA,78,5.008677,6.1054564,0.782051282051282
1736,1628 PVHd-SBPV Six3 Prox1 Gaba_1,0442 PVHd-SBPV Six3 Prox1 Gaba_1,097 PVHd-SBPV Six3 Prox1 Gaba,12 HY GABA,GABA,45,5.3452377,5.9475403,0.8666666666666667
1737,1629 PVHd-SBPV Six3 Prox1 Gaba_1,0442 PVHd-SBPV Six3 Prox1 Gaba_1,097 PVHd-SBPV Six3 Prox1 Gaba,12 HY GABA,GABA,51,4.5907607,5.424758,0.7843137254901961
1738,1630 PVHd-SBPV Six3 Prox1 Gaba_1,0442 PVHd-SBPV Six3 Prox1 Gaba_1,097 PVHd-SBPV Six3 Prox1 Gaba,12 HY GABA,GABA,53,5.617672,6.3173842,0.8867924528301887
1739,1631 PVHd-SBPV Six3 Prox1 Gaba_1,0442 PVHd-SBPV Six3 Prox1 Gaba_1,097 PVHd-SBPV Six3 Prox1 Gaba,12 HY GABA,GABA,67,5.4362655,6.288203,0.8507462686567164
1740,1641 PVHd-SBPV Six3 Prox1 Gaba_3,0444 PVHd-SBPV Six3 Prox1 Gaba_3,097 PVHd-SBPV Six3 Prox1 Gaba,12 HY GABA,GABA,104,5.065989,5.874756,0.8076923076923077
1741,1769 ZI Pax6 Gaba_8,0466 ZI Pax6 Gaba_8,101 ZI Pax6 Gaba,12 HY GABA,GABA,79,5.025297,6.0129447,0.7974683544303798
1742,1770 ZI Pax6 Gaba_8,0466 ZI Pax6 Gaba_8,101 ZI Pax6 Gaba,12 HY GABA,GABA,53,4.904844,5.764861,0.7924528301886793
1743,1771 ZI Pax6 Gaba_8,0466 ZI Pax6 Gaba_8,101 ZI Pax6 Gaba,12 HY GABA,GABA,31,4.3038855,5.5618587,0.7096774193548387
1744,1237 MEA-BST Sox6 Gaba_10,0346 MEA-BST Sox6 Gaba_10,073 MEA-BST Sox6 Gaba,11 CNU-HYa GABA,GABA,3,3.6447117,4.400864,0.6666666666666666
1745,1777 ZI Pax6 Gaba_9,0467 ZI Pax6 Gaba_9,101 ZI Pax6 Gaba,12 HY GABA,GABA,84,4.7889495,5.944403,0.7380952380952381
1746,1632 PVHd-SBPV Six3 Prox1 Gaba_1,0442 PVHd-SBPV Six3 Prox1 Gaba_1,097 PVHd-SBPV Six3 Prox1 Gaba,12 HY GABA,GABA,47,4.125328,5.312472,0.7021276595744681
1747,1772 ZI Pax6 Gaba_8,0466 ZI Pax6 Gaba_8,101 ZI Pax6 Gaba,12 HY GABA,GABA,127,4.001416,5.408537,0.6456692913385826
1748,1773 ZI Pax6 Gaba_8,0466 ZI Pax6 Gaba_8,101 ZI Pax6 Gaba,12 HY GABA,GABA,38,4.624022,5.690634,0.7368421052631579
1750,1774 ZI Pax6 Gaba_8,0466 ZI Pax6 Gaba_8,101 ZI Pax6 Gaba,12 HY GABA,GABA,107,3.2342541,5.002605,0.5420560747663551
1752,1984 LGv-ZI Otx2 Gaba_5,0500 LGv-ZI Otx2 Gaba_5,109 LGv-ZI Otx2 Gaba,12 HY GABA,GABA,88,4.181749,5.4492307,0.6818181818181818
1753,1778 ZI Pax6 Gaba_9,0467 ZI Pax6 Gaba_9,101 ZI Pax6 Gaba,12 HY GABA,GABA,42,5.095366,6.20901,0.7619047619047619
1754,1783 ZI Pax6 Gaba_11,0469 ZI Pax6 Gaba_11,101 ZI Pax6 Gaba,12 HY GABA,GABA,15,4.4721603,4.779403,0.8666666666666667
1755,1985 LGv-ZI Otx2 Gaba_5,0500 LGv-ZI Otx2 Gaba_5,109 LGv-ZI Otx2 Gaba,12 HY GABA,GABA,6,5.5597806,6.512486,0.8333333333333334
1756,1735 ZI Pax6 Gaba_3,0461 ZI Pax6 Gaba_3,101 ZI Pax6 Gaba,12 HY GABA,GABA,39,4.6796,5.394065,0.7692307692307693
1757,1980 LGv-ZI Otx2 Gaba_4,0499 LGv-ZI Otx2 Gaba_4,109 LGv-ZI Otx2 Gaba,12 HY GABA,GABA,119,5.032802,5.736098,0.8235294117647058
1758,1736 ZI Pax6 Gaba_3,0461 ZI Pax6 Gaba_3,101 ZI Pax6 Gaba,12 HY GABA,GABA,87,4.920051,5.9910383,0.8045977011494253
1759,1737 ZI Pax6 Gaba_3,0461 ZI Pax6 Gaba_3,101 ZI Pax6 Gaba,12 HY GABA,GABA,14,4.916823,6.2526712,0.7857142857142857
1760,1784 ZI Pax6 Gaba_11,0469 ZI Pax6 Gaba_11,101 ZI Pax6 Gaba,12 HY GABA,GABA,69,4.4532075,5.367497,0.7246376811594203
1761,1972 LGv-ZI Otx2 Gaba_1,0496 LGv-ZI Otx2 Gaba_1,109 LGv-ZI Otx2 Gaba,12 HY GABA,GABA,2,2.7644289,2.7644289,0.5
1762,1782 ZI Pax6 Gaba_11,0469 ZI Pax6 Gaba_11,101 ZI Pax6 Gaba,12 HY GABA,GABA,4,5.863966,5.8589535,1.0
1764,1986 LGv-ZI Otx2 Gaba_5,0500 LGv-ZI Otx2 Gaba_5,109 LGv-ZI Otx2 Gaba,12 HY GABA,GABA,25,3.4505365,5.3886986,0.56
1770,1738 ZI Pax6 Gaba_3,0461 ZI Pax6 Gaba_3,101 ZI Pax6 Gaba,12 HY GABA,GABA,28,5.381307,6.0621076,0.8214285714285714
1771,1987 LGv-ZI Otx2 Gaba_5,0500 LGv-ZI Otx2 Gaba_5,109 LGv-ZI Otx2 Gaba,12 HY GABA,GABA,46,4.6916075,5.820075,0.782608695652174
1772,1988 LGv-ZI Otx2 Gaba_5,0500 LGv-ZI Otx2 Gaba_5,109 LGv-ZI Otx2 Gaba,12 HY GABA,GABA,11,6.2283382,6.2987914,1.0
1773,1981 LGv-ZI Otx2 Gaba_4,0499 LGv-ZI Otx2 Gaba_4,109 LGv-ZI Otx2 Gaba,12 HY GABA,GABA,2,3.2350876,3.2350876,0.5
1774,1982 LGv-ZI Otx2 Gaba_4,0499 LGv-ZI Otx2 Gaba_4,109 LGv-ZI Otx2 Gaba,12 HY GABA,GABA,11,4.243587,5.2642946,0.7272727272727273
1775,1724 ZI Pax6 Gaba_1,0459 ZI Pax6 Gaba_1,101 ZI Pax6 Gaba,12 HY GABA,GABA,15,4.915742,5.8050437,0.8
1776,1785 ZI Pax6 Gaba_11,0469 ZI Pax6 Gaba_11,101 ZI Pax6 Gaba,12 HY GABA,GABA,23,4.98252,5.6394405,0.8260869565217391
1777,1786 ZI Pax6 Gaba_11,0469 ZI Pax6 Gaba_11,101 ZI Pax6 Gaba,12 HY GABA,GABA,74,4.822212,5.88146,0.7972972972972973
1778,1983 LGv-ZI Otx2 Gaba_4,0499 LGv-ZI Otx2 Gaba_4,109 LGv-ZI Otx2 Gaba,12 HY GABA,GABA,18,3.7364643,5.55329,0.6111111111111112
1779,1974 LGv-ZI Otx2 Gaba_1,0496 LGv-ZI Otx2 Gaba_1,109 LGv-ZI Otx2 Gaba,12 HY GABA,GABA,2,0.0,0.0,0.0
1780,1581 RT-ZI Gnb3 Gaba_1,0431 RT-ZI Gnb3 Gaba_1,093 RT-ZI Gnb3 Gaba,12 HY GABA,GABA,89,4.930596,5.722443,0.8539325842696629
1781,1582 RT-ZI Gnb3 Gaba_1,0431 RT-ZI Gnb3 Gaba_1,093 RT-ZI Gnb3 Gaba,12 HY GABA,GABA,70,4.081729,5.1472855,0.7142857142857143
1782,1585 RT-ZI Gnb3 Gaba_1,0431 RT-ZI Gnb3 Gaba_1,093 RT-ZI Gnb3 Gaba,12 HY GABA,GABA,26,4.7589383,5.4121776,0.8461538461538461
1784,1586 RT-ZI Gnb3 Gaba_2,0432 RT-ZI Gnb3 Gaba_2,093 RT-ZI Gnb3 Gaba,12 HY GABA,GABA,17,5.0754213,6.2409863,0.7647058823529411
1785,1583 RT-ZI Gnb3 Gaba_1,0431 RT-ZI Gnb3 Gaba_1,093 RT-ZI Gnb3 Gaba,12 HY GABA,GABA,67,4.091612,5.101678,0.7014925373134329
1786,1587 RT-ZI Gnb3 Gaba_2,0432 RT-ZI Gnb3 Gaba_2,093 RT-ZI Gnb3 Gaba,12 HY GABA,GABA,74,5.059582,6.0399957,0.8243243243243243
1787,1588 RT-ZI Gnb3 Gaba_2,0432 RT-ZI Gnb3 Gaba_2,093 RT-ZI Gnb3 Gaba,12 HY GABA,GABA,165,5.108508,5.9636173,0.8181818181818182
1788,1589 RT-ZI Gnb3 Gaba_2,0432 RT-ZI Gnb3 Gaba_2,093 RT-ZI Gnb3 Gaba,12 HY GABA,GABA,23,4.2247734,5.637026,0.6956521739130435
1789,1590 RT-ZI Gnb3 Gaba_2,0432 RT-ZI Gnb3 Gaba_2,093 RT-ZI Gnb3 Gaba,12 HY GABA,GABA,92,4.1953077,5.5946293,0.6739130434782609
1792,1601 RT-ZI Gnb3 Gaba_5,0435 RT-ZI Gnb3 Gaba_5,093 RT-ZI Gnb3 Gaba,12 HY GABA,GABA,19,6.204549,6.424836,1.0
1794,1603 RT-ZI Gnb3 Gaba_5,0435 RT-ZI Gnb3 Gaba_5,093 RT-ZI Gnb3 Gaba,12 HY GABA,GABA,17,4.508563,5.920952,0.7058823529411765
1795,1604 RT-ZI Gnb3 Gaba_5,0435 RT-ZI Gnb3 Gaba_5,093 RT-ZI Gnb3 Gaba,12 HY GABA,GABA,2,4.70195,4.70195,1.0
1796,1592 RT-ZI Gnb3 Gaba_3,0433 RT-ZI Gnb3 Gaba_3,093 RT-ZI Gnb3 Gaba,12 HY GABA,GABA,18,3.7454236,5.459819,0.6111111111111112
1797,1593 RT-ZI Gnb3 Gaba_3,0433 RT-ZI Gnb3 Gaba_3,093 RT-ZI Gnb3 Gaba,12 HY GABA,GABA,14,4.844536,5.619857,0.7857142857142857
1800,1598 RT-ZI Gnb3 Gaba_4,0434 RT-ZI Gnb3 Gaba_4,093 RT-ZI Gnb3 Gaba,12 HY GABA,GABA,40,4.040174,5.328412,0.7
1801,1599 RT-ZI Gnb3 Gaba_4,0434 RT-ZI Gnb3 Gaba_4,093 RT-ZI Gnb3 Gaba,12 HY GABA,GABA,53,4.078345,5.173436,0.6981132075471698
1802,1584 RT-ZI Gnb3 Gaba_1,0431 RT-ZI Gnb3 Gaba_1,093 RT-ZI Gnb3 Gaba,12 HY GABA,GABA,43,4.012467,5.1675916,0.6744186046511628
1803,1751 ZI Pax6 Gaba_5,0463 ZI Pax6 Gaba_5,101 ZI Pax6 Gaba,12 HY GABA,GABA,51,4.073933,5.6054697,0.6666666666666666
1804,1502 BST Tac2 Gaba_2,0410 BST Tac2 Gaba_2,088 BST Tac2 Gaba,11 CNU-HYa GABA,GABA,3,5.368017,5.0918612,1.0
1805,1499 BST Tac2 Gaba_2,0410 BST Tac2 Gaba_2,088 BST Tac2 Gaba,11 CNU-HYa GABA,GABA,7,5.391677,6.593767,0.8571428571428571
1806,1500 BST Tac2 Gaba_2,0410 BST Tac2 Gaba_2,088 BST Tac2 Gaba,11 CNU-HYa GABA,GABA,15,3.965751,5.742554,0.6666666666666666
1815,1388 CEA-BST Ebf1 Pdyn Gaba_2,0385 CEA-BST Ebf1 Pdyn Gaba_2,082 CEA-BST Ebf1 Pdyn Gaba,11 CNU-HYa GABA,GABA,1,4.898736,4.898736,1.0
1825,1384 CEA-BST Ebf1 Pdyn Gaba_1,0384 CEA-BST Ebf1 Pdyn Gaba_1,082 CEA-BST Ebf1 Pdyn Gaba,11 CNU-HYa GABA,GABA,18,4.530832,5.2682724,0.7777777777777778
1835,1409 CEA-BST Rai14 Pdyn Crh Gaba_2,0393 CEA-BST Rai14 Pdyn Crh Gaba_2,083 CEA-BST Rai14 Pdyn Crh Gaba,11 CNU-HYa GABA,GABA,9,3.361268,4.6576777,0.5555555555555556
1838,1321 SI-MA-ACB Ebf1 Bnc2 Gaba_2,0365 SI-MA-ACB Ebf1 Bnc2 Gaba_2,078 SI-MA-ACB Ebf1 Bnc2 Gaba,11 CNU-HYa GABA,GABA,2,5.856405,5.856405,1.0
1839,1317 SI-MA-ACB Ebf1 Bnc2 Gaba_1,0364 SI-MA-ACB Ebf1 Bnc2 Gaba_1,078 SI-MA-ACB Ebf1 Bnc2 Gaba,11 CNU-HYa GABA,GABA,9,2.6928663,0.0,0.4444444444444444
1841,1318 SI-MA-ACB Ebf1 Bnc2 Gaba_1,0364 SI-MA-ACB Ebf1 Bnc2 Gaba_1,078 SI-MA-ACB Ebf1 Bnc2 Gaba,11 CNU-HYa GABA,GABA,29,4.5902085,5.6320367,0.7931034482758621
1842,1322 SI-MA-ACB Ebf1 Bnc2 Gaba_2,0365 SI-MA-ACB Ebf1 Bnc2 Gaba_2,078 SI-MA-ACB Ebf1 Bnc2 Gaba,11 CNU-HYa GABA,GABA,9,4.1550174,5.774304,0.6666666666666666
1844,1904 PVpo-VMPO-MPN Hmx2 Gaba_3,0484 PVpo-VMPO-MPN Hmx2 Gaba_3,106 PVpo-VMPO-MPN Hmx2 Gaba,12 HY GABA,Dopa,52,3.80445,5.16769,0.6346153846153846
1845,1905 PVpo-VMPO-MPN Hmx2 Gaba_3,0484 PVpo-VMPO-MPN Hmx2 Gaba_3,106 PVpo-VMPO-MPN Hmx2 Gaba,12 HY GABA,Dopa,36,3.997139,5.33657,0.6666666666666666
1846,1870 PVpo-VMPO-MPN Hmx2 Gaba_1,0482 PVpo-VMPO-MPN Hmx2 Gaba_1,106 PVpo-VMPO-MPN Hmx2 Gaba,12 HY GABA,GABA,52,5.146047,5.6436424,0.9038461538461539
1847,1902 PVpo-VMPO-MPN Hmx2 Gaba_2,0483 PVpo-VMPO-MPN Hmx2 Gaba_2,106 PVpo-VMPO-MPN Hmx2 Gaba,12 HY GABA,GABA,51,5.7660336,6.2470026,0.9411764705882353
1848,1953 DMH Hmx2 Gaba_5,0491 DMH Hmx2 Gaba_5,107 DMH Hmx2 Gaba,12 HY GABA,GABA,61,4.502622,5.4587536,0.7704918032786885
1849,1903 PVpo-VMPO-MPN Hmx2 Gaba_2,0483 PVpo-VMPO-MPN Hmx2 Gaba_2,106 PVpo-VMPO-MPN Hmx2 Gaba,12 HY GABA,GABA,69,4.316526,5.3333325,0.7536231884057971
1850,1887 PVpo-VMPO-MPN Hmx2 Gaba_1,0482 PVpo-VMPO-MPN Hmx2 Gaba_1,106 PVpo-VMPO-MPN Hmx2 Gaba,12 HY GABA,GABA,80,5.0263047,5.9188805,0.8125
1851,1888 PVpo-VMPO-MPN Hmx2 Gaba_2,0483 PVpo-VMPO-MPN Hmx2 Gaba_2,106 PVpo-VMPO-MPN Hmx2 Gaba,12 HY GABA,GABA,33,5.0391235,5.8010817,0.8484848484848485
1852,1889 PVpo-VMPO-MPN Hmx2 Gaba_2,0483 PVpo-VMPO-MPN Hmx2 Gaba_2,106 PVpo-VMPO-MPN Hmx2 Gaba,12 HY GABA,GABA,154,4.6690364,5.544592,0.8051948051948052
1853,1890 PVpo-VMPO-MPN Hmx2 Gaba_2,0483 PVpo-VMPO-MPN Hmx2 Gaba_2,106 PVpo-VMPO-MPN Hmx2 Gaba,12 HY GABA,GABA,63,4.767594,5.548861,0.8253968253968254
1854,1891 PVpo-VMPO-MPN Hmx2 Gaba_2,0483 PVpo-VMPO-MPN Hmx2 Gaba_2,106 PVpo-VMPO-MPN Hmx2 Gaba,12 HY GABA,GABA,73,4.0102234,5.0431857,0.6986301369863014
1855,1892 PVpo-VMPO-MPN Hmx2 Gaba_2,0483 PVpo-VMPO-MPN Hmx2 Gaba_2,106 PVpo-VMPO-MPN Hmx2 Gaba,12 HY GABA,GABA,71,5.452931,6.264396,0.8873239436619719
1856,1893 PVpo-VMPO-MPN Hmx2 Gaba_2,0483 PVpo-VMPO-MPN Hmx2 Gaba_2,106 PVpo-VMPO-MPN Hmx2 Gaba,12 HY GABA,GABA,199,5.0960836,5.6834307,0.8894472361809045
1857,1894 PVpo-VMPO-MPN Hmx2 Gaba_2,0483 PVpo-VMPO-MPN Hmx2 Gaba_2,106 PVpo-VMPO-MPN Hmx2 Gaba,12 HY GABA,GABA,179,4.097785,5.1557345,0.7206703910614525
1858,1895 PVpo-VMPO-MPN Hmx2 Gaba_2,0483 PVpo-VMPO-MPN Hmx2 Gaba_2,106 PVpo-VMPO-MPN Hmx2 Gaba,12 HY GABA,GABA,99,4.702503,5.540574,0.8181818181818182
1859,1898 PVpo-VMPO-MPN Hmx2 Gaba_2,0483 PVpo-VMPO-MPN Hmx2 Gaba_2,106 PVpo-VMPO-MPN Hmx2 Gaba,12 HY GABA,GABA,72,3.3924513,4.7100196,0.6111111111111112
1860,1883 PVpo-VMPO-MPN Hmx2 Gaba_1,0482 PVpo-VMPO-MPN Hmx2 Gaba_1,106 PVpo-VMPO-MPN Hmx2 Gaba,12 HY GABA,GABA,35,3.7665699,5.033337,0.6285714285714286
1861,1913 PVpo-VMPO-MPN Hmx2 Gaba_5,0486 PVpo-VMPO-MPN Hmx2 Gaba_5,106 PVpo-VMPO-MPN Hmx2 Gaba,12 HY GABA,GABA,55,5.4926076,6.0688605,0.8545454545454545
1862,1910 PVpo-VMPO-MPN Hmx2 Gaba_4,0485 PVpo-VMPO-MPN Hmx2 Gaba_4,106 PVpo-VMPO-MPN Hmx2 Gaba,12 HY GABA,Dopa,85,4.5851216,5.674938,0.7411764705882353
1863,1871 PVpo-VMPO-MPN Hmx2 Gaba_1,0482 PVpo-VMPO-MPN Hmx2 Gaba_1,106 PVpo-VMPO-MPN Hmx2 Gaba,12 HY GABA,GABA,34,4.204632,5.1388564,0.7647058823529411
1864,1872 PVpo-VMPO-MPN Hmx2 Gaba_1,0482 PVpo-VMPO-MPN Hmx2 Gaba_1,106 PVpo-VMPO-MPN Hmx2 Gaba,12 HY GABA,GABA,39,4.870934,5.658388,0.8461538461538461
1865,1873 PVpo-VMPO-MPN Hmx2 Gaba_1,0482 PVpo-VMPO-MPN Hmx2 Gaba_1,106 PVpo-VMPO-MPN Hmx2 Gaba,12 HY GABA,GABA,49,5.0712476,5.7842836,0.8367346938775511
1866,1874 PVpo-VMPO-MPN Hmx2 Gaba_1,0482 PVpo-VMPO-MPN Hmx2 Gaba_1,106 PVpo-VMPO-MPN Hmx2 Gaba,12 HY GABA,GABA,42,3.8231983,5.1138334,0.6904761904761905
1867,1875 PVpo-VMPO-MPN Hmx2 Gaba_1,0482 PVpo-VMPO-MPN Hmx2 Gaba_1,106 PVpo-VMPO-MPN Hmx2 Gaba,12 HY GABA,GABA,44,4.4205585,5.441891,0.7272727272727273
1868,1911 PVpo-VMPO-MPN Hmx2 Gaba_4,0485 PVpo-VMPO-MPN Hmx2 Gaba_4,106 PVpo-VMPO-MPN Hmx2 Gaba,12 HY GABA,GABA,80,4.444064,5.366402,0.7375
1869,1876 PVpo-VMPO-MPN Hmx2 Gaba_1,0482 PVpo-VMPO-MPN Hmx2 Gaba_1,106 PVpo-VMPO-MPN Hmx2 Gaba,12 HY GABA,GABA,50,5.127542,5.8435173,0.86
1870,1877 PVpo-VMPO-MPN Hmx2 Gaba_1,0482 PVpo-VMPO-MPN Hmx2 Gaba_1,106 PVpo-VMPO-MPN Hmx2 Gaba,12 HY GABA,GABA,96,4.769561,5.8021107,0.75
1871,1878 PVpo-VMPO-MPN Hmx2 Gaba_1,0482 PVpo-VMPO-MPN Hmx2 Gaba_1,106 PVpo-VMPO-MPN Hmx2 Gaba,12 HY GABA,GABA,66,4.187805,5.4153967,0.696969696969697
1872,1896 PVpo-VMPO-MPN Hmx2 Gaba_2,0483 PVpo-VMPO-MPN Hmx2 Gaba_2,106 PVpo-VMPO-MPN Hmx2 Gaba,12 HY GABA,GABA,46,4.664482,5.8955154,0.782608695652174
1873,1899 PVpo-VMPO-MPN Hmx2 Gaba_2,0483 PVpo-VMPO-MPN Hmx2 Gaba_2,106 PVpo-VMPO-MPN Hmx2 Gaba,12 HY GABA,GABA,42,4.492238,5.5592146,0.7857142857142857
1874,1884 PVpo-VMPO-MPN Hmx2 Gaba_1,0482 PVpo-VMPO-MPN Hmx2 Gaba_1,106 PVpo-VMPO-MPN Hmx2 Gaba,12 HY GABA,GABA,152,4.1213746,5.2759256,0.6973684210526315
1875,1897 PVpo-VMPO-MPN Hmx2 Gaba_2,0483 PVpo-VMPO-MPN Hmx2 Gaba_2,106 PVpo-VMPO-MPN Hmx2 Gaba,12 HY GABA,GABA,23,4.2941833,4.760046,0.782608695652174
1876,1881 PVpo-VMPO-MPN Hmx2 Gaba_1,0482 PVpo-VMPO-MPN Hmx2 Gaba_1,106 PVpo-VMPO-MPN Hmx2 Gaba,12 HY GABA,GABA,42,4.6161118,5.4634314,0.7619047619047619
1877,1900 PVpo-VMPO-MPN Hmx2 Gaba_2,0483 PVpo-VMPO-MPN Hmx2 Gaba_2,106 PVpo-VMPO-MPN Hmx2 Gaba,12 HY GABA,GABA,75,5.133428,5.680653,0.88
1878,1901 PVpo-VMPO-MPN Hmx2 Gaba_2,0483 PVpo-VMPO-MPN Hmx2 Gaba_2,106 PVpo-VMPO-MPN Hmx2 Gaba,12 HY GABA,GABA,96,4.5774555,5.24012,0.8020833333333334
1879,1912 PVpo-VMPO-MPN Hmx2 Gaba_5,0486 PVpo-VMPO-MPN Hmx2 Gaba_5,106 PVpo-VMPO-MPN Hmx2 Gaba,12 HY GABA,GABA,72,4.341785,5.4828014,0.7083333333333334
1880,1914 PVpo-VMPO-MPN Hmx2 Gaba_5,0486 PVpo-VMPO-MPN Hmx2 Gaba_5,106 PVpo-VMPO-MPN Hmx2 Gaba,12 HY GABA,GABA,105,4.9892497,5.80625,0.8095238095238095
1881,1915 PVpo-VMPO-MPN Hmx2 Gaba_5,0486 PVpo-VMPO-MPN Hmx2 Gaba_5,106 PVpo-VMPO-MPN Hmx2 Gaba,12 HY GABA,Dopa,174,4.969294,5.798456,0.8103448275862069
1882,1906 PVpo-VMPO-MPN Hmx2 Gaba_3,0484 PVpo-VMPO-MPN Hmx2 Gaba_3,106 PVpo-VMPO-MPN Hmx2 Gaba,12 HY GABA,GABA,72,4.257569,5.3924274,0.7083333333333334
1883,1907 PVpo-VMPO-MPN Hmx2 Gaba_3,0484 PVpo-VMPO-MPN Hmx2 Gaba_3,106 PVpo-VMPO-MPN Hmx2 Gaba,12 HY GABA,Dopa,39,4.4959464,5.417329,0.7692307692307693
1884,1908 PVpo-VMPO-MPN Hmx2 Gaba_3,0484 PVpo-VMPO-MPN Hmx2 Gaba_3,106 PVpo-VMPO-MPN Hmx2 Gaba,12 HY GABA,Dopa,185,4.1966944,5.363872,0.7135135135135136
1885,1959 DMH Hmx2 Gaba_6,0492 DMH Hmx2 Gaba_6,107 DMH Hmx2 Gaba,12 HY GABA,GABA,238,4.203435,5.224618,0.7058823529411765
1886,1960 DMH Hmx2 Gaba_6,0492 DMH Hmx2 Gaba_6,107 DMH Hmx2 Gaba,12 HY GABA,GABA,63,5.0576277,6.1251435,0.8095238095238095
1887,1929 DMH Hmx2 Gaba_2,0488 DMH Hmx2 Gaba_2,107 DMH Hmx2 Gaba,12 HY GABA,GABA,59,4.8657284,5.6146984,0.8305084745762712
1888,1879 PVpo-VMPO-MPN Hmx2 Gaba_1,0482 PVpo-VMPO-MPN Hmx2 Gaba_1,106 PVpo-VMPO-MPN Hmx2 Gaba,12 HY GABA,GABA,83,5.0225363,5.716578,0.8674698795180723
1889,1954 DMH Hmx2 Gaba_5,0491 DMH Hmx2 Gaba_5,107 DMH Hmx2 Gaba,12 HY GABA,GABA,25,4.4127684,5.052656,0.8
1890,1916 PVpo-VMPO-MPN Hmx2 Gaba_5,0486 PVpo-VMPO-MPN Hmx2 Gaba_5,106 PVpo-VMPO-MPN Hmx2 Gaba,12 HY GABA,GABA,136,4.920356,5.568422,0.8161764705882353
1891,1880 PVpo-VMPO-MPN Hmx2 Gaba_1,0482 PVpo-VMPO-MPN Hmx2 Gaba_1,106 PVpo-VMPO-MPN Hmx2 Gaba,12 HY GABA,GABA,51,4.165258,5.28427,0.7058823529411765
1892,1930 DMH Hmx2 Gaba_2,0488 DMH Hmx2 Gaba_2,107 DMH Hmx2 Gaba,12 HY GABA,GABA,50,4.8294616,6.0541606,0.76
1893,1958 DMH Hmx2 Gaba_6,0492 DMH Hmx2 Gaba_6,107 DMH Hmx2 Gaba,12 HY GABA,GABA,58,5.051895,5.9076624,0.8103448275862069
1894,1931 DMH Hmx2 Gaba_2,0488 DMH Hmx2 Gaba_2,107 DMH Hmx2 Gaba,12 HY GABA,GABA,67,4.536662,5.4780974,0.7313432835820896
1895,1937 DMH Hmx2 Gaba_3,0489 DMH Hmx2 Gaba_3,107 DMH Hmx2 Gaba,12 HY GABA,GABA,69,4.076643,5.3889866,0.6811594202898551
1896,1938 DMH Hmx2 Gaba_3,0489 DMH Hmx2 Gaba_3,107 DMH Hmx2 Gaba,12 HY GABA,Dopa,98,3.8609352,5.1811523,0.6632653061224489
1897,1939 DMH Hmx2 Gaba_3,0489 DMH Hmx2 Gaba_3,107 DMH Hmx2 Gaba,12 HY GABA,Dopa,52,5.0716095,6.134753,0.8076923076923077
1898,1940 DMH Hmx2 Gaba_3,0489 DMH Hmx2 Gaba_3,107 DMH Hmx2 Gaba,12 HY GABA,Dopa,60,4.425024,5.467112,0.7166666666666667
1899,1941 DMH Hmx2 Gaba_3,0489 DMH Hmx2 Gaba_3,107 DMH Hmx2 Gaba,12 HY GABA,GABA,90,4.8511806,5.839675,0.7888888888888889
1900,1946 DMH Hmx2 Gaba_4,0490 DMH Hmx2 Gaba_4,107 DMH Hmx2 Gaba,12 HY GABA,Glut-GABA,88,4.897284,5.716455,0.8068181818181818
1901,1932 DMH Hmx2 Gaba_2,0488 DMH Hmx2 Gaba_2,107 DMH Hmx2 Gaba,12 HY GABA,GABA,36,4.5193744,5.734406,0.7222222222222222
1902,1933 DMH Hmx2 Gaba_2,0488 DMH Hmx2 Gaba_2,107 DMH Hmx2 Gaba,12 HY GABA,GABA,34,4.616473,5.725622,0.7647058823529411
1903,1934 DMH Hmx2 Gaba_2,0488 DMH Hmx2 Gaba_2,107 DMH Hmx2 Gaba,12 HY GABA,GABA,45,5.324281,5.9434958,0.8666666666666667
1904,1928 DMH Hmx2 Gaba_2,0488 DMH Hmx2 Gaba_2,107 DMH Hmx2 Gaba,12 HY GABA,GABA,171,4.388504,5.6721425,0.7017543859649122
1905,1942 DMH Hmx2 Gaba_3,0489 DMH Hmx2 Gaba_3,107 DMH Hmx2 Gaba,12 HY GABA,GABA,57,4.3393908,5.4723945,0.7192982456140351
1906,1955 DMH Hmx2 Gaba_5,0491 DMH Hmx2 Gaba_5,107 DMH Hmx2 Gaba,12 HY GABA,GABA,89,4.287902,5.235846,0.7640449438202247
1907,1956 DMH Hmx2 Gaba_5,0491 DMH Hmx2 Gaba_5,107 DMH Hmx2 Gaba,12 HY GABA,GABA,85,4.070795,5.2198915,0.6823529411764706
1908,1957 DMH Hmx2 Gaba_5,0491 DMH Hmx2 Gaba_5,107 DMH Hmx2 Gaba,12 HY GABA,GABA,20,3.5711365,5.0782814,0.6
1909,2231 MPN-MPO-PVpo Hmx2 Glut_1,0546 MPN-MPO-PVpo Hmx2 Glut_1,124 MPN-MPO-PVpo Hmx2 Glut,14 HY Glut,Glut,82,4.6267905,5.619754,0.8048780487804879
1910,2232 MPN-MPO-PVpo Hmx2 Glut_1,0546 MPN-MPO-PVpo Hmx2 Glut_1,124 MPN-MPO-PVpo Hmx2 Glut,14 HY Glut,Glut,72,4.499249,5.323365,0.7777777777777778
1911,2233 MPN-MPO-PVpo Hmx2 Glut_1,0546 MPN-MPO-PVpo Hmx2 Glut_1,124 MPN-MPO-PVpo Hmx2 Glut,14 HY Glut,Glut,61,3.859067,4.9124737,0.6721311475409836
1912,2286 DMH-LHA Vgll2 Glut_2,0560 DMH-LHA Vgll2 Glut_2,127 DMH-LHA Vgll2 Glut,14 HY Glut,Glut,73,4.6468115,5.382579,0.8493150684931506
1913,2252 MPN-MPO-PVpo Hmx2 Glut_4,0549 MPN-MPO-PVpo Hmx2 Glut_4,124 MPN-MPO-PVpo Hmx2 Glut,14 HY Glut,Glut,193,5.029068,5.717004,0.8393782383419689
1915,2253 MPN-MPO-PVpo Hmx2 Glut_4,0549 MPN-MPO-PVpo Hmx2 Glut_4,124 MPN-MPO-PVpo Hmx2 Glut,14 HY Glut,Glut,71,4.89915,5.8586164,0.7887323943661971
1916,2254 MPN-MPO-PVpo Hmx2 Glut_4,0549 MPN-MPO-PVpo Hmx2 Glut_4,124 MPN-MPO-PVpo Hmx2 Glut,14 HY Glut,Glut,70,4.5070996,5.424637,0.7571428571428571
1917,2255 MPN-MPO-PVpo Hmx2 Glut_4,0549 MPN-MPO-PVpo Hmx2 Glut_4,124 MPN-MPO-PVpo Hmx2 Glut,14 HY Glut,Glut,58,5.22648,6.1505766,0.8448275862068966
1918,2240 MPN-MPO-PVpo Hmx2 Glut_2,0547 MPN-MPO-PVpo Hmx2 Glut_2,124 MPN-MPO-PVpo Hmx2 Glut,14 HY Glut,Glut,83,4.435324,5.6449766,0.7349397590361446
1919,2246 MPN-MPO-PVpo Hmx2 Glut_2,0547 MPN-MPO-PVpo Hmx2 Glut_2,124 MPN-MPO-PVpo Hmx2 Glut,14 HY Glut,Glut,69,4.563103,5.8168807,0.7246376811594203
1920,2256 MPN-MPO-PVpo Hmx2 Glut_4,0549 MPN-MPO-PVpo Hmx2 Glut_4,124 MPN-MPO-PVpo Hmx2 Glut,14 HY Glut,Glut,108,5.0663204,5.9721756,0.8148148148148148
1921,2260 MPN-MPO-PVpo Hmx2 Glut_6,0551 MPN-MPO-PVpo Hmx2 Glut_6,124 MPN-MPO-PVpo Hmx2 Glut,14 HY Glut,Glut,50,5.1035595,6.141136,0.8
1922,2261 MPN-MPO-PVpo Hmx2 Glut_6,0551 MPN-MPO-PVpo Hmx2 Glut_6,124 MPN-MPO-PVpo Hmx2 Glut,14 HY Glut,Glut,92,5.315531,6.2009106,0.8152173913043478
1923,2241 MPN-MPO-PVpo Hmx2 Glut_2,0547 MPN-MPO-PVpo Hmx2 Glut_2,124 MPN-MPO-PVpo Hmx2 Glut,14 HY Glut,Glut,65,4.9554524,5.7954683,0.8307692307692308
1924,2242 MPN-MPO-PVpo Hmx2 Glut_2,0547 MPN-MPO-PVpo Hmx2 Glut_2,124 MPN-MPO-PVpo Hmx2 Glut,14 HY Glut,Glut,53,5.648786,5.9818974,0.9433962264150944
1925,2243 MPN-MPO-PVpo Hmx2 Glut_2,0547 MPN-MPO-PVpo Hmx2 Glut_2,124 MPN-MPO-PVpo Hmx2 Glut,14 HY Glut,Glut,64,5.0343766,6.2602167,0.78125
1926,2244 MPN-MPO-PVpo Hmx2 Glut_2,0547 MPN-MPO-PVpo Hmx2 Glut_2,124 MPN-MPO-PVpo Hmx2 Glut,14 HY Glut,Glut,57,5.2559,5.945287,0.8771929824561403
1927,2245 MPN-MPO-PVpo Hmx2 Glut_2,0547 MPN-MPO-PVpo Hmx2 Glut_2,124 MPN-MPO-PVpo Hmx2 Glut,14 HY Glut,Glut,38,5.2547646,6.305421,0.8157894736842105
1928,2257 MPN-MPO-PVpo Hmx2 Glut_5,0550 MPN-MPO-PVpo Hmx2 Glut_5,124 MPN-MPO-PVpo Hmx2 Glut,14 HY Glut,Glut,81,4.7480125,5.495817,0.8148148148148148
1929,2258 MPN-MPO-PVpo Hmx2 Glut_5,0550 MPN-MPO-PVpo Hmx2 Glut_5,124 MPN-MPO-PVpo Hmx2 Glut,14 HY Glut,Glut-GABA,121,4.6827745,5.6854634,0.7603305785123967
1930,2259 MPN-MPO-PVpo Hmx2 Glut_5,0550 MPN-MPO-PVpo Hmx2 Glut_5,124 MPN-MPO-PVpo Hmx2 Glut,14 HY Glut,Glut,117,4.7744036,5.924592,0.7350427350427351
1931,2234 MPN-MPO-PVpo Hmx2 Glut_1,0546 MPN-MPO-PVpo Hmx2 Glut_1,124 MPN-MPO-PVpo Hmx2 Glut,14 HY Glut,Glut,59,4.8829556,6.007717,0.7966101694915254
1932,2247 MPN-MPO-PVpo Hmx2 Glut_3,0548 MPN-MPO-PVpo Hmx2 Glut_3,124 MPN-MPO-PVpo Hmx2 Glut,14 HY Glut,Glut,133,5.3561854,5.9725375,0.8872180451127819
1933,2239 MPN-MPO-PVpo Hmx2 Glut_1,0546 MPN-MPO-PVpo Hmx2 Glut_1,124 MPN-MPO-PVpo Hmx2 Glut,14 HY Glut,Glut,91,4.7554245,5.877051,0.7802197802197802
1934,2235 MPN-MPO-PVpo Hmx2 Glut_1,0546 MPN-MPO-PVpo Hmx2 Glut_1,124 MPN-MPO-PVpo Hmx2 Glut,14 HY Glut,Glut,143,5.058189,5.908299,0.8391608391608392
1935,2236 MPN-MPO-PVpo Hmx2 Glut_1,0546 MPN-MPO-PVpo Hmx2 Glut_1,124 MPN-MPO-PVpo Hmx2 Glut,14 HY Glut,Glut,87,4.616064,5.473527,0.7816091954022989
1936,2248 MPN-MPO-PVpo Hmx2 Glut_3,0548 MPN-MPO-PVpo Hmx2 Glut_3,124 MPN-MPO-PVpo Hmx2 Glut,14 HY Glut,Glut,103,4.6497307,5.6903267,0.7669902912621359
1937,2249 MPN-MPO-PVpo Hmx2 Glut_3,0548 MPN-MPO-PVpo Hmx2 Glut_3,124 MPN-MPO-PVpo Hmx2 Glut,14 HY Glut,Glut,33,6.145717,6.4602904,0.9393939393939394
1938,2250 MPN-MPO-PVpo Hmx2 Glut_3,0548 MPN-MPO-PVpo Hmx2 Glut_3,124 MPN-MPO-PVpo Hmx2 Glut,14 HY Glut,Glut,118,4.878206,5.6847005,0.8050847457627118
1939,2262 MPN-MPO-PVpo Hmx2 Glut_6,0551 MPN-MPO-PVpo Hmx2 Glut_6,124 MPN-MPO-PVpo Hmx2 Glut,14 HY Glut,Glut,88,5.6216755,6.1661882,0.875
1940,2237 MPN-MPO-PVpo Hmx2 Glut_1,0546 MPN-MPO-PVpo Hmx2 Glut_1,124 MPN-MPO-PVpo Hmx2 Glut,14 HY Glut,Glut,223,5.371293,5.894363,0.8699551569506726
1941,2251 MPN-MPO-PVpo Hmx2 Glut_3,0548 MPN-MPO-PVpo Hmx2 Glut_3,124 MPN-MPO-PVpo Hmx2 Glut,14 HY Glut,Glut,115,5.187706,5.9081593,0.8608695652173913
1942,2294 VMH Fezf1 Glut_2,0564 VMH Fezf1 Glut_2,128 VMH Fezf1 Glut,14 HY Glut,Glut,48,5.0465436,5.9175105,0.8125
1943,2287 DMH-LHA Vgll2 Glut_3,0561 DMH-LHA Vgll2 Glut_3,127 DMH-LHA Vgll2 Glut,14 HY Glut,Glut,54,4.945834,5.8452196,0.7962962962962963
1944,2288 DMH-LHA Vgll2 Glut_3,0561 DMH-LHA Vgll2 Glut_3,127 DMH-LHA Vgll2 Glut,14 HY Glut,Glut,17,4.898091,5.1848283,0.8823529411764706
1945,2283 ARH-PVp Tbx3 Glut_4,0557 ARH-PVp Tbx3 Glut_4,126 ARH-PVp Tbx3 Glut,14 HY Glut,Glut,141,4.702339,5.67948,0.7801418439716312
1946,2289 DMH-LHA Vgll2 Glut_4,0562 DMH-LHA Vgll2 Glut_4,127 DMH-LHA Vgll2 Glut,14 HY Glut,Glut,289,4.5455084,5.6136475,0.7370242214532872
1947,2238 MPN-MPO-PVpo Hmx2 Glut_1,0546 MPN-MPO-PVpo Hmx2 Glut_1,124 MPN-MPO-PVpo Hmx2 Glut,14 HY Glut,Glut,47,3.5835006,4.7179284,0.6170212765957447
1948,2267 DMH Hmx2 Glut_1,0552 DMH Hmx2 Glut_1,125 DMH Hmx2 Glut,14 HY Glut,Glut,32,4.6620846,5.544092,0.78125
1949,2270 DMH Hmx2 Glut_1,0552 DMH Hmx2 Glut_1,125 DMH Hmx2 Glut,14 HY Glut,Glut,137,4.7342496,5.6924415,0.781021897810219
1950,2271 DMH Hmx2 Glut_1,0552 DMH Hmx2 Glut_1,125 DMH Hmx2 Glut,14 HY Glut,Glut,472,4.6844864,5.5257697,0.7733050847457628
1951,2266 DMH Hmx2 Glut_1,0552 DMH Hmx2 Glut_1,125 DMH Hmx2 Glut,14 HY Glut,Glut,33,4.654548,5.696753,0.7575757575757576
1952,2263 DMH Hmx2 Glut_1,0552 DMH Hmx2 Glut_1,125 DMH Hmx2 Glut,14 HY Glut,Glut-GABA,166,4.191524,5.428282,0.6927710843373494
1953,2264 DMH Hmx2 Glut_1,0552 DMH Hmx2 Glut_1,125 DMH Hmx2 Glut,14 HY Glut,Glut,78,4.1197104,5.309185,0.6794871794871795
1954,2268 DMH Hmx2 Glut_1,0552 DMH Hmx2 Glut_1,125 DMH Hmx2 Glut,14 HY Glut,Glut,126,4.44933,5.604368,0.7380952380952381
1955,2272 DMH Hmx2 Glut_2,0553 DMH Hmx2 Glut_2,125 DMH Hmx2 Glut,14 HY Glut,Glut,128,5.10201,5.944228,0.828125
1956,2273 DMH Hmx2 Glut_2,0553 DMH Hmx2 Glut_2,125 DMH Hmx2 Glut,14 HY Glut,Glut,37,4.7390075,5.4836397,0.7837837837837838
1957,2265 DMH Hmx2 Glut_1,0552 DMH Hmx2 Glut_1,125 DMH Hmx2 Glut,14 HY Glut,Glut,34,4.927438,6.054173,0.7941176470588235
1958,2269 DMH Hmx2 Glut_1,0552 DMH Hmx2 Glut_1,125 DMH Hmx2 Glut,14 HY Glut,Glut,37,6.406727,6.672424,0.972972972972973
1959,1965 ARH-PVp Tbx3 Gaba_2,0494 ARH-PVp Tbx3 Gaba_2,108 ARH-PVp Tbx3 Gaba,12 HY GABA,GABA,50,4.9706874,5.711649,0.8
1960,1966 ARH-PVp Tbx3 Gaba_2,0494 ARH-PVp Tbx3 Gaba_2,108 ARH-PVp Tbx3 Gaba,12 HY GABA,GABA,78,5.1377134,6.1964417,0.7948717948717948
1961,1967 ARH-PVp Tbx3 Gaba_2,0494 ARH-PVp Tbx3 Gaba_2,108 ARH-PVp Tbx3 Gaba,12 HY GABA,GABA,199,4.259269,5.7426286,0.6532663316582915
1963,1935 DMH Hmx2 Gaba_2,0488 DMH Hmx2 Gaba_2,107 DMH Hmx2 Gaba,12 HY GABA,GABA,64,4.464845,5.4111032,0.75
1964,1854 TU-ARH Otp Six6 Gaba_3,0480 TU-ARH Otp Six6 Gaba_3,104 TU-ARH Otp Six6 Gaba,12 HY GABA,GABA,47,4.6205983,5.4457264,0.7872340425531915
1965,1858 TU-ARH Otp Six6 Gaba_3,0480 TU-ARH Otp Six6 Gaba_3,104 TU-ARH Otp Six6 Gaba,12 HY GABA,GABA,51,4.286207,5.4631844,0.7058823529411765
1966,1859 TU-ARH Otp Six6 Gaba_3,0480 TU-ARH Otp Six6 Gaba_3,104 TU-ARH Otp Six6 Gaba,12 HY GABA,GABA,119,3.895677,5.247929,0.6638655462184874
1967,2301 VMH Nr5a1 Glut_1,0566 VMH Nr5a1 Glut_1,129 VMH Nr5a1 Glut,14 HY Glut,Glut,40,4.6843147,6.0747213,0.75
1968,2278 ARH-PVp Tbx3 Glut_2,0555 ARH-PVp Tbx3 Glut_2,126 ARH-PVp Tbx3 Glut,14 HY Glut,Glut-GABA,59,4.789282,5.5105333,0.8305084745762712
1969,2279 ARH-PVp Tbx3 Glut_2,0555 ARH-PVp Tbx3 Glut_2,126 ARH-PVp Tbx3 Glut,14 HY Glut,Glut-GABA,235,5.1540217,5.8174696,0.8638297872340426
1970,2280 ARH-PVp Tbx3 Glut_2,0555 ARH-PVp Tbx3 Glut_2,126 ARH-PVp Tbx3 Glut,14 HY Glut,Glut,444,5.2617645,5.9785905,0.8513513513513513
1971,2277 ARH-PVp Tbx3 Glut_1,0554 ARH-PVp Tbx3 Glut_1,126 ARH-PVp Tbx3 Glut,14 HY Glut,Glut,77,4.0056586,5.136055,0.6493506493506493
1972,2281 ARH-PVp Tbx3 Glut_3,0556 ARH-PVp Tbx3 Glut_3,126 ARH-PVp Tbx3 Glut,14 HY Glut,Glut,326,5.942071,6.4949465,0.911042944785276
1973,2274 ARH-PVp Tbx3 Glut_1,0554 ARH-PVp Tbx3 Glut_1,126 ARH-PVp Tbx3 Glut,14 HY Glut,Glut,137,5.2654686,5.857687,0.8686131386861314
1974,2276 ARH-PVp Tbx3 Glut_1,0554 ARH-PVp Tbx3 Glut_1,126 ARH-PVp Tbx3 Glut,14 HY Glut,Glut,168,5.112924,6.0474024,0.8035714285714286
1975,1843 TU-ARH Otp Six6 Gaba_1,0478 TU-ARH Otp Six6 Gaba_1,104 TU-ARH Otp Six6 Gaba,12 HY GABA,GABA,20,4.9007444,6.007064,0.8
1976,1961 ARH-PVp Tbx3 Gaba_1,0493 ARH-PVp Tbx3 Gaba_1,108 ARH-PVp Tbx3 Gaba,12 HY GABA,GABA,181,4.9934525,5.7743797,0.8232044198895028
1977,1971 ARH-PVp Tbx3 Gaba_3,0495 ARH-PVp Tbx3 Gaba_3,108 ARH-PVp Tbx3 Gaba,12 HY GABA,GABA,298,4.7002263,5.715302,0.7751677852348994
1978,1968 ARH-PVp Tbx3 Gaba_3,0495 ARH-PVp Tbx3 Gaba_3,108 ARH-PVp Tbx3 Gaba,12 HY GABA,GABA,56,4.346207,5.849115,0.6785714285714286
1979,1969 ARH-PVp Tbx3 Gaba_3,0495 ARH-PVp Tbx3 Gaba_3,108 ARH-PVp Tbx3 Gaba,12 HY GABA,GABA,169,4.157457,5.2796874,0.6982248520710059
1980,1970 ARH-PVp Tbx3 Gaba_3,0495 ARH-PVp Tbx3 Gaba_3,108 ARH-PVp Tbx3 Gaba,12 HY GABA,GABA,268,5.1171837,6.1499763,0.7985074626865671
1981,1962 ARH-PVp Tbx3 Gaba_1,0493 ARH-PVp Tbx3 Gaba_1,108 ARH-PVp Tbx3 Gaba,12 HY GABA,GABA,331,5.172026,5.922263,0.8277945619335347
1982,1963 ARH-PVp Tbx3 Gaba_1,0493 ARH-PVp Tbx3 Gaba_1,108 ARH-PVp Tbx3 Gaba,12 HY GABA,GABA,56,4.7239976,5.4856896,0.7678571428571429
1983,1837 TU-ARH Otp Six6 Gaba_1,0478 TU-ARH Otp Six6 Gaba_1,104 TU-ARH Otp Six6 Gaba,12 HY GABA,GABA,543,5.291517,6.123742,0.8471454880294659
1984,1838 TU-ARH Otp Six6 Gaba_1,0478 TU-ARH Otp Six6 Gaba_1,104 TU-ARH Otp Six6 Gaba,12 HY GABA,GABA,290,5.0304985,5.7456713,0.8448275862068966
1985,1839 TU-ARH Otp Six6 Gaba_1,0478 TU-ARH Otp Six6 Gaba_1,104 TU-ARH Otp Six6 Gaba,12 HY GABA,GABA,143,4.3506646,5.243052,0.7482517482517482
1986,1840 TU-ARH Otp Six6 Gaba_1,0478 TU-ARH Otp Six6 Gaba_1,104 TU-ARH Otp Six6 Gaba,12 HY GABA,GABA,304,4.5271983,5.753329,0.7269736842105263
1987,1841 TU-ARH Otp Six6 Gaba_1,0478 TU-ARH Otp Six6 Gaba_1,104 TU-ARH Otp Six6 Gaba,12 HY GABA,GABA,37,4.52825,5.855628,0.7567567567567568
1988,1842 TU-ARH Otp Six6 Gaba_1,0478 TU-ARH Otp Six6 Gaba_1,104 TU-ARH Otp Six6 Gaba,12 HY GABA,GABA,82,4.5458875,5.249908,0.7926829268292683
1989,1844 TU-ARH Otp Six6 Gaba_2,0479 TU-ARH Otp Six6 Gaba_2,104 TU-ARH Otp Six6 Gaba,12 HY GABA,GABA,321,5.1965847,5.910759,0.8504672897196262
1990,1853 TU-ARH Otp Six6 Gaba_3,0480 TU-ARH Otp Six6 Gaba_3,104 TU-ARH Otp Six6 Gaba,12 HY GABA,GABA,90,4.5012217,5.4260383,0.7444444444444445
1991,1855 TU-ARH Otp Six6 Gaba_3,0480 TU-ARH Otp Six6 Gaba_3,104 TU-ARH Otp Six6 Gaba,12 HY GABA,GABA,533,4.251743,5.272366,0.7317073170731707
1992,1856 TU-ARH Otp Six6 Gaba_3,0480 TU-ARH Otp Six6 Gaba_3,104 TU-ARH Otp Six6 Gaba,12 HY GABA,GABA,54,3.8427274,5.3345222,0.6296296296296297
1993,1845 TU-ARH Otp Six6 Gaba_2,0479 TU-ARH Otp Six6 Gaba_2,104 TU-ARH Otp Six6 Gaba,12 HY GABA,GABA,87,4.68432,5.7299657,0.7816091954022989
1994,1850 TU-ARH Otp Six6 Gaba_2,0479 TU-ARH Otp Six6 Gaba_2,104 TU-ARH Otp Six6 Gaba,12 HY GABA,GABA,84,5.0767326,5.8324976,0.8571428571428571
1995,1851 TU-ARH Otp Six6 Gaba_2,0479 TU-ARH Otp Six6 Gaba_2,104 TU-ARH Otp Six6 Gaba,12 HY GABA,GABA,50,4.011855,5.3456926,0.7
1996,1846 TU-ARH Otp Six6 Gaba_2,0479 TU-ARH Otp Six6 Gaba_2,104 TU-ARH Otp Six6 Gaba,12 HY GABA,GABA,54,5.24865,5.7921004,0.8888888888888888
1997,1847 TU-ARH Otp Six6 Gaba_2,0479 TU-ARH Otp Six6 Gaba_2,104 TU-ARH Otp Six6 Gaba,12 HY GABA,GABA,55,4.250763,5.2273974,0.7272727272727273
1998,1848 TU-ARH Otp Six6 Gaba_2,0479 TU-ARH Otp Six6 Gaba_2,104 TU-ARH Otp Six6 Gaba,12 HY GABA,GABA,168,4.903856,5.7578554,0.8214285714285714
1999,1849 TU-ARH Otp Six6 Gaba_2,0479 TU-ARH Otp Six6 Gaba_2,104 TU-ARH Otp Six6 Gaba,12 HY GABA,GABA,142,4.056807,5.256752,0.6901408450704225
2000,1860 TU-ARH Otp Six6 Gaba_3,0480 TU-ARH Otp Six6 Gaba_3,104 TU-ARH Otp Six6 Gaba,12 HY GABA,GABA,87,4.103434,5.3784285,0.6896551724137931
2001,1857 TU-ARH Otp Six6 Gaba_3,0480 TU-ARH Otp Six6 Gaba_3,104 TU-ARH Otp Six6 Gaba,12 HY GABA,GABA,20,4.709247,5.342586,0.8
2002,2275 ARH-PVp Tbx3 Glut_1,0554 ARH-PVp Tbx3 Glut_1,126 ARH-PVp Tbx3 Glut,14 HY Glut,Glut,33,5.2330785,5.7468004,0.8484848484848485
2003,2282 ARH-PVp Tbx3 Glut_3,0556 ARH-PVp Tbx3 Glut_3,126 ARH-PVp Tbx3 Glut,14 HY Glut,Glut,376,5.984756,6.5680695,0.9042553191489362
2004,1575 TMv-PMv Tbx3 Hist-Gaba_1,0429 TMv-PMv Tbx3 Hist-Gaba_1,092 TMv-PMv Tbx3 Hist-Gaba,12 HY GABA,Hist,57,5.5599055,6.084834,0.9298245614035088
2005,1964 ARH-PVp Tbx3 Gaba_1,0493 ARH-PVp Tbx3 Gaba_1,108 ARH-PVp Tbx3 Gaba,12 HY GABA,GABA,54,4.741732,5.7625,0.8148148148148148
2006,1576 TMv-PMv Tbx3 Hist-Gaba_1,0429 TMv-PMv Tbx3 Hist-Gaba_1,092 TMv-PMv Tbx3 Hist-Gaba,12 HY GABA,Hist,114,5.522082,5.8141026,0.9473684210526315
2008,1578 TMv-PMv Tbx3 Hist-Gaba_2,0430 TMv-PMv Tbx3 Hist-Gaba_2,092 TMv-PMv Tbx3 Hist-Gaba,12 HY GABA,GABA,112,5.5813537,6.221214,0.8839285714285714
2009,2284 ARH-PVp Tbx3 Glut_5,0558 ARH-PVp Tbx3 Glut_5,126 ARH-PVp Tbx3 Glut,14 HY Glut,Glut,191,5.674786,6.6039166,0.8429319371727748
2010,1579 TMv-PMv Tbx3 Hist-Gaba_2,0430 TMv-PMv Tbx3 Hist-Gaba_2,092 TMv-PMv Tbx3 Hist-Gaba,12 HY GABA,GABA,70,4.995478,6.206538,0.7714285714285715
2011,1574 TMv-PMv Tbx3 Hist-Gaba_1,0429 TMv-PMv Tbx3 Hist-Gaba_1,092 TMv-PMv Tbx3 Hist-Gaba,12 HY GABA,Hist,37,4.6013794,5.5753093,0.7837837837837838
2012,1917 DMH Hmx2 Gaba_1,0487 DMH Hmx2 Gaba_1,107 DMH Hmx2 Gaba,12 HY GABA,GABA,58,4.760383,5.8415856,0.7758620689655172
2013,1918 DMH Hmx2 Gaba_1,0487 DMH Hmx2 Gaba_1,107 DMH Hmx2 Gaba,12 HY GABA,GABA,115,5.452004,6.1962824,0.8782608695652174
2014,1919 DMH Hmx2 Gaba_1,0487 DMH Hmx2 Gaba_1,107 DMH Hmx2 Gaba,12 HY GABA,GABA,88,6.0667605,6.3824625,0.9431818181818182
2015,1920 DMH Hmx2 Gaba_1,0487 DMH Hmx2 Gaba_1,107 DMH Hmx2 Gaba,12 HY GABA,GABA,24,6.053704,6.361152,0.9583333333333334
2016,1927 DMH Hmx2 Gaba_1,0487 DMH Hmx2 Gaba_1,107 DMH Hmx2 Gaba,12 HY GABA,GABA,115,5.206436,5.8570004,0.8608695652173913
2017,1921 DMH Hmx2 Gaba_1,0487 DMH Hmx2 Gaba_1,107 DMH Hmx2 Gaba,12 HY GABA,GABA,35,3.5057867,5.066964,0.6
2018,1922 DMH Hmx2 Gaba_1,0487 DMH Hmx2 Gaba_1,107 DMH Hmx2 Gaba,12 HY GABA,GABA,120,5.6031265,6.4223394,0.8666666666666667
2019,1947 DMH Hmx2 Gaba_4,0490 DMH Hmx2 Gaba_4,107 DMH Hmx2 Gaba,12 HY GABA,GABA,75,5.3103123,6.0960484,0.8666666666666667
2020,1923 DMH Hmx2 Gaba_1,0487 DMH Hmx2 Gaba_1,107 DMH Hmx2 Gaba,12 HY GABA,GABA,54,4.3007164,5.316517,0.7592592592592593
2021,1936 DMH Hmx2 Gaba_2,0488 DMH Hmx2 Gaba_2,107 DMH Hmx2 Gaba,12 HY GABA,GABA,67,4.545888,5.695602,0.746268656716418
2022,1864 TMd-DMH Foxd2 Gaba_1,0481 TMd-DMH Foxd2 Gaba_1,105 TMd-DMH Foxd2 Gaba,12 HY GABA,GABA,105,4.764601,5.687428,0.7714285714285715
2023,1861 TMd-DMH Foxd2 Gaba_1,0481 TMd-DMH Foxd2 Gaba_1,105 TMd-DMH Foxd2 Gaba,12 HY GABA,GABA,253,4.3987904,5.5440826,0.7154150197628458
2024,1862 TMd-DMH Foxd2 Gaba_1,0481 TMd-DMH Foxd2 Gaba_1,105 TMd-DMH Foxd2 Gaba,12 HY GABA,GABA,145,4.385304,5.498465,0.7103448275862069
2025,1863 TMd-DMH Foxd2 Gaba_1,0481 TMd-DMH Foxd2 Gaba_1,105 TMd-DMH Foxd2 Gaba,12 HY GABA,GABA,213,4.3911476,5.561369,0.6948356807511737
2026,1869 TMd-DMH Foxd2 Gaba_1,0481 TMd-DMH Foxd2 Gaba_1,105 TMd-DMH Foxd2 Gaba,12 HY GABA,GABA,112,4.699948,5.434123,0.7857142857142857
2027,1865 TMd-DMH Foxd2 Gaba_1,0481 TMd-DMH Foxd2 Gaba_1,105 TMd-DMH Foxd2 Gaba,12 HY GABA,GABA,38,5.253911,5.8511076,0.868421052631579
2028,1867 TMd-DMH Foxd2 Gaba_1,0481 TMd-DMH Foxd2 Gaba_1,105 TMd-DMH Foxd2 Gaba,12 HY GABA,GABA,160,4.22409,5.414483,0.7
2029,1866 TMd-DMH Foxd2 Gaba_1,0481 TMd-DMH Foxd2 Gaba_1,105 TMd-DMH Foxd2 Gaba,12 HY GABA,GABA,79,5.706436,6.281425,0.8734177215189873
2030,1948 DMH Hmx2 Gaba_4,0490 DMH Hmx2 Gaba_4,107 DMH Hmx2 Gaba,12 HY GABA,GABA,89,4.308794,5.3867993,0.7078651685393258
2031,1924 DMH Hmx2 Gaba_1,0487 DMH Hmx2 Gaba_1,107 DMH Hmx2 Gaba,12 HY GABA,GABA,87,5.900935,6.3494005,0.9195402298850575
2032,1868 TMd-DMH Foxd2 Gaba_1,0481 TMd-DMH Foxd2 Gaba_1,105 TMd-DMH Foxd2 Gaba,12 HY GABA,GABA,32,5.312949,5.8641634,0.875
2033,1949 DMH Hmx2 Gaba_4,0490 DMH Hmx2 Gaba_4,107 DMH Hmx2 Gaba,12 HY GABA,GABA,30,4.377088,5.427752,0.7
2034,1925 DMH Hmx2 Gaba_1,0487 DMH Hmx2 Gaba_1,107 DMH Hmx2 Gaba,12 HY GABA,GABA,262,4.837219,5.774476,0.8053435114503816
2035,1926 DMH Hmx2 Gaba_1,0487 DMH Hmx2 Gaba_1,107 DMH Hmx2 Gaba,12 HY GABA,GABA,66,4.8752365,6.0073695,0.7878787878787878
2036,1950 DMH Hmx2 Gaba_4,0490 DMH Hmx2 Gaba_4,107 DMH Hmx2 Gaba,12 HY GABA,GABA,34,3.9749599,5.4660544,0.6470588235294118
2037,1951 DMH Hmx2 Gaba_4,0490 DMH Hmx2 Gaba_4,107 DMH Hmx2 Gaba,12 HY GABA,GABA,48,5.0717854,5.8619795,0.8333333333333334
2039,1811 DMH-LHA Gsx1 Gaba_4,0473 DMH-LHA Gsx1 Gaba_4,102 DMH-LHA Gsx1 Gaba,12 HY GABA,GABA,33,2.4336782,0.0,0.3939393939393939
2040,1637 PVHd-SBPV Six3 Prox1 Gaba_2,0443 PVHd-SBPV Six3 Prox1 Gaba_2,097 PVHd-SBPV Six3 Prox1 Gaba,12 HY GABA,GABA,235,4.834636,6.1054225,0.7659574468085106
2042,1792 DMH-LHA Gsx1 Gaba_1,0470 DMH-LHA Gsx1 Gaba_1,102 DMH-LHA Gsx1 Gaba,12 HY GABA,GABA,35,5.129597,5.9513803,0.8285714285714286
2043,1943 DMH Hmx2 Gaba_3,0489 DMH Hmx2 Gaba_3,107 DMH Hmx2 Gaba,12 HY GABA,GABA,69,4.4968963,5.845259,0.7101449275362319
2044,1787 DMH-LHA Gsx1 Gaba_1,0470 DMH-LHA Gsx1 Gaba_1,102 DMH-LHA Gsx1 Gaba,12 HY GABA,GABA,149,4.7887554,5.886793,0.7651006711409396
2045,1788 DMH-LHA Gsx1 Gaba_1,0470 DMH-LHA Gsx1 Gaba_1,102 DMH-LHA Gsx1 Gaba,12 HY GABA,GABA,278,5.3324947,6.1982164,0.8381294964028777
2046,1789 DMH-LHA Gsx1 Gaba_1,0470 DMH-LHA Gsx1 Gaba_1,102 DMH-LHA Gsx1 Gaba,12 HY GABA,GABA,109,5.151878,6.119286,0.8256880733944955
2047,1812 DMH-LHA Gsx1 Gaba_4,0473 DMH-LHA Gsx1 Gaba_4,102 DMH-LHA Gsx1 Gaba,12 HY GABA,GABA,193,4.9332566,5.9675894,0.7772020725388601
2048,1813 DMH-LHA Gsx1 Gaba_4,0473 DMH-LHA Gsx1 Gaba_4,102 DMH-LHA Gsx1 Gaba,12 HY GABA,GABA,672,5.0614157,6.225427,0.7529761904761905
2049,1790 DMH-LHA Gsx1 Gaba_1,0470 DMH-LHA Gsx1 Gaba_1,102 DMH-LHA Gsx1 Gaba,12 HY GABA,GABA,228,5.162781,5.8744755,0.8377192982456141
2050,1944 DMH Hmx2 Gaba_3,0489 DMH Hmx2 Gaba_3,107 DMH Hmx2 Gaba,12 HY GABA,GABA,56,4.361349,5.4132657,0.6964285714285714
2051,1945 DMH Hmx2 Gaba_3,0489 DMH Hmx2 Gaba_3,107 DMH Hmx2 Gaba,12 HY GABA,GABA,105,4.847023,5.706866,0.780952380952381
2052,1810 DMH-LHA Gsx1 Gaba_3,0472 DMH-LHA Gsx1 Gaba_3,102 DMH-LHA Gsx1 Gaba,12 HY GABA,Chol,407,4.6877193,5.8933263,0.7592137592137592
2053,1852 TU-ARH Otp Six6 Gaba_2,0479 TU-ARH Otp Six6 Gaba_2,104 TU-ARH Otp Six6 Gaba,12 HY GABA,GABA,124,4.948151,5.7086926,0.7983870967741935
2054,1791 DMH-LHA Gsx1 Gaba_1,0470 DMH-LHA Gsx1 Gaba_1,102 DMH-LHA Gsx1 Gaba,12 HY GABA,GABA,108,4.7241936,5.767992,0.7685185185185185
2055,1793 DMH-LHA Gsx1 Gaba_1,0470 DMH-LHA Gsx1 Gaba_1,102 DMH-LHA Gsx1 Gaba,12 HY GABA,GABA,34,5.2731013,6.1678195,0.8529411764705882
2056,1795 DMH-LHA Gsx1 Gaba_2,0471 DMH-LHA Gsx1 Gaba_2,102 DMH-LHA Gsx1 Gaba,12 HY GABA,GABA,50,4.5300684,5.442302,0.76
2057,1796 DMH-LHA Gsx1 Gaba_2,0471 DMH-LHA Gsx1 Gaba_2,102 DMH-LHA Gsx1 Gaba,12 HY GABA,GABA,62,5.152808,6.066597,0.8387096774193549
2058,1794 DMH-LHA Gsx1 Gaba_1,0470 DMH-LHA Gsx1 Gaba_1,102 DMH-LHA Gsx1 Gaba,12 HY GABA,GABA,128,4.535653,5.5643454,0.7421875
2059,1797 DMH-LHA Gsx1 Gaba_2,0471 DMH-LHA Gsx1 Gaba_2,102 DMH-LHA Gsx1 Gaba,12 HY GABA,GABA,71,5.2295675,6.082507,0.8309859154929577
2060,1798 DMH-LHA Gsx1 Gaba_2,0471 DMH-LHA Gsx1 Gaba_2,102 DMH-LHA Gsx1 Gaba,12 HY GABA,GABA,64,5.1713357,5.9247723,0.859375
2061,1799 DMH-LHA Gsx1 Gaba_2,0471 DMH-LHA Gsx1 Gaba_2,102 DMH-LHA Gsx1 Gaba,12 HY GABA,GABA,10,6.100804,6.270283,1.0
2062,1800 DMH-LHA Gsx1 Gaba_2,0471 DMH-LHA Gsx1 Gaba_2,102 DMH-LHA Gsx1 Gaba,12 HY GABA,GABA,83,4.824556,5.7371345,0.7951807228915663
2063,1802 DMH-LHA Gsx1 Gaba_2,0471 DMH-LHA Gsx1 Gaba_2,102 DMH-LHA Gsx1 Gaba,12 HY GABA,GABA,97,4.3958054,5.3524942,0.7525773195876289
2064,1803 DMH-LHA Gsx1 Gaba_2,0471 DMH-LHA Gsx1 Gaba_2,102 DMH-LHA Gsx1 Gaba,12 HY GABA,GABA,120,3.8004625,5.111145,0.6333333333333333
2065,1804 DMH-LHA Gsx1 Gaba_2,0471 DMH-LHA Gsx1 Gaba_2,102 DMH-LHA Gsx1 Gaba,12 HY GABA,GABA,106,5.4541526,5.816267,0.9245283018867925
2066,1805 DMH-LHA Gsx1 Gaba_2,0471 DMH-LHA Gsx1 Gaba_2,102 DMH-LHA Gsx1 Gaba,12 HY GABA,GABA,129,5.1173377,5.8844576,0.8372093023255814
2067,1808 DMH-LHA Gsx1 Gaba_2,0471 DMH-LHA Gsx1 Gaba_2,102 DMH-LHA Gsx1 Gaba,12 HY GABA,GABA,72,4.889314,5.7807274,0.8055555555555556
2068,1809 DMH-LHA Gsx1 Gaba_2,0471 DMH-LHA Gsx1 Gaba_2,102 DMH-LHA Gsx1 Gaba,12 HY GABA,GABA,56,4.6701083,5.771924,0.7678571428571429
2069,1806 DMH-LHA Gsx1 Gaba_2,0471 DMH-LHA Gsx1 Gaba_2,102 DMH-LHA Gsx1 Gaba,12 HY GABA,GABA,96,4.6455398,5.7486796,0.7604166666666666
2070,1801 DMH-LHA Gsx1 Gaba_2,0471 DMH-LHA Gsx1 Gaba_2,102 DMH-LHA Gsx1 Gaba,12 HY GABA,GABA,26,4.872686,5.903895,0.8076923076923077
2071,2302 VMH Nr5a1 Glut_1,0566 VMH Nr5a1 Glut_1,129 VMH Nr5a1 Glut,14 HY Glut,Glut,159,4.855465,5.95831,0.7484276729559748
2072,2303 VMH Nr5a1 Glut_1,0566 VMH Nr5a1 Glut_1,129 VMH Nr5a1 Glut,14 HY Glut,Glut,132,4.831794,6.250626,0.7348484848484849
2073,2317 VMH Nr5a1 Glut_5,0570 VMH Nr5a1 Glut_5,129 VMH Nr5a1 Glut,14 HY Glut,Glut,706,4.8101134,5.977838,0.7507082152974505
2074,2319 VMH Nr5a1 Glut_6,0571 VMH Nr5a1 Glut_6,129 VMH Nr5a1 Glut,14 HY Glut,Glut,73,5.1808863,6.258413,0.8082191780821918
2075,2310 VMH Nr5a1 Glut_3,0568 VMH Nr5a1 Glut_3,129 VMH Nr5a1 Glut,14 HY Glut,Glut,1095,6.4506555,6.813719,0.958904109589041
2077,2318 VMH Nr5a1 Glut_5,0570 VMH Nr5a1 Glut_5,129 VMH Nr5a1 Glut,14 HY Glut,Glut,77,4.6010222,5.3389864,0.7662337662337663
2078,2314 VMH Nr5a1 Glut_4,0569 VMH Nr5a1 Glut_4,129 VMH Nr5a1 Glut,14 HY Glut,Glut,87,5.3590746,6.184734,0.8735632183908046
2079,2311 VMH Nr5a1 Glut_3,0568 VMH Nr5a1 Glut_3,129 VMH Nr5a1 Glut,14 HY Glut,Glut,137,5.825287,6.4014807,0.8978102189781022
2080,2305 VMH Nr5a1 Glut_1,0566 VMH Nr5a1 Glut_1,129 VMH Nr5a1 Glut,14 HY Glut,Glut,32,5.0136137,5.8948097,0.8125
2081,2312 VMH Nr5a1 Glut_3,0568 VMH Nr5a1 Glut_3,129 VMH Nr5a1 Glut,14 HY Glut,Glut,147,6.210881,6.6389456,0.9523809523809523
2082,2315 VMH Nr5a1 Glut_4,0569 VMH Nr5a1 Glut_4,129 VMH Nr5a1 Glut,14 HY Glut,Glut,431,5.443886,6.271436,0.8422273781902552
2083,2316 VMH Nr5a1 Glut_4,0569 VMH Nr5a1 Glut_4,129 VMH Nr5a1 Glut,14 HY Glut,Glut,62,4.9227834,5.7541313,0.8064516129032258
2084,2313 VMH Nr5a1 Glut_3,0568 VMH Nr5a1 Glut_3,129 VMH Nr5a1 Glut,14 HY Glut,Glut,88,6.088013,6.515362,0.9204545454545454
2086,2304 VMH Nr5a1 Glut_1,0566 VMH Nr5a1 Glut_1,129 VMH Nr5a1 Glut,14 HY Glut,Glut,80,5.6979284,6.393342,0.8625
2087,2290 VMH Fezf1 Glut_1,0563 VMH Fezf1 Glut_1,128 VMH Fezf1 Glut,14 HY Glut,Glut,104,4.473534,5.532933,0.75
2088,2298 VMH Fezf1 Glut_3,0565 VMH Fezf1 Glut_3,128 VMH Fezf1 Glut,14 HY Glut,Glut,64,6.700064,6.7861843,1.0
2089,2291 VMH Fezf1 Glut_1,0563 VMH Fezf1 Glut_1,128 VMH Fezf1 Glut,14 HY Glut,Glut,99,4.8496137,5.7771225,0.7878787878787878
2090,2295 VMH Fezf1 Glut_2,0564 VMH Fezf1 Glut_2,128 VMH Fezf1 Glut,14 HY Glut,Glut,165,6.050732,6.7004747,0.9090909090909091
2091,2296 VMH Fezf1 Glut_2,0564 VMH Fezf1 Glut_2,128 VMH Fezf1 Glut,14 HY Glut,Glut,162,5.6441164,6.3648643,0.8765432098765432
2092,2297 VMH Fezf1 Glut_2,0564 VMH Fezf1 Glut_2,128 VMH Fezf1 Glut,14 HY Glut,Glut,154,5.3599133,5.9186397,0.8701298701298701
2093,2299 VMH Fezf1 Glut_3,0565 VMH Fezf1 Glut_3,128 VMH Fezf1 Glut,14 HY Glut,Glut,74,5.932139,6.370424,0.918918918918919
2094,2300 VMH Fezf1 Glut_3,0565 VMH Fezf1 Glut_3,128 VMH Fezf1 Glut,14 HY Glut,Glut,155,5.6250086,6.351698,0.8903225806451613
2095,2306 VMH Nr5a1 Glut_2,0567 VMH Nr5a1 Glut_2,129 VMH Nr5a1 Glut,14 HY Glut,Glut,95,5.1748843,5.913868,0.8421052631578947
2096,2307 VMH Nr5a1 Glut_2,0567 VMH Nr5a1 Glut_2,129 VMH Nr5a1 Glut,14 HY Glut,Glut,159,5.5536838,6.067874,0.89937106918239
2097,2308 VMH Nr5a1 Glut_2,0567 VMH Nr5a1 Glut_2,129 VMH Nr5a1 Glut,14 HY Glut,Glut,81,5.7484603,6.5519834,0.8765432098765432
2098,2309 VMH Nr5a1 Glut_2,0567 VMH Nr5a1 Glut_2,129 VMH Nr5a1 Glut,14 HY Glut,Glut,101,5.6347446,6.3612714,0.8415841584158416
2099,2292 VMH Fezf1 Glut_1,0563 VMH Fezf1 Glut_1,128 VMH Fezf1 Glut,14 HY Glut,Glut,46,5.027316,5.8804035,0.8260869565217391
2100,2293 VMH Fezf1 Glut_1,0563 VMH Fezf1 Glut_1,128 VMH Fezf1 Glut,14 HY Glut,Glut,214,5.9361987,6.4765234,0.9158878504672897
2101,1909 PVpo-VMPO-MPN Hmx2 Gaba_3,0484 PVpo-VMPO-MPN Hmx2 Gaba_3,106 PVpo-VMPO-MPN Hmx2 Gaba,12 HY GABA,GABA,104,4.8184466,5.7863255,0.7788461538461539
2102,1619 DMH Prdm13 Gaba_1,0439 DMH Prdm13 Gaba_1,095 DMH Prdm13 Gaba,12 HY GABA,GABA,133,5.5433517,6.305728,0.8646616541353384
2103,1620 DMH Prdm13 Gaba_1,0439 DMH Prdm13 Gaba_1,095 DMH Prdm13 Gaba,12 HY GABA,GABA,162,5.4029284,6.3508377,0.8209876543209876
2104,1622 DMH Prdm13 Gaba_1,0439 DMH Prdm13 Gaba_1,095 DMH Prdm13 Gaba,12 HY GABA,GABA,285,4.8205404,5.946033,0.7578947368421053
2105,1623 DMH Prdm13 Gaba_2,0440 DMH Prdm13 Gaba_2,095 DMH Prdm13 Gaba,12 HY GABA,GABA,575,4.6548038,6.078574,0.688695652173913
2106,1624 DMH Prdm13 Gaba_2,0440 DMH Prdm13 Gaba_2,095 DMH Prdm13 Gaba,12 HY GABA,GABA,129,4.634606,5.9169836,0.7131782945736435
2107,1621 DMH Prdm13 Gaba_1,0439 DMH Prdm13 Gaba_1,095 DMH Prdm13 Gaba,12 HY GABA,GABA,138,5.2189703,6.2955313,0.7971014492753623
2108,2227 DMH Nkx2-4 Glut_2,0545 DMH Nkx2-4 Glut_2,123 DMH Nkx2-4 Glut,14 HY Glut,Glut,70,4.7754326,5.655901,0.7714285714285715
2109,2228 DMH Nkx2-4 Glut_2,0545 DMH Nkx2-4 Glut_2,123 DMH Nkx2-4 Glut,14 HY Glut,Glut,81,3.8751512,5.4625764,0.6049382716049383
2110,2229 DMH Nkx2-4 Glut_2,0545 DMH Nkx2-4 Glut_2,123 DMH Nkx2-4 Glut,14 HY Glut,Glut,1170,4.7963514,6.112485,0.7188034188034188
2111,2225 DMH Nkx2-4 Glut_1,0544 DMH Nkx2-4 Glut_1,123 DMH Nkx2-4 Glut,14 HY Glut,Glut,654,5.276939,6.252512,0.8027522935779816
2112,2226 DMH Nkx2-4 Glut_2,0545 DMH Nkx2-4 Glut_2,123 DMH Nkx2-4 Glut,14 HY Glut,Glut,112,4.1154118,5.8323755,0.6428571428571429
2113,2230 DMH Nkx2-4 Glut_2,0545 DMH Nkx2-4 Glut_2,123 DMH Nkx2-4 Glut,14 HY Glut,Glut,76,3.6511512,5.5179353,0.5789473684210527
2114,2325 LHA-AHN-PVH Otp Trh Glut_1,0574 LHA-AHN-PVH Otp Trh Glut_1,131 LHA-AHN-PVH Otp Trh Glut,14 HY Glut,Glut,40,4.240285,5.302699,0.725
2115,2099 LHA Barhl2 Glut_1,0524 LHA Barhl2 Glut_1,117 LHA Barhl2 Glut,13 CNU-HYa Glut,Glut,34,4.8158455,5.81708,0.7941176470588235
2116,2370 PVH-SO-PVa Otp Glut_2,0586 PVH-SO-PVa Otp Glut_2,133 PVH-SO-PVa Otp Glut,14 HY Glut,Glut,35,5.25333,5.698878,0.8571428571428571
2117,2371 PVH-SO-PVa Otp Glut_2,0586 PVH-SO-PVa Otp Glut_2,133 PVH-SO-PVa Otp Glut,14 HY Glut,Glut,65,4.6728916,5.900501,0.7538461538461538
2118,2372 PVH-SO-PVa Otp Glut_2,0586 PVH-SO-PVa Otp Glut_2,133 PVH-SO-PVa Otp Glut,14 HY Glut,Glut-GABA,16,4.9846787,5.7069864,0.8125
2119,2320 LHA Pmch Glut_1,0572 LHA Pmch Glut_1,130 LHA Pmch Glut,14 HY Glut,Glut,56,5.0651565,5.6911654,0.875
2120,2510 PH-LHA Foxb1 Glut_3,0614 PH-LHA Foxb1 Glut_3,139 PH-LHA Foxb1 Glut,14 HY Glut,Glut,52,4.526562,5.491152,0.7692307692307693
2121,2511 PH-LHA Foxb1 Glut_3,0614 PH-LHA Foxb1 Glut_3,139 PH-LHA Foxb1 Glut,14 HY Glut,Glut,79,4.482503,5.75567,0.7215189873417721
2122,2512 PH-LHA Foxb1 Glut_3,0614 PH-LHA Foxb1 Glut_3,139 PH-LHA Foxb1 Glut,14 HY Glut,Glut,58,5.836534,6.4306197,0.9310344827586207
2123,2520 PH-LHA Foxb1 Glut_7,0618 PH-LHA Foxb1 Glut_7,139 PH-LHA Foxb1 Glut,14 HY Glut,Glut,173,5.178163,5.8719397,0.8497109826589595
2124,2505 PH-LHA Foxb1 Glut_2,0613 PH-LHA Foxb1 Glut_2,139 PH-LHA Foxb1 Glut,14 HY Glut,Glut,93,4.5251994,5.761803,0.7204301075268817
2125,2513 PH-LHA Foxb1 Glut_3,0614 PH-LHA Foxb1 Glut_3,139 PH-LHA Foxb1 Glut,14 HY Glut,Glut,215,5.129748,6.113986,0.8046511627906977
2126,2506 PH-LHA Foxb1 Glut_2,0613 PH-LHA Foxb1 Glut_2,139 PH-LHA Foxb1 Glut,14 HY Glut,Glut,105,5.251449,6.3597097,0.8095238095238095
2127,2517 PH-LHA Foxb1 Glut_5,0616 PH-LHA Foxb1 Glut_5,139 PH-LHA Foxb1 Glut,14 HY Glut,Glut,106,5.4090705,6.1644745,0.8584905660377359
2128,2515 PH-LHA Foxb1 Glut_4,0615 PH-LHA Foxb1 Glut_4,139 PH-LHA Foxb1 Glut,14 HY Glut,Glut,22,4.769535,5.2378345,0.8636363636363636
2129,2516 PH-LHA Foxb1 Glut_4,0615 PH-LHA Foxb1 Glut_4,139 PH-LHA Foxb1 Glut,14 HY Glut,Glut,69,4.3049374,5.6412373,0.6956521739130435
2130,2535 PMd-LHA Foxb1 Glut_3,0621 PMd-LHA Foxb1 Glut_3,140 PMd-LHA Foxb1 Glut,14 HY Glut,Glut,121,5.8708644,6.3840036,0.9256198347107438
2131,2514 PH-LHA Foxb1 Glut_3,0614 PH-LHA Foxb1 Glut_3,139 PH-LHA Foxb1 Glut,14 HY Glut,Glut,36,4.721832,5.660205,0.7777777777777778
2132,2521 PH-LHA Foxb1 Glut_7,0618 PH-LHA Foxb1 Glut_7,139 PH-LHA Foxb1 Glut,14 HY Glut,Glut,69,5.5646253,6.2294345,0.8840579710144928
2133,2518 PH-LHA Foxb1 Glut_5,0616 PH-LHA Foxb1 Glut_5,139 PH-LHA Foxb1 Glut,14 HY Glut,Glut,49,5.4649186,6.1159124,0.8775510204081632
2134,2321 LHA Pmch Glut_1,0572 LHA Pmch Glut_1,130 LHA Pmch Glut,14 HY Glut,Glut,47,4.381387,5.0382304,0.8297872340425532
2135,2498 PH-LHA Foxb1 Glut_1,0612 PH-LHA Foxb1 Glut_1,139 PH-LHA Foxb1 Glut,14 HY Glut,Glut,110,5.529137,6.2197866,0.8636363636363636
2136,2499 PH-LHA Foxb1 Glut_1,0612 PH-LHA Foxb1 Glut_1,139 PH-LHA Foxb1 Glut,14 HY Glut,Glut,56,5.735656,6.468422,0.875
2137,2509 PH-LHA Foxb1 Glut_3,0614 PH-LHA Foxb1 Glut_3,139 PH-LHA Foxb1 Glut,14 HY Glut,Glut,158,5.6714797,6.176255,0.8987341772151899
2138,2500 PH-LHA Foxb1 Glut_1,0612 PH-LHA Foxb1 Glut_1,139 PH-LHA Foxb1 Glut,14 HY Glut,Glut,49,4.818133,5.676746,0.7755102040816326
2139,2387 PH-ant-LHA Otp Bsx Glut_1,0591 PH-ant-LHA Otp Bsx Glut_1,134 PH-ant-LHA Otp Bsx Glut,14 HY Glut,Glut,41,4.8519793,5.491932,0.8048780487804879
2140,2388 PH-ant-LHA Otp Bsx Glut_1,0591 PH-ant-LHA Otp Bsx Glut_1,134 PH-ant-LHA Otp Bsx Glut,14 HY Glut,Glut,57,4.536777,5.606211,0.7368421052631579
2141,2389 PH-ant-LHA Otp Bsx Glut_1,0591 PH-ant-LHA Otp Bsx Glut_1,134 PH-ant-LHA Otp Bsx Glut,14 HY Glut,Glut,177,4.9923325,5.977635,0.8192090395480226
2142,2390 PH-ant-LHA Otp Bsx Glut_1,0591 PH-ant-LHA Otp Bsx Glut_1,134 PH-ant-LHA Otp Bsx Glut,14 HY Glut,Glut,20,4.5678616,5.027974,0.85
2143,2391 PH-ant-LHA Otp Bsx Glut_1,0591 PH-ant-LHA Otp Bsx Glut_1,134 PH-ant-LHA Otp Bsx Glut,14 HY Glut,Glut,10,4.7566977,5.7192945,0.8
2144,2503 PH-LHA Foxb1 Glut_1,0612 PH-LHA Foxb1 Glut_1,139 PH-LHA Foxb1 Glut,14 HY Glut,Glut,30,5.632834,6.3526983,0.9
2146,2755 MB-ant-ve Dmrta2 Glut_1,0681 MB-ant-ve Dmrta2 Glut_1,156 MB-ant-ve Dmrta2 Glut,19 MB Glut,Glut,1,6.8943243,6.8943243,1.0
2151,2112 LHA Barhl2 Glut_3,0526 LHA Barhl2 Glut_3,117 LHA Barhl2 Glut,13 CNU-HYa Glut,Glut,28,4.9182305,5.75042,0.8214285714285714
2152,2323 LHA Pmch Glut_2,0573 LHA Pmch Glut_2,130 LHA Pmch Glut,14 HY Glut,Glut,53,4.491979,5.4903502,0.7735849056603774
2153,2322 LHA Pmch Glut_1,0572 LHA Pmch Glut_1,130 LHA Pmch Glut,14 HY Glut,Glut,111,4.9536247,5.60962,0.8648648648648649
2155,2285 DMH-LHA Vgll2 Glut_1,0559 DMH-LHA Vgll2 Glut_1,127 DMH-LHA Vgll2 Glut,14 HY Glut,Glut,16,4.2525177,4.937779,0.75
2162,2324 LHA Pmch Glut_2,0573 LHA Pmch Glut_2,130 LHA Pmch Glut,14 HY Glut,Glut,214,5.6836452,6.548412,0.8785046728971962
2163,2760 MB-ant-ve Dmrta2 Glut_1,0681 MB-ant-ve Dmrta2 Glut_1,156 MB-ant-ve Dmrta2 Glut,19 MB Glut,Glut,5,5.9013147,6.2776937,1.0
2165,3005 SPA-SPFm-SPFp-POL-PIL-PoT Sp9 Glut_12,0729 SPA-SPFm-SPFp-POL-PIL-PoT Sp9 Glut_12,168 SPA-SPFm-SPFp-POL-PIL-PoT Sp9 Glut,19 MB Glut,Glut,22,4.25641,5.876485,0.6818181818181818
2166,2507 PH-LHA Foxb1 Glut_2,0613 PH-LHA Foxb1 Glut_2,139 PH-LHA Foxb1 Glut,14 HY Glut,Glut,57,4.963571,5.9970965,0.7894736842105263
2167,2508 PH-LHA Foxb1 Glut_2,0613 PH-LHA Foxb1 Glut_2,139 PH-LHA Foxb1 Glut,14 HY Glut,Glut,47,5.788545,6.4706755,0.8936170212765957
2168,2501 PH-LHA Foxb1 Glut_1,0612 PH-LHA Foxb1 Glut_1,139 PH-LHA Foxb1 Glut,14 HY Glut,Glut,84,4.8456764,5.8029795,0.7738095238095238
2169,2502 PH-LHA Foxb1 Glut_1,0612 PH-LHA Foxb1 Glut_1,139 PH-LHA Foxb1 Glut,14 HY Glut,Glut,68,5.5951385,6.413642,0.8529411764705882
2175,2754 MB-ant-ve Dmrta2 Glut_1,0681 MB-ant-ve Dmrta2 Glut_1,156 MB-ant-ve Dmrta2 Glut,19 MB Glut,Glut,8,3.7135563,5.2459793,0.625
2182,3383 ND-INC Foxd2 Glut_1,0790 ND-INC Foxd2 Glut_1,190 ND-INC Foxd2 Glut,19 MB Glut,Glut,10,4.7928147,5.8438907,0.8
2183,2469 PMv-TMv Pitx2 Glut_3,0607 PMv-TMv Pitx2 Glut_3,136 PMv-TMv Pitx2 Glut,14 HY Glut,Glut,46,4.0339365,5.161919,0.717391304347826
2184,2465 PMv-TMv Pitx2 Glut_2,0606 PMv-TMv Pitx2 Glut_2,136 PMv-TMv Pitx2 Glut,14 HY Glut,Glut,87,3.0062444,4.497307,0.5517241379310345
2185,2466 PMv-TMv Pitx2 Glut_2,0606 PMv-TMv Pitx2 Glut_2,136 PMv-TMv Pitx2 Glut,14 HY Glut,Glut,54,3.5081837,4.7824497,0.6296296296296297
2186,2467 PMv-TMv Pitx2 Glut_2,0606 PMv-TMv Pitx2 Glut_2,136 PMv-TMv Pitx2 Glut,14 HY Glut,Glut,32,3.4401224,4.5391064,0.625
2187,2460 PMv-TMv Pitx2 Glut_1,0605 PMv-TMv Pitx2 Glut_1,136 PMv-TMv Pitx2 Glut,14 HY Glut,Glut,106,4.3738585,5.353533,0.7641509433962265
2188,2461 PMv-TMv Pitx2 Glut_1,0605 PMv-TMv Pitx2 Glut_1,136 PMv-TMv Pitx2 Glut,14 HY Glut,Glut,57,5.1608853,5.49591,0.8947368421052632
2189,2462 PMv-TMv Pitx2 Glut_1,0605 PMv-TMv Pitx2 Glut_1,136 PMv-TMv Pitx2 Glut,14 HY Glut,Glut,121,4.01132,4.8819966,0.71900826446281
2190,2470 PMv-TMv Pitx2 Glut_3,0607 PMv-TMv Pitx2 Glut_3,136 PMv-TMv Pitx2 Glut,14 HY Glut,Glut,92,3.6980088,4.4155607,0.717391304347826
2191,2471 PMv-TMv Pitx2 Glut_3,0607 PMv-TMv Pitx2 Glut_3,136 PMv-TMv Pitx2 Glut,14 HY Glut,Glut,171,3.6477532,4.8047295,0.6549707602339181
2192,2472 PMv-TMv Pitx2 Glut_3,0607 PMv-TMv Pitx2 Glut_3,136 PMv-TMv Pitx2 Glut,14 HY Glut,Glut,20,5.198121,5.647086,0.9
2193,2463 PMv-TMv Pitx2 Glut_1,0605 PMv-TMv Pitx2 Glut_1,136 PMv-TMv Pitx2 Glut,14 HY Glut,Glut,89,4.8008685,5.626005,0.797752808988764
2194,2473 PMv-TMv Pitx2 Glut_3,0607 PMv-TMv Pitx2 Glut_3,136 PMv-TMv Pitx2 Glut,14 HY Glut,Glut,92,4.332024,5.199127,0.7934782608695652
2195,2464 PMv-TMv Pitx2 Glut_1,0605 PMv-TMv Pitx2 Glut_1,136 PMv-TMv Pitx2 Glut,14 HY Glut,Glut,159,4.036482,4.8992586,0.7232704402515723
2196,2468 PMv-TMv Pitx2 Glut_2,0606 PMv-TMv Pitx2 Glut_2,136 PMv-TMv Pitx2 Glut,14 HY Glut,Glut,83,2.8979528,4.353599,0.5421686746987951
2197,2457 STN-PSTN Pitx2 Glut_6,0603 STN-PSTN Pitx2 Glut_6,135 STN-PSTN Pitx2 Glut,14 HY Glut,Glut,90,4.92191,5.768793,0.8111111111111111
2199,2494 PH Pitx2 Glut_2,0611 PH Pitx2 Glut_2,138 PH Pitx2 Glut,14 HY Glut,Glut,22,4.5512,5.6767693,0.7727272727272727
2200,2485 PH Pitx2 Glut_2,0611 PH Pitx2 Glut_2,138 PH Pitx2 Glut,14 HY Glut,Glut,99,5.0461307,5.751334,0.8585858585858586
2201,2496 PH Pitx2 Glut_2,0611 PH Pitx2 Glut_2,138 PH Pitx2 Glut,14 HY Glut,Glut,36,4.804567,5.5452876,0.8333333333333334
2202,2491 PH Pitx2 Glut_2,0611 PH Pitx2 Glut_2,138 PH Pitx2 Glut,14 HY Glut,Glut,42,3.8149552,5.159667,0.6666666666666666
2203,2481 PH Pitx2 Glut_1,0610 PH Pitx2 Glut_1,138 PH Pitx2 Glut,14 HY Glut,Glut,30,4.7088466,5.69079,0.8
2204,2482 PH Pitx2 Glut_1,0610 PH Pitx2 Glut_1,138 PH Pitx2 Glut,14 HY Glut,Glut,51,4.7174315,5.616701,0.803921568627451
2205,2492 PH Pitx2 Glut_2,0611 PH Pitx2 Glut_2,138 PH Pitx2 Glut,14 HY Glut,Glut,47,5.038001,5.6546826,0.851063829787234
2206,2495 PH Pitx2 Glut_2,0611 PH Pitx2 Glut_2,138 PH Pitx2 Glut,14 HY Glut,Glut,35,4.9516044,5.6313844,0.8285714285714286
2207,2483 PH Pitx2 Glut_1,0610 PH Pitx2 Glut_1,138 PH Pitx2 Glut,14 HY Glut,Glut,38,4.8608003,5.652938,0.8157894736842105
2208,2484 PH Pitx2 Glut_1,0610 PH Pitx2 Glut_1,138 PH Pitx2 Glut,14 HY Glut,Glut,163,4.574943,5.7027397,0.7423312883435583
2209,2486 PH Pitx2 Glut_2,0611 PH Pitx2 Glut_2,138 PH Pitx2 Glut,14 HY Glut,Glut,25,5.0686097,5.7762837,0.88
2210,2489 PH Pitx2 Glut_2,0611 PH Pitx2 Glut_2,138 PH Pitx2 Glut,14 HY Glut,Dopa,39,5.0497665,5.691796,0.8461538461538461
2211,2497 PH Pitx2 Glut_2,0611 PH Pitx2 Glut_2,138 PH Pitx2 Glut,14 HY Glut,Glut,76,4.6355705,5.6017113,0.7763157894736842
2212,2487 PH Pitx2 Glut_2,0611 PH Pitx2 Glut_2,138 PH Pitx2 Glut,14 HY Glut,Glut,23,5.626638,5.979926,0.9565217391304348
2213,2756 MB-ant-ve Dmrta2 Glut_1,0681 MB-ant-ve Dmrta2 Glut_1,156 MB-ant-ve Dmrta2 Glut,19 MB Glut,Glut,24,5.0234146,5.538938,0.875
2214,2490 PH Pitx2 Glut_2,0611 PH Pitx2 Glut_2,138 PH Pitx2 Glut,14 HY Glut,Glut,1,5.9506674,5.9506674,1.0
2215,2493 PH Pitx2 Glut_2,0611 PH Pitx2 Glut_2,138 PH Pitx2 Glut,14 HY Glut,Glut,6,4.9097257,5.830744,0.8333333333333334
2216,2436 STN-PSTN Pitx2 Glut_2,0599 STN-PSTN Pitx2 Glut_2,135 STN-PSTN Pitx2 Glut,14 HY Glut,Glut,35,4.441837,5.5059695,0.7142857142857143
2217,2442 STN-PSTN Pitx2 Glut_3,0600 STN-PSTN Pitx2 Glut_3,135 STN-PSTN Pitx2 Glut,14 HY Glut,Glut,305,5.125816,5.9556785,0.8360655737704918
2218,2443 STN-PSTN Pitx2 Glut_3,0600 STN-PSTN Pitx2 Glut_3,135 STN-PSTN Pitx2 Glut,14 HY Glut,Glut,64,5.54593,6.156232,0.875
2219,2429 STN-PSTN Pitx2 Glut_1,0598 STN-PSTN Pitx2 Glut_1,135 STN-PSTN Pitx2 Glut,14 HY Glut,Glut,85,4.098876,5.2307467,0.7176470588235294
2220,2430 STN-PSTN Pitx2 Glut_1,0598 STN-PSTN Pitx2 Glut_1,135 STN-PSTN Pitx2 Glut,14 HY Glut,Glut,160,4.4596996,5.605491,0.7375
2221,2444 STN-PSTN Pitx2 Glut_3,0600 STN-PSTN Pitx2 Glut_3,135 STN-PSTN Pitx2 Glut,14 HY Glut,Glut,37,4.988527,5.569946,0.8648648648648649
2222,2445 STN-PSTN Pitx2 Glut_3,0600 STN-PSTN Pitx2 Glut_3,135 STN-PSTN Pitx2 Glut,14 HY Glut,Glut,79,5.051608,5.638819,0.8734177215189873
2223,2446 STN-PSTN Pitx2 Glut_3,0600 STN-PSTN Pitx2 Glut_3,135 STN-PSTN Pitx2 Glut,14 HY Glut,Glut,27,5.1006966,5.8469014,0.8518518518518519
2224,2453 STN-PSTN Pitx2 Glut_5,0602 STN-PSTN Pitx2 Glut_5,135 STN-PSTN Pitx2 Glut,14 HY Glut,Glut,137,4.19048,5.151514,0.7153284671532847
2225,2454 STN-PSTN Pitx2 Glut_5,0602 STN-PSTN Pitx2 Glut_5,135 STN-PSTN Pitx2 Glut,14 HY Glut,Glut,242,4.3458476,5.2916813,0.7603305785123967
2226,2455 STN-PSTN Pitx2 Glut_5,0602 STN-PSTN Pitx2 Glut_5,135 STN-PSTN Pitx2 Glut,14 HY Glut,Glut,50,4.7533207,5.8865423,0.82
2227,2437 STN-PSTN Pitx2 Glut_2,0599 STN-PSTN Pitx2 Glut_2,135 STN-PSTN Pitx2 Glut,14 HY Glut,Glut,67,4.926052,5.679042,0.8507462686567164
2228,2438 STN-PSTN Pitx2 Glut_2,0599 STN-PSTN Pitx2 Glut_2,135 STN-PSTN Pitx2 Glut,14 HY Glut,Glut,56,4.6119566,5.5394807,0.7857142857142857
2229,2431 STN-PSTN Pitx2 Glut_1,0598 STN-PSTN Pitx2 Glut_1,135 STN-PSTN Pitx2 Glut,14 HY Glut,Glut,119,4.378743,5.2146063,0.7647058823529411
2230,2456 STN-PSTN Pitx2 Glut_5,0602 STN-PSTN Pitx2 Glut_5,135 STN-PSTN Pitx2 Glut,14 HY Glut,Glut,87,4.7134805,5.5877934,0.8275862068965517
2231,2432 STN-PSTN Pitx2 Glut_1,0598 STN-PSTN Pitx2 Glut_1,135 STN-PSTN Pitx2 Glut,14 HY Glut,Glut,78,5.7020693,6.154912,0.9358974358974359
2232,2433 STN-PSTN Pitx2 Glut_1,0598 STN-PSTN Pitx2 Glut_1,135 STN-PSTN Pitx2 Glut,14 HY Glut,Glut,73,4.667099,5.640028,0.7808219178082192
2233,2434 STN-PSTN Pitx2 Glut_1,0598 STN-PSTN Pitx2 Glut_1,135 STN-PSTN Pitx2 Glut,14 HY Glut,Glut,39,4.9286885,5.872062,0.8205128205128205
2234,2435 STN-PSTN Pitx2 Glut_1,0598 STN-PSTN Pitx2 Glut_1,135 STN-PSTN Pitx2 Glut,14 HY Glut,Glut,43,4.545547,5.3971615,0.7906976744186046
2235,2447 STN-PSTN Pitx2 Glut_3,0600 STN-PSTN Pitx2 Glut_3,135 STN-PSTN Pitx2 Glut,14 HY Glut,Glut,31,5.350156,5.6408916,0.9354838709677419
2236,2439 STN-PSTN Pitx2 Glut_2,0599 STN-PSTN Pitx2 Glut_2,135 STN-PSTN Pitx2 Glut,14 HY Glut,Glut,167,4.359852,5.286406,0.7425149700598802
2237,2440 STN-PSTN Pitx2 Glut_2,0599 STN-PSTN Pitx2 Glut_2,135 STN-PSTN Pitx2 Glut,14 HY Glut,Glut,23,3.9217563,5.469643,0.6521739130434783
2238,2441 STN-PSTN Pitx2 Glut_2,0599 STN-PSTN Pitx2 Glut_2,135 STN-PSTN Pitx2 Glut,14 HY Glut,Glut,32,4.521738,5.6728005,0.75
2239,2448 STN-PSTN Pitx2 Glut_4,0601 STN-PSTN Pitx2 Glut_4,135 STN-PSTN Pitx2 Glut,14 HY Glut,Glut,139,5.6058083,6.2872143,0.8848920863309353
2240,2449 STN-PSTN Pitx2 Glut_4,0601 STN-PSTN Pitx2 Glut_4,135 STN-PSTN Pitx2 Glut,14 HY Glut,Glut,41,5.161483,5.9611206,0.8292682926829268
2241,2450 STN-PSTN Pitx2 Glut_4,0601 STN-PSTN Pitx2 Glut_4,135 STN-PSTN Pitx2 Glut,14 HY Glut,Glut,80,5.286968,5.9301133,0.875
2242,2451 STN-PSTN Pitx2 Glut_4,0601 STN-PSTN Pitx2 Glut_4,135 STN-PSTN Pitx2 Glut,14 HY Glut,Glut,62,5.0097547,5.5878315,0.8870967741935484
2243,2452 STN-PSTN Pitx2 Glut_4,0601 STN-PSTN Pitx2 Glut_4,135 STN-PSTN Pitx2 Glut,14 HY Glut,Glut,229,4.575983,5.4467473,0.7903930131004366
2244,2459 STN-PSTN Pitx2 Glut_7,0604 STN-PSTN Pitx2 Glut_7,135 STN-PSTN Pitx2 Glut,14 HY Glut,Glut,82,5.293107,5.9347696,0.8902439024390244
2245,2458 STN-PSTN Pitx2 Glut_6,0603 STN-PSTN Pitx2 Glut_6,135 STN-PSTN Pitx2 Glut,14 HY Glut,Glut,67,3.7700245,5.0100045,0.6268656716417911
2247,2073 AVPV-MEPO-SFO Tbr1 Glut_1,0519 AVPV-MEPO-SFO Tbr1 Glut_1,116 AVPV-MEPO-SFO Tbr1 Glut,13 CNU-HYa Glut,Glut,51,4.5781384,5.6929436,0.7647058823529411
2248,2074 AVPV-MEPO-SFO Tbr1 Glut_1,0519 AVPV-MEPO-SFO Tbr1 Glut_1,116 AVPV-MEPO-SFO Tbr1 Glut,13 CNU-HYa Glut,Glut,37,4.620603,5.499838,0.7837837837837838
2249,2075 AVPV-MEPO-SFO Tbr1 Glut_1,0519 AVPV-MEPO-SFO Tbr1 Glut_1,116 AVPV-MEPO-SFO Tbr1 Glut,13 CNU-HYa Glut,Glut,116,3.5493896,4.6482267,0.6293103448275862
2250,2076 AVPV-MEPO-SFO Tbr1 Glut_1,0519 AVPV-MEPO-SFO Tbr1 Glut_1,116 AVPV-MEPO-SFO Tbr1 Glut,13 CNU-HYa Glut,Glut,76,3.794406,5.0101757,0.6578947368421053
2251,2121 ADP-MPO Trp73 Glut_2,0528 ADP-MPO Trp73 Glut_2,118 ADP-MPO Trp73 Glut,13 CNU-HYa Glut,Glut,19,5.149209,5.8590612,0.8421052631578947
2252,2096 AVPV-MEPO-SFO Tbr1 Glut_5,0523 AVPV-MEPO-SFO Tbr1 Glut_5,116 AVPV-MEPO-SFO Tbr1 Glut,13 CNU-HYa Glut,Glut,56,2.0880287,0.0,0.39285714285714285
2253,2113 ADP-MPO Trp73 Glut_1,0527 ADP-MPO Trp73 Glut_1,118 ADP-MPO Trp73 Glut,13 CNU-HYa Glut,Glut,22,5.4533772,6.266288,0.8181818181818182
2254,2077 AVPV-MEPO-SFO Tbr1 Glut_1,0519 AVPV-MEPO-SFO Tbr1 Glut_1,116 AVPV-MEPO-SFO Tbr1 Glut,13 CNU-HYa Glut,Glut,64,2.9458992,4.3145294,0.546875
2255,2088 AVPV-MEPO-SFO Tbr1 Glut_3,0521 AVPV-MEPO-SFO Tbr1 Glut_3,116 AVPV-MEPO-SFO Tbr1 Glut,13 CNU-HYa Glut,Glut,32,4.645152,5.282588,0.8125
2256,2092 AVPV-MEPO-SFO Tbr1 Glut_4,0522 AVPV-MEPO-SFO Tbr1 Glut_4,116 AVPV-MEPO-SFO Tbr1 Glut,13 CNU-HYa Glut,Glut,79,4.8393526,5.790917,0.7721518987341772
2257,2093 AVPV-MEPO-SFO Tbr1 Glut_4,0522 AVPV-MEPO-SFO Tbr1 Glut_4,116 AVPV-MEPO-SFO Tbr1 Glut,13 CNU-HYa Glut,Glut,80,5.529504,6.1425304,0.8875
2258,2097 AVPV-MEPO-SFO Tbr1 Glut_5,0523 AVPV-MEPO-SFO Tbr1 Glut_5,116 AVPV-MEPO-SFO Tbr1 Glut,13 CNU-HYa Glut,Glut,17,3.9526362,4.861194,0.7058823529411765
2259,2098 AVPV-MEPO-SFO Tbr1 Glut_5,0523 AVPV-MEPO-SFO Tbr1 Glut_5,116 AVPV-MEPO-SFO Tbr1 Glut,13 CNU-HYa Glut,Glut,24,3.2041762,4.7161474,0.5833333333333334
2260,2079 AVPV-MEPO-SFO Tbr1 Glut_2,0520 AVPV-MEPO-SFO Tbr1 Glut_2,116 AVPV-MEPO-SFO Tbr1 Glut,13 CNU-HYa Glut,Glut,154,3.5110173,4.8574247,0.6103896103896104
2261,2084 AVPV-MEPO-SFO Tbr1 Glut_3,0521 AVPV-MEPO-SFO Tbr1 Glut_3,116 AVPV-MEPO-SFO Tbr1 Glut,13 CNU-HYa Glut,Glut,31,3.8179386,4.907083,0.6774193548387096
2262,2089 AVPV-MEPO-SFO Tbr1 Glut_3,0521 AVPV-MEPO-SFO Tbr1 Glut_3,116 AVPV-MEPO-SFO Tbr1 Glut,13 CNU-HYa Glut,Glut,59,3.03342,4.638041,0.5254237288135594
2263,2090 AVPV-MEPO-SFO Tbr1 Glut_3,0521 AVPV-MEPO-SFO Tbr1 Glut_3,116 AVPV-MEPO-SFO Tbr1 Glut,13 CNU-HYa Glut,Glut,51,5.14172,5.781017,0.8627450980392157
2264,2091 AVPV-MEPO-SFO Tbr1 Glut_3,0521 AVPV-MEPO-SFO Tbr1 Glut_3,116 AVPV-MEPO-SFO Tbr1 Glut,13 CNU-HYa Glut,Glut,58,4.631198,5.5910616,0.7758620689655172
2265,2085 AVPV-MEPO-SFO Tbr1 Glut_3,0521 AVPV-MEPO-SFO Tbr1 Glut_3,116 AVPV-MEPO-SFO Tbr1 Glut,13 CNU-HYa Glut,Glut,93,3.474296,5.127129,0.5913978494623656
2266,2086 AVPV-MEPO-SFO Tbr1 Glut_3,0521 AVPV-MEPO-SFO Tbr1 Glut_3,116 AVPV-MEPO-SFO Tbr1 Glut,13 CNU-HYa Glut,Glut,66,4.7260723,5.57522,0.7727272727272727
2267,2087 AVPV-MEPO-SFO Tbr1 Glut_3,0521 AVPV-MEPO-SFO Tbr1 Glut_3,116 AVPV-MEPO-SFO Tbr1 Glut,13 CNU-HYa Glut,Glut,74,4.304616,5.5180645,0.6756756756756757
2268,2094 AVPV-MEPO-SFO Tbr1 Glut_4,0522 AVPV-MEPO-SFO Tbr1 Glut_4,116 AVPV-MEPO-SFO Tbr1 Glut,13 CNU-HYa Glut,Glut,58,5.4722795,6.101042,0.896551724137931
2269,2080 AVPV-MEPO-SFO Tbr1 Glut_2,0520 AVPV-MEPO-SFO Tbr1 Glut_2,116 AVPV-MEPO-SFO Tbr1 Glut,13 CNU-HYa Glut,Glut,70,2.6887019,2.037021,0.5
2270,2081 AVPV-MEPO-SFO Tbr1 Glut_2,0520 AVPV-MEPO-SFO Tbr1 Glut_2,116 AVPV-MEPO-SFO Tbr1 Glut,13 CNU-HYa Glut,Glut,138,4.496632,5.392373,0.7536231884057971
2271,2082 AVPV-MEPO-SFO Tbr1 Glut_2,0520 AVPV-MEPO-SFO Tbr1 Glut_2,116 AVPV-MEPO-SFO Tbr1 Glut,13 CNU-HYa Glut,Glut,63,4.0130386,5.228217,0.6825396825396826
2272,2083 AVPV-MEPO-SFO Tbr1 Glut_2,0520 AVPV-MEPO-SFO Tbr1 Glut_2,116 AVPV-MEPO-SFO Tbr1 Glut,13 CNU-HYa Glut,Glut,213,3.126594,4.6823554,0.5539906103286385
2274,2078 AVPV-MEPO-SFO Tbr1 Glut_1,0519 AVPV-MEPO-SFO Tbr1 Glut_1,116 AVPV-MEPO-SFO Tbr1 Glut,13 CNU-HYa Glut,Glut,23,2.9946237,4.478337,0.5652173913043478
2275,2122 ADP-MPO Trp73 Glut_2,0528 ADP-MPO Trp73 Glut_2,118 ADP-MPO Trp73 Glut,13 CNU-HYa Glut,Glut,49,4.269774,5.40422,0.7346938775510204
2276,2119 ADP-MPO Trp73 Glut_1,0527 ADP-MPO Trp73 Glut_1,118 ADP-MPO Trp73 Glut,13 CNU-HYa Glut,Glut,47,5.0676236,5.9332657,0.8085106382978723
2277,2114 ADP-MPO Trp73 Glut_1,0527 ADP-MPO Trp73 Glut_1,118 ADP-MPO Trp73 Glut,13 CNU-HYa Glut,Glut,38,3.9936817,5.3684773,0.6842105263157895
2278,2115 ADP-MPO Trp73 Glut_1,0527 ADP-MPO Trp73 Glut_1,118 ADP-MPO Trp73 Glut,13 CNU-HYa Glut,Glut,35,6.0071177,6.05005,0.9428571428571428
2279,2128 ADP-MPO Trp73 Glut_2,0528 ADP-MPO Trp73 Glut_2,118 ADP-MPO Trp73 Glut,13 CNU-HYa Glut,Glut,10,6.0409083,6.1794624,1.0
2281,2123 ADP-MPO Trp73 Glut_2,0528 ADP-MPO Trp73 Glut_2,118 ADP-MPO Trp73 Glut,13 CNU-HYa Glut,Glut,44,5.2068896,5.9633946,0.8636363636363636
2282,2124 ADP-MPO Trp73 Glut_2,0528 ADP-MPO Trp73 Glut_2,118 ADP-MPO Trp73 Glut,13 CNU-HYa Glut,Glut,14,5.6742373,6.5206413,0.8571428571428571
2283,2125 ADP-MPO Trp73 Glut_2,0528 ADP-MPO Trp73 Glut_2,118 ADP-MPO Trp73 Glut,13 CNU-HYa Glut,Glut,18,5.2973766,5.572508,0.8888888888888888
2284,2126 ADP-MPO Trp73 Glut_2,0528 ADP-MPO Trp73 Glut_2,118 ADP-MPO Trp73 Glut,13 CNU-HYa Glut,Glut,41,5.377045,5.960222,0.8536585365853658
2285,2110 LHA Barhl2 Glut_2,0525 LHA Barhl2 Glut_2,117 LHA Barhl2 Glut,13 CNU-HYa Glut,Glut,36,4.427407,5.282528,0.7777777777777778
2286,2111 LHA Barhl2 Glut_2,0525 LHA Barhl2 Glut_2,117 LHA Barhl2 Glut,13 CNU-HYa Glut,Glut,64,5.541358,6.081381,0.890625
2288,2106 LHA Barhl2 Glut_2,0525 LHA Barhl2 Glut_2,117 LHA Barhl2 Glut,13 CNU-HYa Glut,Glut,36,5.520511,6.2387137,0.8611111111111112
2289,2107 LHA Barhl2 Glut_2,0525 LHA Barhl2 Glut_2,117 LHA Barhl2 Glut,13 CNU-HYa Glut,Glut,67,4.2114906,5.2534494,0.7164179104477612
2290,2108 LHA Barhl2 Glut_2,0525 LHA Barhl2 Glut_2,117 LHA Barhl2 Glut,13 CNU-HYa Glut,Glut,35,5.588295,6.070224,0.9142857142857143
2291,2095 AVPV-MEPO-SFO Tbr1 Glut_4,0522 AVPV-MEPO-SFO Tbr1 Glut_4,116 AVPV-MEPO-SFO Tbr1 Glut,13 CNU-HYa Glut,Glut,149,4.2337723,5.3201203,0.7248322147651006
2292,2129 ADP-MPO Trp73 Glut_3,0529 ADP-MPO Trp73 Glut_3,118 ADP-MPO Trp73 Glut,13 CNU-HYa Glut,Glut,9,5.705675,5.6334457,1.0
2293,2132 ADP-MPO Trp73 Glut_3,0529 ADP-MPO Trp73 Glut_3,118 ADP-MPO Trp73 Glut,13 CNU-HYa Glut,Glut,31,4.1494274,5.299296,0.6774193548387096
2294,2116 ADP-MPO Trp73 Glut_1,0527 ADP-MPO Trp73 Glut_1,118 ADP-MPO Trp73 Glut,13 CNU-HYa Glut,Glut,36,5.5492706,6.1211414,0.9166666666666666
2295,2117 ADP-MPO Trp73 Glut_1,0527 ADP-MPO Trp73 Glut_1,118 ADP-MPO Trp73 Glut,13 CNU-HYa Glut,Glut,42,4.0812597,5.072488,0.6904761904761905
2296,2118 ADP-MPO Trp73 Glut_1,0527 ADP-MPO Trp73 Glut_1,118 ADP-MPO Trp73 Glut,13 CNU-HYa Glut,Glut,57,4.482124,5.454609,0.7719298245614035
2298,2120 ADP-MPO Trp73 Glut_1,0527 ADP-MPO Trp73 Glut_1,118 ADP-MPO Trp73 Glut,13 CNU-HYa Glut,Glut,73,4.220278,5.1650944,0.7397260273972602
2299,2130 ADP-MPO Trp73 Glut_3,0529 ADP-MPO Trp73 Glut_3,118 ADP-MPO Trp73 Glut,13 CNU-HYa Glut,Glut,48,2.865755,2.3449004,0.5
2300,2131 ADP-MPO Trp73 Glut_3,0529 ADP-MPO Trp73 Glut_3,118 ADP-MPO Trp73 Glut,13 CNU-HYa Glut,Glut,17,2.470517,0.0,0.4117647058823529
2305,2730 PRC-PAG Pax6 Glut_1,0676 PRC-PAG Pax6 Glut_1,155 PRC-PAG Pax6 Glut,19 MB Glut,Glut,1,0.0,0.0,0.0
2314,2533 PMd-LHA Foxb1 Glut_3,0621 PMd-LHA Foxb1 Glut_3,140 PMd-LHA Foxb1 Glut,14 HY Glut,Glut,82,4.918059,5.894023,0.8048780487804879
2315,2534 PMd-LHA Foxb1 Glut_3,0621 PMd-LHA Foxb1 Glut_3,140 PMd-LHA Foxb1 Glut,14 HY Glut,Glut,43,4.9093943,6.040623,0.7906976744186046
2316,2522 PMd-LHA Foxb1 Glut_1,0619 PMd-LHA Foxb1 Glut_1,140 PMd-LHA Foxb1 Glut,14 HY Glut,Glut,74,5.7853007,6.4258394,0.8783783783783784
2317,2523 PMd-LHA Foxb1 Glut_1,0619 PMd-LHA Foxb1 Glut_1,140 PMd-LHA Foxb1 Glut,14 HY Glut,Glut,61,4.9884067,6.3278184,0.7540983606557377
2318,2524 PMd-LHA Foxb1 Glut_2,0620 PMd-LHA Foxb1 Glut_2,140 PMd-LHA Foxb1 Glut,14 HY Glut,Glut,76,5.5186625,6.37049,0.8552631578947368
2319,2525 PMd-LHA Foxb1 Glut_2,0620 PMd-LHA Foxb1 Glut_2,140 PMd-LHA Foxb1 Glut,14 HY Glut,Glut,119,5.5702252,6.4011827,0.865546218487395
2320,2530 PMd-LHA Foxb1 Glut_2,0620 PMd-LHA Foxb1 Glut_2,140 PMd-LHA Foxb1 Glut,14 HY Glut,Glut,203,5.7331605,6.378291,0.8866995073891626
2321,2527 PMd-LHA Foxb1 Glut_2,0620 PMd-LHA Foxb1 Glut_2,140 PMd-LHA Foxb1 Glut,14 HY Glut,Glut,194,5.254925,5.959599,0.8556701030927835
2322,2528 PMd-LHA Foxb1 Glut_2,0620 PMd-LHA Foxb1 Glut_2,140 PMd-LHA Foxb1 Glut,14 HY Glut,Glut,56,5.0717034,5.933461,0.8035714285714286
2323,2529 PMd-LHA Foxb1 Glut_2,0620 PMd-LHA Foxb1 Glut_2,140 PMd-LHA Foxb1 Glut,14 HY Glut,Glut,70,5.1050844,5.954755,0.8285714285714286
2324,2531 PMd-LHA Foxb1 Glut_2,0620 PMd-LHA Foxb1 Glut_2,140 PMd-LHA Foxb1 Glut,14 HY Glut,Glut,71,4.6907654,5.541828,0.7605633802816901
2325,2526 PMd-LHA Foxb1 Glut_2,0620 PMd-LHA Foxb1 Glut_2,140 PMd-LHA Foxb1 Glut,14 HY Glut,Glut,63,6.1115484,6.548587,0.9206349206349206
2326,2532 PMd-LHA Foxb1 Glut_2,0620 PMd-LHA Foxb1 Glut_2,140 PMd-LHA Foxb1 Glut,14 HY Glut,Glut,53,4.905379,5.9389634,0.7924528301886793
2327,2421 PH-ant-LHA Otp Bsx Glut_6,0596 PH-ant-LHA Otp Bsx Glut_6,134 PH-ant-LHA Otp Bsx Glut,14 HY Glut,Glut,38,4.864081,5.7371416,0.7894736842105263
2328,2420 PH-ant-LHA Otp Bsx Glut_6,0596 PH-ant-LHA Otp Bsx Glut_6,134 PH-ant-LHA Otp Bsx Glut,14 HY Glut,Glut,25,7.1299353,7.330917,1.0
2329,2423 PH-ant-LHA Otp Bsx Glut_7,0597 PH-ant-LHA Otp Bsx Glut_7,134 PH-ant-LHA Otp Bsx Glut,14 HY Glut,Glut,65,4.370776,5.332282,0.7384615384615385
2330,2424 PH-ant-LHA Otp Bsx Glut_7,0597 PH-ant-LHA Otp Bsx Glut_7,134 PH-ant-LHA Otp Bsx Glut,14 HY Glut,Glut,58,4.834721,5.9347253,0.7758620689655172
2331,2474 PH-an Pitx2 Glut_1,0608 PH-an Pitx2 Glut_1,137 PH-an Pitx2 Glut,14 HY Glut,Glut,183,4.4857554,5.465679,0.7486338797814208
2333,2476 PH-an Pitx2 Glut_2,0609 PH-an Pitx2 Glut_2,137 PH-an Pitx2 Glut,14 HY Glut,Glut,47,3.9980874,5.417917,0.6595744680851063
2334,2536 PH-SUM Foxa1 Glut_1,0622 PH-SUM Foxa1 Glut_1,141 PH-SUM Foxa1 Glut,14 HY Glut,Glut,55,5.5080166,6.414401,0.8545454545454545
2335,2477 PH-an Pitx2 Glut_2,0609 PH-an Pitx2 Glut_2,137 PH-an Pitx2 Glut,14 HY Glut,Glut,47,4.2418056,5.628093,0.6808510638297872
2337,2540 PH-SUM Foxa1 Glut_2,0623 PH-SUM Foxa1 Glut_2,141 PH-SUM Foxa1 Glut,14 HY Glut,Glut-GABA,81,4.1390343,5.2403617,0.7160493827160493
2338,2554 PH-SUM Foxa1 Glut_5,0626 PH-SUM Foxa1 Glut_5,141 PH-SUM Foxa1 Glut,14 HY Glut,Glut,62,4.451001,5.177885,0.8225806451612904
2339,2537 PH-SUM Foxa1 Glut_1,0622 PH-SUM Foxa1 Glut_1,141 PH-SUM Foxa1 Glut,14 HY Glut,Glut,27,4.19419,5.9222207,0.6666666666666666
2340,2538 PH-SUM Foxa1 Glut_1,0622 PH-SUM Foxa1 Glut_1,141 PH-SUM Foxa1 Glut,14 HY Glut,Glut,41,3.7929375,4.973913,0.6341463414634146
2341,2541 PH-SUM Foxa1 Glut_2,0623 PH-SUM Foxa1 Glut_2,141 PH-SUM Foxa1 Glut,14 HY Glut,Glut,48,5.1468616,5.909091,0.8541666666666666
2342,2555 PH-SUM Foxa1 Glut_5,0626 PH-SUM Foxa1 Glut_5,141 PH-SUM Foxa1 Glut,14 HY Glut,Glut-GABA,40,4.3442307,4.958888,0.85
2344,2772 IF-RL-CLI-PAG Foxa1 Glut_2,0686 IF-RL-CLI-PAG Foxa1 Glut_2,159 IF-RL-CLI-PAG Foxa1 Glut,19 MB Glut,Glut,20,5.1896267,6.1215773,0.8
2345,2767 IF-RL-CLI-PAG Foxa1 Glut_1,0685 IF-RL-CLI-PAG Foxa1 Glut_1,159 IF-RL-CLI-PAG Foxa1 Glut,19 MB Glut,Glut,19,4.9049883,5.726175,0.8421052631578947
2346,2475 PH-an Pitx2 Glut_1,0608 PH-an Pitx2 Glut_1,137 PH-an Pitx2 Glut,14 HY Glut,Glut,111,5.1783333,5.9916162,0.8288288288288288
2347,2539 PH-SUM Foxa1 Glut_1,0622 PH-SUM Foxa1 Glut_1,141 PH-SUM Foxa1 Glut,14 HY Glut,Glut,15,4.810305,5.579833,0.8
2351,2768 IF-RL-CLI-PAG Foxa1 Glut_1,0685 IF-RL-CLI-PAG Foxa1 Glut_1,159 IF-RL-CLI-PAG Foxa1 Glut,19 MB Glut,Glut,4,4.2031994,4.760936,0.75
2352,2769 IF-RL-CLI-PAG Foxa1 Glut_1,0685 IF-RL-CLI-PAG Foxa1 Glut_1,159 IF-RL-CLI-PAG Foxa1 Glut,19 MB Glut,Glut,4,2.9267178,2.2949545,0.5
2353,2778 IF-RL-CLI-PAG Foxa1 Glut_4,0688 IF-RL-CLI-PAG Foxa1 Glut_4,159 IF-RL-CLI-PAG Foxa1 Glut,19 MB Glut,Dopa,4,4.876651,6.3157763,0.75
2356,2774 IF-RL-CLI-PAG Foxa1 Glut_2,0686 IF-RL-CLI-PAG Foxa1 Glut_2,159 IF-RL-CLI-PAG Foxa1 Glut,19 MB Glut,Glut,3,7.04614,6.8141975,1.0
2358,2480 PH-an Pitx2 Glut_2,0609 PH-an Pitx2 Glut_2,137 PH-an Pitx2 Glut,14 HY Glut,Glut,58,4.0516057,5.1879463,0.6724137931034483
2359,2556 PH-SUM Foxa1 Glut_5,0626 PH-SUM Foxa1 Glut_5,141 PH-SUM Foxa1 Glut,14 HY Glut,Glut-GABA,46,4.347891,5.0203214,0.782608695652174
2360,2546 PH-SUM Foxa1 Glut_3,0624 PH-SUM Foxa1 Glut_3,141 PH-SUM Foxa1 Glut,14 HY Glut,Glut,36,3.6848166,4.870132,0.6388888888888888
2361,2547 PH-SUM Foxa1 Glut_3,0624 PH-SUM Foxa1 Glut_3,141 PH-SUM Foxa1 Glut,14 HY Glut,Glut,5,6.0006495,5.791071,1.0
2362,2780 IF-RL-CLI-PAG Foxa1 Glut_5,0689 IF-RL-CLI-PAG Foxa1 Glut_5,159 IF-RL-CLI-PAG Foxa1 Glut,19 MB Glut,Glut,6,6.5960903,6.863792,1.0
2363,2478 PH-an Pitx2 Glut_2,0609 PH-an Pitx2 Glut_2,137 PH-an Pitx2 Glut,14 HY Glut,Glut,20,5.9453683,6.6540465,0.9
2364,3006 SPA-SPFm-SPFp-POL-PIL-PoT Sp9 Glut_12,0729 SPA-SPFm-SPFp-POL-PIL-PoT Sp9 Glut_12,168 SPA-SPFm-SPFp-POL-PIL-PoT Sp9 Glut,19 MB Glut,Glut,30,4.2465324,5.0922327,0.7333333333333333
2365,2542 PH-SUM Foxa1 Glut_2,0623 PH-SUM Foxa1 Glut_2,141 PH-SUM Foxa1 Glut,14 HY Glut,Glut,59,4.818937,5.876109,0.8135593220338984
2366,2479 PH-an Pitx2 Glut_2,0609 PH-an Pitx2 Glut_2,137 PH-an Pitx2 Glut,14 HY Glut,Glut,44,4.8514624,5.931428,0.7727272727272727
2367,2560 PH-SUM Foxa1 Glut_6,0627 PH-SUM Foxa1 Glut_6,141 PH-SUM Foxa1 Glut,14 HY Glut,Glut,31,4.07856,5.57785,0.6774193548387096
2368,2552 PH-SUM Foxa1 Glut_5,0626 PH-SUM Foxa1 Glut_5,141 PH-SUM Foxa1 Glut,14 HY Glut,Glut-GABA,23,4.049027,4.967934,0.7391304347826086
2369,2557 PH-SUM Foxa1 Glut_5,0626 PH-SUM Foxa1 Glut_5,141 PH-SUM Foxa1 Glut,14 HY Glut,Glut,121,4.8925853,5.639337,0.8429752066115702
2370,2558 PH-SUM Foxa1 Glut_6,0627 PH-SUM Foxa1 Glut_6,141 PH-SUM Foxa1 Glut,14 HY Glut,Glut,25,4.6946187,5.714499,0.8
2371,2562 PH-SUM Foxa1 Glut_6,0627 PH-SUM Foxa1 Glut_6,141 PH-SUM Foxa1 Glut,14 HY Glut,Glut,49,4.5874543,5.423133,0.7551020408163265
2372,2563 PH-SUM Foxa1 Glut_6,0627 PH-SUM Foxa1 Glut_6,141 PH-SUM Foxa1 Glut,14 HY Glut,Glut,55,5.2119136,5.860693,0.8545454545454545
2373,2548 PH-SUM Foxa1 Glut_3,0624 PH-SUM Foxa1 Glut_3,141 PH-SUM Foxa1 Glut,14 HY Glut,Glut,49,5.647105,6.3128943,0.8979591836734694
2374,2544 PH-SUM Foxa1 Glut_3,0624 PH-SUM Foxa1 Glut_3,141 PH-SUM Foxa1 Glut,14 HY Glut,Glut,25,5.3987803,5.86933,0.92
2375,2559 PH-SUM Foxa1 Glut_6,0627 PH-SUM Foxa1 Glut_6,141 PH-SUM Foxa1 Glut,14 HY Glut,Glut,141,4.1704984,5.395453,0.6808510638297872
2376,2549 PH-SUM Foxa1 Glut_3,0624 PH-SUM Foxa1 Glut_3,141 PH-SUM Foxa1 Glut,14 HY Glut,Glut,37,3.6755853,4.836057,0.6486486486486487
2377,2553 PH-SUM Foxa1 Glut_5,0626 PH-SUM Foxa1 Glut_5,141 PH-SUM Foxa1 Glut,14 HY Glut,Glut-GABA,27,3.2468176,5.0206523,0.5555555555555556
2378,2561 PH-SUM Foxa1 Glut_6,0627 PH-SUM Foxa1 Glut_6,141 PH-SUM Foxa1 Glut,14 HY Glut,Glut-GABA,92,4.141446,4.9938726,0.717391304347826
2379,2550 PH-SUM Foxa1 Glut_4,0625 PH-SUM Foxa1 Glut_4,141 PH-SUM Foxa1 Glut,14 HY Glut,Glut,33,5.095097,5.620749,0.8787878787878788
2380,2551 PH-SUM Foxa1 Glut_4,0625 PH-SUM Foxa1 Glut_4,141 PH-SUM Foxa1 Glut,14 HY Glut,Glut,20,5.3147507,5.850178,0.9
2381,2545 PH-SUM Foxa1 Glut_3,0624 PH-SUM Foxa1 Glut_3,141 PH-SUM Foxa1 Glut,14 HY Glut,Glut,33,4.2534924,4.7962837,0.8181818181818182
2382,2771 IF-RL-CLI-PAG Foxa1 Glut_1,0685 IF-RL-CLI-PAG Foxa1 Glut_1,159 IF-RL-CLI-PAG Foxa1 Glut,19 MB Glut,Glut,13,4.4653883,5.2149615,0.8461538461538461
2383,3853 SNc-VTA-RAmb Foxa1 Dopa_3,0882 SNc-VTA-RAmb Foxa1 Dopa_3,215 SNc-VTA-RAmb Foxa1 Dopa,21 MB Dopa,Dopa,1,4.523776,4.523776,1.0
2392,3872 SNc-VTA-RAmb Foxa1 Dopa_6,0885 SNc-VTA-RAmb Foxa1 Dopa_6,215 SNc-VTA-RAmb Foxa1 Dopa,21 MB Dopa,Dopa,4,5.433698,5.2828197,1.0
2394,3878 SNc-VTA-RAmb Foxa1 Dopa_8,0887 SNc-VTA-RAmb Foxa1 Dopa_8,215 SNc-VTA-RAmb Foxa1 Dopa,21 MB Dopa,Dopa,1,6.7575607,6.7575607,1.0
2399,3863 SNc-VTA-RAmb Foxa1 Dopa_4,0883 SNc-VTA-RAmb Foxa1 Dopa_4,215 SNc-VTA-RAmb Foxa1 Dopa,21 MB Dopa,Dopa,1,6.886583,6.886583,1.0
2402,3868 SNc-VTA-RAmb Foxa1 Dopa_5,0884 SNc-VTA-RAmb Foxa1 Dopa_5,215 SNc-VTA-RAmb Foxa1 Dopa,21 MB Dopa,Dopa,1,4.357286,4.357286,1.0
2403,3865 SNc-VTA-RAmb Foxa1 Dopa_4,0883 SNc-VTA-RAmb Foxa1 Dopa_4,215 SNc-VTA-RAmb Foxa1 Dopa,21 MB Dopa,Dopa,1,5.798924,5.798924,1.0
2404,3866 SNc-VTA-RAmb Foxa1 Dopa_4,0883 SNc-VTA-RAmb Foxa1 Dopa_4,215 SNc-VTA-RAmb Foxa1 Dopa,21 MB Dopa,Dopa,3,3.332753,4.464707,0.6666666666666666
2409,3874 SNc-VTA-RAmb Foxa1 Dopa_6,0885 SNc-VTA-RAmb Foxa1 Dopa_6,215 SNc-VTA-RAmb Foxa1 Dopa,21 MB Dopa,Dopa,1,0.0,0.0,0.0
2411,3858 SNc-VTA-RAmb Foxa1 Dopa_3,0882 SNc-VTA-RAmb Foxa1 Dopa_3,215 SNc-VTA-RAmb Foxa1 Dopa,21 MB Dopa,Dopa,2,5.2007723,5.2007723,1.0
2416,3837 SNc-VTA-RAmb Foxa1 Dopa_1,0880 SNc-VTA-RAmb Foxa1 Dopa_1,215 SNc-VTA-RAmb Foxa1 Dopa,21 MB Dopa,Glut-GABA,7,3.2457826,4.5916977,0.5714285714285714
2417,3879 SNc-VTA-RAmb Foxa1 Dopa_8,0887 SNc-VTA-RAmb Foxa1 Dopa_8,215 SNc-VTA-RAmb Foxa1 Dopa,21 MB Dopa,Glut-GABA,9,5.208765,5.6175847,0.8888888888888888
2418,3838 SNc-VTA-RAmb Foxa1 Dopa_1,0880 SNc-VTA-RAmb Foxa1 Dopa_1,215 SNc-VTA-RAmb Foxa1 Dopa,21 MB Dopa,Dopa,11,4.884325,5.6064134,0.8181818181818182
2419,3839 SNc-VTA-RAmb Foxa1 Dopa_1,0880 SNc-VTA-RAmb Foxa1 Dopa_1,215 SNc-VTA-RAmb Foxa1 Dopa,21 MB Dopa,Dopa,1,6.0550194,6.0550194,1.0
2423,3877 SNc-VTA-RAmb Foxa1 Dopa_8,0887 SNc-VTA-RAmb Foxa1 Dopa_8,215 SNc-VTA-RAmb Foxa1 Dopa,21 MB Dopa,Glut-GABA,8,5.5877314,5.379685,1.0
2425,3844 SNc-VTA-RAmb Foxa1 Dopa_1,0880 SNc-VTA-RAmb Foxa1 Dopa_1,215 SNc-VTA-RAmb Foxa1 Dopa,21 MB Dopa,Glut-GABA,5,6.5105424,6.569091,1.0
2426,2375 PVH-SO-PVa Otp Glut_3,0587 PVH-SO-PVa Otp Glut_3,133 PVH-SO-PVa Otp Glut,14 HY Glut,Glut,188,4.2983756,5.532253,0.6861702127659575
2427,2392 PH-ant-LHA Otp Bsx Glut_1,0591 PH-ant-LHA Otp Bsx Glut_1,134 PH-ant-LHA Otp Bsx Glut,14 HY Glut,Glut,70,5.3724275,5.8153925,0.8857142857142857
2428,2425 PH-ant-LHA Otp Bsx Glut_7,0597 PH-ant-LHA Otp Bsx Glut_7,134 PH-ant-LHA Otp Bsx Glut,14 HY Glut,Glut,78,3.6359088,5.4291916,0.5897435897435898
2429,2407 PH-ant-LHA Otp Bsx Glut_4,0594 PH-ant-LHA Otp Bsx Glut_4,134 PH-ant-LHA Otp Bsx Glut,14 HY Glut,Glut,83,4.57541,5.5534935,0.7469879518072289
2430,2408 PH-ant-LHA Otp Bsx Glut_4,0594 PH-ant-LHA Otp Bsx Glut_4,134 PH-ant-LHA Otp Bsx Glut,14 HY Glut,Glut,46,4.127964,5.562783,0.6739130434782609
2431,2409 PH-ant-LHA Otp Bsx Glut_4,0594 PH-ant-LHA Otp Bsx Glut_4,134 PH-ant-LHA Otp Bsx Glut,14 HY Glut,Glut,116,4.2091074,5.390465,0.7068965517241379
2432,2401 PH-ant-LHA Otp Bsx Glut_3,0593 PH-ant-LHA Otp Bsx Glut_3,134 PH-ant-LHA Otp Bsx Glut,14 HY Glut,Glut,207,5.8327107,6.3548627,0.927536231884058
2433,2410 PH-ant-LHA Otp Bsx Glut_4,0594 PH-ant-LHA Otp Bsx Glut_4,134 PH-ant-LHA Otp Bsx Glut,14 HY Glut,Glut,133,4.7926664,5.9518557,0.7669172932330827
2434,2411 PH-ant-LHA Otp Bsx Glut_4,0594 PH-ant-LHA Otp Bsx Glut_4,134 PH-ant-LHA Otp Bsx Glut,14 HY Glut,Glut,86,4.568524,5.9022865,0.7441860465116279
2435,2402 PH-ant-LHA Otp Bsx Glut_3,0593 PH-ant-LHA Otp Bsx Glut_3,134 PH-ant-LHA Otp Bsx Glut,14 HY Glut,Glut,30,5.7453785,6.1009345,0.9333333333333333
2436,2398 PH-ant-LHA Otp Bsx Glut_2,0592 PH-ant-LHA Otp Bsx Glut_2,134 PH-ant-LHA Otp Bsx Glut,14 HY Glut,Glut,43,4.9109206,5.8817973,0.813953488372093
2437,2395 PH-ant-LHA Otp Bsx Glut_2,0592 PH-ant-LHA Otp Bsx Glut_2,134 PH-ant-LHA Otp Bsx Glut,14 HY Glut,Glut,55,4.9805493,5.4855843,0.8363636363636363
2438,2403 PH-ant-LHA Otp Bsx Glut_3,0593 PH-ant-LHA Otp Bsx Glut_3,134 PH-ant-LHA Otp Bsx Glut,14 HY Glut,Glut,64,5.431361,5.972225,0.90625
2439,2426 PH-ant-LHA Otp Bsx Glut_7,0597 PH-ant-LHA Otp Bsx Glut_7,134 PH-ant-LHA Otp Bsx Glut,14 HY Glut,Glut,94,4.1919336,5.544679,0.648936170212766
2440,2412 PH-ant-LHA Otp Bsx Glut_4,0594 PH-ant-LHA Otp Bsx Glut_4,134 PH-ant-LHA Otp Bsx Glut,14 HY Glut,Glut,252,4.2826986,5.3039627,0.7261904761904762
2441,2427 PH-ant-LHA Otp Bsx Glut_7,0597 PH-ant-LHA Otp Bsx Glut_7,134 PH-ant-LHA Otp Bsx Glut,14 HY Glut,Glut,107,4.1109133,5.395627,0.6542056074766355
2442,2396 PH-ant-LHA Otp Bsx Glut_2,0592 PH-ant-LHA Otp Bsx Glut_2,134 PH-ant-LHA Otp Bsx Glut,14 HY Glut,Glut,60,6.1477666,6.16889,0.9833333333333333
2443,2399 PH-ant-LHA Otp Bsx Glut_2,0592 PH-ant-LHA Otp Bsx Glut_2,134 PH-ant-LHA Otp Bsx Glut,14 HY Glut,Glut,83,5.4368653,5.8681083,0.9156626506024096
2444,2400 PH-ant-LHA Otp Bsx Glut_2,0592 PH-ant-LHA Otp Bsx Glut_2,134 PH-ant-LHA Otp Bsx Glut,14 HY Glut,Glut,65,5.2866364,5.591224,0.8923076923076924
2445,2404 PH-ant-LHA Otp Bsx Glut_3,0593 PH-ant-LHA Otp Bsx Glut_3,134 PH-ant-LHA Otp Bsx Glut,14 HY Glut,Glut,67,5.6504946,6.223406,0.8955223880597015
2446,2397 PH-ant-LHA Otp Bsx Glut_2,0592 PH-ant-LHA Otp Bsx Glut_2,134 PH-ant-LHA Otp Bsx Glut,14 HY Glut,Glut,66,5.7034807,6.3084316,0.9090909090909091
2447,2422 PH-ant-LHA Otp Bsx Glut_6,0596 PH-ant-LHA Otp Bsx Glut_6,134 PH-ant-LHA Otp Bsx Glut,14 HY Glut,Glut,50,4.6961427,5.6288276,0.78
2448,2413 PH-ant-LHA Otp Bsx Glut_5,0595 PH-ant-LHA Otp Bsx Glut_5,134 PH-ant-LHA Otp Bsx Glut,14 HY Glut,Glut,42,5.0911407,5.714963,0.8571428571428571
2449,2405 PH-ant-LHA Otp Bsx Glut_3,0593 PH-ant-LHA Otp Bsx Glut_3,134 PH-ant-LHA Otp Bsx Glut,14 HY Glut,Glut,102,4.82553,5.847622,0.7941176470588235
2450,2414 PH-ant-LHA Otp Bsx Glut_5,0595 PH-ant-LHA Otp Bsx Glut_5,134 PH-ant-LHA Otp Bsx Glut,14 HY Glut,Glut,108,5.066516,5.8261786,0.8333333333333334
2451,2415 PH-ant-LHA Otp Bsx Glut_5,0595 PH-ant-LHA Otp Bsx Glut_5,134 PH-ant-LHA Otp Bsx Glut,14 HY Glut,Glut,141,5.1150246,5.919853,0.8368794326241135
2452,2416 PH-ant-LHA Otp Bsx Glut_5,0595 PH-ant-LHA Otp Bsx Glut_5,134 PH-ant-LHA Otp Bsx Glut,14 HY Glut,Glut,55,5.2688437,5.8958154,0.8545454545454545
2453,2406 PH-ant-LHA Otp Bsx Glut_3,0593 PH-ant-LHA Otp Bsx Glut_3,134 PH-ant-LHA Otp Bsx Glut,14 HY Glut,Glut,23,4.5889225,5.4713545,0.782608695652174
2454,2393 PH-ant-LHA Otp Bsx Glut_1,0591 PH-ant-LHA Otp Bsx Glut_1,134 PH-ant-LHA Otp Bsx Glut,14 HY Glut,Glut,191,4.674955,5.627408,0.7696335078534031
2455,2428 PH-ant-LHA Otp Bsx Glut_7,0597 PH-ant-LHA Otp Bsx Glut_7,134 PH-ant-LHA Otp Bsx Glut,14 HY Glut,Glut,199,3.59377,5.1589932,0.5829145728643216
2456,2418 PH-ant-LHA Otp Bsx Glut_5,0595 PH-ant-LHA Otp Bsx Glut_5,134 PH-ant-LHA Otp Bsx Glut,14 HY Glut,Glut,63,4.5227313,5.47111,0.746031746031746
2457,2419 PH-ant-LHA Otp Bsx Glut_5,0595 PH-ant-LHA Otp Bsx Glut_5,134 PH-ant-LHA Otp Bsx Glut,14 HY Glut,Glut,35,5.3499475,6.0947075,0.8571428571428571
2458,2417 PH-ant-LHA Otp Bsx Glut_5,0595 PH-ant-LHA Otp Bsx Glut_5,134 PH-ant-LHA Otp Bsx Glut,14 HY Glut,Glut,145,4.490983,5.7506857,0.7448275862068966
2459,2376 PVH-SO-PVa Otp Glut_3,0587 PVH-SO-PVa Otp Glut_3,133 PVH-SO-PVa Otp Glut,14 HY Glut,Glut,309,3.9646068,5.3154716,0.6504854368932039
2460,2377 PVH-SO-PVa Otp Glut_3,0587 PVH-SO-PVa Otp Glut_3,133 PVH-SO-PVa Otp Glut,14 HY Glut,Glut,254,4.291923,5.4431267,0.7125984251968503
2461,2378 PVH-SO-PVa Otp Glut_3,0587 PVH-SO-PVa Otp Glut_3,133 PVH-SO-PVa Otp Glut,14 HY Glut,Glut,152,4.077805,5.4567246,0.6644736842105263
2462,2382 PVH-SO-PVa Otp Glut_5,0589 PVH-SO-PVa Otp Glut_5,133 PVH-SO-PVa Otp Glut,14 HY Glut,Glut,145,3.9928362,5.518568,0.6344827586206897
2463,2383 PVH-SO-PVa Otp Glut_5,0589 PVH-SO-PVa Otp Glut_5,133 PVH-SO-PVa Otp Glut,14 HY Glut,Glut,168,4.005172,5.3613625,0.6785714285714286
2464,2384 PVH-SO-PVa Otp Glut_5,0589 PVH-SO-PVa Otp Glut_5,133 PVH-SO-PVa Otp Glut,14 HY Glut,Glut,104,3.1972392,4.9213705,0.5384615384615384
2465,2379 PVH-SO-PVa Otp Glut_4,0588 PVH-SO-PVa Otp Glut_4,133 PVH-SO-PVa Otp Glut,14 HY Glut,Glut,95,5.067585,5.516818,0.8947368421052632
2466,2380 PVH-SO-PVa Otp Glut_4,0588 PVH-SO-PVa Otp Glut_4,133 PVH-SO-PVa Otp Glut,14 HY Glut,Glut,517,4.718643,5.5246243,0.8201160541586073
2467,2381 PVH-SO-PVa Otp Glut_4,0588 PVH-SO-PVa Otp Glut_4,133 PVH-SO-PVa Otp Glut,14 HY Glut,Glut,30,3.976159,5.19178,0.7
2468,2364 PVH-SO-PVa Otp Glut_1,0585 PVH-SO-PVa Otp Glut_1,133 PVH-SO-PVa Otp Glut,14 HY Glut,Glut,47,4.7445545,5.5501876,0.8085106382978723
2469,2365 PVH-SO-PVa Otp Glut_1,0585 PVH-SO-PVa Otp Glut_1,133 PVH-SO-PVa Otp Glut,14 HY Glut,Glut,77,5.1721954,6.0617046,0.8311688311688312
2470,2366 PVH-SO-PVa Otp Glut_1,0585 PVH-SO-PVa Otp Glut_1,133 PVH-SO-PVa Otp Glut,14 HY Glut,Glut,24,5.3372083,5.824541,0.875
2471,2367 PVH-SO-PVa Otp Glut_1,0585 PVH-SO-PVa Otp Glut_1,133 PVH-SO-PVa Otp Glut,14 HY Glut,Glut,38,4.3601317,5.9413066,0.6842105263157895
2472,2373 PVH-SO-PVa Otp Glut_2,0586 PVH-SO-PVa Otp Glut_2,133 PVH-SO-PVa Otp Glut,14 HY Glut,Glut,32,5.8898897,6.158902,0.96875
2473,2374 PVH-SO-PVa Otp Glut_2,0586 PVH-SO-PVa Otp Glut_2,133 PVH-SO-PVa Otp Glut,14 HY Glut,Glut,28,4.5623317,5.9475074,0.7142857142857143
2474,2368 PVH-SO-PVa Otp Glut_1,0585 PVH-SO-PVa Otp Glut_1,133 PVH-SO-PVa Otp Glut,14 HY Glut,Glut,80,4.7780366,5.7081203,0.8125
2475,2386 PVH-SO-PVa Otp Glut_6,0590 PVH-SO-PVa Otp Glut_6,133 PVH-SO-PVa Otp Glut,14 HY Glut,Glut,53,3.733971,5.0975285,0.6415094339622641
2476,2326 LHA-AHN-PVH Otp Trh Glut_1,0574 LHA-AHN-PVH Otp Trh Glut_1,131 LHA-AHN-PVH Otp Trh Glut,14 HY Glut,Glut-GABA,24,4.027377,4.965802,0.75
2477,2224 LHA-MEA Otp Glut_2,0543 LHA-MEA Otp Glut_2,122 LHA-MEA Otp Glut,13 CNU-HYa Glut,Glut,2,3.4752595,3.4752595,0.5
2478,2218 LHA-MEA Otp Glut_1,0542 LHA-MEA Otp Glut_1,122 LHA-MEA Otp Glut,13 CNU-HYa Glut,Glut,1,7.309515,7.309515,1.0
2480,2215 MEA-BST Otp Zic2 Glut_2,0540 MEA-BST Otp Zic2 Glut_2,121 MEA-BST Otp Zic2 Glut,13 CNU-HYa Glut,Glut,2,6.485693,6.485693,1.0
2481,2220 LHA-MEA Otp Glut_1,0542 LHA-MEA Otp Glut_1,122 LHA-MEA Otp Glut,13 CNU-HYa Glut,Glut,27,4.6257625,5.7886467,0.7777777777777778
2482,2221 LHA-MEA Otp Glut_1,0542 LHA-MEA Otp Glut_1,122 LHA-MEA Otp Glut,13 CNU-HYa Glut,Glut,8,4.071531,5.1899323,0.75
2483,2222 LHA-MEA Otp Glut_1,0542 LHA-MEA Otp Glut_1,122 LHA-MEA Otp Glut,13 CNU-HYa Glut,Glut,10,4.138262,4.768859,0.8
2485,2208 MEA-BST Otp Zic2 Glut_1,0539 MEA-BST Otp Zic2 Glut_1,121 MEA-BST Otp Zic2 Glut,13 CNU-HYa Glut,Glut,17,3.4380045,4.923934,0.5882352941176471
2486,2211 MEA-BST Otp Zic2 Glut_1,0539 MEA-BST Otp Zic2 Glut_1,121 MEA-BST Otp Zic2 Glut,13 CNU-HYa Glut,Glut,5,4.40096,5.302592,0.8
2488,2212 MEA-BST Otp Zic2 Glut_1,0539 MEA-BST Otp Zic2 Glut_1,121 MEA-BST Otp Zic2 Glut,13 CNU-HYa Glut,Glut,25,4.421219,5.6156826,0.76
2490,2330 LHA-AHN-PVH Otp Trh Glut_2,0575 LHA-AHN-PVH Otp Trh Glut_2,131 LHA-AHN-PVH Otp Trh Glut,14 HY Glut,Glut,82,3.616927,4.878191,0.6341463414634146
2491,2331 LHA-AHN-PVH Otp Trh Glut_2,0575 LHA-AHN-PVH Otp Trh Glut_2,131 LHA-AHN-PVH Otp Trh Glut,14 HY Glut,Glut,62,4.3893266,5.322482,0.7580645161290323
2492,2332 LHA-AHN-PVH Otp Trh Glut_2,0575 LHA-AHN-PVH Otp Trh Glut_2,131 LHA-AHN-PVH Otp Trh Glut,14 HY Glut,Glut,63,4.3962116,5.2224402,0.7619047619047619
2493,2333 LHA-AHN-PVH Otp Trh Glut_2,0575 LHA-AHN-PVH Otp Trh Glut_2,131 LHA-AHN-PVH Otp Trh Glut,14 HY Glut,Glut,37,4.7989283,5.4327326,0.8108108108108109
2494,2335 LHA-AHN-PVH Otp Trh Glut_3,0576 LHA-AHN-PVH Otp Trh Glut_3,131 LHA-AHN-PVH Otp Trh Glut,14 HY Glut,Glut,36,3.86909,5.1196966,0.6666666666666666
2495,2355 AHN-RCH-LHA Otp Fezf1 Glut_3,0581 AHN-RCH-LHA Otp Fezf1 Glut_3,132 AHN-RCH-LHA Otp Fezf1 Glut,14 HY Glut,Glut,32,5.178588,5.8400803,0.8125
2496,2329 LHA-AHN-PVH Otp Trh Glut_1,0574 LHA-AHN-PVH Otp Trh Glut_1,131 LHA-AHN-PVH Otp Trh Glut,14 HY Glut,Glut,86,4.6150703,5.3995347,0.7906976744186046
2497,2327 LHA-AHN-PVH Otp Trh Glut_1,0574 LHA-AHN-PVH Otp Trh Glut_1,131 LHA-AHN-PVH Otp Trh Glut,14 HY Glut,Glut,35,4.347979,4.8917594,0.7714285714285715
2498,2339 LHA-AHN-PVH Otp Trh Glut_5,0578 LHA-AHN-PVH Otp Trh Glut_5,131 LHA-AHN-PVH Otp Trh Glut,14 HY Glut,Glut-GABA,82,4.6991224,5.9458504,0.7439024390243902
2499,2328 LHA-AHN-PVH Otp Trh Glut_1,0574 LHA-AHN-PVH Otp Trh Glut_1,131 LHA-AHN-PVH Otp Trh Glut,14 HY Glut,Glut,37,3.8313549,4.882632,0.6756756756756757
2500,2337 LHA-AHN-PVH Otp Trh Glut_4,0577 LHA-AHN-PVH Otp Trh Glut_4,131 LHA-AHN-PVH Otp Trh Glut,14 HY Glut,Glut,69,4.239955,5.185598,0.7246376811594203
2501,2338 LHA-AHN-PVH Otp Trh Glut_4,0577 LHA-AHN-PVH Otp Trh Glut_4,131 LHA-AHN-PVH Otp Trh Glut,14 HY Glut,Glut,57,4.398528,5.497374,0.7192982456140351
2502,2336 LHA-AHN-PVH Otp Trh Glut_3,0576 LHA-AHN-PVH Otp Trh Glut_3,131 LHA-AHN-PVH Otp Trh Glut,14 HY Glut,Glut,64,4.3365984,5.089403,0.765625
2503,2213 MEA-BST Otp Zic2 Glut_1,0539 MEA-BST Otp Zic2 Glut_1,121 MEA-BST Otp Zic2 Glut,13 CNU-HYa Glut,Glut,2,3.0798552,3.0798552,0.5
2504,2334 LHA-AHN-PVH Otp Trh Glut_3,0576 LHA-AHN-PVH Otp Trh Glut_3,131 LHA-AHN-PVH Otp Trh Glut,14 HY Glut,Glut,57,5.0873795,5.7302976,0.8771929824561403
2505,2210 MEA-BST Otp Zic2 Glut_1,0539 MEA-BST Otp Zic2 Glut_1,121 MEA-BST Otp Zic2 Glut,13 CNU-HYa Glut,Glut,1,4.720461,4.720461,1.0
2506,2223 LHA-MEA Otp Glut_1,0542 LHA-MEA Otp Glut_1,122 LHA-MEA Otp Glut,13 CNU-HYa Glut,Glut,2,2.3914511,2.3914511,0.5
2507,2340 AHN-RCH-LHA Otp Fezf1 Glut_1,0579 AHN-RCH-LHA Otp Fezf1 Glut_1,132 AHN-RCH-LHA Otp Fezf1 Glut,14 HY Glut,Glut,23,5.9407434,6.476692,0.9130434782608695
2508,2341 AHN-RCH-LHA Otp Fezf1 Glut_1,0579 AHN-RCH-LHA Otp Fezf1 Glut_1,132 AHN-RCH-LHA Otp Fezf1 Glut,14 HY Glut,Glut,71,5.927619,6.6408916,0.9014084507042254
2509,2345 AHN-RCH-LHA Otp Fezf1 Glut_2,0580 AHN-RCH-LHA Otp Fezf1 Glut_2,132 AHN-RCH-LHA Otp Fezf1 Glut,14 HY Glut,Glut,168,5.3316855,5.922389,0.8869047619047619
2510,2356 AHN-RCH-LHA Otp Fezf1 Glut_4,0582 AHN-RCH-LHA Otp Fezf1 Glut_4,132 AHN-RCH-LHA Otp Fezf1 Glut,14 HY Glut,Glut,57,5.622726,6.6949177,0.8245614035087719
2511,2357 AHN-RCH-LHA Otp Fezf1 Glut_4,0582 AHN-RCH-LHA Otp Fezf1 Glut_4,132 AHN-RCH-LHA Otp Fezf1 Glut,14 HY Glut,Glut,76,5.6201067,6.255518,0.881578947368421
2512,2346 AHN-RCH-LHA Otp Fezf1 Glut_2,0580 AHN-RCH-LHA Otp Fezf1 Glut_2,132 AHN-RCH-LHA Otp Fezf1 Glut,14 HY Glut,Glut,98,5.4452043,5.9669237,0.8979591836734694
2513,2347 AHN-RCH-LHA Otp Fezf1 Glut_2,0580 AHN-RCH-LHA Otp Fezf1 Glut_2,132 AHN-RCH-LHA Otp Fezf1 Glut,14 HY Glut,Glut,209,5.335997,6.050977,0.861244019138756
2514,2348 AHN-RCH-LHA Otp Fezf1 Glut_2,0580 AHN-RCH-LHA Otp Fezf1 Glut_2,132 AHN-RCH-LHA Otp Fezf1 Glut,14 HY Glut,Glut,125,5.1254916,5.7121315,0.88
2515,2350 AHN-RCH-LHA Otp Fezf1 Glut_2,0580 AHN-RCH-LHA Otp Fezf1 Glut_2,132 AHN-RCH-LHA Otp Fezf1 Glut,14 HY Glut,Glut,60,4.898302,5.6319942,0.8333333333333334
2516,2385 PVH-SO-PVa Otp Glut_6,0590 PVH-SO-PVa Otp Glut_6,133 PVH-SO-PVa Otp Glut,14 HY Glut,,55,4.9446626,6.0457444,0.7818181818181819
2517,2352 AHN-RCH-LHA Otp Fezf1 Glut_3,0581 AHN-RCH-LHA Otp Fezf1 Glut_3,132 AHN-RCH-LHA Otp Fezf1 Glut,14 HY Glut,Glut,79,5.3011484,6.0983663,0.8607594936708861
2518,2342 AHN-RCH-LHA Otp Fezf1 Glut_1,0579 AHN-RCH-LHA Otp Fezf1 Glut_1,132 AHN-RCH-LHA Otp Fezf1 Glut,14 HY Glut,Glut,35,5.069893,5.9936633,0.8571428571428571
2519,2358 AHN-RCH-LHA Otp Fezf1 Glut_4,0582 AHN-RCH-LHA Otp Fezf1 Glut_4,132 AHN-RCH-LHA Otp Fezf1 Glut,14 HY Glut,Glut,16,7.198398,7.2080564,1.0
2520,2343 AHN-RCH-LHA Otp Fezf1 Glut_1,0579 AHN-RCH-LHA Otp Fezf1 Glut_1,132 AHN-RCH-LHA Otp Fezf1 Glut,14 HY Glut,Glut,81,5.119337,5.7009335,0.8395061728395061
2521,2353 AHN-RCH-LHA Otp Fezf1 Glut_3,0581 AHN-RCH-LHA Otp Fezf1 Glut_3,132 AHN-RCH-LHA Otp Fezf1 Glut,14 HY Glut,Glut,197,4.065836,5.19157,0.6802030456852792
2522,2351 AHN-RCH-LHA Otp Fezf1 Glut_2,0580 AHN-RCH-LHA Otp Fezf1 Glut_2,132 AHN-RCH-LHA Otp Fezf1 Glut,14 HY Glut,Glut,18,5.3236694,6.142697,0.8333333333333334
2523,2361 AHN-RCH-LHA Otp Fezf1 Glut_6,0584 AHN-RCH-LHA Otp Fezf1 Glut_6,132 AHN-RCH-LHA Otp Fezf1 Glut,14 HY Glut,Glut,58,4.6200337,5.284561,0.8275862068965517
2524,2359 AHN-RCH-LHA Otp Fezf1 Glut_4,0582 AHN-RCH-LHA Otp Fezf1 Glut_4,132 AHN-RCH-LHA Otp Fezf1 Glut,14 HY Glut,Glut,65,5.120467,5.8253813,0.8461538461538461
2525,2354 AHN-RCH-LHA Otp Fezf1 Glut_3,0581 AHN-RCH-LHA Otp Fezf1 Glut_3,132 AHN-RCH-LHA Otp Fezf1 Glut,14 HY Glut,Glut,30,5.2090516,6.2041845,0.8333333333333334
2526,2344 AHN-RCH-LHA Otp Fezf1 Glut_1,0579 AHN-RCH-LHA Otp Fezf1 Glut_1,132 AHN-RCH-LHA Otp Fezf1 Glut,14 HY Glut,Glut,81,5.5517235,6.2243156,0.8888888888888888
2527,2362 AHN-RCH-LHA Otp Fezf1 Glut_6,0584 AHN-RCH-LHA Otp Fezf1 Glut_6,132 AHN-RCH-LHA Otp Fezf1 Glut,14 HY Glut,Glut,15,5.3619595,6.0749354,0.8666666666666667
2528,2360 AHN-RCH-LHA Otp Fezf1 Glut_5,0583 AHN-RCH-LHA Otp Fezf1 Glut_5,132 AHN-RCH-LHA Otp Fezf1 Glut,14 HY Glut,Glut,71,5.0032163,6.061806,0.8169014084507042
2529,2369 PVH-SO-PVa Otp Glut_2,0586 PVH-SO-PVa Otp Glut_2,133 PVH-SO-PVa Otp Glut,14 HY Glut,Glut,17,4.304296,4.8424034,0.7647058823529411
2530,2349 AHN-RCH-LHA Otp Fezf1 Glut_2,0580 AHN-RCH-LHA Otp Fezf1 Glut_2,132 AHN-RCH-LHA Otp Fezf1 Glut,14 HY Glut,Glut,77,4.9546304,5.9607005,0.7922077922077922
2531,2363 AHN-RCH-LHA Otp Fezf1 Glut_6,0584 AHN-RCH-LHA Otp Fezf1 Glut_6,132 AHN-RCH-LHA Otp Fezf1 Glut,14 HY Glut,Glut,85,4.8769493,5.4549413,0.8588235294117647
2534,2042 COAa-PAA-MEA Barhl2 Glut_7,0515 COAa-PAA-MEA Barhl2 Glut_7,114 COAa-PAA-MEA Barhl2 Glut,13 CNU-HYa Glut,Glut,9,4.444909,5.5133257,0.7777777777777778
2536,2044 COAa-PAA-MEA Barhl2 Glut_7,0515 COAa-PAA-MEA Barhl2 Glut_7,114 COAa-PAA-MEA Barhl2 Glut,13 CNU-HYa Glut,Glut,3,5.7611046,5.712423,1.0
2537,2045 COAa-PAA-MEA Barhl2 Glut_7,0515 COAa-PAA-MEA Barhl2 Glut_7,114 COAa-PAA-MEA Barhl2 Glut,13 CNU-HYa Glut,Glut,2,2.3232367,2.3232367,0.5
2538,2046 COAa-PAA-MEA Barhl2 Glut_7,0515 COAa-PAA-MEA Barhl2 Glut_7,114 COAa-PAA-MEA Barhl2 Glut,13 CNU-HYa Glut,Glut,2,2.4884884,2.4884884,0.5
2540,2047 COAa-PAA-MEA Barhl2 Glut_7,0515 COAa-PAA-MEA Barhl2 Glut_7,114 COAa-PAA-MEA Barhl2 Glut,13 CNU-HYa Glut,Glut,1,5.6895027,5.6895027,1.0
2541,2543 PH-SUM Foxa1 Glut_3,0624 PH-SUM Foxa1 Glut_3,141 PH-SUM Foxa1 Glut,14 HY Glut,Glut,20,6.0919333,6.7819314,0.9
2555,2053 COAa-PAA-MEA Barhl2 Glut_9,0517 COAa-PAA-MEA Barhl2 Glut_9,114 COAa-PAA-MEA Barhl2 Glut,13 CNU-HYa Glut,Glut,2,2.9649928,2.9649928,0.5
2564,2006 MEA-COA-BMA Ccdc42 Glut_3,0507 MEA-COA-BMA Ccdc42 Glut_3,113 MEA-COA-BMA Ccdc42 Glut,13 CNU-HYa Glut,Glut,2,0.0,0.0,0.0
2593,2100 LHA Barhl2 Glut_1,0524 LHA Barhl2 Glut_1,117 LHA Barhl2 Glut,13 CNU-HYa Glut,Glut,14,5.1405306,6.100631,0.7857142857142857
2594,2101 LHA Barhl2 Glut_1,0524 LHA Barhl2 Glut_1,117 LHA Barhl2 Glut,13 CNU-HYa Glut,Glut,29,4.9769998,5.7432237,0.8620689655172413
2633,4020 PB Evx2 Glut_1,0914 PB Evx2 Glut_1,222 PB Evx2 Glut,23 P Glut,Glut,2,5.010228,5.010228,1.0
2634,4048 PB Evx2 Glut_3,0916 PB Evx2 Glut_3,222 PB Evx2 Glut,23 P Glut,Glut,1,4.6878753,4.6878753,1.0
2679,1989 BST-po Iigp1 Glut_1,0501 BST-po Iigp1 Glut_1,110 BST-po Iigp1 Glut,13 CNU-HYa Glut,Glut,5,2.6796303,0.0,0.4
2680,2193 SI-MA-LPO-LHA Skor1 Glut_7,0536 SI-MA-LPO-LHA Skor1 Glut_7,119 SI-MA-LPO-LHA Skor1 Glut,13 CNU-HYa Glut,Glut,7,5.545629,5.794271,1.0
2681,2198 SI-MA-LPO-LHA Skor1 Glut_8,0537 SI-MA-LPO-LHA Skor1 Glut_8,119 SI-MA-LPO-LHA Skor1 Glut,13 CNU-HYa Glut,Glut,14,4.449819,5.996711,0.7142857142857143
2682,2173 SI-MA-LPO-LHA Skor1 Glut_5,0534 SI-MA-LPO-LHA Skor1 Glut_5,119 SI-MA-LPO-LHA Skor1 Glut,13 CNU-HYa Glut,Glut,2,2.8757732,2.8757732,0.5
2683,2183 SI-MA-LPO-LHA Skor1 Glut_6,0535 SI-MA-LPO-LHA Skor1 Glut_6,119 SI-MA-LPO-LHA Skor1 Glut,13 CNU-HYa Glut,Glut,37,2.7524207,4.4701476,0.5135135135135135
2684,2184 SI-MA-LPO-LHA Skor1 Glut_6,0535 SI-MA-LPO-LHA Skor1 Glut_6,119 SI-MA-LPO-LHA Skor1 Glut,13 CNU-HYa Glut,Glut,5,2.160282,0.0,0.4
2685,2155 SI-MA-LPO-LHA Skor1 Glut_3,0532 SI-MA-LPO-LHA Skor1 Glut_3,119 SI-MA-LPO-LHA Skor1 Glut,13 CNU-HYa Glut,Glut,11,4.190659,5.2971663,0.7272727272727273
2686,2146 SI-MA-LPO-LHA Skor1 Glut_2,0531 SI-MA-LPO-LHA Skor1 Glut_2,119 SI-MA-LPO-LHA Skor1 Glut,13 CNU-HYa Glut,Glut,7,3.4565032,5.5246243,0.5714285714285714
2688,2180 SI-MA-LPO-LHA Skor1 Glut_6,0535 SI-MA-LPO-LHA Skor1 Glut_6,119 SI-MA-LPO-LHA Skor1 Glut,13 CNU-HYa Glut,Glut,2,4.9436126,4.9436126,1.0
2689,2181 SI-MA-LPO-LHA Skor1 Glut_6,0535 SI-MA-LPO-LHA Skor1 Glut_6,119 SI-MA-LPO-LHA Skor1 Glut,13 CNU-HYa Glut,Glut,1,0.0,0.0,0.0
2690,2188 SI-MA-LPO-LHA Skor1 Glut_6,0535 SI-MA-LPO-LHA Skor1 Glut_6,119 SI-MA-LPO-LHA Skor1 Glut,13 CNU-HYa Glut,Glut,3,1.7394042,0.0,0.3333333333333333
2691,2185 SI-MA-LPO-LHA Skor1 Glut_6,0535 SI-MA-LPO-LHA Skor1 Glut_6,119 SI-MA-LPO-LHA Skor1 Glut,13 CNU-HYa Glut,Glut,2,0.0,0.0,0.0
2692,2182 SI-MA-LPO-LHA Skor1 Glut_6,0535 SI-MA-LPO-LHA Skor1 Glut_6,119 SI-MA-LPO-LHA Skor1 Glut,13 CNU-HYa Glut,Glut,10,2.7505069,2.2354238,0.5
2695,0492 OB Eomes Ms4a15 Glut_3,0132 OB Eomes Ms4a15 Glut_3,035 OB Eomes Ms4a15 Glut,03 OB-CR Glut,Glut,1,6.389149,6.389149,1.0
2696,2160 SI-MA-LPO-LHA Skor1 Glut_3,0532 SI-MA-LPO-LHA Skor1 Glut_3,119 SI-MA-LPO-LHA Skor1 Glut,13 CNU-HYa Glut,Glut-GABA,34,3.8006384,5.5128736,0.6176470588235294
2697,2161 SI-MA-LPO-LHA Skor1 Glut_3,0532 SI-MA-LPO-LHA Skor1 Glut_3,119 SI-MA-LPO-LHA Skor1 Glut,13 CNU-HYa Glut,Glut-GABA,63,4.435066,5.6286407,0.7301587301587301
2698,2156 SI-MA-LPO-LHA Skor1 Glut_3,0532 SI-MA-LPO-LHA Skor1 Glut_3,119 SI-MA-LPO-LHA Skor1 Glut,13 CNU-HYa Glut,Glut,5,0.0,0.0,0.0
2699,2174 SI-MA-LPO-LHA Skor1 Glut_5,0534 SI-MA-LPO-LHA Skor1 Glut_5,119 SI-MA-LPO-LHA Skor1 Glut,13 CNU-HYa Glut,Glut,5,2.62507,0.0,0.4
2700,2175 SI-MA-LPO-LHA Skor1 Glut_5,0534 SI-MA-LPO-LHA Skor1 Glut_5,119 SI-MA-LPO-LHA Skor1 Glut,13 CNU-HYa Glut,Glut,1,6.9511776,6.9511776,1.0
2701,2133 SI-MA-LPO-LHA Skor1 Glut_1,0530 SI-MA-LPO-LHA Skor1 Glut_1,119 SI-MA-LPO-LHA Skor1 Glut,13 CNU-HYa Glut,Glut,9,4.7903185,6.0407615,0.7777777777777778
2703,2177 SI-MA-LPO-LHA Skor1 Glut_5,0534 SI-MA-LPO-LHA Skor1 Glut_5,119 SI-MA-LPO-LHA Skor1 Glut,13 CNU-HYa Glut,Glut,6,4.436239,5.9412932,0.6666666666666666
2705,2179 SI-MA-LPO-LHA Skor1 Glut_5,0534 SI-MA-LPO-LHA Skor1 Glut_5,119 SI-MA-LPO-LHA Skor1 Glut,13 CNU-HYa Glut,Glut,13,4.140083,5.174125,0.6923076923076923
2707,2194 SI-MA-LPO-LHA Skor1 Glut_7,0536 SI-MA-LPO-LHA Skor1 Glut_7,119 SI-MA-LPO-LHA Skor1 Glut,13 CNU-HYa Glut,Glut,2,2.7247868,2.7247868,0.5
2708,2147 SI-MA-LPO-LHA Skor1 Glut_2,0531 SI-MA-LPO-LHA Skor1 Glut_2,119 SI-MA-LPO-LHA Skor1 Glut,13 CNU-HYa Glut,Glut,1,4.786078,4.786078,1.0
2710,2149 SI-MA-LPO-LHA Skor1 Glut_2,0531 SI-MA-LPO-LHA Skor1 Glut_2,119 SI-MA-LPO-LHA Skor1 Glut,13 CNU-HYa Glut,Glut,6,4.735884,5.5780916,0.8333333333333334
2711,2150 SI-MA-LPO-LHA Skor1 Glut_2,0531 SI-MA-LPO-LHA Skor1 Glut_2,119 SI-MA-LPO-LHA Skor1 Glut,13 CNU-HYa Glut,Glut,3,4.4920487,6.222252,0.6666666666666666
2712,2151 SI-MA-LPO-LHA Skor1 Glut_2,0531 SI-MA-LPO-LHA Skor1 Glut_2,119 SI-MA-LPO-LHA Skor1 Glut,13 CNU-HYa Glut,Glut,2,2.5295336,2.5295336,0.5
2713,2200 SI-MA-LPO-LHA Skor1 Glut_8,0537 SI-MA-LPO-LHA Skor1 Glut_8,119 SI-MA-LPO-LHA Skor1 Glut,13 CNU-HYa Glut,Glut,1,0.0,0.0,0.0
2714,2201 SI-MA-LPO-LHA Skor1 Glut_8,0537 SI-MA-LPO-LHA Skor1 Glut_8,119 SI-MA-LPO-LHA Skor1 Glut,13 CNU-HYa Glut,Glut,26,4.32913,5.429887,0.7307692307692307
2715,2170 SI-MA-LPO-LHA Skor1 Glut_5,0534 SI-MA-LPO-LHA Skor1 Glut_5,119 SI-MA-LPO-LHA Skor1 Glut,13 CNU-HYa Glut,Glut,12,4.6539783,6.1339693,0.75
2716,2153 SI-MA-LPO-LHA Skor1 Glut_2,0531 SI-MA-LPO-LHA Skor1 Glut_2,119 SI-MA-LPO-LHA Skor1 Glut,13 CNU-HYa Glut,Glut,1,0.0,0.0,0.0
2717,2154 SI-MA-LPO-LHA Skor1 Glut_2,0531 SI-MA-LPO-LHA Skor1 Glut_2,119 SI-MA-LPO-LHA Skor1 Glut,13 CNU-HYa Glut,Glut,2,0.0,0.0,0.0
2718,2202 SI-MA-LPO-LHA Skor1 Glut_8,0537 SI-MA-LPO-LHA Skor1 Glut_8,119 SI-MA-LPO-LHA Skor1 Glut,13 CNU-HYa Glut,Glut,15,2.5957606,0.0,0.4666666666666667
2719,2195 SI-MA-LPO-LHA Skor1 Glut_7,0536 SI-MA-LPO-LHA Skor1 Glut_7,119 SI-MA-LPO-LHA Skor1 Glut,13 CNU-HYa Glut,Glut,4,4.0875273,5.109025,0.75
2720,2171 SI-MA-LPO-LHA Skor1 Glut_5,0534 SI-MA-LPO-LHA Skor1 Glut_5,119 SI-MA-LPO-LHA Skor1 Glut,13 CNU-HYa Glut,Glut,35,3.7049344,4.939215,0.6285714285714286
2721,2172 SI-MA-LPO-LHA Skor1 Glut_5,0534 SI-MA-LPO-LHA Skor1 Glut_5,119 SI-MA-LPO-LHA Skor1 Glut,13 CNU-HYa Glut,Glut,18,5.339947,5.6034517,0.9444444444444444
2722,2196 SI-MA-LPO-LHA Skor1 Glut_7,0536 SI-MA-LPO-LHA Skor1 Glut_7,119 SI-MA-LPO-LHA Skor1 Glut,13 CNU-HYa Glut,Glut,27,5.335304,5.9363112,0.8888888888888888
2723,2157 SI-MA-LPO-LHA Skor1 Glut_3,0532 SI-MA-LPO-LHA Skor1 Glut_3,119 SI-MA-LPO-LHA Skor1 Glut,13 CNU-HYa Glut,Glut,17,4.930256,5.858778,0.8235294117647058
2724,2158 SI-MA-LPO-LHA Skor1 Glut_3,0532 SI-MA-LPO-LHA Skor1 Glut_3,119 SI-MA-LPO-LHA Skor1 Glut,13 CNU-HYa Glut,Glut,26,4.288562,5.648334,0.6923076923076923
2725,2159 SI-MA-LPO-LHA Skor1 Glut_3,0532 SI-MA-LPO-LHA Skor1 Glut_3,119 SI-MA-LPO-LHA Skor1 Glut,13 CNU-HYa Glut,Glut,21,5.1493964,5.5760016,0.8571428571428571
2726,2186 SI-MA-LPO-LHA Skor1 Glut_6,0535 SI-MA-LPO-LHA Skor1 Glut_6,119 SI-MA-LPO-LHA Skor1 Glut,13 CNU-HYa Glut,Glut,20,3.301974,4.936671,0.6
2727,2197 SI-MA-LPO-LHA Skor1 Glut_7,0536 SI-MA-LPO-LHA Skor1 Glut_7,119 SI-MA-LPO-LHA Skor1 Glut,13 CNU-HYa Glut,Glut,25,4.0218015,5.2364902,0.68
2729,2163 SI-MA-LPO-LHA Skor1 Glut_4,0533 SI-MA-LPO-LHA Skor1 Glut_4,119 SI-MA-LPO-LHA Skor1 Glut,13 CNU-HYa Glut,Glut,5,3.6822655,5.7361717,0.6
2730,2189 SI-MA-LPO-LHA Skor1 Glut_6,0535 SI-MA-LPO-LHA Skor1 Glut_6,119 SI-MA-LPO-LHA Skor1 Glut,13 CNU-HYa Glut,Glut,4,2.6395442,2.63436,0.5
2732,1995 GPi Tbr1 Cngb3 Gaba-Glut_1,0504 GPi Tbr1 Cngb3 Gaba-Glut_1,112 GPi Tbr1 Cngb3 Gaba-Glut,13 CNU-HYa Glut,Glut-GABA,51,4.97772,6.062999,0.803921568627451
2733,2127 ADP-MPO Trp73 Glut_2,0528 ADP-MPO Trp73 Glut_2,118 ADP-MPO Trp73 Glut,13 CNU-HYa Glut,Glut,2,2.2718847,2.2718847,0.5
2736,2135 SI-MA-LPO-LHA Skor1 Glut_1,0530 SI-MA-LPO-LHA Skor1 Glut_1,119 SI-MA-LPO-LHA Skor1 Glut,13 CNU-HYa Glut,Glut,6,2.299535,2.193184,0.5
2737,2136 SI-MA-LPO-LHA Skor1 Glut_1,0530 SI-MA-LPO-LHA Skor1 Glut_1,119 SI-MA-LPO-LHA Skor1 Glut,13 CNU-HYa Glut,Glut,70,4.3517785,5.32796,0.7428571428571429
2738,2191 SI-MA-LPO-LHA Skor1 Glut_6,0535 SI-MA-LPO-LHA Skor1 Glut_6,119 SI-MA-LPO-LHA Skor1 Glut,13 CNU-HYa Glut,Glut,11,1.2489369,0.0,0.2727272727272727
2740,2162 SI-MA-LPO-LHA Skor1 Glut_3,0532 SI-MA-LPO-LHA Skor1 Glut_3,119 SI-MA-LPO-LHA Skor1 Glut,13 CNU-HYa Glut,Glut,38,4.2686753,5.1880693,0.7368421052631579
2741,2103 LHA Barhl2 Glut_1,0524 LHA Barhl2 Glut_1,117 LHA Barhl2 Glut,13 CNU-HYa Glut,Glut,4,3.3654206,3.1239815,0.5
2742,2102 LHA Barhl2 Glut_1,0524 LHA Barhl2 Glut_1,117 LHA Barhl2 Glut,13 CNU-HYa Glut,Glut,98,5.1405106,5.9298773,0.8367346938775511
2743,2104 LHA Barhl2 Glut_1,0524 LHA Barhl2 Glut_1,117 LHA Barhl2 Glut,13 CNU-HYa Glut,Glut,12,5.398306,6.5493064,0.8333333333333334
2744,2105 LHA Barhl2 Glut_1,0524 LHA Barhl2 Glut_1,117 LHA Barhl2 Glut,13 CNU-HYa Glut,Glut,38,4.30055,5.192083,0.7631578947368421
2745,2109 LHA Barhl2 Glut_2,0525 LHA Barhl2 Glut_2,117 LHA Barhl2 Glut,13 CNU-HYa Glut,Glut,60,4.1003904,5.5062094,0.6666666666666666
2746,2137 SI-MA-LPO-LHA Skor1 Glut_1,0530 SI-MA-LPO-LHA Skor1 Glut_1,119 SI-MA-LPO-LHA Skor1 Glut,13 CNU-HYa Glut,Glut,5,4.5514727,5.6008615,0.8
2747,2138 SI-MA-LPO-LHA Skor1 Glut_1,0530 SI-MA-LPO-LHA Skor1 Glut_1,119 SI-MA-LPO-LHA Skor1 Glut,13 CNU-HYa Glut,Glut,45,3.006052,4.698326,0.5333333333333333
2748,2139 SI-MA-LPO-LHA Skor1 Glut_1,0530 SI-MA-LPO-LHA Skor1 Glut_1,119 SI-MA-LPO-LHA Skor1 Glut,13 CNU-HYa Glut,Glut,27,3.5100965,4.859983,0.6296296296296297
2749,2140 SI-MA-LPO-LHA Skor1 Glut_1,0530 SI-MA-LPO-LHA Skor1 Glut_1,119 SI-MA-LPO-LHA Skor1 Glut,13 CNU-HYa Glut,Glut,14,1.4422358,0.0,0.2857142857142857
2750,2165 SI-MA-LPO-LHA Skor1 Glut_4,0533 SI-MA-LPO-LHA Skor1 Glut_4,119 SI-MA-LPO-LHA Skor1 Glut,13 CNU-HYa Glut,Glut,7,1.5432388,0.0,0.2857142857142857
2751,2141 SI-MA-LPO-LHA Skor1 Glut_1,0530 SI-MA-LPO-LHA Skor1 Glut_1,119 SI-MA-LPO-LHA Skor1 Glut,13 CNU-HYa Glut,Glut,50,3.6735368,4.897708,0.68
2752,2142 SI-MA-LPO-LHA Skor1 Glut_1,0530 SI-MA-LPO-LHA Skor1 Glut_1,119 SI-MA-LPO-LHA Skor1 Glut,13 CNU-HYa Glut,Glut,2,2.6690211,2.6690211,0.5
2753,2143 SI-MA-LPO-LHA Skor1 Glut_1,0530 SI-MA-LPO-LHA Skor1 Glut_1,119 SI-MA-LPO-LHA Skor1 Glut,13 CNU-HYa Glut,Glut,76,4.7103558,5.5047793,0.8157894736842105
2754,2144 SI-MA-LPO-LHA Skor1 Glut_1,0530 SI-MA-LPO-LHA Skor1 Glut_1,119 SI-MA-LPO-LHA Skor1 Glut,13 CNU-HYa Glut,Glut,43,4.483549,5.1314178,0.7674418604651163
2756,1997 GPi Tbr1 Cngb3 Gaba-Glut_1,0504 GPi Tbr1 Cngb3 Gaba-Glut_1,112 GPi Tbr1 Cngb3 Gaba-Glut,13 CNU-HYa Glut,Glut-GABA,16,5.426793,5.758986,0.875
2757,2166 SI-MA-LPO-LHA Skor1 Glut_4,0533 SI-MA-LPO-LHA Skor1 Glut_4,119 SI-MA-LPO-LHA Skor1 Glut,13 CNU-HYa Glut,Glut,6,2.7847106,2.2983303,0.5
2758,2167 SI-MA-LPO-LHA Skor1 Glut_4,0533 SI-MA-LPO-LHA Skor1 Glut_4,119 SI-MA-LPO-LHA Skor1 Glut,13 CNU-HYa Glut,Glut,4,4.0489693,5.0354805,0.75
2761,2145 SI-MA-LPO-LHA Skor1 Glut_1,0530 SI-MA-LPO-LHA Skor1 Glut_1,119 SI-MA-LPO-LHA Skor1 Glut,13 CNU-HYa Glut,Glut,2,0.0,0.0,0.0
2762,0497 HPF CR Glut_1,0135 HPF CR Glut_1,036 HPF CR Glut,03 OB-CR Glut,Glut,5,6.71344,6.5300713,1.0
2763,0501 HPF CR Glut_1,0135 HPF CR Glut_1,036 HPF CR Glut,03 OB-CR Glut,Glut,2,3.7080352,3.7080352,0.5
2765,0498 HPF CR Glut_1,0135 HPF CR Glut_1,036 HPF CR Glut,03 OB-CR Glut,Glut,1,0.0,0.0,0.0
2767,0500 HPF CR Glut_1,0135 HPF CR Glut_1,036 HPF CR Glut,03 OB-CR Glut,Glut,1,0.0,0.0,0.0
2788,3925 PB Lmx1a Glut_1,0895 PB Lmx1a Glut_1,217 PB Lmx1a Glut,23 P Glut,Glut,2,2.5048277,2.5048277,0.5
2820,2565 MM-ant Foxb1 Glut_1,0629 MM-ant Foxb1 Glut_1,143 MM-ant Foxb1 Glut,16 HY MM Glut,Glut,491,4.3383255,5.4413514,0.7372708757637475
2821,2569 MM-ant Foxb1 Glut_1,0629 MM-ant Foxb1 Glut_1,143 MM-ant Foxb1 Glut,16 HY MM Glut,Glut,42,5.571287,6.3040066,0.9047619047619048
2822,2571 MM Foxb1 Glut_1,0630 MM Foxb1 Glut_1,144 MM Foxb1 Glut,16 HY MM Glut,Glut,1374,5.8905,6.3407197,0.9352256186317321
2823,2572 MM Foxb1 Glut_1,0630 MM Foxb1 Glut_1,144 MM Foxb1 Glut,16 HY MM Glut,Glut,353,5.8539643,6.200543,0.943342776203966
2825,2573 MM Foxb1 Glut_1,0630 MM Foxb1 Glut_1,144 MM Foxb1 Glut,16 HY MM Glut,Glut,488,5.555057,6.1621904,0.8913934426229508
2826,2519 PH-LHA Foxb1 Glut_6,0617 PH-LHA Foxb1 Glut_6,139 PH-LHA Foxb1 Glut,14 HY Glut,Glut,171,6.384609,6.636102,0.9707602339181286
2827,2570 MM-ant Foxb1 Glut_1,0629 MM-ant Foxb1 Glut_1,143 MM-ant Foxb1 Glut,16 HY MM Glut,Glut,453,4.5035043,5.7122407,0.7439293598233996
2828,2566 MM-ant Foxb1 Glut_1,0629 MM-ant Foxb1 Glut_1,143 MM-ant Foxb1 Glut,16 HY MM Glut,Glut,283,4.5581512,5.335048,0.7703180212014135
2829,2567 MM-ant Foxb1 Glut_1,0629 MM-ant Foxb1 Glut_1,143 MM-ant Foxb1 Glut,16 HY MM Glut,Glut,528,5.7388144,6.3346663,0.8939393939393939
2830,2568 MM-ant Foxb1 Glut_1,0629 MM-ant Foxb1 Glut_1,143 MM-ant Foxb1 Glut,16 HY MM Glut,Glut,935,6.0611653,6.499997,0.9336898395721925
2831,2576 MM Foxb1 Glut_2,0631 MM Foxb1 Glut_2,144 MM Foxb1 Glut,16 HY MM Glut,Glut,275,5.7808747,6.311153,0.92
2832,2577 MM Foxb1 Glut_2,0631 MM Foxb1 Glut_2,144 MM Foxb1 Glut,16 HY MM Glut,Glut,314,5.1176724,6.0841928,0.802547770700637
2833,2574 MM Foxb1 Glut_2,0631 MM Foxb1 Glut_2,144 MM Foxb1 Glut,16 HY MM Glut,Glut,2994,5.0943527,5.9345884,0.8296593186372746
2834,2575 MM Foxb1 Glut_2,0631 MM Foxb1 Glut_2,144 MM Foxb1 Glut,16 HY MM Glut,Glut,48,5.556439,6.2235904,0.8958333333333334
2864,3895 MB-MY Tph2 Glut-Sero_2,0889 MB-MY Tph2 Glut-Sero_2,216 MB-MY Tph2 Glut-Sero,22 MB-HB Sero,Glut,1,7.094422,7.094422,1.0
2866,1990 TRS-BAC Sln Glut_1,0502 TRS-BAC Sln Glut_1,111 TRS-BAC Sln Glut,13 CNU-HYa Glut,Glut,1,5.8591824,5.8591824,1.0
2867,1991 TRS-BAC Sln Glut_1,0502 TRS-BAC Sln Glut_1,111 TRS-BAC Sln Glut,13 CNU-HYa Glut,Glut,2,2.7850716,2.7850716,0.5
2868,1992 TRS-BAC Sln Glut_1,0502 TRS-BAC Sln Glut_1,111 TRS-BAC Sln Glut,13 CNU-HYa Glut,Glut,7,3.7733877,6.1194806,0.5714285714285714
2869,1993 TRS-BAC Sln Glut_2,0503 TRS-BAC Sln Glut_2,111 TRS-BAC Sln Glut,13 CNU-HYa Glut,Glut,9,3.6720319,5.694524,0.5555555555555556
2870,1994 TRS-BAC Sln Glut_2,0503 TRS-BAC Sln Glut_2,111 TRS-BAC Sln Glut,13 CNU-HYa Glut,Glut,10,5.212034,6.1144037,0.8
2880,2589 MH Tac2 Glut_3,0634 MH Tac2 Glut_3,145 MH Tac2 Glut,17 MH-LH Glut,Chol,1,7.5431213,7.5431213,1.0
2886,2583 MH Tac2 Glut_2,0633 MH Tac2 Glut_2,145 MH Tac2 Glut,17 MH-LH Glut,Glut,1,5.1936665,5.1936665,1.0
2891,2593 MH Tac2 Glut_3,0634 MH Tac2 Glut_3,145 MH Tac2 Glut,17 MH-LH Glut,Chol,1,6.7619085,6.7619085,1.0
2894,2580 MH Tac2 Glut_1,0632 MH Tac2 Glut_1,145 MH Tac2 Glut,17 MH-LH Glut,Chol,2,7.705064,7.705064,1.0
2907,2608 LH Pou4f1 Sox1 Glut_3,0639 LH Pou4f1 Sox1 Glut_3,146 LH Pou4f1 Sox1 Glut,17 MH-LH Glut,Glut,1,0.0,0.0,0.0
2955,4678 CS-PRNr-PCG Tmem163 Otp Gaba_1,1044 CS-PRNr-PCG Tmem163 Otp Gaba_1,267 CS-PRNr-PCG Tmem163 Otp Gaba,26 P GABA,GABA,1,0.0,0.0,0.0
2958,4680 CS-PRNr-PCG Tmem163 Otp Gaba_1,1044 CS-PRNr-PCG Tmem163 Otp Gaba_1,267 CS-PRNr-PCG Tmem163 Otp Gaba,26 P GABA,GABA,1,0.0,0.0,0.0
3020,3981 LDT-PCG Vsx2 Lhx4 Glut_2,0907 LDT-PCG Vsx2 Lhx4 Glut_2,221 LDT-PCG Vsx2 Lhx4 Glut,23 P Glut,Glut,1,5.8124547,5.8124547,1.0
3048,4001 LDT-PCG Vsx2 Lhx4 Glut_5,0910 LDT-PCG Vsx2 Lhx4 Glut_5,221 LDT-PCG Vsx2 Lhx4 Glut,23 P Glut,Glut,1,0.0,0.0,0.0
3171,3601 PRT Tcf7l2 Gaba_1,0829 PRT Tcf7l2 Gaba_1,202 PRT Tcf7l2 Gaba,20 MB GABA,GABA,2,4.4076467,4.4076467,0.5
3173,3626 PRT Tcf7l2 Gaba_4,0832 PRT Tcf7l2 Gaba_4,202 PRT Tcf7l2 Gaba,20 MB GABA,GABA,1,0.0,0.0,0.0
3180,3603 PRT Tcf7l2 Gaba_1,0829 PRT Tcf7l2 Gaba_1,202 PRT Tcf7l2 Gaba,20 MB GABA,GABA,7,4.9830184,5.962311,0.8571428571428571
3224,4713 LDT-DTN Gata3 Nfix Gaba_2,1051 LDT-DTN Gata3 Nfix Gaba_2,270 LDT-DTN Gata3 Nfix Gaba,26 P GABA,GABA,1,0.0,0.0,0.0
3273,3663 LGv-SPFp-SPFm Nkx2-2 Tcf7l2 Gaba_6,0839 LGv-SPFp-SPFm Nkx2-2 Tcf7l2 Gaba_6,203 LGv-SPFp-SPFm Nkx2-2 Tcf7l2 Gaba,20 MB GABA,GABA,6,4.7199774,5.4944334,0.8333333333333334
3275,3664 LGv-SPFp-SPFm Nkx2-2 Tcf7l2 Gaba_6,0839 LGv-SPFp-SPFm Nkx2-2 Tcf7l2 Gaba_6,203 LGv-SPFp-SPFm Nkx2-2 Tcf7l2 Gaba,20 MB GABA,GABA,11,4.7781506,5.9844756,0.7272727272727273
3293,3666 LGv-SPFp-SPFm Nkx2-2 Tcf7l2 Gaba_6,0839 LGv-SPFp-SPFm Nkx2-2 Tcf7l2 Gaba_6,203 LGv-SPFp-SPFm Nkx2-2 Tcf7l2 Gaba,20 MB GABA,GABA,2,3.0894213,3.0894213,0.5
3294,3637 LGv-SPFp-SPFm Nkx2-2 Tcf7l2 Gaba_1,0834 LGv-SPFp-SPFm Nkx2-2 Tcf7l2 Gaba_1,203 LGv-SPFp-SPFm Nkx2-2 Tcf7l2 Gaba,20 MB GABA,GABA,14,4.84773,6.375058,0.7857142857142857
3297,3647 LGv-SPFp-SPFm Nkx2-2 Tcf7l2 Gaba_3,0836 LGv-SPFp-SPFm Nkx2-2 Tcf7l2 Gaba_3,203 LGv-SPFp-SPFm Nkx2-2 Tcf7l2 Gaba,20 MB GABA,GABA,1,0.0,0.0,0.0
3298,3640 LGv-SPFp-SPFm Nkx2-2 Tcf7l2 Gaba_1,0834 LGv-SPFp-SPFm Nkx2-2 Tcf7l2 Gaba_1,203 LGv-SPFp-SPFm Nkx2-2 Tcf7l2 Gaba,20 MB GABA,GABA,1,5.921826,5.921826,1.0
3345,3510 PAG-MRN-RN Foxa2 Gaba_1,0814 PAG-MRN-RN Foxa2 Gaba_1,199 PAG-MRN-RN Foxa2 Gaba,20 MB GABA,GABA,1,5.267744,5.267744,1.0
3410,2751 PRC-PAG Pax6 Glut_5,0680 PRC-PAG Pax6 Glut_5,155 PRC-PAG Pax6 Glut,19 MB Glut,Glut,1,6.0633264,6.0633264,1.0
3427,3606 PRT Tcf7l2 Gaba_1,0829 PRT Tcf7l2 Gaba_1,202 PRT Tcf7l2 Gaba,20 MB GABA,GABA,8,4.63129,5.769314,0.75
3475,3641 LGv-SPFp-SPFm Nkx2-2 Tcf7l2 Gaba_2,0835 LGv-SPFp-SPFm Nkx2-2 Tcf7l2 Gaba_2,203 LGv-SPFp-SPFm Nkx2-2 Tcf7l2 Gaba,20 MB GABA,GABA,10,4.1007566,5.295623,0.7
3483,3660 LGv-SPFp-SPFm Nkx2-2 Tcf7l2 Gaba_5,0838 LGv-SPFp-SPFm Nkx2-2 Tcf7l2 Gaba_5,203 LGv-SPFp-SPFm Nkx2-2 Tcf7l2 Gaba,20 MB GABA,GABA,1,0.0,0.0,0.0
3488,3648 LGv-SPFp-SPFm Nkx2-2 Tcf7l2 Gaba_3,0836 LGv-SPFp-SPFm Nkx2-2 Tcf7l2 Gaba_3,203 LGv-SPFp-SPFm Nkx2-2 Tcf7l2 Gaba,20 MB GABA,GABA,3,2.4330525,0.0,0.3333333333333333
3491,3645 LGv-SPFp-SPFm Nkx2-2 Tcf7l2 Gaba_2,0835 LGv-SPFp-SPFm Nkx2-2 Tcf7l2 Gaba_2,203 LGv-SPFp-SPFm Nkx2-2 Tcf7l2 Gaba,20 MB GABA,GABA,2,3.5012448,3.5012448,0.5
3494,3649 LGv-SPFp-SPFm Nkx2-2 Tcf7l2 Gaba_3,0836 LGv-SPFp-SPFm Nkx2-2 Tcf7l2 Gaba_3,203 LGv-SPFp-SPFm Nkx2-2 Tcf7l2 Gaba,20 MB GABA,GABA,2,7.071432,7.071432,1.0
3534,3714 SCm-PAG Cdh23 Gaba_3,0850 SCm-PAG Cdh23 Gaba_3,206 SCm-PAG Cdh23 Gaba,20 MB GABA,GABA,1,0.0,0.0,0.0
3584,3797 SCsg Gabrr2 Gaba_1,0872 SCsg Gabrr2 Gaba_1,213 SCsg Gabrr2 Gaba,20 MB GABA,GABA,6,3.9403923,5.5319324,0.6666666666666666
3585,3798 SCsg Gabrr2 Gaba_1,0872 SCsg Gabrr2 Gaba_1,213 SCsg Gabrr2 Gaba,20 MB GABA,GABA,2,2.8011196,2.8011196,0.5
3586,3799 SCsg Gabrr2 Gaba_1,0872 SCsg Gabrr2 Gaba_1,213 SCsg Gabrr2 Gaba,20 MB GABA,GABA,1,6.9795628,6.9795628,1.0
3587,3800 SCsg Gabrr2 Gaba_1,0872 SCsg Gabrr2 Gaba_1,213 SCsg Gabrr2 Gaba,20 MB GABA,GABA,22,5.6450987,6.4580617,0.8636363636363636
3595,3806 SCsg Gabrr2 Gaba_1,0872 SCsg Gabrr2 Gaba_1,213 SCsg Gabrr2 Gaba,20 MB GABA,Glut-GABA,3,6.811161,6.9931116,1.0
3769,4083 PB Evx2 Glut_9,0922 PB Evx2 Glut_9,222 PB Evx2 Glut,23 P Glut,Glut,1,6.0909314,6.0909314,1.0
3775,3385 ND-INC Foxd2 Glut_1,0790 ND-INC Foxd2 Glut_1,190 ND-INC Foxd2 Glut,19 MB Glut,Glut,1,0.0,0.0,0.0
4093,4172 PRNr Otp Nfib Glut_1,0945 PRNr Otp Nfib Glut_1,230 PRNr Otp Nfib Glut,23 P Glut,Glut,1,4.7019663,4.7019663,1.0
4098,4663 PRNc Otp Gly-Gaba_5,1040 PRNc Otp Gly-Gaba_5,264 PRNc Otp Gly-Gaba,26 P GABA,GABA-Glyc,2,4.8709574,4.8709574,1.0
4218,4199 PG-TRN-LRN Fat2 Glut_1,0953 PG-TRN-LRN Fat2 Glut_1,235 PG-TRN-LRN Fat2 Glut,23 P Glut,Glut,2,5.362603,5.362603,1.0
4291,4194 LDT Vsx2 Nkx6-1 Nfib Glut_2,0949 LDT Vsx2 Nkx6-1 Nfib Glut_2,232 LDT Vsx2 Nkx6-1 Nfib Glut,23 P Glut,Glut,1,0.0,0.0,0.0
4482,3042 PAG-MRN Tfap2b Glut_1,0733 PAG-MRN Tfap2b Glut_1,170 PAG-MRN Tfap2b Glut,19 MB Glut,Glut,1,7.0827646,7.0827646,1.0
4490,3046 PAG-MRN Tfap2b Glut_1,0733 PAG-MRN Tfap2b Glut_1,170 PAG-MRN Tfap2b Glut,19 MB Glut,Glut,1,4.7982597,4.7982597,1.0
4634,3133 PAG Pou4f1 Ebf2 Glut_5,0741 PAG Pou4f1 Ebf2 Glut_5,172 PAG Pou4f1 Ebf2 Glut,19 MB Glut,Glut,1,6.649241,6.649241,1.0
4667,3152 PAG Pou4f2 Glut_1,0745 PAG Pou4f2 Glut_1,173 PAG Pou4f2 Glut,19 MB Glut,Glut,1,0.0,0.0,0.0
4702,2914 PRC-PAG Tcf7l2 Irx2 Glut_2,0714 PRC-PAG Tcf7l2 Irx2 Glut_2,167 PRC-PAG Tcf7l2 Irx2 Glut,19 MB Glut,Glut,52,4.3497767,5.133207,0.7307692307692307
4707,2880 PAG-MRN Pou3f1 Glut_6,0709 PAG-MRN Pou3f1 Glut_6,165 PAG-MRN Pou3f1 Glut,19 MB Glut,Glut,1,0.0,0.0,0.0
4720,2850 APN C1ql4 Glut_1,0703 APN C1ql4 Glut_1,164 APN C1ql4 Glut,19 MB Glut,Glut,1,6.3657923,6.3657923,1.0
4762,2996 SPA-SPFm-SPFp-POL-PIL-PoT Sp9 Glut_9,0726 SPA-SPFm-SPFp-POL-PIL-PoT Sp9 Glut_9,168 SPA-SPFm-SPFp-POL-PIL-PoT Sp9 Glut,19 MB Glut,Glut,9,3.8881083,5.0744495,0.6666666666666666
4763,2997 SPA-SPFm-SPFp-POL-PIL-PoT Sp9 Glut_9,0726 SPA-SPFm-SPFp-POL-PIL-PoT Sp9 Glut_9,168 SPA-SPFm-SPFp-POL-PIL-PoT Sp9 Glut,19 MB Glut,Glut,4,2.6787143,2.4589021,0.5
4764,2998 SPA-SPFm-SPFp-POL-PIL-PoT Sp9 Glut_9,0726 SPA-SPFm-SPFp-POL-PIL-PoT Sp9 Glut_9,168 SPA-SPFm-SPFp-POL-PIL-PoT Sp9 Glut,19 MB Glut,Glut,21,5.053309,6.136095,0.7619047619047619
4765,2999 SPA-SPFm-SPFp-POL-PIL-PoT Sp9 Glut_9,0726 SPA-SPFm-SPFp-POL-PIL-PoT Sp9 Glut_9,168 SPA-SPFm-SPFp-POL-PIL-PoT Sp9 Glut,19 MB Glut,Glut,7,4.473952,6.225471,0.7142857142857143
4768,2974 SPA-SPFm-SPFp-POL-PIL-PoT Sp9 Glut_6,0723 SPA-SPFm-SPFp-POL-PIL-PoT Sp9 Glut_6,168 SPA-SPFm-SPFp-POL-PIL-PoT Sp9 Glut,19 MB Glut,Glut,2,6.2935514,6.2935514,1.0
4770,2946 SPA-SPFm-SPFp-POL-PIL-PoT Sp9 Glut_3,0720 SPA-SPFm-SPFp-POL-PIL-PoT Sp9 Glut_3,168 SPA-SPFm-SPFp-POL-PIL-PoT Sp9 Glut,19 MB Glut,Glut,19,2.9875877,0.0,0.47368421052631576
4775,2953 SPA-SPFm-SPFp-POL-PIL-PoT Sp9 Glut_3,0720 SPA-SPFm-SPFp-POL-PIL-PoT Sp9 Glut_3,168 SPA-SPFm-SPFp-POL-PIL-PoT Sp9 Glut,19 MB Glut,Glut,3,5.0719566,7.2,0.6666666666666666
4777,2954 SPA-SPFm-SPFp-POL-PIL-PoT Sp9 Glut_3,0720 SPA-SPFm-SPFp-POL-PIL-PoT Sp9 Glut_3,168 SPA-SPFm-SPFp-POL-PIL-PoT Sp9 Glut,19 MB Glut,Glut,24,4.5269136,5.5528255,0.75
4778,2955 SPA-SPFm-SPFp-POL-PIL-PoT Sp9 Glut_3,0720 SPA-SPFm-SPFp-POL-PIL-PoT Sp9 Glut_3,168 SPA-SPFm-SPFp-POL-PIL-PoT Sp9 Glut,19 MB Glut,Glut,47,4.8548174,6.079,0.7659574468085106
4779,2948 SPA-SPFm-SPFp-POL-PIL-PoT Sp9 Glut_3,0720 SPA-SPFm-SPFp-POL-PIL-PoT Sp9 Glut_3,168 SPA-SPFm-SPFp-POL-PIL-PoT Sp9 Glut,19 MB Glut,Glut,12,4.947758,6.259401,0.75
4780,2949 SPA-SPFm-SPFp-POL-PIL-PoT Sp9 Glut_3,0720 SPA-SPFm-SPFp-POL-PIL-PoT Sp9 Glut_3,168 SPA-SPFm-SPFp-POL-PIL-PoT Sp9 Glut,19 MB Glut,Glut,17,4.282723,5.5496373,0.7058823529411765
4782,2950 SPA-SPFm-SPFp-POL-PIL-PoT Sp9 Glut_3,0720 SPA-SPFm-SPFp-POL-PIL-PoT Sp9 Glut_3,168 SPA-SPFm-SPFp-POL-PIL-PoT Sp9 Glut,19 MB Glut,Glut,9,4.2348614,5.6494207,0.6666666666666666
4783,2951 SPA-SPFm-SPFp-POL-PIL-PoT Sp9 Glut_3,0720 SPA-SPFm-SPFp-POL-PIL-PoT Sp9 Glut_3,168 SPA-SPFm-SPFp-POL-PIL-PoT Sp9 Glut,19 MB Glut,Glut,3,3.874157,4.7547264,0.6666666666666666
4784,2970 SPA-SPFm-SPFp-POL-PIL-PoT Sp9 Glut_5,0722 SPA-SPFm-SPFp-POL-PIL-PoT Sp9 Glut_5,168 SPA-SPFm-SPFp-POL-PIL-PoT Sp9 Glut,19 MB Glut,Glut,2,5.5495844,5.5495844,1.0
4785,2971 SPA-SPFm-SPFp-POL-PIL-PoT Sp9 Glut_5,0722 SPA-SPFm-SPFp-POL-PIL-PoT Sp9 Glut_5,168 SPA-SPFm-SPFp-POL-PIL-PoT Sp9 Glut,19 MB Glut,Glut,2,6.7600336,6.7600336,1.0
4786,2952 SPA-SPFm-SPFp-POL-PIL-PoT Sp9 Glut_3,0720 SPA-SPFm-SPFp-POL-PIL-PoT Sp9 Glut_3,168 SPA-SPFm-SPFp-POL-PIL-PoT Sp9 Glut,19 MB Glut,Glut,26,3.802107,5.197793,0.6153846153846154
4787,2972 SPA-SPFm-SPFp-POL-PIL-PoT Sp9 Glut_5,0722 SPA-SPFm-SPFp-POL-PIL-PoT Sp9 Glut_5,168 SPA-SPFm-SPFp-POL-PIL-PoT Sp9 Glut,19 MB Glut,Glut,10,3.625895,5.1268806,0.6
4788,2617 PVT-PT Ntrk1 Glut_1,0643 PVT-PT Ntrk1 Glut_1,149 PVT-PT Ntrk1 Glut,18 TH Glut,Glut,28,4.2445755,5.431226,0.7142857142857143
4792,2988 SPA-SPFm-SPFp-POL-PIL-PoT Sp9 Glut_8,0725 SPA-SPFm-SPFp-POL-PIL-PoT Sp9 Glut_8,168 SPA-SPFm-SPFp-POL-PIL-PoT Sp9 Glut,19 MB Glut,Glut,1,4.322803,4.322803,1.0
4796,2990 SPA-SPFm-SPFp-POL-PIL-PoT Sp9 Glut_8,0725 SPA-SPFm-SPFp-POL-PIL-PoT Sp9 Glut_8,168 SPA-SPFm-SPFp-POL-PIL-PoT Sp9 Glut,19 MB Glut,Glut,1,3.6909094,3.6909094,1.0
4797,2991 SPA-SPFm-SPFp-POL-PIL-PoT Sp9 Glut_8,0725 SPA-SPFm-SPFp-POL-PIL-PoT Sp9 Glut_8,168 SPA-SPFm-SPFp-POL-PIL-PoT Sp9 Glut,19 MB Glut,Glut,2,3.1503165,3.1503165,0.5
4799,2993 SPA-SPFm-SPFp-POL-PIL-PoT Sp9 Glut_8,0725 SPA-SPFm-SPFp-POL-PIL-PoT Sp9 Glut_8,168 SPA-SPFm-SPFp-POL-PIL-PoT Sp9 Glut,19 MB Glut,Glut,1,0.0,0.0,0.0
4801,2975 SPA-SPFm-SPFp-POL-PIL-PoT Sp9 Glut_6,0723 SPA-SPFm-SPFp-POL-PIL-PoT Sp9 Glut_6,168 SPA-SPFm-SPFp-POL-PIL-PoT Sp9 Glut,19 MB Glut,Glut,1,5.7369123,5.7369123,1.0
4834,2741 PRC-PAG Pax6 Glut_3,0678 PRC-PAG Pax6 Glut_3,155 PRC-PAG Pax6 Glut,19 MB Glut,Glut,1,5.871042,5.871042,1.0
4840,2905 PRC-PAG Tcf7l2 Irx2 Glut_1,0713 PRC-PAG Tcf7l2 Irx2 Glut_1,167 PRC-PAG Tcf7l2 Irx2 Glut,19 MB Glut,Glut,1,5.0090013,5.0090013,1.0
4845,2976 SPA-SPFm-SPFp-POL-PIL-PoT Sp9 Glut_6,0723 SPA-SPFm-SPFp-POL-PIL-PoT Sp9 Glut_6,168 SPA-SPFm-SPFp-POL-PIL-PoT Sp9 Glut,19 MB Glut,Glut,2,5.4482,5.4482,1.0
4846,2977 SPA-SPFm-SPFp-POL-PIL-PoT Sp9 Glut_6,0723 SPA-SPFm-SPFp-POL-PIL-PoT Sp9 Glut_6,168 SPA-SPFm-SPFp-POL-PIL-PoT Sp9 Glut,19 MB Glut,Glut,3,4.21273,5.0020843,0.6666666666666666
4851,2995 SPA-SPFm-SPFp-POL-PIL-PoT Sp9 Glut_9,0726 SPA-SPFm-SPFp-POL-PIL-PoT Sp9 Glut_9,168 SPA-SPFm-SPFp-POL-PIL-PoT Sp9 Glut,19 MB Glut,Glut,27,4.6381254,5.7820497,0.7407407407407407
4852,2979 SPA-SPFm-SPFp-POL-PIL-PoT Sp9 Glut_6,0723 SPA-SPFm-SPFp-POL-PIL-PoT Sp9 Glut_6,168 SPA-SPFm-SPFp-POL-PIL-PoT Sp9 Glut,19 MB Glut,Glut,16,4.2061357,5.6257763,0.6875
4853,2980 SPA-SPFm-SPFp-POL-PIL-PoT Sp9 Glut_6,0723 SPA-SPFm-SPFp-POL-PIL-PoT Sp9 Glut_6,168 SPA-SPFm-SPFp-POL-PIL-PoT Sp9 Glut,19 MB Glut,Glut,9,4.1747675,5.9238296,0.6666666666666666
4856,2981 SPA-SPFm-SPFp-POL-PIL-PoT Sp9 Glut_6,0723 SPA-SPFm-SPFp-POL-PIL-PoT Sp9 Glut_6,168 SPA-SPFm-SPFp-POL-PIL-PoT Sp9 Glut,19 MB Glut,Glut,2,6.364685,6.364685,1.0
4857,2982 SPA-SPFm-SPFp-POL-PIL-PoT Sp9 Glut_6,0723 SPA-SPFm-SPFp-POL-PIL-PoT Sp9 Glut_6,168 SPA-SPFm-SPFp-POL-PIL-PoT Sp9 Glut,19 MB Glut,Glut,1,7.7734275,7.7734275,1.0
4994,3280 SCiw Pitx2 Glut_3,0769 SCiw Pitx2 Glut_3,180 SCiw Pitx2 Glut,19 MB Glut,Glut,1,6.1661935,6.1661935,1.0
5000,3265 SCiw Pitx2 Glut_1,0767 SCiw Pitx2 Glut_1,180 SCiw Pitx2 Glut,19 MB Glut,Glut,1,7.183076,7.183076,1.0
5001,3266 SCiw Pitx2 Glut_1,0767 SCiw Pitx2 Glut_1,180 SCiw Pitx2 Glut,19 MB Glut,Glut,2,5.843919,5.843919,1.0
5004,3269 SCiw Pitx2 Glut_1,0767 SCiw Pitx2 Glut_1,180 SCiw Pitx2 Glut,19 MB Glut,Glut,1,7.404728,7.404728,1.0
5022,2615 AV Col27a1 Glut_1,0642 AV Col27a1 Glut_1,148 AV Col27a1 Glut,18 TH Glut,Glut,2,5.6345315,5.6345315,1.0
5023,2616 AV Col27a1 Glut_1,0642 AV Col27a1 Glut_1,148 AV Col27a1 Glut,18 TH Glut,Glut,2,5.724105,5.724105,1.0
5028,2654 TH Prkcd Grin2c Glut_4,0657 TH Prkcd Grin2c Glut_4,151 TH Prkcd Grin2c Glut,18 TH Glut,Glut,1,4.6129613,4.6129613,1.0
5032,2671 TH Prkcd Grin2c Glut_8,0661 TH Prkcd Grin2c Glut_8,151 TH Prkcd Grin2c Glut,18 TH Glut,Glut,1,4.199885,4.199885,1.0
5033,2652 TH Prkcd Grin2c Glut_3,0656 TH Prkcd Grin2c Glut_3,151 TH Prkcd Grin2c Glut,18 TH Glut,Glut,1,4.970136,4.970136,1.0
5035,2665 TH Prkcd Grin2c Glut_7,0660 TH Prkcd Grin2c Glut_7,151 TH Prkcd Grin2c Glut,18 TH Glut,Glut,7,4.819607,5.681778,0.8571428571428571
5036,2633 CM-IAD-CL-PCN Sema5b Glut_1,0649 CM-IAD-CL-PCN Sema5b Glut_1,150 CM-IAD-CL-PCN Sema5b Glut,18 TH Glut,Glut,1,5.1349063,5.1349063,1.0
5039,2635 CM-IAD-CL-PCN Sema5b Glut_1,0649 CM-IAD-CL-PCN Sema5b Glut_1,150 CM-IAD-CL-PCN Sema5b Glut,18 TH Glut,Glut,1,6.6876135,6.6876135,1.0
5042,2675 TH Prkcd Grin2c Glut_9,0662 TH Prkcd Grin2c Glut_9,151 TH Prkcd Grin2c Glut,18 TH Glut,Glut,8,3.5996017,4.4589376,0.75
5045,2673 TH Prkcd Grin2c Glut_8,0661 TH Prkcd Grin2c Glut_8,151 TH Prkcd Grin2c Glut,18 TH Glut,Glut,1,4.2616677,4.2616677,1.0
5052,2695 RE-Xi Nox4 Glut_2,0669 RE-Xi Nox4 Glut_2,152 RE-Xi Nox4 Glut,18 TH Glut,Glut,17,4.236582,5.120059,0.7647058823529411
5053,2696 RE-Xi Nox4 Glut_2,0669 RE-Xi Nox4 Glut_2,152 RE-Xi Nox4 Glut,18 TH Glut,Glut,37,3.708517,4.865619,0.6756756756756757
5054,2698 RE-Xi Nox4 Glut_3,0670 RE-Xi Nox4 Glut_3,152 RE-Xi Nox4 Glut,18 TH Glut,Glut,4,6.290576,6.376555,1.0
5055,2697 RE-Xi Nox4 Glut_2,0669 RE-Xi Nox4 Glut_2,152 RE-Xi Nox4 Glut,18 TH Glut,Glut,3,1.7053946,0.0,0.3333333333333333
5057,2672 TH Prkcd Grin2c Glut_8,0661 TH Prkcd Grin2c Glut_8,151 TH Prkcd Grin2c Glut,18 TH Glut,Glut,3,3.4113789,4.3746843,0.6666666666666666
5058,2687 TH Prkcd Grin2c Glut_13,0666 TH Prkcd Grin2c Glut_13,151 TH Prkcd Grin2c Glut,18 TH Glut,Glut,6,2.6015604,2.4553845,0.5
5061,2680 TH Prkcd Grin2c Glut_11,0664 TH Prkcd Grin2c Glut_11,151 TH Prkcd Grin2c Glut,18 TH Glut,Glut,7,2.6584756,4.4799514,0.5714285714285714
5064,2694 RE-Xi Nox4 Glut_2,0669 RE-Xi Nox4 Glut_2,152 RE-Xi Nox4 Glut,18 TH Glut,Glut,3,0.0,0.0,0.0
5066,2648 TH Prkcd Grin2c Glut_1,0654 TH Prkcd Grin2c Glut_1,151 TH Prkcd Grin2c Glut,18 TH Glut,Glut,18,4.352155,4.671549,0.8888888888888888
5067,2649 TH Prkcd Grin2c Glut_1,0654 TH Prkcd Grin2c Glut_1,151 TH Prkcd Grin2c Glut,18 TH Glut,Glut,2,5.02229,5.02229,1.0
5071,2663 TH Prkcd Grin2c Glut_6,0659 TH Prkcd Grin2c Glut_6,151 TH Prkcd Grin2c Glut,18 TH Glut,Glut,6,5.1567073,5.2172194,1.0
5072,2664 TH Prkcd Grin2c Glut_6,0659 TH Prkcd Grin2c Glut_6,151 TH Prkcd Grin2c Glut,18 TH Glut,Glut,5,3.193723,4.002613,0.6
5073,2651 TH Prkcd Grin2c Glut_3,0656 TH Prkcd Grin2c Glut_3,151 TH Prkcd Grin2c Glut,18 TH Glut,Glut,9,4.8864756,5.485356,0.8888888888888888
5076,2650 TH Prkcd Grin2c Glut_2,0655 TH Prkcd Grin2c Glut_2,151 TH Prkcd Grin2c Glut,18 TH Glut,Glut,14,4.298139,5.2702923,0.7857142857142857
5077,2628 PVT-PT Ntrk1 Glut_4,0646 PVT-PT Ntrk1 Glut_4,149 PVT-PT Ntrk1 Glut,18 TH Glut,Glut,10,4.3141875,5.2043014,0.8
5078,2627 PVT-PT Ntrk1 Glut_4,0646 PVT-PT Ntrk1 Glut_4,149 PVT-PT Ntrk1 Glut,18 TH Glut,Glut,10,4.949417,5.8299766,0.8
5079,2624 PVT-PT Ntrk1 Glut_3,0645 PVT-PT Ntrk1 Glut_3,149 PVT-PT Ntrk1 Glut,18 TH Glut,Glut,16,4.395534,4.835002,0.75
5082,2631 PVT-PT Ntrk1 Glut_5,0647 PVT-PT Ntrk1 Glut_5,149 PVT-PT Ntrk1 Glut,18 TH Glut,Glut,4,0.0,0.0,0.0
5083,2618 PVT-PT Ntrk1 Glut_1,0643 PVT-PT Ntrk1 Glut_1,149 PVT-PT Ntrk1 Glut,18 TH Glut,Glut,2,4.931369,4.931369,1.0
5084,2626 PVT-PT Ntrk1 Glut_3,0645 PVT-PT Ntrk1 Glut_3,149 PVT-PT Ntrk1 Glut,18 TH Glut,Glut,55,4.570082,5.363533,0.7818181818181819
5085,2623 PVT-PT Ntrk1 Glut_2,0644 PVT-PT Ntrk1 Glut_2,149 PVT-PT Ntrk1 Glut,18 TH Glut,Glut,15,5.707618,6.41096,0.9333333333333333
5086,2620 PVT-PT Ntrk1 Glut_2,0644 PVT-PT Ntrk1 Glut_2,149 PVT-PT Ntrk1 Glut,18 TH Glut,Glut,10,5.7723064,6.564399,0.9
5087,2619 PVT-PT Ntrk1 Glut_1,0643 PVT-PT Ntrk1 Glut_1,149 PVT-PT Ntrk1 Glut,18 TH Glut,Glut,4,5.8761067,6.189146,1.0
5089,2629 PVT-PT Ntrk1 Glut_4,0646 PVT-PT Ntrk1 Glut_4,149 PVT-PT Ntrk1 Glut,18 TH Glut,Glut,9,4.916885,4.9629507,0.8888888888888888
5090,2621 PVT-PT Ntrk1 Glut_2,0644 PVT-PT Ntrk1 Glut_2,149 PVT-PT Ntrk1 Glut,18 TH Glut,Glut,9,4.6444664,5.6675305,0.7777777777777778
5091,2640 CM-IAD-CL-PCN Sema5b Glut_3,0651 CM-IAD-CL-PCN Sema5b Glut_3,150 CM-IAD-CL-PCN Sema5b Glut,18 TH Glut,Glut,1,6.3601723,6.3601723,1.0
5094,2632 PVT-PT Ntrk1 Glut_6,0648 PVT-PT Ntrk1 Glut_6,149 PVT-PT Ntrk1 Glut,18 TH Glut,Glut,1,0.0,0.0,0.0
5098,2639 CM-IAD-CL-PCN Sema5b Glut_2,0650 CM-IAD-CL-PCN Sema5b Glut_2,150 CM-IAD-CL-PCN Sema5b Glut,18 TH Glut,Glut,2,3.338102,3.338102,0.5
5099,2641 CM-IAD-CL-PCN Sema5b Glut_3,0651 CM-IAD-CL-PCN Sema5b Glut_3,150 CM-IAD-CL-PCN Sema5b Glut,18 TH Glut,Glut,2,2.6274557,2.6274557,0.5
5100,2636 CM-IAD-CL-PCN Sema5b Glut_1,0649 CM-IAD-CL-PCN Sema5b Glut_1,150 CM-IAD-CL-PCN Sema5b Glut,18 TH Glut,Glut,1,5.7363443,5.7363443,1.0
5105,2710 PF Fzd5 Glut_1,0674 PF Fzd5 Glut_1,154 PF Fzd5 Glut,18 TH Glut,Glut,2,6.199135,6.199135,1.0
5106,2716 PF Fzd5 Glut_1,0674 PF Fzd5 Glut_1,154 PF Fzd5 Glut,18 TH Glut,Glut,1,6.6888227,6.6888227,1.0
5110,2724 PF Fzd5 Glut_2,0675 PF Fzd5 Glut_2,154 PF Fzd5 Glut,18 TH Glut,Glut,2,6.068886,6.068886,1.0
5111,2717 PF Fzd5 Glut_1,0674 PF Fzd5 Glut_1,154 PF Fzd5 Glut,18 TH Glut,Glut,2,5.348241,5.348241,1.0
5112,2725 PF Fzd5 Glut_2,0675 PF Fzd5 Glut_2,154 PF Fzd5 Glut,18 TH Glut,Glut,1,6.8505745,6.8505745,1.0
5113,2718 PF Fzd5 Glut_1,0674 PF Fzd5 Glut_1,154 PF Fzd5 Glut,18 TH Glut,Glut,3,5.597397,6.0286093,1.0
5116,2703 RE-Xi Nox4 Glut_4,0671 RE-Xi Nox4 Glut_4,152 RE-Xi Nox4 Glut,18 TH Glut,Glut,16,3.3687286,4.796584,0.5625
5119,2713 PF Fzd5 Glut_1,0674 PF Fzd5 Glut_1,154 PF Fzd5 Glut,18 TH Glut,Glut,4,5.313112,4.908697,1.0
5120,2714 PF Fzd5 Glut_1,0674 PF Fzd5 Glut_1,154 PF Fzd5 Glut,18 TH Glut,Glut,1,7.137769,7.137769,1.0
5122,2690 RE-Xi Nox4 Glut_1,0668 RE-Xi Nox4 Glut_1,152 RE-Xi Nox4 Glut,18 TH Glut,Glut,5,3.288892,4.8760147,0.6
5123,2691 RE-Xi Nox4 Glut_1,0668 RE-Xi Nox4 Glut_1,152 RE-Xi Nox4 Glut,18 TH Glut,Glut,24,4.4186068,5.506214,0.75
5124,2693 RE-Xi Nox4 Glut_1,0668 RE-Xi Nox4 Glut_1,152 RE-Xi Nox4 Glut,18 TH Glut,Glut,9,5.431597,6.279003,0.8888888888888888
5125,2699 RE-Xi Nox4 Glut_3,0670 RE-Xi Nox4 Glut_3,152 RE-Xi Nox4 Glut,18 TH Glut,Glut,63,4.9794517,5.580197,0.873015873015873
5126,2701 RE-Xi Nox4 Glut_3,0670 RE-Xi Nox4 Glut_3,152 RE-Xi Nox4 Glut,18 TH Glut,Glut,44,4.7477374,5.470369,0.7954545454545454
5127,2702 RE-Xi Nox4 Glut_3,0670 RE-Xi Nox4 Glut_3,152 RE-Xi Nox4 Glut,18 TH Glut,Glut,87,5.000107,5.527965,0.8390804597701149
5128,2692 RE-Xi Nox4 Glut_1,0668 RE-Xi Nox4 Glut_1,152 RE-Xi Nox4 Glut,18 TH Glut,Glut,3,0.0,0.0,0.0
5130,2956 SPA-SPFm-SPFp-POL-PIL-PoT Sp9 Glut_4,0721 SPA-SPFm-SPFp-POL-PIL-PoT Sp9 Glut_4,168 SPA-SPFm-SPFp-POL-PIL-PoT Sp9 Glut,19 MB Glut,Glut,1,6.759963,6.759963,1.0
5131,2957 SPA-SPFm-SPFp-POL-PIL-PoT Sp9 Glut_4,0721 SPA-SPFm-SPFp-POL-PIL-PoT Sp9 Glut_4,168 SPA-SPFm-SPFp-POL-PIL-PoT Sp9 Glut,19 MB Glut,Glut,1,0.0,0.0,0.0
5134,2983 SPA-SPFm-SPFp-POL-PIL-PoT Sp9 Glut_7,0724 SPA-SPFm-SPFp-POL-PIL-PoT Sp9 Glut_7,168 SPA-SPFm-SPFp-POL-PIL-PoT Sp9 Glut,19 MB Glut,Glut,5,5.681184,5.493609,1.0
5144,2962 SPA-SPFm-SPFp-POL-PIL-PoT Sp9 Glut_4,0721 SPA-SPFm-SPFp-POL-PIL-PoT Sp9 Glut_4,168 SPA-SPFm-SPFp-POL-PIL-PoT Sp9 Glut,19 MB Glut,Glut,1,5.8987246,5.8987246,1.0
5145,2987 SPA-SPFm-SPFp-POL-PIL-PoT Sp9 Glut_7,0724 SPA-SPFm-SPFp-POL-PIL-PoT Sp9 Glut_7,168 SPA-SPFm-SPFp-POL-PIL-PoT Sp9 Glut,19 MB Glut,Glut,4,6.0402946,6.0031853,1.0
5203,5269 OPC NN_1,1179 OPC NN_1,326 OPC NN,31 OPC-Oligo,,7068,6.7436223,7.71663,0.8580928126768534
5204,5271 OPC NN_2,1180 OPC NN_2,326 OPC NN,31 OPC-Oligo,,12,7.665501,8.405268,0.9166666666666666
5205,5266 OPC NN_1,1179 OPC NN_1,326 OPC NN,31 OPC-Oligo,,1,6.728342,6.728342,1.0
5206,5267 OPC NN_1,1179 OPC NN_1,326 OPC NN,31 OPC-Oligo,,27,6.034773,7.1757774,0.8148148148148148
5207,5270 OPC NN_1,1179 OPC NN_1,326 OPC NN,31 OPC-Oligo,,237,6.9561877,7.6617866,0.9029535864978903
5208,5268 OPC NN_1,1179 OPC NN_1,326 OPC NN,31 OPC-Oligo,,39,6.466785,7.5039983,0.8461538461538461
5211,5272 COP NN_1,1181 COP NN_1,327 Oligo NN,31 OPC-Oligo,,472,5.4261093,6.7048354,0.7542372881355932
5212,5273 COP NN_1,1181 COP NN_1,327 Oligo NN,31 OPC-Oligo,,200,4.7885094,6.109293,0.715
5214,5275 COP NN_1,1181 COP NN_1,327 Oligo NN,31 OPC-Oligo,,78,4.3814735,5.5353036,0.6666666666666666
5215,5276 COP NN_1,1181 COP NN_1,327 Oligo NN,31 OPC-Oligo,,25,5.640625,6.540941,0.84
5216,5277 COP NN_1,1181 COP NN_1,327 Oligo NN,31 OPC-Oligo,,3,6.206838,6.458409,1.0
5218,5279 NFOL NN_2,1182 NFOL NN_2,327 Oligo NN,31 OPC-Oligo,,33,5.6548076,5.790801,0.9393939393939394
5220,5280 NFOL NN_2,1182 NFOL NN_2,327 Oligo NN,31 OPC-Oligo,,65,4.5328517,5.8189616,0.7076923076923077
5222,5281 NFOL NN_2,1182 NFOL NN_2,327 Oligo NN,31 OPC-Oligo,,26,6.393288,6.832122,0.9615384615384616
5230,5284 MOL NN_4,1184 MOL NN_4,327 Oligo NN,31 OPC-Oligo,,7506,7.7199874,8.201961,0.9453770317079669
5231,5285 MOL NN_4,1184 MOL NN_4,327 Oligo NN,31 OPC-Oligo,,18236,8.183781,8.700821,0.9450537398552314
5232,5286 MOL NN_4,1184 MOL NN_4,327 Oligo NN,31 OPC-Oligo,,118,6.4215527,6.99975,0.923728813559322
5233,5287 MOL NN_4,1184 MOL NN_4,327 Oligo NN,31 OPC-Oligo,,164,8.143968,8.545376,0.9695121951219512
5234,5282 MFOL NN_3,1183 MFOL NN_3,327 Oligo NN,31 OPC-Oligo,,340,8.01472,8.163659,0.9882352941176471
5236,5283 MFOL NN_3,1183 MFOL NN_3,327 Oligo NN,31 OPC-Oligo,,17,7.341013,7.3749166,1.0
5237,5288 MOL NN_4,1184 MOL NN_4,327 Oligo NN,31 OPC-Oligo,,18,8.243572,8.247519,1.0
5243,5304 Peri NN_1,1191 Peri NN_1,331 Peri NN,33 Vascular,,1472,2.679253,0.0,0.328125
5244,5306 SMC NN_1,1192 SMC NN_1,332 SMC NN,33 Vascular,,303,2.9708993,0.0,0.37623762376237624
5248,5305 Peri NN_1,1191 Peri NN_1,331 Peri NN,33 Vascular,,4,3.9321623,3.756872,0.5
5249,5307 SMC NN_1,1192 SMC NN_1,332 SMC NN,33 Vascular,,557,4.6991744,7.0499544,0.6032315978456014
5250,5308 SMC NN_1,1192 SMC NN_1,332 SMC NN,33 Vascular,,10,4.628566,7.0023975,0.6
5252,5309 Endo NN_1,1193 Endo NN_1,333 Endo NN,33 Vascular,,396,3.4628928,0.0,0.4671717171717172
5254,5310 Endo NN_1,1193 Endo NN_1,333 Endo NN,33 Vascular,,2437,3.0298138,0.0,0.3771029954862536
5255,5311 Endo NN_1,1193 Endo NN_1,333 Endo NN,33 Vascular,,1341,4.7263327,6.7320995,0.6323639075316928
5261,5301 VLMC NN_2,1188 VLMC NN_2,330 VLMC NN,33 Vascular,,306,3.221529,0.0,0.41830065359477125
5262,5300 VLMC NN_2,1188 VLMC NN_2,330 VLMC NN,33 Vascular,,12,3.1335468,0.0,0.4166666666666667
5263,5298 VLMC NN_1,1187 VLMC NN_1,330 VLMC NN,33 Vascular,,5,3.0642638,0.0,0.4
5264,5302 VLMC NN_3,1189 VLMC NN_3,330 VLMC NN,33 Vascular,,1,0.0,0.0,0.0
5265,5303 VLMC NN_4,1190 VLMC NN_4,330 VLMC NN,33 Vascular,,46,2.6128268,0.0,0.32608695652173914
5267,5313 BAM NN_1,1195 BAM NN_1,335 BAM NN,34 Immune,,97,4.63007,7.030505,0.5876288659793815
5268,5314 BAM NN_1,1195 BAM NN_1,335 BAM NN,34 Immune,,85,4.596795,6.6869264,0.6235294117647059
5273,5322 T cells NN_4,1201 T cells NN_4,338 Lymphoid NN,34 Immune,,11,0.76996064,0.0,0.09090909090909091
5274,5321 NK cells NN_3,1200 NK cells NN_3,338 Lymphoid NN,34 Immune,,8,0.0,0.0,0.0
5275,5319 B cells NN_1,1198 B cells NN_1,338 Lymphoid NN,34 Immune,,2,0.0,0.0,0.0
5276,5315 Monocytes NN_1,1196 Monocytes NN_1,336 Monocytes NN,34 Immune,,1,0.0,0.0,0.0
5278,5317 DC NN_1,1197 DC NN_1,337 DC NN,34 Immune,,3,4.697928,6.27873,0.6666666666666666
5279,5318 DC NN_1,1197 DC NN_1,337 DC NN,34 Immune,,5,0.0,0.0,0.0
5283,5312 Microglia NN_1,1194 Microglia NN_1,334 Microglia NN,34 Immune,,2760,3.866263,0.0,0.48731884057971014
5344,1261 MEA-BST Lhx6 Sp9 Gaba_6,0352 MEA-BST Lhx6 Sp9 Gaba_6,074 MEA-BST Lhx6 Sp9 Gaba,11 CNU-HYa GABA,GABA,7,3.5841365,5.2258115,0.5714285714285714
5354,1244 MEA-BST Lhx6 Sp9 Gaba_2,0348 MEA-BST Lhx6 Sp9 Gaba_2,074 MEA-BST Lhx6 Sp9 Gaba,11 CNU-HYa GABA,GABA,43,5.1930995,6.1719475,0.813953488372093
5360,1577 TMv-PMv Tbx3 Hist-Gaba_1,0429 TMv-PMv Tbx3 Hist-Gaba_1,092 TMv-PMv Tbx3 Hist-Gaba,12 HY GABA,Hist,50,5.2517443,5.6589046,0.9
5361,1573 TMv-PMv Tbx3 Hist-Gaba_1,0429 TMv-PMv Tbx3 Hist-Gaba_1,092 TMv-PMv Tbx3 Hist-Gaba,12 HY GABA,Hist,35,3.3340247,5.325885,0.5428571428571428
14852,5239 Astroependymal NN_1,1169 Astroependymal NN_1,321 Astroependymal NN,30 Astro-Epen,,33,2.9027436,0.0,0.3939393939393939
14857,5235 Astro-OLF NN_3,1168 Astro-OLF NN_3,320 Astro-OLF NN,30 Astro-Epen,,2,0.0,0.0,0.0
14859,5228 Astro-TE NN_4,1164 Astro-TE NN_4,319 Astro-TE NN,30 Astro-Epen,,1,0.0,0.0,0.0
14872,5211 Astro-NT NN_1,1159 Astro-NT NN_1,318 Astro-NT NN,30 Astro-Epen,,2,4.0439334,4.0439334,0.5
14876,5260 Ependymal NN_2,1176 Ependymal NN_2,323 Ependymal NN,30 Astro-Epen,,2,4.1410856,4.1410856,0.5
14878,5251 Ependymal NN_1,1175 Ependymal NN_1,323 Ependymal NN,30 Astro-Epen,,21,6.0655713,6.3239813,0.9523809523809523
14879,5262 Ependymal NN_2,1176 Ependymal NN_2,323 Ependymal NN,30 Astro-Epen,,19,3.1182358,0.0,0.42105263157894735
14881,5255 Ependymal NN_1,1175 Ependymal NN_1,323 Ependymal NN,30 Astro-Epen,,10,5.6317763,6.158675,0.9
14885,5242 Astroependymal NN_3,1171 Astroependymal NN_3,321 Astroependymal NN,30 Astro-Epen,,1,7.8990493,7.8990493,1.0
14913,5245 Tanycyte NN_2,1173 Tanycyte NN_2,322 Tanycyte NN,30 Astro-Epen,Glut,169,5.2047086,7.047133,0.6923076923076923
14914,5249 Tanycyte NN_2,1173 Tanycyte NN_2,322 Tanycyte NN,30 Astro-Epen,,226,5.028372,6.751671,0.6902654867256637
14915,5246 Tanycyte NN_2,1173 Tanycyte NN_2,322 Tanycyte NN,30 Astro-Epen,,87,4.469558,6.3883233,0.6206896551724138
14917,5250 Tanycyte NN_3,1174 Tanycyte NN_3,322 Tanycyte NN,30 Astro-Epen,,37,6.297144,6.941593,0.8918918918918919
14918,5244 Tanycyte NN_1,1172 Tanycyte NN_1,322 Tanycyte NN,30 Astro-Epen,,37,5.4983797,7.232755,0.7297297297297297
14926,5218 Astro-TE NN_1,1161 Astro-TE NN_1,319 Astro-TE NN,30 Astro-Epen,,1,0.0,0.0,0.0
14930,5219 Astro-TE NN_1,1161 Astro-TE NN_1,319 Astro-TE NN,30 Astro-Epen,,1,0.0,0.0,0.0
14939,5225 Astro-TE NN_3,1163 Astro-TE NN_3,319 Astro-TE NN,30 Astro-Epen,,7,3.2400928,0.0,0.42857142857142855
14945,5226 Astro-TE NN_3,1163 Astro-TE NN_3,319 Astro-TE NN,30 Astro-Epen,,7,0.0,0.0,0.0
14947,5227 Astro-TE NN_3,1163 Astro-TE NN_3,319 Astro-TE NN,30 Astro-Epen,,10,2.4870586,0.0,0.3
14955,5230 Astro-TE NN_5,1165 Astro-TE NN_5,319 Astro-TE NN,30 Astro-Epen,,1,0.0,0.0,0.0
14956,5214 Astro-NT NN_2,1160 Astro-NT NN_2,318 Astro-NT NN,30 Astro-Epen,,19711,3.8862703,0.0,0.49992390036020495
14962,5215 Astro-NT NN_2,1160 Astro-NT NN_2,318 Astro-NT NN,30 Astro-Epen,,620,4.226712,6.8349214,0.5467741935483871
14965,5216 Astro-NT NN_2,1160 Astro-NT NN_2,318 Astro-NT NN,30 Astro-Epen,,52,4.838408,6.7376804,0.6538461538461539
14977,5212 Astro-NT NN_1,1159 Astro-NT NN_1,318 Astro-NT NN,30 Astro-Epen,,3,7.5877347,7.4425335,1.0
14980,5209 Astro-NT NN_1,1159 Astro-NT NN_1,318 Astro-NT NN,30 Astro-Epen,,159,2.8236213,0.0,0.39622641509433965
14983,5210 Astro-NT NN_1,1159 Astro-NT NN_1,318 Astro-NT NN,30 Astro-Epen,,2,3.5393379,3.5393379,0.5
14984,5264 CHOR NN_1,1178 CHOR NN_1,325 CHOR NN,30 Astro-Epen,,3,4.5194173,6.045421,0.6666666666666666
14985,5265 CHOR NN_1,1178 CHOR NN_1,325 CHOR NN,30 Astro-Epen,Glut,12,3.0842457,2.9358065,0.5
14986,5252 Ependymal NN_1,1175 Ependymal NN_1,323 Ependymal NN,30 Astro-Epen,,4,3.414815,3.2501264,0.5
14990,5256 Ependymal NN_1,1175 Ependymal NN_1,323 Ependymal NN,30 Astro-Epen,,395,3.1815584,0.0,0.4481012658227848
14991,5257 Ependymal NN_1,1175 Ependymal NN_1,323 Ependymal NN,30 Astro-Epen,,2,0.0,0.0,0.0
14993,5258 Ependymal NN_1,1175 Ependymal NN_1,323 Ependymal NN,30 Astro-Epen,,1,0.0,0.0,0.0
14998,5247 Tanycyte NN_2,1173 Tanycyte NN_2,322 Tanycyte NN,30 Astro-Epen,,315,4.7464113,6.763908,0.638095238095238
15001,5248 Tanycyte NN_2,1173 Tanycyte NN_2,322 Tanycyte NN,30 Astro-Epen,,36,5.680469,7.3111544,0.7222222222222222
15062,4399 PGRN-PARN-MDRN Hoxb5 Glut_7,0979 PGRN-PARN-MDRN Hoxb5 Glut_7,243 PGRN-PARN-MDRN Hoxb5 Glut,24 MY Glut,Glut,14,4.8138537,5.0845213,0.8571428571428571
24414,4347 PGRN-PARN-MDRN Hoxb5 Glut_2,0974 PGRN-PARN-MDRN Hoxb5 Glut_2,243 PGRN-PARN-MDRN Hoxb5 Glut,24 MY Glut,Glut-GABA,1,5.923152,5.923152,1.0
24615,2504 PH-LHA Foxb1 Glut_1,0612 PH-LHA Foxb1 Glut_1,139 PH-LHA Foxb1 Glut,14 HY Glut,Glut,30,5.2532716,5.9742546,0.8666666666666667
24617,2394 PH-ant-LHA Otp Bsx Glut_1,0591 PH-ant-LHA Otp Bsx Glut_1,134 PH-ant-LHA Otp Bsx Glut,14 HY Glut,Glut,18,6.3966136,6.3214383,1.0
24658,3353 PAG Tcf24 Glut_1,0782 PAG Tcf24 Glut_1,184 PAG Tcf24 Glut,19 MB Glut,Dopa,1,6.698685,6.698685,1.0
24744,4854 MY Lhx1 Gly-Gaba_1,1089 MY Lhx1 Gly-Gaba_1,285 MY Lhx1 Gly-Gaba,27 MY GABA,GABA-Glyc,1,4.780691,4.780691,1.0
