cluster_alias,cluster,supertype,subclass,class,neurotransmitter,n_cells,mean_Kif13a,median_Kif13a,fraction_expressing
232,0109 L2/3 IT CTX Glut_2,0030 L2/3 IT CTX Glut_2,007 L2/3 IT CTX Glut,01 IT-ET Glut,Glut,2,2.6217072,2.6217072,0.5
705,0710 Lamp5 Gaba_1,0199 Lamp5 Gaba_1,049 Lamp5 Gaba,06 CTX-CGE GABA,GABA,1,4.7307796,4.7307796,1.0
714,0718 Lamp5 Gaba_2,0200 Lamp5 Gaba_2,049 Lamp5 Gaba,06 CTX-CGE GABA,GABA,1,7.0350165,7.0350165,1.0
1194,0939 OT D3 Folh1 Gaba_1,0262 OT D3 Folh1 Gaba_1,060 OT D3 Folh1 Gaba,09 CNU-LGE GABA,GABA,5,2.717924,0.0,0.4
1281,0617 OB-STR-CTX Inh IMN_5,0170 OB-STR-CTX Inh IMN_5,045 OB-STR-CTX Inh IMN,05 OB-IMN GABA,GABA,1,0.0,0.0,0.0
1648,1715 ZI Pax6 Gaba_1,0459 ZI Pax6 Gaba_1,101 ZI Pax6 Gaba,12 HY GABA,GABA,2,6.042295,6.042295,1.0
1651,1780 ZI Pax6 Gaba_10,0468 ZI Pax6 Gaba_10,101 ZI Pax6 Gaba,12 HY GABA,GABA,3,4.6443787,6.845723,0.6666666666666666
1655,1815 PVHd-DMH Lhx6 Gaba_1,0474 PVHd-DMH Lhx6 Gaba_1,103 PVHd-DMH Lhx6 Gaba,12 HY GABA,GABA,1,5.9259706,5.9259706,1.0
1658,1717 ZI Pax6 Gaba_1,0459 ZI Pax6 Gaba_1,101 ZI Pax6 Gaba,12 HY GABA,GABA,41,5.326754,5.775408,0.9024390243902439
1662,1718 ZI Pax6 Gaba_1,0459 ZI Pax6 Gaba_1,101 ZI Pax6 Gaba,12 HY GABA,GABA,1,6.129782,6.129782,1.0
1694,1752 ZI Pax6 Gaba_6,0464 ZI Pax6 Gaba_6,101 ZI Pax6 Gaba,12 HY GABA,GABA,1,4.20473,4.20473,1.0
1697,1726 ZI Pax6 Gaba_2,0460 ZI Pax6 Gaba_2,101 ZI Pax6 Gaba,12 HY GABA,GABA,1,0.0,0.0,0.0
1709,1745 ZI Pax6 Gaba_4,0462 ZI Pax6 Gaba_4,101 ZI Pax6 Gaba,12 HY GABA,GABA,1,5.2845364,5.2845364,1.0
1717,1747 ZI Pax6 Gaba_4,0462 ZI Pax6 Gaba_4,101 ZI Pax6 Gaba,12 HY GABA,GABA,1,5.3683195,5.3683195,1.0
1738,1630 PVHd-SBPV Six3 Prox1 Gaba_1,0442 PVHd-SBPV Six3 Prox1 Gaba_1,097 PVHd-SBPV Six3 Prox1 Gaba,12 HY GABA,GABA,1,0.0,0.0,0.0
1739,1631 PVHd-SBPV Six3 Prox1 Gaba_1,0442 PVHd-SBPV Six3 Prox1 Gaba_1,097 PVHd-SBPV Six3 Prox1 Gaba,12 HY GABA,GABA,3,6.398398,6.405416,1.0
1757,1980 LGv-ZI Otx2 Gaba_4,0499 LGv-ZI Otx2 Gaba_4,109 LGv-ZI Otx2 Gaba,12 HY GABA,GABA,1,6.847763,6.847763,1.0
1775,1724 ZI Pax6 Gaba_1,0459 ZI Pax6 Gaba_1,101 ZI Pax6 Gaba,12 HY GABA,GABA,1,5.606144,5.606144,1.0
1778,1983 LGv-ZI Otx2 Gaba_4,0499 LGv-ZI Otx2 Gaba_4,109 LGv-ZI Otx2 Gaba,12 HY GABA,GABA,1,7.4460106,7.4460106,1.0
1946,2289 DMH-LHA Vgll2 Glut_4,0562 DMH-LHA Vgll2 Glut_4,127 DMH-LHA Vgll2 Glut,14 HY Glut,Glut,1,0.0,0.0,0.0
1950,2271 DMH Hmx2 Glut_1,0552 DMH Hmx2 Glut_1,125 DMH Hmx2 Glut,14 HY Glut,Glut,1,5.479881,5.479881,1.0
2141,2389 PH-ant-LHA Otp Bsx Glut_1,0591 PH-ant-LHA Otp Bsx Glut_1,134 PH-ant-LHA Otp Bsx Glut,14 HY Glut,Glut,5,4.604683,5.717199,0.8
2149,2762 MRN-PAG Nkx6-1 Glut_1,0683 MRN-PAG Nkx6-1 Glut_1,158 MRN-PAG Nkx6-1 Glut,19 MB Glut,Glut,4,2.9674203,2.6427221,0.5
2159,5066 MV Nr4a2 Gly-Gaba_1,1127 MV Nr4a2 Gly-Gaba_1,301 MV Nr4a2 Gly-Gaba,27 MY GABA,Dopa,18,4.3842087,5.301819,0.7777777777777778
2160,5067 MV Xdh Gly-Gaba_1,1128 MV Xdh Gly-Gaba_1,302 MV Xdh Gly-Gaba,27 MY GABA,GABA-Glyc,9,2.569454,0.0,0.4444444444444444
2161,2763 MRN-PAG Nkx6-1 Glut_1,0683 MRN-PAG Nkx6-1 Glut_1,158 MRN-PAG Nkx6-1 Glut,19 MB Glut,Glut-GABA,5,3.4569519,5.719977,0.6
2171,4949 MV-SPIV-PRP Dmbx1 Gly-Gaba_3,1101 MV-SPIV-PRP Dmbx1 Gly-Gaba_3,287 MV-SPIV-PRP Dmbx1 Gly-Gaba,27 MY GABA,GABA,53,6.077217,6.2298846,0.9811320754716981
2173,5000 CBN Dmbx1 Gaba_1,1115 CBN Dmbx1 Gaba_1,295 CBN Dmbx1 Gaba,27 MY GABA,GABA,11,4.008137,5.644872,0.6363636363636364
2174,5001 CBN Dmbx1 Gaba_1,1115 CBN Dmbx1 Gaba_1,295 CBN Dmbx1 Gaba,27 MY GABA,GABA,1,0.0,0.0,0.0
2175,2754 MB-ant-ve Dmrta2 Glut_1,0681 MB-ant-ve Dmrta2 Glut_1,156 MB-ant-ve Dmrta2 Glut,19 MB Glut,Glut,2,2.9829283,2.9829283,0.5
2179,2742 PRC-PAG Pax6 Glut_3,0678 PRC-PAG Pax6 Glut_3,155 PRC-PAG Pax6 Glut,19 MB Glut,Glut,3,6.4459596,6.747027,1.0
2181,3956 PB Lmx1a Glut_7,0901 PB Lmx1a Glut_7,217 PB Lmx1a Glut,23 P Glut,Glut,24,3.905853,5.4306636,0.6666666666666666
2182,3383 ND-INC Foxd2 Glut_1,0790 ND-INC Foxd2 Glut_1,190 ND-INC Foxd2 Glut,19 MB Glut,Glut,2,6.7274,6.7274,1.0
2200,2485 PH Pitx2 Glut_2,0611 PH Pitx2 Glut_2,138 PH Pitx2 Glut,14 HY Glut,Glut,3,5.115214,4.9460673,1.0
2213,2756 MB-ant-ve Dmrta2 Glut_1,0681 MB-ant-ve Dmrta2 Glut_1,156 MB-ant-ve Dmrta2 Glut,19 MB Glut,Glut,6,4.945848,4.884283,1.0
2304,2734 PRC-PAG Pax6 Glut_2,0677 PRC-PAG Pax6 Glut_2,155 PRC-PAG Pax6 Glut,19 MB Glut,Glut,1,0.0,0.0,0.0
2305,2730 PRC-PAG Pax6 Glut_1,0676 PRC-PAG Pax6 Glut_1,155 PRC-PAG Pax6 Glut,19 MB Glut,Glut,6,3.3501623,2.6219404,0.5
2329,2423 PH-ant-LHA Otp Bsx Glut_7,0597 PH-ant-LHA Otp Bsx Glut_7,134 PH-ant-LHA Otp Bsx Glut,14 HY Glut,Glut,1,6.0306654,6.0306654,1.0
2384,3875 SNc-VTA-RAmb Foxa1 Dopa_7,0886 SNc-VTA-RAmb Foxa1 Dopa_7,215 SNc-VTA-RAmb Foxa1 Dopa,21 MB Dopa,Dopa,2,5.027154,5.027154,1.0
2397,3861 SNc-VTA-RAmb Foxa1 Dopa_4,0883 SNc-VTA-RAmb Foxa1 Dopa_4,215 SNc-VTA-RAmb Foxa1 Dopa,21 MB Dopa,Dopa,1,0.0,0.0,0.0
2398,3862 SNc-VTA-RAmb Foxa1 Dopa_4,0883 SNc-VTA-RAmb Foxa1 Dopa_4,215 SNc-VTA-RAmb Foxa1 Dopa,21 MB Dopa,Dopa,1,4.5822706,4.5822706,1.0
2399,3863 SNc-VTA-RAmb Foxa1 Dopa_4,0883 SNc-VTA-RAmb Foxa1 Dopa_4,215 SNc-VTA-RAmb Foxa1 Dopa,21 MB Dopa,Dopa,1,5.5561895,5.5561895,1.0
2400,3864 SNc-VTA-RAmb Foxa1 Dopa_4,0883 SNc-VTA-RAmb Foxa1 Dopa_4,215 SNc-VTA-RAmb Foxa1 Dopa,21 MB Dopa,Dopa,4,6.5224476,6.171235,1.0
2403,3865 SNc-VTA-RAmb Foxa1 Dopa_4,0883 SNc-VTA-RAmb Foxa1 Dopa_4,215 SNc-VTA-RAmb Foxa1 Dopa,21 MB Dopa,Dopa,1,5.498465,5.498465,1.0
2406,3855 SNc-VTA-RAmb Foxa1 Dopa_3,0882 SNc-VTA-RAmb Foxa1 Dopa_3,215 SNc-VTA-RAmb Foxa1 Dopa,21 MB Dopa,Dopa,1,0.0,0.0,0.0
2407,3856 SNc-VTA-RAmb Foxa1 Dopa_3,0882 SNc-VTA-RAmb Foxa1 Dopa_3,215 SNc-VTA-RAmb Foxa1 Dopa,21 MB Dopa,Dopa,2,2.2698686,2.2698686,0.5
2409,3874 SNc-VTA-RAmb Foxa1 Dopa_6,0885 SNc-VTA-RAmb Foxa1 Dopa_6,215 SNc-VTA-RAmb Foxa1 Dopa,21 MB Dopa,Dopa,1,6.6267715,6.6267715,1.0
2410,3869 SNc-VTA-RAmb Foxa1 Dopa_5,0884 SNc-VTA-RAmb Foxa1 Dopa_5,215 SNc-VTA-RAmb Foxa1 Dopa,21 MB Dopa,Dopa,1,7.8267083,7.8267083,1.0
2416,3837 SNc-VTA-RAmb Foxa1 Dopa_1,0880 SNc-VTA-RAmb Foxa1 Dopa_1,215 SNc-VTA-RAmb Foxa1 Dopa,21 MB Dopa,Glut-GABA,1,4.819809,4.819809,1.0
2417,3879 SNc-VTA-RAmb Foxa1 Dopa_8,0887 SNc-VTA-RAmb Foxa1 Dopa_8,215 SNc-VTA-RAmb Foxa1 Dopa,21 MB Dopa,Glut-GABA,1,0.0,0.0,0.0
2523,2361 AHN-RCH-LHA Otp Fezf1 Glut_6,0584 AHN-RCH-LHA Otp Fezf1 Glut_6,132 AHN-RCH-LHA Otp Fezf1 Glut,14 HY Glut,Glut,1,5.551483,5.551483,1.0
2541,2543 PH-SUM Foxa1 Glut_3,0624 PH-SUM Foxa1 Glut_3,141 PH-SUM Foxa1 Glut,14 HY Glut,Glut,1,4.3558955,4.3558955,1.0
2595,4037 PB Evx2 Glut_3,0916 PB Evx2 Glut_3,222 PB Evx2 Glut,23 P Glut,Glut,25,4.532625,5.596938,0.76
2596,4045 PB Evx2 Glut_3,0916 PB Evx2 Glut_3,222 PB Evx2 Glut,23 P Glut,Glut,8,6.1036925,6.771696,1.0
2597,4036 PB Evx2 Glut_3,0916 PB Evx2 Glut_3,222 PB Evx2 Glut,23 P Glut,Glut-GABA,17,4.810206,6.047965,0.7647058823529411
2598,4043 PB Evx2 Glut_3,0916 PB Evx2 Glut_3,222 PB Evx2 Glut,23 P Glut,Glut,13,5.4941154,6.023065,0.9230769230769231
2599,4027 PB Evx2 Glut_2,0915 PB Evx2 Glut_2,222 PB Evx2 Glut,23 P Glut,Glut,41,4.8757873,5.725648,0.8292682926829268
2600,4028 PB Evx2 Glut_2,0915 PB Evx2 Glut_2,222 PB Evx2 Glut,23 P Glut,Glut,25,4.9523106,5.3194904,0.88
2601,4073 PB Evx2 Glut_7,0920 PB Evx2 Glut_7,222 PB Evx2 Glut,23 P Glut,Glut,46,4.5374613,5.4605627,0.782608695652174
2602,4074 PB Evx2 Glut_7,0920 PB Evx2 Glut_7,222 PB Evx2 Glut,23 P Glut,Glut,51,4.7365365,5.6533914,0.7843137254901961
2603,4026 PB Evx2 Glut_2,0915 PB Evx2 Glut_2,222 PB Evx2 Glut,23 P Glut,Glut,28,4.227202,5.4454517,0.7142857142857143
2604,4055 PB Evx2 Glut_5,0918 PB Evx2 Glut_5,222 PB Evx2 Glut,23 P Glut,Glut,65,5.4842844,6.049169,0.9076923076923077
2605,4038 PB Evx2 Glut_3,0916 PB Evx2 Glut_3,222 PB Evx2 Glut,23 P Glut,Glut,26,4.7648635,5.5581083,0.8076923076923077
2606,4075 PB Evx2 Glut_7,0920 PB Evx2 Glut_7,222 PB Evx2 Glut,23 P Glut,Glut,69,5.361552,5.738172,0.9130434782608695
2607,4021 PB Evx2 Glut_1,0914 PB Evx2 Glut_1,222 PB Evx2 Glut,23 P Glut,Glut,115,4.555243,5.426089,0.7739130434782608
2608,4056 PB Evx2 Glut_5,0918 PB Evx2 Glut_5,222 PB Evx2 Glut,23 P Glut,Glut,90,5.0390005,5.710677,0.8666666666666667
2609,4057 PB Evx2 Glut_5,0918 PB Evx2 Glut_5,222 PB Evx2 Glut,23 P Glut,Glut,35,4.3422294,5.124943,0.7428571428571429
2610,4058 PB Evx2 Glut_5,0918 PB Evx2 Glut_5,222 PB Evx2 Glut,23 P Glut,Glut,54,4.266466,5.260339,0.7407407407407407
2611,4039 PB Evx2 Glut_3,0916 PB Evx2 Glut_3,222 PB Evx2 Glut,23 P Glut,Glut,26,4.835147,5.46506,0.8461538461538461
2612,4059 PB Evx2 Glut_5,0918 PB Evx2 Glut_5,222 PB Evx2 Glut,23 P Glut,Glut,21,5.332549,5.5228143,0.9523809523809523
2613,4060 PB Evx2 Glut_5,0918 PB Evx2 Glut_5,222 PB Evx2 Glut,23 P Glut,Glut,34,5.577344,6.2005243,0.9117647058823529
2614,4029 PB Evx2 Glut_2,0915 PB Evx2 Glut_2,222 PB Evx2 Glut,23 P Glut,Glut,66,4.795816,5.5152855,0.8181818181818182
2615,4024 PB Evx2 Glut_2,0915 PB Evx2 Glut_2,222 PB Evx2 Glut,23 P Glut,Glut,35,4.0258994,5.2936687,0.7142857142857143
2616,4025 PB Evx2 Glut_2,0915 PB Evx2 Glut_2,222 PB Evx2 Glut,23 P Glut,Glut,34,3.9515457,4.925649,0.6764705882352942
2617,4030 PB Evx2 Glut_2,0915 PB Evx2 Glut_2,222 PB Evx2 Glut,23 P Glut,Glut,52,5.316782,5.9085603,0.8846153846153846
2618,4018 PB Evx2 Glut_1,0914 PB Evx2 Glut_1,222 PB Evx2 Glut,23 P Glut,Glut,94,4.388297,5.1304255,0.7659574468085106
2619,4072 PB Evx2 Glut_7,0920 PB Evx2 Glut_7,222 PB Evx2 Glut,23 P Glut,Glut,33,4.930551,5.7491527,0.8484848484848485
2620,4022 PB Evx2 Glut_1,0914 PB Evx2 Glut_1,222 PB Evx2 Glut,23 P Glut,Glut,64,4.4070807,5.6028113,0.734375
2621,4063 PB Evx2 Glut_6,0919 PB Evx2 Glut_6,222 PB Evx2 Glut,23 P Glut,Glut,43,4.205704,5.41404,0.7441860465116279
2622,4033 PB Evx2 Glut_3,0916 PB Evx2 Glut_3,222 PB Evx2 Glut,23 P Glut,Glut,42,5.517214,5.684497,0.9285714285714286
2623,4087 PB Evx2 Glut_9,0922 PB Evx2 Glut_9,222 PB Evx2 Glut,23 P Glut,Glut,41,4.266663,5.403579,0.7560975609756098
2624,4031 PB Evx2 Glut_2,0915 PB Evx2 Glut_2,222 PB Evx2 Glut,23 P Glut,Glut,11,3.4899414,4.600259,0.6363636363636364
2625,4061 PB Evx2 Glut_5,0918 PB Evx2 Glut_5,222 PB Evx2 Glut,23 P Glut,Glut,76,4.777768,5.557974,0.8289473684210527
2626,4019 PB Evx2 Glut_1,0914 PB Evx2 Glut_1,222 PB Evx2 Glut,23 P Glut,Glut,8,4.6173058,5.160198,0.875
2627,4023 PB Evx2 Glut_1,0914 PB Evx2 Glut_1,222 PB Evx2 Glut,23 P Glut,Glut,42,5.2554564,5.8678045,0.8809523809523809
2628,4040 PB Evx2 Glut_3,0916 PB Evx2 Glut_3,222 PB Evx2 Glut,23 P Glut,Glut,16,5.3864236,5.78567,0.875
2629,4041 PB Evx2 Glut_3,0916 PB Evx2 Glut_3,222 PB Evx2 Glut,23 P Glut,Glut,120,5.3067617,6.114455,0.8333333333333334
2630,4034 PB Evx2 Glut_3,0916 PB Evx2 Glut_3,222 PB Evx2 Glut,23 P Glut,Glut,44,5.7596173,6.348843,0.9090909090909091
2631,4035 PB Evx2 Glut_3,0916 PB Evx2 Glut_3,222 PB Evx2 Glut,23 P Glut,Glut,7,6.172916,6.176794,1.0
2632,4042 PB Evx2 Glut_3,0916 PB Evx2 Glut_3,222 PB Evx2 Glut,23 P Glut,Glut,76,5.640716,6.1954913,0.9078947368421053
2633,4020 PB Evx2 Glut_1,0914 PB Evx2 Glut_1,222 PB Evx2 Glut,23 P Glut,Glut,72,4.311943,5.6779213,0.7222222222222222
2634,4048 PB Evx2 Glut_3,0916 PB Evx2 Glut_3,222 PB Evx2 Glut,23 P Glut,Glut,8,4.122259,4.6723447,0.75
2635,4046 PB Evx2 Glut_3,0916 PB Evx2 Glut_3,222 PB Evx2 Glut,23 P Glut,Glut,20,4.562432,5.4722033,0.8
2636,4047 PB Evx2 Glut_3,0916 PB Evx2 Glut_3,222 PB Evx2 Glut,23 P Glut,Glut,28,5.0373073,5.697379,0.8571428571428571
2637,4099 B-PB Nr4a2 Glut_2,0924 B-PB Nr4a2 Glut_2,223 B-PB Nr4a2 Glut,23 P Glut,Glut,15,4.3860683,5.389015,0.8
2638,4044 PB Evx2 Glut_3,0916 PB Evx2 Glut_3,222 PB Evx2 Glut,23 P Glut,Glut,2,6.2693167,6.2693167,1.0
2639,4062 PB Evx2 Glut_5,0918 PB Evx2 Glut_5,222 PB Evx2 Glut,23 P Glut,Glut,25,4.3930736,5.291333,0.76
2640,3341 CUN-PPN Evx2 Meis2 Glut_3,0778 CUN-PPN Evx2 Meis2 Glut_3,182 CUN-PPN Evx2 Meis2 Glut,19 MB Glut,Chol,3,5.89562,5.6511607,1.0
2641,3352 PBG Mtnr1a Glut-Chol_1,0781 PBG Mtnr1a Glut-Chol_1,183 PBG Mtnr1a Glut-Chol,19 MB Glut,Chol,11,3.9367716,5.2143865,0.7272727272727273
2642,3321 CUN-PPN Evx2 Meis2 Glut_1,0776 CUN-PPN Evx2 Meis2 Glut_1,182 CUN-PPN Evx2 Meis2 Glut,19 MB Glut,Glut,24,4.48983,5.3207545,0.7916666666666666
2643,3343 CUN-PPN Evx2 Meis2 Glut_4,0779 CUN-PPN Evx2 Meis2 Glut_4,182 CUN-PPN Evx2 Meis2 Glut,19 MB Glut,Glut,2,5.31721,5.31721,1.0
2644,3330 CUN-PPN Evx2 Meis2 Glut_1,0776 CUN-PPN Evx2 Meis2 Glut_1,182 CUN-PPN Evx2 Meis2 Glut,19 MB Glut,Glut,6,4.0222926,4.6257133,0.6666666666666666
2645,3331 CUN-PPN Evx2 Meis2 Glut_1,0776 CUN-PPN Evx2 Meis2 Glut_1,182 CUN-PPN Evx2 Meis2 Glut,19 MB Glut,Glut,6,4.6997285,5.0710363,0.8333333333333334
2646,3335 CUN-PPN Evx2 Meis2 Glut_1,0776 CUN-PPN Evx2 Meis2 Glut_1,182 CUN-PPN Evx2 Meis2 Glut,19 MB Glut,Glut,3,6.7490773,6.453983,1.0
2647,3329 CUN-PPN Evx2 Meis2 Glut_1,0776 CUN-PPN Evx2 Meis2 Glut_1,182 CUN-PPN Evx2 Meis2 Glut,19 MB Glut,Glut,9,5.626365,6.289577,0.8888888888888888
2648,3322 CUN-PPN Evx2 Meis2 Glut_1,0776 CUN-PPN Evx2 Meis2 Glut_1,182 CUN-PPN Evx2 Meis2 Glut,19 MB Glut,Glut,10,5.6033382,5.730374,0.9
2649,3323 CUN-PPN Evx2 Meis2 Glut_1,0776 CUN-PPN Evx2 Meis2 Glut_1,182 CUN-PPN Evx2 Meis2 Glut,19 MB Glut,Glut,5,4.3847976,4.9309354,0.8
2650,3332 CUN-PPN Evx2 Meis2 Glut_1,0776 CUN-PPN Evx2 Meis2 Glut_1,182 CUN-PPN Evx2 Meis2 Glut,19 MB Glut,Glut,2,4.9967175,4.9967175,1.0
2651,3324 CUN-PPN Evx2 Meis2 Glut_1,0776 CUN-PPN Evx2 Meis2 Glut_1,182 CUN-PPN Evx2 Meis2 Glut,19 MB Glut,Glut,8,6.5311565,6.571029,1.0
2652,3325 CUN-PPN Evx2 Meis2 Glut_1,0776 CUN-PPN Evx2 Meis2 Glut_1,182 CUN-PPN Evx2 Meis2 Glut,19 MB Glut,Glut,5,5.082179,6.616458,0.8
2653,3336 CUN-PPN Evx2 Meis2 Glut_2,0777 CUN-PPN Evx2 Meis2 Glut_2,182 CUN-PPN Evx2 Meis2 Glut,19 MB Glut,Glut,29,4.3468843,5.7323265,0.7241379310344828
2654,3349 CUN-PPN Evx2 Meis2 Glut_5,0780 CUN-PPN Evx2 Meis2 Glut_5,182 CUN-PPN Evx2 Meis2 Glut,19 MB Glut,Glut,10,4.938543,6.2565613,0.8
2655,3326 CUN-PPN Evx2 Meis2 Glut_1,0776 CUN-PPN Evx2 Meis2 Glut_1,182 CUN-PPN Evx2 Meis2 Glut,19 MB Glut,Glut,3,3.5479286,4.5653377,0.6666666666666666
2656,3337 CUN-PPN Evx2 Meis2 Glut_2,0777 CUN-PPN Evx2 Meis2 Glut_2,182 CUN-PPN Evx2 Meis2 Glut,19 MB Glut,Glut,35,4.0516276,5.5937943,0.6571428571428571
2657,3327 CUN-PPN Evx2 Meis2 Glut_1,0776 CUN-PPN Evx2 Meis2 Glut_1,182 CUN-PPN Evx2 Meis2 Glut,19 MB Glut,Glut,1,0.0,0.0,0.0
2659,3350 CUN-PPN Evx2 Meis2 Glut_5,0780 CUN-PPN Evx2 Meis2 Glut_5,182 CUN-PPN Evx2 Meis2 Glut,19 MB Glut,Glut,70,4.683164,5.70304,0.8
2660,3351 CUN-PPN Evx2 Meis2 Glut_5,0780 CUN-PPN Evx2 Meis2 Glut_5,182 CUN-PPN Evx2 Meis2 Glut,19 MB Glut,Glut,59,5.6038556,5.7956614,0.9322033898305084
2661,3338 CUN-PPN Evx2 Meis2 Glut_3,0778 CUN-PPN Evx2 Meis2 Glut_3,182 CUN-PPN Evx2 Meis2 Glut,19 MB Glut,Chol,28,4.961385,5.133799,0.9642857142857143
2662,3339 CUN-PPN Evx2 Meis2 Glut_3,0778 CUN-PPN Evx2 Meis2 Glut_3,182 CUN-PPN Evx2 Meis2 Glut,19 MB Glut,Chol,38,3.651271,4.7821155,0.6842105263157895
2663,3340 CUN-PPN Evx2 Meis2 Glut_3,0778 CUN-PPN Evx2 Meis2 Glut_3,182 CUN-PPN Evx2 Meis2 Glut,19 MB Glut,Chol,5,3.396743,5.005125,0.6
2664,3344 CUN-PPN Evx2 Meis2 Glut_4,0779 CUN-PPN Evx2 Meis2 Glut_4,182 CUN-PPN Evx2 Meis2 Glut,19 MB Glut,Glut,6,6.201496,6.554598,1.0
2665,3345 CUN-PPN Evx2 Meis2 Glut_4,0779 CUN-PPN Evx2 Meis2 Glut_4,182 CUN-PPN Evx2 Meis2 Glut,19 MB Glut,Glut,13,5.803591,6.431146,0.9230769230769231
2666,3347 CUN-PPN Evx2 Meis2 Glut_4,0779 CUN-PPN Evx2 Meis2 Glut_4,182 CUN-PPN Evx2 Meis2 Glut,19 MB Glut,Glut,18,5.202658,5.4969473,0.9444444444444444
2667,4084 PB Evx2 Glut_9,0922 PB Evx2 Glut_9,222 PB Evx2 Glut,23 P Glut,Glut,22,5.7584605,6.0806904,0.9545454545454546
2668,4085 PB Evx2 Glut_9,0922 PB Evx2 Glut_9,222 PB Evx2 Glut,23 P Glut,Glut,48,5.111179,5.7114677,0.8541666666666666
2669,3348 CUN-PPN Evx2 Meis2 Glut_4,0779 CUN-PPN Evx2 Meis2 Glut_4,182 CUN-PPN Evx2 Meis2 Glut,19 MB Glut,Glut,3,3.9357567,5.32182,0.6666666666666666
2670,4086 PB Evx2 Glut_9,0922 PB Evx2 Glut_9,222 PB Evx2 Glut,23 P Glut,Chol,14,5.353048,5.572401,0.9285714285714286
2671,3346 CUN-PPN Evx2 Meis2 Glut_4,0779 CUN-PPN Evx2 Meis2 Glut_4,182 CUN-PPN Evx2 Meis2 Glut,19 MB Glut,Dopa,25,4.780307,5.4958067,0.84
2672,3333 CUN-PPN Evx2 Meis2 Glut_1,0776 CUN-PPN Evx2 Meis2 Glut_1,182 CUN-PPN Evx2 Meis2 Glut,19 MB Glut,Glut,13,4.0971966,5.019685,0.6923076923076923
2673,3334 CUN-PPN Evx2 Meis2 Glut_1,0776 CUN-PPN Evx2 Meis2 Glut_1,182 CUN-PPN Evx2 Meis2 Glut,19 MB Glut,Glut,4,4.455677,5.865531,0.75
2742,2102 LHA Barhl2 Glut_1,0524 LHA Barhl2 Glut_1,117 LHA Barhl2 Glut,13 CNU-HYa Glut,Glut,2,6.3769255,6.3769255,1.0
2755,1996 GPi Tbr1 Cngb3 Gaba-Glut_1,0504 GPi Tbr1 Cngb3 Gaba-Glut_1,112 GPi Tbr1 Cngb3 Gaba-Glut,13 CNU-HYa Glut,Glut-GABA,1,6.7444034,6.7444034,1.0
2768,3927 PB Lmx1a Glut_3,0897 PB Lmx1a Glut_3,217 PB Lmx1a Glut,23 P Glut,Glut,34,5.140133,5.790354,0.8529411764705882
2769,3917 PB Lmx1a Glut_1,0895 PB Lmx1a Glut_1,217 PB Lmx1a Glut,23 P Glut,Glut,31,3.6836722,5.4849977,0.5806451612903226
2770,3912 PB Lmx1a Glut_1,0895 PB Lmx1a Glut_1,217 PB Lmx1a Glut,23 P Glut,Glut,64,4.974971,5.9256535,0.8125
2771,3913 PB Lmx1a Glut_1,0895 PB Lmx1a Glut_1,217 PB Lmx1a Glut,23 P Glut,Glut,35,4.9522576,5.4579663,0.8571428571428571
2772,3914 PB Lmx1a Glut_1,0895 PB Lmx1a Glut_1,217 PB Lmx1a Glut,23 P Glut,Glut,22,4.450022,5.6750054,0.7727272727272727
2773,3918 PB Lmx1a Glut_1,0895 PB Lmx1a Glut_1,217 PB Lmx1a Glut,23 P Glut,Glut,65,4.976989,6.005919,0.8153846153846154
2774,3919 PB Lmx1a Glut_1,0895 PB Lmx1a Glut_1,217 PB Lmx1a Glut,23 P Glut,Glut,12,3.7009382,4.8598166,0.6666666666666666
2775,3920 PB Lmx1a Glut_1,0895 PB Lmx1a Glut_1,217 PB Lmx1a Glut,23 P Glut,Glut,23,4.8065677,5.500212,0.8260869565217391
2776,3921 PB Lmx1a Glut_1,0895 PB Lmx1a Glut_1,217 PB Lmx1a Glut,23 P Glut,Glut,19,4.383653,5.9426513,0.6842105263157895
2777,3922 PB Lmx1a Glut_1,0895 PB Lmx1a Glut_1,217 PB Lmx1a Glut,23 P Glut,Glut,25,4.710729,5.3531675,0.8
2778,3957 PB Lmx1a Glut_7,0901 PB Lmx1a Glut_7,217 PB Lmx1a Glut,23 P Glut,Glut,30,4.5859227,5.2028437,0.7666666666666667
2779,3928 PB Lmx1a Glut_3,0897 PB Lmx1a Glut_3,217 PB Lmx1a Glut,23 P Glut,Glut,107,3.7868595,4.990892,0.6542056074766355
2780,4547 NTS Dbh Glut_4,1007 NTS Dbh Glut_4,251 NTS Dbh Glut,24 MY Glut,Glut,50,4.827894,5.672556,0.82
2781,3958 PB Lmx1a Glut_7,0901 PB Lmx1a Glut_7,217 PB Lmx1a Glut,23 P Glut,Glut,34,5.53015,6.01616,0.8823529411764706
2782,4144 PB-PSV Phox2b Glut_1,0938 PB-PSV Phox2b Glut_1,227 PB-PSV Phox2b Glut,23 P Glut,Glut,27,4.7762356,5.5947967,0.8148148148148148
2783,3923 PB Lmx1a Glut_1,0895 PB Lmx1a Glut_1,217 PB Lmx1a Glut,23 P Glut,Glut,18,4.191696,4.981722,0.7222222222222222
2784,3929 PB Lmx1a Glut_3,0897 PB Lmx1a Glut_3,217 PB Lmx1a Glut,23 P Glut,Glut,34,4.904098,6.017047,0.7941176470588235
2785,3915 PB Lmx1a Glut_1,0895 PB Lmx1a Glut_1,217 PB Lmx1a Glut,23 P Glut,Glut,54,3.981882,5.1875916,0.7037037037037037
2786,3916 PB Lmx1a Glut_1,0895 PB Lmx1a Glut_1,217 PB Lmx1a Glut,23 P Glut,Glut,39,4.336504,5.2196627,0.7435897435897436
2787,3924 PB Lmx1a Glut_1,0895 PB Lmx1a Glut_1,217 PB Lmx1a Glut,23 P Glut,Glut,57,4.7154875,5.810891,0.7894736842105263
2788,3925 PB Lmx1a Glut_1,0895 PB Lmx1a Glut_1,217 PB Lmx1a Glut,23 P Glut,Glut,41,3.2215078,4.4802155,0.5609756097560976
2789,3930 PB Lmx1a Glut_3,0897 PB Lmx1a Glut_3,217 PB Lmx1a Glut,23 P Glut,Glut,26,4.4425592,5.1230955,0.7692307692307693
2790,3931 PB Lmx1a Glut_3,0897 PB Lmx1a Glut_3,217 PB Lmx1a Glut,23 P Glut,Glut,45,3.0332818,4.5408745,0.5333333333333333
2791,3932 PB Lmx1a Glut_3,0897 PB Lmx1a Glut_3,217 PB Lmx1a Glut,23 P Glut,Glut,29,3.0820143,4.337293,0.5517241379310345
2792,3933 PB Lmx1a Glut_3,0897 PB Lmx1a Glut_3,217 PB Lmx1a Glut,23 P Glut,Glut,24,3.6108751,4.60069,0.6666666666666666
2793,3934 PB Lmx1a Glut_3,0897 PB Lmx1a Glut_3,217 PB Lmx1a Glut,23 P Glut,Glut,15,3.9707131,5.683894,0.6666666666666666
2794,3935 PB Lmx1a Glut_3,0897 PB Lmx1a Glut_3,217 PB Lmx1a Glut,23 P Glut,Glut,62,4.806732,5.689235,0.7903225806451613
2795,3926 PB Lmx1a Glut_2,0896 PB Lmx1a Glut_2,217 PB Lmx1a Glut,23 P Glut,Glut,70,3.5646021,4.842767,0.6428571428571429
2796,3936 PB Lmx1a Glut_4,0898 PB Lmx1a Glut_4,217 PB Lmx1a Glut,23 P Glut,Glut,70,3.6577437,4.616625,0.6714285714285714
2797,3944 PB Lmx1a Glut_5,0899 PB Lmx1a Glut_5,217 PB Lmx1a Glut,23 P Glut,Glut,60,5.0273128,5.7751493,0.8666666666666667
2798,3937 PB Lmx1a Glut_4,0898 PB Lmx1a Glut_4,217 PB Lmx1a Glut,23 P Glut,Glut,274,4.7315702,5.528429,0.8357664233576643
2799,3938 PB Lmx1a Glut_4,0898 PB Lmx1a Glut_4,217 PB Lmx1a Glut,23 P Glut,Glut,174,4.6490593,5.547717,0.8045977011494253
2800,3939 PB Lmx1a Glut_4,0898 PB Lmx1a Glut_4,217 PB Lmx1a Glut,23 P Glut,Glut,68,4.7360067,5.3919916,0.8529411764705882
2801,3940 PB Lmx1a Glut_4,0898 PB Lmx1a Glut_4,217 PB Lmx1a Glut,23 P Glut,Glut,54,3.3455582,4.433101,0.6296296296296297
2803,3945 PB Lmx1a Glut_5,0899 PB Lmx1a Glut_5,217 PB Lmx1a Glut,23 P Glut,Glut,38,4.533807,5.475803,0.7894736842105263
2804,3946 PB Lmx1a Glut_5,0899 PB Lmx1a Glut_5,217 PB Lmx1a Glut,23 P Glut,Glut,39,5.083686,6.0275593,0.8461538461538461
2805,3947 PB Lmx1a Glut_5,0899 PB Lmx1a Glut_5,217 PB Lmx1a Glut,23 P Glut,Glut,33,5.336923,5.5717425,0.9090909090909091
2806,3948 PB Lmx1a Glut_5,0899 PB Lmx1a Glut_5,217 PB Lmx1a Glut,23 P Glut,Chol,55,4.3656106,5.3948936,0.8
2807,3950 PB Lmx1a Glut_5,0899 PB Lmx1a Glut_5,217 PB Lmx1a Glut,23 P Glut,Glut,37,5.49803,5.858487,0.972972972972973
2808,3941 PB Lmx1a Glut_4,0898 PB Lmx1a Glut_4,217 PB Lmx1a Glut,23 P Glut,Glut,37,3.9903738,5.3270683,0.7027027027027027
2809,3951 PB Lmx1a Glut_6,0900 PB Lmx1a Glut_6,217 PB Lmx1a Glut,23 P Glut,Glut,35,4.283481,5.506942,0.7142857142857143
2810,3952 PB Lmx1a Glut_6,0900 PB Lmx1a Glut_6,217 PB Lmx1a Glut,23 P Glut,Glut,30,5.0477567,5.861886,0.8
2811,3953 PB Lmx1a Glut_6,0900 PB Lmx1a Glut_6,217 PB Lmx1a Glut,23 P Glut,Glut,25,4.1751204,4.729539,0.76
2812,3954 PB Lmx1a Glut_6,0900 PB Lmx1a Glut_6,217 PB Lmx1a Glut,23 P Glut,Glut,36,5.2425823,6.264084,0.8611111111111112
2813,3955 PB Lmx1a Glut_6,0900 PB Lmx1a Glut_6,217 PB Lmx1a Glut,23 P Glut,Glut,27,4.407246,5.074587,0.7407407407407407
2814,3942 PB Lmx1a Glut_4,0898 PB Lmx1a Glut_4,217 PB Lmx1a Glut,23 P Glut,Glut,24,4.312678,5.477719,0.75
2815,3949 PB Lmx1a Glut_5,0899 PB Lmx1a Glut_5,217 PB Lmx1a Glut,23 P Glut,Glut,38,5.074733,5.8730826,0.8421052631578947
2816,3943 PB Lmx1a Glut_4,0898 PB Lmx1a Glut_4,217 PB Lmx1a Glut,23 P Glut,Glut,53,5.0521674,5.4268284,0.8867924528301887
2837,3889 MB-MY Tph2 Glut-Sero_2,0889 MB-MY Tph2 Glut-Sero_2,216 MB-MY Tph2 Glut-Sero,22 MB-HB Sero,Sero,8,5.09256,5.862795,0.875
2838,3881 MB-MY Tph2 Glut-Sero_1,0888 MB-MY Tph2 Glut-Sero_1,216 MB-MY Tph2 Glut-Sero,22 MB-HB Sero,Sero,2,2.174569,2.174569,0.5
2839,3882 MB-MY Tph2 Glut-Sero_1,0888 MB-MY Tph2 Glut-Sero_1,216 MB-MY Tph2 Glut-Sero,22 MB-HB Sero,Sero,8,4.837818,5.5094395,0.875
2840,3888 MB-MY Tph2 Glut-Sero_2,0889 MB-MY Tph2 Glut-Sero_2,216 MB-MY Tph2 Glut-Sero,22 MB-HB Sero,Sero,23,4.0936327,5.2350993,0.782608695652174
2841,3883 MB-MY Tph2 Glut-Sero_1,0888 MB-MY Tph2 Glut-Sero_1,216 MB-MY Tph2 Glut-Sero,22 MB-HB Sero,Sero,9,3.0731804,5.164508,0.5555555555555556
2843,3910 MB-MY Tph2 Glut-Sero_6,0893 MB-MY Tph2 Glut-Sero_6,216 MB-MY Tph2 Glut-Sero,22 MB-HB Sero,Sero,126,3.889589,4.8565464,0.7063492063492064
2844,3911 MB-MY Tph2 Glut-Sero_7,0894 MB-MY Tph2 Glut-Sero_7,216 MB-MY Tph2 Glut-Sero,22 MB-HB Sero,Sero,40,4.7095523,5.226285,0.9
2845,3884 MB-MY Tph2 Glut-Sero_1,0888 MB-MY Tph2 Glut-Sero_1,216 MB-MY Tph2 Glut-Sero,22 MB-HB Sero,Sero,10,4.4494557,4.438365,1.0
2846,3902 MB-MY Tph2 Glut-Sero_4,0891 MB-MY Tph2 Glut-Sero_4,216 MB-MY Tph2 Glut-Sero,22 MB-HB Sero,Sero,6,4.868069,4.7675505,1.0
2847,3885 MB-MY Tph2 Glut-Sero_1,0888 MB-MY Tph2 Glut-Sero_1,216 MB-MY Tph2 Glut-Sero,22 MB-HB Sero,Sero,2,2.0114913,2.0114913,0.5
2848,3903 MB-MY Tph2 Glut-Sero_4,0891 MB-MY Tph2 Glut-Sero_4,216 MB-MY Tph2 Glut-Sero,22 MB-HB Sero,Sero,52,4.372072,5.141138,0.8076923076923077
2849,3887 MB-MY Tph2 Glut-Sero_1,0888 MB-MY Tph2 Glut-Sero_1,216 MB-MY Tph2 Glut-Sero,22 MB-HB Sero,Sero,34,4.796067,5.66025,0.8529411764705882
2850,3904 MB-MY Tph2 Glut-Sero_4,0891 MB-MY Tph2 Glut-Sero_4,216 MB-MY Tph2 Glut-Sero,22 MB-HB Sero,Sero,93,4.542724,5.057145,0.8924731182795699
2851,3905 MB-MY Tph2 Glut-Sero_4,0891 MB-MY Tph2 Glut-Sero_4,216 MB-MY Tph2 Glut-Sero,22 MB-HB Sero,Sero,2,2.690652,2.690652,0.5
2852,3886 MB-MY Tph2 Glut-Sero_1,0888 MB-MY Tph2 Glut-Sero_1,216 MB-MY Tph2 Glut-Sero,22 MB-HB Sero,Sero,39,3.9885106,5.5286026,0.6666666666666666
2853,3897 MB-MY Tph2 Glut-Sero_3,0890 MB-MY Tph2 Glut-Sero_3,216 MB-MY Tph2 Glut-Sero,22 MB-HB Sero,Glut,8,4.6952004,4.8502474,0.875
2854,3898 MB-MY Tph2 Glut-Sero_3,0890 MB-MY Tph2 Glut-Sero_3,216 MB-MY Tph2 Glut-Sero,22 MB-HB Sero,Glut,7,5.332946,6.037817,0.8571428571428571
2855,3899 MB-MY Tph2 Glut-Sero_3,0890 MB-MY Tph2 Glut-Sero_3,216 MB-MY Tph2 Glut-Sero,22 MB-HB Sero,Glut,4,6.437304,6.217678,1.0
2857,3890 MB-MY Tph2 Glut-Sero_2,0889 MB-MY Tph2 Glut-Sero_2,216 MB-MY Tph2 Glut-Sero,22 MB-HB Sero,Glut,114,4.476666,5.228117,0.7894736842105263
2858,3891 MB-MY Tph2 Glut-Sero_2,0889 MB-MY Tph2 Glut-Sero_2,216 MB-MY Tph2 Glut-Sero,22 MB-HB Sero,Glut,12,5.741307,5.7280064,1.0
2859,3892 MB-MY Tph2 Glut-Sero_2,0889 MB-MY Tph2 Glut-Sero_2,216 MB-MY Tph2 Glut-Sero,22 MB-HB Sero,Glut,11,5.3897095,5.9296026,0.9090909090909091
2860,3893 MB-MY Tph2 Glut-Sero_2,0889 MB-MY Tph2 Glut-Sero_2,216 MB-MY Tph2 Glut-Sero,22 MB-HB Sero,Glut,38,3.7981813,5.1574106,0.631578947368421
2861,3894 MB-MY Tph2 Glut-Sero_2,0889 MB-MY Tph2 Glut-Sero_2,216 MB-MY Tph2 Glut-Sero,22 MB-HB Sero,Glut,23,4.644575,5.585666,0.782608695652174
2862,3900 MB-MY Tph2 Glut-Sero_3,0890 MB-MY Tph2 Glut-Sero_3,216 MB-MY Tph2 Glut-Sero,22 MB-HB Sero,Glut,9,5.759653,5.450206,1.0
2863,3901 MB-MY Tph2 Glut-Sero_3,0890 MB-MY Tph2 Glut-Sero_3,216 MB-MY Tph2 Glut-Sero,22 MB-HB Sero,Glut,8,4.6407156,4.953603,0.875
2864,3895 MB-MY Tph2 Glut-Sero_2,0889 MB-MY Tph2 Glut-Sero_2,216 MB-MY Tph2 Glut-Sero,22 MB-HB Sero,Glut,75,4.6580825,5.6608753,0.76
2865,3896 MB-MY Tph2 Glut-Sero_3,0890 MB-MY Tph2 Glut-Sero_3,216 MB-MY Tph2 Glut-Sero,22 MB-HB Sero,Sero,5,5.8230805,5.972128,1.0
2914,3395 PPN-CUN-PCG Otp En1 Gaba_2,0793 PPN-CUN-PCG Otp En1 Gaba_2,192 PPN-CUN-PCG Otp En1 Gaba,20 MB GABA,Glut-GABA,20,4.7781587,5.5523663,0.8
2915,3396 PPN-CUN-PCG Otp En1 Gaba_2,0793 PPN-CUN-PCG Otp En1 Gaba_2,192 PPN-CUN-PCG Otp En1 Gaba,20 MB GABA,GABA,27,4.1878476,6.2512236,0.6666666666666666
2916,3402 PPN-CUN-PCG Otp En1 Gaba_3,0794 PPN-CUN-PCG Otp En1 Gaba_3,192 PPN-CUN-PCG Otp En1 Gaba,20 MB GABA,GABA,45,4.578487,5.679018,0.7555555555555555
2917,3403 PPN-CUN-PCG Otp En1 Gaba_3,0794 PPN-CUN-PCG Otp En1 Gaba_3,192 PPN-CUN-PCG Otp En1 Gaba,20 MB GABA,GABA,38,5.6216354,6.294651,0.8947368421052632
2918,4686 CS-PRNr-PCG Tmem163 Otp Gaba_3,1046 CS-PRNr-PCG Tmem163 Otp Gaba_3,267 CS-PRNr-PCG Tmem163 Otp Gaba,26 P GABA,GABA,22,5.318201,6.023444,0.8636363636363636
2919,3418 MRN-PPN-CUN Pax8 Gaba_3,0797 MRN-PPN-CUN Pax8 Gaba_3,193 MRN-PPN-CUN Pax8 Gaba,20 MB GABA,GABA-Glyc,1,8.008233,8.008233,1.0
2920,3408 MRN-PPN-CUN Pax8 Gaba_1,0795 MRN-PPN-CUN Pax8 Gaba_1,193 MRN-PPN-CUN Pax8 Gaba,20 MB GABA,GABA,3,5.3742695,5.309315,1.0
2921,3411 MRN-PPN-CUN Pax8 Gaba_1,0795 MRN-PPN-CUN Pax8 Gaba_1,193 MRN-PPN-CUN Pax8 Gaba,20 MB GABA,GABA-Glyc,5,4.870739,5.885144,0.8
2922,3409 MRN-PPN-CUN Pax8 Gaba_1,0795 MRN-PPN-CUN Pax8 Gaba_1,193 MRN-PPN-CUN Pax8 Gaba,20 MB GABA,GABA,2,3.0189085,3.0189085,0.5
2923,4670 CS-PRNr-PCG Tmem163 Otp Gaba_1,1044 CS-PRNr-PCG Tmem163 Otp Gaba_1,267 CS-PRNr-PCG Tmem163 Otp Gaba,26 P GABA,GABA,74,5.7822905,6.399105,0.8783783783783784
2924,3389 PPN-CUN-PCG Otp En1 Gaba_1,0792 PPN-CUN-PCG Otp En1 Gaba_1,192 PPN-CUN-PCG Otp En1 Gaba,20 MB GABA,GABA,25,4.442836,5.47647,0.72
2925,4790 DTN-LDT-IPN Otp Pax3 Gaba_4,1072 DTN-LDT-IPN Otp Pax3 Gaba_4,277 DTN-LDT-IPN Otp Pax3 Gaba,26 P GABA,GABA,150,5.326757,6.429609,0.8133333333333334
2926,3390 PPN-CUN-PCG Otp En1 Gaba_1,0792 PPN-CUN-PCG Otp En1 Gaba_1,192 PPN-CUN-PCG Otp En1 Gaba,20 MB GABA,GABA,32,3.6502287,5.347146,0.59375
2927,4785 DTN-LDT-IPN Otp Pax3 Gaba_3,1071 DTN-LDT-IPN Otp Pax3 Gaba_3,277 DTN-LDT-IPN Otp Pax3 Gaba,26 P GABA,GABA,67,5.226093,6.128899,0.835820895522388
2928,4792 DTN-LDT-IPN Otp Pax3 Gaba_4,1072 DTN-LDT-IPN Otp Pax3 Gaba_4,277 DTN-LDT-IPN Otp Pax3 Gaba,26 P GABA,GABA,89,5.343117,6.300952,0.8314606741573034
2929,4793 DTN-LDT-IPN Otp Pax3 Gaba_4,1072 DTN-LDT-IPN Otp Pax3 Gaba_4,277 DTN-LDT-IPN Otp Pax3 Gaba,26 P GABA,GABA,1210,4.929708,6.058545,0.7735537190082644
2930,3391 PPN-CUN-PCG Otp En1 Gaba_1,0792 PPN-CUN-PCG Otp En1 Gaba_1,192 PPN-CUN-PCG Otp En1 Gaba,20 MB GABA,GABA,86,3.5426033,4.6389647,0.5930232558139535
2931,4794 DTN-LDT-IPN Otp Pax3 Gaba_4,1072 DTN-LDT-IPN Otp Pax3 Gaba_4,277 DTN-LDT-IPN Otp Pax3 Gaba,26 P GABA,GABA,86,5.3883967,6.4211245,0.813953488372093
2932,4679 CS-PRNr-PCG Tmem163 Otp Gaba_1,1044 CS-PRNr-PCG Tmem163 Otp Gaba_1,267 CS-PRNr-PCG Tmem163 Otp Gaba,26 P GABA,GABA,24,5.4958024,6.168529,0.875
2933,4772 LDT-PCG St18 Gaba_2,1068 LDT-PCG St18 Gaba_2,276 LDT-PCG St18 Gaba,26 P GABA,GABA,49,5.190596,6.1049404,0.8163265306122449
2934,4773 LDT-PCG St18 Gaba_2,1068 LDT-PCG St18 Gaba_2,276 LDT-PCG St18 Gaba,26 P GABA,GABA,29,4.745887,6.1497188,0.7241379310344828
2935,4771 LDT-PCG St18 Gaba_1,1067 LDT-PCG St18 Gaba_1,276 LDT-PCG St18 Gaba,26 P GABA,GABA-Glyc,28,5.4977384,6.519596,0.8214285714285714
2936,3404 PPN-CUN-PCG Otp En1 Gaba_3,0794 PPN-CUN-PCG Otp En1 Gaba_3,192 PPN-CUN-PCG Otp En1 Gaba,20 MB GABA,GABA,49,4.4153414,5.6220784,0.7142857142857143
2937,3393 PPN-CUN-PCG Otp En1 Gaba_2,0793 PPN-CUN-PCG Otp En1 Gaba_2,192 PPN-CUN-PCG Otp En1 Gaba,20 MB GABA,GABA,68,4.9942837,5.69298,0.8382352941176471
2938,4683 CS-PRNr-PCG Tmem163 Otp Gaba_2,1045 CS-PRNr-PCG Tmem163 Otp Gaba_2,267 CS-PRNr-PCG Tmem163 Otp Gaba,26 P GABA,GABA,60,5.021914,5.992152,0.8
2939,4684 CS-PRNr-PCG Tmem163 Otp Gaba_2,1045 CS-PRNr-PCG Tmem163 Otp Gaba_2,267 CS-PRNr-PCG Tmem163 Otp Gaba,26 P GABA,GABA,21,5.2232122,5.9040046,0.8571428571428571
2940,4685 CS-PRNr-PCG Tmem163 Otp Gaba_2,1045 CS-PRNr-PCG Tmem163 Otp Gaba_2,267 CS-PRNr-PCG Tmem163 Otp Gaba,26 P GABA,GABA,45,5.513428,6.084739,0.9333333333333333
2941,3410 MRN-PPN-CUN Pax8 Gaba_1,0795 MRN-PPN-CUN Pax8 Gaba_1,193 MRN-PPN-CUN Pax8 Gaba,20 MB GABA,GABA,3,6.4702477,6.372368,1.0
2942,3401 PPN-CUN-PCG Otp En1 Gaba_3,0794 PPN-CUN-PCG Otp En1 Gaba_3,192 PPN-CUN-PCG Otp En1 Gaba,20 MB GABA,GABA,21,5.801483,5.7469497,0.9523809523809523
2943,3394 PPN-CUN-PCG Otp En1 Gaba_2,0793 PPN-CUN-PCG Otp En1 Gaba_2,192 PPN-CUN-PCG Otp En1 Gaba,20 MB GABA,GABA,10,5.220099,5.654049,0.9
2944,3398 PPN-CUN-PCG Otp En1 Gaba_2,0793 PPN-CUN-PCG Otp En1 Gaba_2,192 PPN-CUN-PCG Otp En1 Gaba,20 MB GABA,GABA,27,4.252398,5.328253,0.7037037037037037
2945,3399 PPN-CUN-PCG Otp En1 Gaba_2,0793 PPN-CUN-PCG Otp En1 Gaba_2,192 PPN-CUN-PCG Otp En1 Gaba,20 MB GABA,GABA,35,4.5315037,6.0003595,0.7428571428571429
2946,3392 PPN-CUN-PCG Otp En1 Gaba_1,0792 PPN-CUN-PCG Otp En1 Gaba_1,192 PPN-CUN-PCG Otp En1 Gaba,20 MB GABA,GABA,17,4.873773,5.740956,0.8235294117647058
2947,3397 PPN-CUN-PCG Otp En1 Gaba_2,0793 PPN-CUN-PCG Otp En1 Gaba_2,192 PPN-CUN-PCG Otp En1 Gaba,20 MB GABA,GABA,2,2.9725862,2.9725862,0.5
2948,4791 DTN-LDT-IPN Otp Pax3 Gaba_4,1072 DTN-LDT-IPN Otp Pax3 Gaba_4,277 DTN-LDT-IPN Otp Pax3 Gaba,26 P GABA,GABA,29,5.704102,6.1483254,0.9310344827586207
2949,4671 CS-PRNr-PCG Tmem163 Otp Gaba_1,1044 CS-PRNr-PCG Tmem163 Otp Gaba_1,267 CS-PRNr-PCG Tmem163 Otp Gaba,26 P GABA,GABA,62,3.9063182,5.5961246,0.6290322580645161
2950,4675 CS-PRNr-PCG Tmem163 Otp Gaba_1,1044 CS-PRNr-PCG Tmem163 Otp Gaba_1,267 CS-PRNr-PCG Tmem163 Otp Gaba,26 P GABA,GABA,12,4.850297,6.2486944,0.75
2951,4676 CS-PRNr-PCG Tmem163 Otp Gaba_1,1044 CS-PRNr-PCG Tmem163 Otp Gaba_1,267 CS-PRNr-PCG Tmem163 Otp Gaba,26 P GABA,GABA,42,4.9436183,6.25264,0.7619047619047619
2952,4681 CS-PRNr-PCG Tmem163 Otp Gaba_1,1044 CS-PRNr-PCG Tmem163 Otp Gaba_1,267 CS-PRNr-PCG Tmem163 Otp Gaba,26 P GABA,GABA,36,5.3046427,6.009188,0.8611111111111112
2953,4677 CS-PRNr-PCG Tmem163 Otp Gaba_1,1044 CS-PRNr-PCG Tmem163 Otp Gaba_1,267 CS-PRNr-PCG Tmem163 Otp Gaba,26 P GABA,GABA,18,5.9970264,6.7409587,0.8888888888888888
2954,4672 CS-PRNr-PCG Tmem163 Otp Gaba_1,1044 CS-PRNr-PCG Tmem163 Otp Gaba_1,267 CS-PRNr-PCG Tmem163 Otp Gaba,26 P GABA,GABA,61,5.7188725,6.219982,0.9016393442622951
2955,4678 CS-PRNr-PCG Tmem163 Otp Gaba_1,1044 CS-PRNr-PCG Tmem163 Otp Gaba_1,267 CS-PRNr-PCG Tmem163 Otp Gaba,26 P GABA,GABA,103,4.9413614,5.9661913,0.7864077669902912
2956,4673 CS-PRNr-PCG Tmem163 Otp Gaba_1,1044 CS-PRNr-PCG Tmem163 Otp Gaba_1,267 CS-PRNr-PCG Tmem163 Otp Gaba,26 P GABA,GABA,99,4.558889,5.7302976,0.7474747474747475
2957,4682 CS-PRNr-PCG Tmem163 Otp Gaba_1,1044 CS-PRNr-PCG Tmem163 Otp Gaba_1,267 CS-PRNr-PCG Tmem163 Otp Gaba,26 P GABA,GABA,61,5.212446,5.930851,0.8360655737704918
2958,4680 CS-PRNr-PCG Tmem163 Otp Gaba_1,1044 CS-PRNr-PCG Tmem163 Otp Gaba_1,267 CS-PRNr-PCG Tmem163 Otp Gaba,26 P GABA,GABA,147,5.0454974,5.952547,0.8095238095238095
2959,4674 CS-PRNr-PCG Tmem163 Otp Gaba_1,1044 CS-PRNr-PCG Tmem163 Otp Gaba_1,267 CS-PRNr-PCG Tmem163 Otp Gaba,26 P GABA,GABA,73,3.8391085,5.070337,0.6575342465753424
2960,4774 LDT-PCG St18 Gaba_2,1068 LDT-PCG St18 Gaba_2,276 LDT-PCG St18 Gaba,26 P GABA,GABA,49,5.71063,6.4845023,0.8571428571428571
2961,4758 PDTg Otp Shroom3 Gaba_1,1065 PDTg Otp Shroom3 Gaba_1,274 PDTg Otp Shroom3 Gaba,26 P GABA,GABA,235,4.8820825,6.0535316,0.7617021276595745
2962,4759 PDTg Otp Shroom3 Gaba_1,1065 PDTg Otp Shroom3 Gaba_1,274 PDTg Otp Shroom3 Gaba,26 P GABA,GABA,109,4.2504206,5.6170406,0.6697247706422018
2963,4770 LDT-PCG St18 Gaba_1,1067 LDT-PCG St18 Gaba_1,276 LDT-PCG St18 Gaba,26 P GABA,GABA-Glyc,59,4.691032,5.6716475,0.7627118644067796
2964,4765 LDT-PCG St18 Gaba_1,1067 LDT-PCG St18 Gaba_1,276 LDT-PCG St18 Gaba,26 P GABA,GABA,134,4.0767174,5.5657163,0.6492537313432836
2965,3400 PPN-CUN-PCG Otp En1 Gaba_2,0793 PPN-CUN-PCG Otp En1 Gaba_2,192 PPN-CUN-PCG Otp En1 Gaba,20 MB GABA,GABA,8,5.3120174,6.003023,0.875
2966,3417 MRN-PPN-CUN Pax8 Gaba_2,0796 MRN-PPN-CUN Pax8 Gaba_2,193 MRN-PPN-CUN Pax8 Gaba,20 MB GABA,GABA,1,0.0,0.0,0.0
2968,3405 PPN-CUN-PCG Otp En1 Gaba_3,0794 PPN-CUN-PCG Otp En1 Gaba_3,192 PPN-CUN-PCG Otp En1 Gaba,20 MB GABA,GABA,16,6.5202436,6.747201,0.9375
2969,3412 MRN-PPN-CUN Pax8 Gaba_1,0795 MRN-PPN-CUN Pax8 Gaba_1,193 MRN-PPN-CUN Pax8 Gaba,20 MB GABA,GABA,6,4.3628016,4.9340544,0.8333333333333334
2970,3406 PPN-CUN-PCG Otp En1 Gaba_3,0794 PPN-CUN-PCG Otp En1 Gaba_3,192 PPN-CUN-PCG Otp En1 Gaba,20 MB GABA,GABA,15,5.6304092,7.299427,0.8
2971,3407 PPN-CUN-PCG Otp En1 Gaba_3,0794 PPN-CUN-PCG Otp En1 Gaba_3,192 PPN-CUN-PCG Otp En1 Gaba,20 MB GABA,GABA,29,6.746655,7.413273,0.896551724137931
2972,3414 MRN-PPN-CUN Pax8 Gaba_2,0796 MRN-PPN-CUN Pax8 Gaba_2,193 MRN-PPN-CUN Pax8 Gaba,20 MB GABA,GABA,3,4.4757466,6.004976,0.6666666666666666
2974,3416 MRN-PPN-CUN Pax8 Gaba_2,0796 MRN-PPN-CUN Pax8 Gaba_2,193 MRN-PPN-CUN Pax8 Gaba,20 MB GABA,GABA,1,6.984724,6.984724,1.0
2975,4766 LDT-PCG St18 Gaba_1,1067 LDT-PCG St18 Gaba_1,276 LDT-PCG St18 Gaba,26 P GABA,GABA,78,4.5014033,5.87848,0.717948717948718
2976,4763 LDT-PCG St18 Gaba_1,1067 LDT-PCG St18 Gaba_1,276 LDT-PCG St18 Gaba,26 P GABA,GABA,88,5.3403835,5.7285886,0.9090909090909091
2977,4775 DTN-LDT-IPN Otp Pax3 Gaba_1,1069 DTN-LDT-IPN Otp Pax3 Gaba_1,277 DTN-LDT-IPN Otp Pax3 Gaba,26 P GABA,GABA,52,4.3801794,5.839256,0.6730769230769231
2978,4760 PDTg Otp Olig3 Gaba_1,1066 PDTg Otp Olig3 Gaba_1,275 PDTg Otp Olig3 Gaba,26 P GABA,GABA,64,4.3500094,6.0917444,0.671875
2979,4761 PDTg Otp Olig3 Gaba_1,1066 PDTg Otp Olig3 Gaba_1,275 PDTg Otp Olig3 Gaba,26 P GABA,GABA,101,4.9987416,5.8102274,0.8316831683168316
2980,4762 PDTg Otp Olig3 Gaba_1,1066 PDTg Otp Olig3 Gaba_1,275 PDTg Otp Olig3 Gaba,26 P GABA,GABA,905,4.841002,5.8380303,0.7922651933701658
2981,4776 DTN-LDT-IPN Otp Pax3 Gaba_1,1069 DTN-LDT-IPN Otp Pax3 Gaba_1,277 DTN-LDT-IPN Otp Pax3 Gaba,26 P GABA,GABA,215,5.103786,6.2157664,0.7813953488372093
2982,4777 DTN-LDT-IPN Otp Pax3 Gaba_1,1069 DTN-LDT-IPN Otp Pax3 Gaba_1,277 DTN-LDT-IPN Otp Pax3 Gaba,26 P GABA,GABA,85,4.575109,5.9303684,0.7176470588235294
2983,3828 IPN Otp Crisp1 Gaba_1,0877 IPN Otp Crisp1 Gaba_1,214 IPN Otp Crisp1 Gaba,20 MB GABA,Glut-GABA,1,7.65669,7.65669,1.0
2985,4779 DTN-LDT-IPN Otp Pax3 Gaba_2,1070 DTN-LDT-IPN Otp Pax3 Gaba_2,277 DTN-LDT-IPN Otp Pax3 Gaba,26 P GABA,GABA,20,4.2681923,6.079398,0.65
2986,4796 DTN-LDT-IPN Otp Pax3 Gaba_5,1073 DTN-LDT-IPN Otp Pax3 Gaba_5,277 DTN-LDT-IPN Otp Pax3 Gaba,26 P GABA,GABA,1,6.267208,6.267208,1.0
2990,4780 DTN-LDT-IPN Otp Pax3 Gaba_2,1070 DTN-LDT-IPN Otp Pax3 Gaba_2,277 DTN-LDT-IPN Otp Pax3 Gaba,26 P GABA,GABA,72,4.796528,6.501587,0.6805555555555556
2991,4781 DTN-LDT-IPN Otp Pax3 Gaba_2,1070 DTN-LDT-IPN Otp Pax3 Gaba_2,277 DTN-LDT-IPN Otp Pax3 Gaba,26 P GABA,GABA,23,5.49543,6.5586686,0.8260869565217391
2992,4767 LDT-PCG St18 Gaba_1,1067 LDT-PCG St18 Gaba_1,276 LDT-PCG St18 Gaba,26 P GABA,GABA,42,4.284666,5.5381556,0.7142857142857143
2993,4786 DTN-LDT-IPN Otp Pax3 Gaba_3,1071 DTN-LDT-IPN Otp Pax3 Gaba_3,277 DTN-LDT-IPN Otp Pax3 Gaba,26 P GABA,GABA,32,5.8901167,6.4226694,0.90625
2994,4784 DTN-LDT-IPN Otp Pax3 Gaba_3,1071 DTN-LDT-IPN Otp Pax3 Gaba_3,277 DTN-LDT-IPN Otp Pax3 Gaba,26 P GABA,GABA,28,5.276277,6.4190083,0.8214285714285714
2996,4778 DTN-LDT-IPN Otp Pax3 Gaba_1,1069 DTN-LDT-IPN Otp Pax3 Gaba_1,277 DTN-LDT-IPN Otp Pax3 Gaba,26 P GABA,GABA,57,4.0581865,5.155953,0.7192982456140351
2997,4788 DTN-LDT-IPN Otp Pax3 Gaba_3,1071 DTN-LDT-IPN Otp Pax3 Gaba_3,277 DTN-LDT-IPN Otp Pax3 Gaba,26 P GABA,GABA,114,5.9873304,6.551614,0.8947368421052632
2998,4782 DTN-LDT-IPN Otp Pax3 Gaba_2,1070 DTN-LDT-IPN Otp Pax3 Gaba_2,277 DTN-LDT-IPN Otp Pax3 Gaba,26 P GABA,GABA,48,5.9842396,6.8102617,0.8958333333333334
2999,4783 DTN-LDT-IPN Otp Pax3 Gaba_2,1070 DTN-LDT-IPN Otp Pax3 Gaba_2,277 DTN-LDT-IPN Otp Pax3 Gaba,26 P GABA,GABA,32,5.3970823,6.5059805,0.78125
3000,4769 LDT-PCG St18 Gaba_1,1067 LDT-PCG St18 Gaba_1,276 LDT-PCG St18 Gaba,26 P GABA,GABA,157,4.5967693,5.89109,0.7261146496815286
3001,4619 CS-RPO Meis2 Gaba_3,1033 CS-RPO Meis2 Gaba_3,263 CS-RPO Meis2 Gaba,26 P GABA,Glut-GABA,6,5.5237527,6.2651834,0.8333333333333334
3002,4764 LDT-PCG St18 Gaba_1,1067 LDT-PCG St18 Gaba_1,276 LDT-PCG St18 Gaba,26 P GABA,GABA,55,4.368306,5.4488516,0.7272727272727273
3003,4768 LDT-PCG St18 Gaba_1,1067 LDT-PCG St18 Gaba_1,276 LDT-PCG St18 Gaba,26 P GABA,GABA,41,3.8775613,5.282296,0.6097560975609756
3004,4620 CS-RPO Meis2 Gaba_3,1033 CS-RPO Meis2 Gaba_3,263 CS-RPO Meis2 Gaba,26 P GABA,GABA,33,5.572724,6.357977,0.8787878787878788
3005,4621 CS-RPO Meis2 Gaba_3,1033 CS-RPO Meis2 Gaba_3,263 CS-RPO Meis2 Gaba,26 P GABA,Glut-GABA,28,5.338404,5.975205,0.8571428571428571
3007,3829 IPN Otp Crisp1 Gaba_1,0877 IPN Otp Crisp1 Gaba_1,214 IPN Otp Crisp1 Gaba,20 MB GABA,GABA,1,6.247536,6.247536,1.0
3008,3832 IPN Otp Crisp1 Gaba_2,0878 IPN Otp Crisp1 Gaba_2,214 IPN Otp Crisp1 Gaba,20 MB GABA,GABA,3,3.8808753,4.795353,0.6666666666666666
3009,3833 IPN Otp Crisp1 Gaba_2,0878 IPN Otp Crisp1 Gaba_2,214 IPN Otp Crisp1 Gaba,20 MB GABA,GABA,2,3.7842314,3.7842314,0.5
3010,3834 IPN Otp Crisp1 Gaba_2,0878 IPN Otp Crisp1 Gaba_2,214 IPN Otp Crisp1 Gaba,20 MB GABA,GABA,11,6.350656,6.2428117,1.0
3012,3830 IPN Otp Crisp1 Gaba_1,0877 IPN Otp Crisp1 Gaba_1,214 IPN Otp Crisp1 Gaba,20 MB GABA,GABA,4,6.471483,6.309351,1.0
3014,3831 IPN Otp Crisp1 Gaba_2,0878 IPN Otp Crisp1 Gaba_2,214 IPN Otp Crisp1 Gaba,20 MB GABA,GABA,68,4.6843996,6.037631,0.7205882352941176
3015,3999 LDT-PCG Vsx2 Lhx4 Glut_5,0910 LDT-PCG Vsx2 Lhx4 Glut_5,221 LDT-PCG Vsx2 Lhx4 Glut,23 P Glut,Glut,32,4.281723,5.3016744,0.71875
3017,3993 LDT-PCG Vsx2 Lhx4 Glut_4,0909 LDT-PCG Vsx2 Lhx4 Glut_4,221 LDT-PCG Vsx2 Lhx4 Glut,23 P Glut,Glut,3,4.9691195,7.4478235,0.6666666666666666
3018,3985 LDT-PCG Vsx2 Lhx4 Glut_2,0907 LDT-PCG Vsx2 Lhx4 Glut_2,221 LDT-PCG Vsx2 Lhx4 Glut,23 P Glut,Glut,47,4.788305,5.968158,0.7659574468085106
3019,3980 LDT-PCG Vsx2 Lhx4 Glut_2,0907 LDT-PCG Vsx2 Lhx4 Glut_2,221 LDT-PCG Vsx2 Lhx4 Glut,23 P Glut,Glut,65,4.9236913,5.792227,0.8
3020,3981 LDT-PCG Vsx2 Lhx4 Glut_2,0907 LDT-PCG Vsx2 Lhx4 Glut_2,221 LDT-PCG Vsx2 Lhx4 Glut,23 P Glut,Glut,91,4.1865726,5.800267,0.6813186813186813
3021,3987 LDT-PCG Vsx2 Lhx4 Glut_3,0908 LDT-PCG Vsx2 Lhx4 Glut_3,221 LDT-PCG Vsx2 Lhx4 Glut,23 P Glut,Glut,106,3.7073388,5.0745115,0.6509433962264151
3022,3988 LDT-PCG Vsx2 Lhx4 Glut_3,0908 LDT-PCG Vsx2 Lhx4 Glut_3,221 LDT-PCG Vsx2 Lhx4 Glut,23 P Glut,Glut,179,4.612158,5.942165,0.7262569832402235
3023,4000 LDT-PCG Vsx2 Lhx4 Glut_5,0910 LDT-PCG Vsx2 Lhx4 Glut_5,221 LDT-PCG Vsx2 Lhx4 Glut,23 P Glut,Glut,57,5.554253,6.172099,0.8771929824561403
3024,3989 LDT-PCG Vsx2 Lhx4 Glut_3,0908 LDT-PCG Vsx2 Lhx4 Glut_3,221 LDT-PCG Vsx2 Lhx4 Glut,23 P Glut,Glut,146,4.008482,5.3447456,0.684931506849315
3025,3990 LDT-PCG Vsx2 Lhx4 Glut_3,0908 LDT-PCG Vsx2 Lhx4 Glut_3,221 LDT-PCG Vsx2 Lhx4 Glut,23 P Glut,Glut,79,4.009465,5.4129257,0.6835443037974683
3026,3982 LDT-PCG Vsx2 Lhx4 Glut_2,0907 LDT-PCG Vsx2 Lhx4 Glut_2,221 LDT-PCG Vsx2 Lhx4 Glut,23 P Glut,Glut,20,5.12262,5.87862,0.8
3028,3995 LDT-PCG Vsx2 Lhx4 Glut_4,0909 LDT-PCG Vsx2 Lhx4 Glut_4,221 LDT-PCG Vsx2 Lhx4 Glut,23 P Glut,Glut,3,6.42754,6.256639,1.0
3031,3974 LDT-PCG Vsx2 Lhx4 Glut_1,0906 LDT-PCG Vsx2 Lhx4 Glut_1,221 LDT-PCG Vsx2 Lhx4 Glut,23 P Glut,Glut,9,4.9681764,5.7219787,0.7777777777777778
3032,3975 LDT-PCG Vsx2 Lhx4 Glut_1,0906 LDT-PCG Vsx2 Lhx4 Glut_1,221 LDT-PCG Vsx2 Lhx4 Glut,23 P Glut,Glut,11,2.7035384,0.0,0.45454545454545453
3033,3976 LDT-PCG Vsx2 Lhx4 Glut_1,0906 LDT-PCG Vsx2 Lhx4 Glut_1,221 LDT-PCG Vsx2 Lhx4 Glut,23 P Glut,Glut,9,4.717626,5.7456446,0.7777777777777778
3035,4009 LDT-PCG Vsx2 Lhx4 Glut_7,0912 LDT-PCG Vsx2 Lhx4 Glut_7,221 LDT-PCG Vsx2 Lhx4 Glut,23 P Glut,Glut,45,4.470156,5.5336046,0.7555555555555555
3036,4010 LDT-PCG Vsx2 Lhx4 Glut_7,0912 LDT-PCG Vsx2 Lhx4 Glut_7,221 LDT-PCG Vsx2 Lhx4 Glut,23 P Glut,Glut,42,4.412958,5.6605062,0.7380952380952381
3037,3977 LDT-PCG Vsx2 Lhx4 Glut_1,0906 LDT-PCG Vsx2 Lhx4 Glut_1,221 LDT-PCG Vsx2 Lhx4 Glut,23 P Glut,Glut,88,4.999546,6.2691584,0.7727272727272727
3038,3983 LDT-PCG Vsx2 Lhx4 Glut_2,0907 LDT-PCG Vsx2 Lhx4 Glut_2,221 LDT-PCG Vsx2 Lhx4 Glut,23 P Glut,Glut,73,3.9931026,5.4896994,0.6438356164383562
3039,4006 LDT-PCG Vsx2 Lhx4 Glut_6,0911 LDT-PCG Vsx2 Lhx4 Glut_6,221 LDT-PCG Vsx2 Lhx4 Glut,23 P Glut,Glut,457,4.5527797,5.7033176,0.7199124726477024
3040,4007 LDT-PCG Vsx2 Lhx4 Glut_6,0911 LDT-PCG Vsx2 Lhx4 Glut_6,221 LDT-PCG Vsx2 Lhx4 Glut,23 P Glut,Glut,19,5.5280166,6.335525,0.8421052631578947
3041,4011 LDT-PCG Vsx2 Lhx4 Glut_7,0912 LDT-PCG Vsx2 Lhx4 Glut_7,221 LDT-PCG Vsx2 Lhx4 Glut,23 P Glut,Glut,54,5.6654963,6.2702045,0.9074074074074074
3042,4012 LDT-PCG Vsx2 Lhx4 Glut_7,0912 LDT-PCG Vsx2 Lhx4 Glut_7,221 LDT-PCG Vsx2 Lhx4 Glut,23 P Glut,Glut,146,4.4600863,5.9589357,0.678082191780822
3043,4013 LDT-PCG Vsx2 Lhx4 Glut_7,0912 LDT-PCG Vsx2 Lhx4 Glut_7,221 LDT-PCG Vsx2 Lhx4 Glut,23 P Glut,Glut,40,5.72272,6.523727,0.875
3044,3998 LDT-PCG Vsx2 Lhx4 Glut_4,0909 LDT-PCG Vsx2 Lhx4 Glut_4,221 LDT-PCG Vsx2 Lhx4 Glut,23 P Glut,Glut,1,0.0,0.0,0.0
3045,3978 LDT-PCG Vsx2 Lhx4 Glut_1,0906 LDT-PCG Vsx2 Lhx4 Glut_1,221 LDT-PCG Vsx2 Lhx4 Glut,23 P Glut,Glut,141,4.0321064,5.490629,0.6312056737588653
3046,3991 LDT-PCG Vsx2 Lhx4 Glut_3,0908 LDT-PCG Vsx2 Lhx4 Glut_3,221 LDT-PCG Vsx2 Lhx4 Glut,23 P Glut,Glut,132,3.8430371,5.511194,0.6060606060606061
3047,4015 LDT-PCG Vsx2 Lhx4 Glut_8,0913 LDT-PCG Vsx2 Lhx4 Glut_8,221 LDT-PCG Vsx2 Lhx4 Glut,23 P Glut,Glut,9,5.904568,6.7302947,0.8888888888888888
3048,4001 LDT-PCG Vsx2 Lhx4 Glut_5,0910 LDT-PCG Vsx2 Lhx4 Glut_5,221 LDT-PCG Vsx2 Lhx4 Glut,23 P Glut,Glut,81,4.1293287,5.691258,0.6419753086419753
3049,4002 LDT-PCG Vsx2 Lhx4 Glut_5,0910 LDT-PCG Vsx2 Lhx4 Glut_5,221 LDT-PCG Vsx2 Lhx4 Glut,23 P Glut,Glut,64,5.0147004,5.911196,0.8125
3050,4003 LDT-PCG Vsx2 Lhx4 Glut_5,0910 LDT-PCG Vsx2 Lhx4 Glut_5,221 LDT-PCG Vsx2 Lhx4 Glut,23 P Glut,Glut,63,5.0581903,5.9658856,0.8253968253968254
3051,4004 LDT-PCG Vsx2 Lhx4 Glut_5,0910 LDT-PCG Vsx2 Lhx4 Glut_5,221 LDT-PCG Vsx2 Lhx4 Glut,23 P Glut,Glut,69,4.7297354,6.206198,0.7391304347826086
3052,4014 LDT-PCG Vsx2 Lhx4 Glut_7,0912 LDT-PCG Vsx2 Lhx4 Glut_7,221 LDT-PCG Vsx2 Lhx4 Glut,23 P Glut,Glut,96,4.7635016,5.9241567,0.78125
3053,4008 LDT-PCG Vsx2 Lhx4 Glut_6,0911 LDT-PCG Vsx2 Lhx4 Glut_6,221 LDT-PCG Vsx2 Lhx4 Glut,23 P Glut,Glut,58,4.459611,6.1299577,0.6724137931034483
3054,3984 LDT-PCG Vsx2 Lhx4 Glut_2,0907 LDT-PCG Vsx2 Lhx4 Glut_2,221 LDT-PCG Vsx2 Lhx4 Glut,23 P Glut,Glut,37,4.312216,5.43707,0.7297297297297297
3055,3979 LDT-PCG Vsx2 Lhx4 Glut_1,0906 LDT-PCG Vsx2 Lhx4 Glut_1,221 LDT-PCG Vsx2 Lhx4 Glut,23 P Glut,Glut,61,5.2560244,6.2142544,0.819672131147541
3056,3986 LDT-PCG Vsx2 Lhx4 Glut_2,0907 LDT-PCG Vsx2 Lhx4 Glut_2,221 LDT-PCG Vsx2 Lhx4 Glut,23 P Glut,Glut,235,4.2309885,5.5425687,0.676595744680851
3057,4110 PCG-PRNr Vsx2 Nkx6-1 Glut_3,0927 PCG-PRNr Vsx2 Nkx6-1 Glut_3,224 PCG-PRNr Vsx2 Nkx6-1 Glut,23 P Glut,Glut,93,5.2430644,6.220628,0.8279569892473119
3059,4111 PCG-PRNr Vsx2 Nkx6-1 Glut_3,0927 PCG-PRNr Vsx2 Nkx6-1 Glut_3,224 PCG-PRNr Vsx2 Nkx6-1 Glut,23 P Glut,Glut,111,4.1832376,5.356258,0.6756756756756757
3060,4112 PCG-PRNr Vsx2 Nkx6-1 Glut_3,0927 PCG-PRNr Vsx2 Nkx6-1 Glut_3,224 PCG-PRNr Vsx2 Nkx6-1 Glut,23 P Glut,Glut,83,4.835639,5.9368525,0.7590361445783133
3061,4116 PCG-PRNr Vsx2 Nkx6-1 Glut_4,0928 PCG-PRNr Vsx2 Nkx6-1 Glut_4,224 PCG-PRNr Vsx2 Nkx6-1 Glut,23 P Glut,Glut,172,4.8744097,5.937962,0.7848837209302325
3063,4181 IPN-LDT Vsx2 Nkx6-1 Glut_2,0947 IPN-LDT Vsx2 Nkx6-1 Glut_2,231 IPN-LDT Vsx2 Nkx6-1 Glut,23 P Glut,Glut,6,3.6510365,4.779706,0.6666666666666666
3064,4179 IPN-LDT Vsx2 Nkx6-1 Glut_1,0946 IPN-LDT Vsx2 Nkx6-1 Glut_1,231 IPN-LDT Vsx2 Nkx6-1 Glut,23 P Glut,Glut,1,5.724889,5.724889,1.0
3065,4180 IPN-LDT Vsx2 Nkx6-1 Glut_1,0946 IPN-LDT Vsx2 Nkx6-1 Glut_1,231 IPN-LDT Vsx2 Nkx6-1 Glut,23 P Glut,Glut,1,0.0,0.0,0.0
3066,4182 IPN-LDT Vsx2 Nkx6-1 Glut_2,0947 IPN-LDT Vsx2 Nkx6-1 Glut_2,231 IPN-LDT Vsx2 Nkx6-1 Glut,23 P Glut,Glut,1,0.0,0.0,0.0
3068,4183 IPN-LDT Vsx2 Nkx6-1 Glut_2,0947 IPN-LDT Vsx2 Nkx6-1 Glut_2,231 IPN-LDT Vsx2 Nkx6-1 Glut,23 P Glut,Glut,1,6.7572436,6.7572436,1.0
3069,4184 IPN-LDT Vsx2 Nkx6-1 Glut_2,0947 IPN-LDT Vsx2 Nkx6-1 Glut_2,231 IPN-LDT Vsx2 Nkx6-1 Glut,23 P Glut,Glut,1,5.9100876,5.9100876,1.0
3070,4103 PCG-PRNr Vsx2 Nkx6-1 Glut_2,0926 PCG-PRNr Vsx2 Nkx6-1 Glut_2,224 PCG-PRNr Vsx2 Nkx6-1 Glut,23 P Glut,Glut,246,4.651938,5.671031,0.7682926829268293
3071,4104 PCG-PRNr Vsx2 Nkx6-1 Glut_2,0926 PCG-PRNr Vsx2 Nkx6-1 Glut_2,224 PCG-PRNr Vsx2 Nkx6-1 Glut,23 P Glut,Glut,43,5.129649,5.6684003,0.8372093023255814
3072,4105 PCG-PRNr Vsx2 Nkx6-1 Glut_2,0926 PCG-PRNr Vsx2 Nkx6-1 Glut_2,224 PCG-PRNr Vsx2 Nkx6-1 Glut,23 P Glut,Glut,21,5.5217443,6.1177278,0.8571428571428571
3073,4113 PCG-PRNr Vsx2 Nkx6-1 Glut_3,0927 PCG-PRNr Vsx2 Nkx6-1 Glut_3,224 PCG-PRNr Vsx2 Nkx6-1 Glut,23 P Glut,Glut,65,4.322237,5.7209287,0.6615384615384615
3075,4177 IPN-LDT Vsx2 Nkx6-1 Glut_1,0946 IPN-LDT Vsx2 Nkx6-1 Glut_1,231 IPN-LDT Vsx2 Nkx6-1 Glut,23 P Glut,Glut,1,5.1260357,5.1260357,1.0
3077,4114 PCG-PRNr Vsx2 Nkx6-1 Glut_3,0927 PCG-PRNr Vsx2 Nkx6-1 Glut_3,224 PCG-PRNr Vsx2 Nkx6-1 Glut,23 P Glut,Glut,40,4.3320875,5.5844345,0.725
3078,4106 PCG-PRNr Vsx2 Nkx6-1 Glut_2,0926 PCG-PRNr Vsx2 Nkx6-1 Glut_2,224 PCG-PRNr Vsx2 Nkx6-1 Glut,23 P Glut,Glut,55,5.499289,6.028856,0.8909090909090909
3081,4102 PCG-PRNr Vsx2 Nkx6-1 Glut_2,0926 PCG-PRNr Vsx2 Nkx6-1 Glut_2,224 PCG-PRNr Vsx2 Nkx6-1 Glut,23 P Glut,Glut,124,4.3075733,5.4357653,0.7258064516129032
3082,4115 PCG-PRNr Vsx2 Nkx6-1 Glut_3,0927 PCG-PRNr Vsx2 Nkx6-1 Glut_3,224 PCG-PRNr Vsx2 Nkx6-1 Glut,23 P Glut,Glut,76,3.54804,4.9115367,0.6052631578947368
3083,4107 PCG-PRNr Vsx2 Nkx6-1 Glut_2,0926 PCG-PRNr Vsx2 Nkx6-1 Glut_2,224 PCG-PRNr Vsx2 Nkx6-1 Glut,23 P Glut,Glut,92,4.757153,5.73775,0.7934782608695652
3084,4145 PB-PSV Phox2b Glut_1,0938 PB-PSV Phox2b Glut_1,227 PB-PSV Phox2b Glut,23 P Glut,Glut,30,3.7277343,5.099793,0.6
3090,4190 LDT Vsx2 Nkx6-1 Nfib Glut_1,0948 LDT Vsx2 Nkx6-1 Nfib Glut_1,232 LDT Vsx2 Nkx6-1 Nfib Glut,23 P Glut,Glut,1,0.0,0.0,0.0
3092,4187 LDT Vsx2 Nkx6-1 Nfib Glut_1,0948 LDT Vsx2 Nkx6-1 Nfib Glut_1,232 LDT Vsx2 Nkx6-1 Nfib Glut,23 P Glut,Glut,2,3.4427104,3.4427104,0.5
3093,4191 LDT Vsx2 Nkx6-1 Nfib Glut_1,0948 LDT Vsx2 Nkx6-1 Nfib Glut_1,232 LDT Vsx2 Nkx6-1 Nfib Glut,23 P Glut,Glut,1,4.64235,4.64235,1.0
3094,4134 PRNc-NI-SG-RPO Vsx2 Nr4a2 Glut_4,0934 PRNc-NI-SG-RPO Vsx2 Nr4a2 Glut_4,225 PRNc-NI-SG-RPO Vsx2 Nr4a2 Glut,23 P Glut,Glut,12,3.1015642,2.725118,0.5
3095,4132 PRNc-NI-SG-RPO Vsx2 Nr4a2 Glut_3,0933 PRNc-NI-SG-RPO Vsx2 Nr4a2 Glut_3,225 PRNc-NI-SG-RPO Vsx2 Nr4a2 Glut,23 P Glut,Glut,73,4.931716,5.770428,0.8082191780821918
3096,4133 PRNc-NI-SG-RPO Vsx2 Nr4a2 Glut_3,0933 PRNc-NI-SG-RPO Vsx2 Nr4a2 Glut_3,225 PRNc-NI-SG-RPO Vsx2 Nr4a2 Glut,23 P Glut,Glut,173,4.579349,5.5397387,0.7398843930635838
3097,4130 PRNc-NI-SG-RPO Vsx2 Nr4a2 Glut_2,0932 PRNc-NI-SG-RPO Vsx2 Nr4a2 Glut_2,225 PRNc-NI-SG-RPO Vsx2 Nr4a2 Glut,23 P Glut,Glut,40,3.5481064,5.2216406,0.575
3098,4123 PRNc-NI-SG-RPO Vsx2 Nr4a2 Glut_1,0931 PRNc-NI-SG-RPO Vsx2 Nr4a2 Glut_1,225 PRNc-NI-SG-RPO Vsx2 Nr4a2 Glut,23 P Glut,Glut,37,5.3166428,6.330081,0.8108108108108109
3099,4124 PRNc-NI-SG-RPO Vsx2 Nr4a2 Glut_1,0931 PRNc-NI-SG-RPO Vsx2 Nr4a2 Glut_1,225 PRNc-NI-SG-RPO Vsx2 Nr4a2 Glut,23 P Glut,Glut,146,4.7100806,6.0630927,0.7191780821917808
3100,4100 PCG-PRNr Vsx2 Nkx6-1 Glut_1,0925 PCG-PRNr Vsx2 Nkx6-1 Glut_1,224 PCG-PRNr Vsx2 Nkx6-1 Glut,23 P Glut,Glut,71,4.6442285,5.7742276,0.7746478873239436
3101,4101 PCG-PRNr Vsx2 Nkx6-1 Glut_1,0925 PCG-PRNr Vsx2 Nkx6-1 Glut_1,224 PCG-PRNr Vsx2 Nkx6-1 Glut,23 P Glut,Glut,77,4.7465034,5.6371293,0.8051948051948052
3102,4125 PRNc-NI-SG-RPO Vsx2 Nr4a2 Glut_1,0931 PRNc-NI-SG-RPO Vsx2 Nr4a2 Glut_1,225 PRNc-NI-SG-RPO Vsx2 Nr4a2 Glut,23 P Glut,Glut,115,4.8990364,6.2390575,0.7565217391304347
3103,4127 PRNc-NI-SG-RPO Vsx2 Nr4a2 Glut_2,0932 PRNc-NI-SG-RPO Vsx2 Nr4a2 Glut_2,225 PRNc-NI-SG-RPO Vsx2 Nr4a2 Glut,23 P Glut,Glut,51,3.9297488,5.0748158,0.6470588235294118
3104,4128 PRNc-NI-SG-RPO Vsx2 Nr4a2 Glut_2,0932 PRNc-NI-SG-RPO Vsx2 Nr4a2 Glut_2,225 PRNc-NI-SG-RPO Vsx2 Nr4a2 Glut,23 P Glut,Glut,26,5.008424,6.3137035,0.7692307692307693
3105,4129 PRNc-NI-SG-RPO Vsx2 Nr4a2 Glut_2,0932 PRNc-NI-SG-RPO Vsx2 Nr4a2 Glut_2,225 PRNc-NI-SG-RPO Vsx2 Nr4a2 Glut,23 P Glut,Glut,104,4.8158307,5.8216963,0.7788461538461539
3107,4135 PRNc-NI-SG-RPO Vsx2 Nr4a2 Glut_4,0934 PRNc-NI-SG-RPO Vsx2 Nr4a2 Glut_4,225 PRNc-NI-SG-RPO Vsx2 Nr4a2 Glut,23 P Glut,Glut,42,4.147086,5.4800453,0.6666666666666666
3108,4117 PCG-PRNr Vsx2 Nkx6-1 Glut_5,0929 PCG-PRNr Vsx2 Nkx6-1 Glut_5,224 PCG-PRNr Vsx2 Nkx6-1 Glut,23 P Glut,Glut,9,5.7969537,6.1952024,1.0
3109,4118 PCG-PRNr Vsx2 Nkx6-1 Glut_5,0929 PCG-PRNr Vsx2 Nkx6-1 Glut_5,224 PCG-PRNr Vsx2 Nkx6-1 Glut,23 P Glut,Glut,20,5.060362,5.8802767,0.8
3110,4126 PRNc-NI-SG-RPO Vsx2 Nr4a2 Glut_2,0932 PRNc-NI-SG-RPO Vsx2 Nr4a2 Glut_2,225 PRNc-NI-SG-RPO Vsx2 Nr4a2 Glut,23 P Glut,Glut,33,4.2301598,5.8661966,0.6666666666666666
3111,4131 PRNc-NI-SG-RPO Vsx2 Nr4a2 Glut_2,0932 PRNc-NI-SG-RPO Vsx2 Nr4a2 Glut_2,225 PRNc-NI-SG-RPO Vsx2 Nr4a2 Glut,23 P Glut,Glut,138,3.9191635,5.530344,0.6304347826086957
3112,4119 PCG-PRNr Vsx2 Nkx6-1 Glut_5,0929 PCG-PRNr Vsx2 Nkx6-1 Glut_5,224 PCG-PRNr Vsx2 Nkx6-1 Glut,23 P Glut,Glut,5,6.030015,6.3097205,1.0
3113,4120 PCG-PRNr Vsx2 Nkx6-1 Glut_5,0929 PCG-PRNr Vsx2 Nkx6-1 Glut_5,224 PCG-PRNr Vsx2 Nkx6-1 Glut,23 P Glut,Glut,22,5.1588583,5.8701963,0.8636363636363636
3116,4948 MV-SPIV-PRP Dmbx1 Gly-Gaba_3,1101 MV-SPIV-PRP Dmbx1 Gly-Gaba_3,287 MV-SPIV-PRP Dmbx1 Gly-Gaba,27 MY GABA,GABA-Glyc,28,3.8700347,5.611519,0.6071428571428571
3119,3529 PAG-MRN-RN Foxa2 Gaba_4,0817 PAG-MRN-RN Foxa2 Gaba_4,199 PAG-MRN-RN Foxa2 Gaba,20 MB GABA,GABA,1,0.0,0.0,0.0
3122,3550 PAG-ND-PCG Onecut1 Gaba_3,0820 PAG-ND-PCG Onecut1 Gaba_3,200 PAG-ND-PCG Onecut1 Gaba,20 MB GABA,GABA,113,4.7955976,5.957963,0.7699115044247787
3123,3547 PAG-ND-PCG Onecut1 Gaba_2,0819 PAG-ND-PCG Onecut1 Gaba_2,200 PAG-ND-PCG Onecut1 Gaba,20 MB GABA,GABA,97,5.4309554,6.1125793,0.8556701030927835
3124,3551 PAG-ND-PCG Onecut1 Gaba_3,0820 PAG-ND-PCG Onecut1 Gaba_3,200 PAG-ND-PCG Onecut1 Gaba,20 MB GABA,GABA,65,5.4124613,5.909193,0.8615384615384616
3125,3543 PAG-ND-PCG Onecut1 Gaba_2,0819 PAG-ND-PCG Onecut1 Gaba_2,200 PAG-ND-PCG Onecut1 Gaba,20 MB GABA,GABA,26,4.8083467,5.660588,0.8461538461538461
3126,3548 PAG-ND-PCG Onecut1 Gaba_2,0819 PAG-ND-PCG Onecut1 Gaba_2,200 PAG-ND-PCG Onecut1 Gaba,20 MB GABA,GABA,48,5.036808,5.645189,0.8541666666666666
3127,3549 PAG-ND-PCG Onecut1 Gaba_2,0819 PAG-ND-PCG Onecut1 Gaba_2,200 PAG-ND-PCG Onecut1 Gaba,20 MB GABA,GABA,113,5.108504,6.199786,0.7876106194690266
3128,3538 PAG-ND-PCG Onecut1 Gaba_1,0818 PAG-ND-PCG Onecut1 Gaba_1,200 PAG-ND-PCG Onecut1 Gaba,20 MB GABA,GABA,4,4.3959236,5.2692432,0.75
3132,3552 PAG-ND-PCG Onecut1 Gaba_3,0820 PAG-ND-PCG Onecut1 Gaba_3,200 PAG-ND-PCG Onecut1 Gaba,20 MB GABA,GABA,186,5.301414,5.9640684,0.8655913978494624
3133,3539 PAG-ND-PCG Onecut1 Gaba_1,0818 PAG-ND-PCG Onecut1 Gaba_1,200 PAG-ND-PCG Onecut1 Gaba,20 MB GABA,GABA,5,5.94636,5.628869,1.0
3134,4746 LDT-PCG-CS Gata3 Lhx1 Gaba_5,1060 LDT-PCG-CS Gata3 Lhx1 Gaba_5,272 LDT-PCG-CS Gata3 Lhx1 Gaba,26 P GABA,GABA,37,5.276671,6.339907,0.8378378378378378
3135,3544 PAG-ND-PCG Onecut1 Gaba_2,0819 PAG-ND-PCG Onecut1 Gaba_2,200 PAG-ND-PCG Onecut1 Gaba,20 MB GABA,GABA,37,4.803109,5.7307034,0.7837837837837838
3136,3545 PAG-ND-PCG Onecut1 Gaba_2,0819 PAG-ND-PCG Onecut1 Gaba_2,200 PAG-ND-PCG Onecut1 Gaba,20 MB GABA,GABA,50,4.885781,5.3013554,0.82
3137,3461 SNr Six3 Gaba_1,0806 SNr Six3 Gaba_1,197 SNr Six3 Gaba,20 MB GABA,GABA,1,5.651969,5.651969,1.0
3142,3524 PAG-MRN-RN Foxa2 Gaba_3,0816 PAG-MRN-RN Foxa2 Gaba_3,199 PAG-MRN-RN Foxa2 Gaba,20 MB GABA,GABA,1,5.7885056,5.7885056,1.0
3144,3758 SCs Pax7 Nfia Gaba_4,0862 SCs Pax7 Nfia Gaba_4,209 SCs Pax7 Nfia Gaba,20 MB GABA,GABA,1,5.958571,5.958571,1.0
3145,3553 PAG-ND-PCG Onecut1 Gaba_4,0821 PAG-ND-PCG Onecut1 Gaba_4,200 PAG-ND-PCG Onecut1 Gaba,20 MB GABA,GABA,4,4.541992,5.2537413,0.75
3146,4730 NI-RPO Gata3 Nr4a2 Gaba_4,1055 NI-RPO Gata3 Nr4a2 Gaba_4,271 NI-RPO Gata3 Nr4a2 Gaba,26 P GABA,GABA,27,4.7054176,5.6269975,0.8148148148148148
3147,3554 PAG-ND-PCG Onecut1 Gaba_5,0822 PAG-ND-PCG Onecut1 Gaba_5,200 PAG-ND-PCG Onecut1 Gaba,20 MB GABA,GABA-Glyc,17,4.3036814,5.247877,0.7058823529411765
3150,3474 IC Six3 En2 Gaba_1,0807 IC Six3 En2 Gaba_1,198 IC Six3 En2 Gaba,20 MB GABA,GABA,1,5.7789154,5.7789154,1.0
3154,3534 PAG-ND-PCG Onecut1 Gaba_1,0818 PAG-ND-PCG Onecut1 Gaba_1,200 PAG-ND-PCG Onecut1 Gaba,20 MB GABA,GABA,1,6.7087035,6.7087035,1.0
3157,3540 PAG-ND-PCG Onecut1 Gaba_1,0818 PAG-ND-PCG Onecut1 Gaba_1,200 PAG-ND-PCG Onecut1 Gaba,20 MB GABA,GABA,1,5.882592,5.882592,1.0
3158,3546 PAG-ND-PCG Onecut1 Gaba_2,0819 PAG-ND-PCG Onecut1 Gaba_2,200 PAG-ND-PCG Onecut1 Gaba,20 MB GABA,GABA,24,4.654391,5.4626703,0.7916666666666666
3164,4732 NI-RPO Gata3 Nr4a2 Gaba_4,1055 NI-RPO Gata3 Nr4a2 Gaba_4,271 NI-RPO Gata3 Nr4a2 Gaba,26 P GABA,Glut-GABA,53,4.614152,5.688477,0.7924528301886793
3166,3556 PAG-ND-PCG Onecut1 Gaba_5,0822 PAG-ND-PCG Onecut1 Gaba_5,200 PAG-ND-PCG Onecut1 Gaba,20 MB GABA,GABA-Glyc,9,5.5671296,6.136292,1.0
3167,3555 PAG-ND-PCG Onecut1 Gaba_5,0822 PAG-ND-PCG Onecut1 Gaba_5,200 PAG-ND-PCG Onecut1 Gaba,20 MB GABA,GABA-Glyc,29,5.3479185,5.951013,0.8620689655172413
3168,3557 PAG-ND-PCG Onecut1 Gaba_5,0822 PAG-ND-PCG Onecut1 Gaba_5,200 PAG-ND-PCG Onecut1 Gaba,20 MB GABA,GABA-Glyc,27,4.2899265,5.1311316,0.7777777777777778
3171,3601 PRT Tcf7l2 Gaba_1,0829 PRT Tcf7l2 Gaba_1,202 PRT Tcf7l2 Gaba,20 MB GABA,GABA,25,4.5360203,5.376372,0.76
3172,3602 PRT Tcf7l2 Gaba_1,0829 PRT Tcf7l2 Gaba_1,202 PRT Tcf7l2 Gaba,20 MB GABA,GABA,2,2.9283385,2.9283385,0.5
3174,3720 SCm-PAG Cdh23 Gaba_4,0851 SCm-PAG Cdh23 Gaba_4,206 SCm-PAG Cdh23 Gaba,20 MB GABA,GABA,4,4.640689,5.6796756,0.75
3178,3519 PAG-MRN-RN Foxa2 Gaba_2,0815 PAG-MRN-RN Foxa2 Gaba_2,199 PAG-MRN-RN Foxa2 Gaba,20 MB GABA,GABA,4,5.1960444,5.44754,1.0
3179,3520 PAG-MRN-RN Foxa2 Gaba_2,0815 PAG-MRN-RN Foxa2 Gaba_2,199 PAG-MRN-RN Foxa2 Gaba,20 MB GABA,GABA,2,5.2123957,5.2123957,1.0
3180,3603 PRT Tcf7l2 Gaba_1,0829 PRT Tcf7l2 Gaba_1,202 PRT Tcf7l2 Gaba,20 MB GABA,GABA,3,4.7696557,4.5926566,1.0
3188,4699 CS-PRNr-DR En1 Sox2 Gaba_2,1048 CS-PRNr-DR En1 Sox2 Gaba_2,268 CS-PRNr-DR En1 Sox2 Gaba,26 P GABA,GABA,10,5.54653,5.8201857,0.9
3190,4700 CS-PRNr-DR En1 Sox2 Gaba_2,1048 CS-PRNr-DR En1 Sox2 Gaba_2,268 CS-PRNr-DR En1 Sox2 Gaba,26 P GABA,GABA,21,5.1431665,6.0183735,0.8095238095238095
3192,4745 LDT-PCG-CS Gata3 Lhx1 Gaba_4,1059 LDT-PCG-CS Gata3 Lhx1 Gaba_4,272 LDT-PCG-CS Gata3 Lhx1 Gaba,26 P GABA,Glut-GABA,45,4.130132,5.1797013,0.6888888888888889
3193,4737 LDT-PCG-CS Gata3 Lhx1 Gaba_1,1056 LDT-PCG-CS Gata3 Lhx1 Gaba_1,272 LDT-PCG-CS Gata3 Lhx1 Gaba,26 P GABA,GABA,22,3.9626265,5.3433914,0.6818181818181818
3194,4738 LDT-PCG-CS Gata3 Lhx1 Gaba_1,1056 LDT-PCG-CS Gata3 Lhx1 Gaba_1,272 LDT-PCG-CS Gata3 Lhx1 Gaba,26 P GABA,Glut-GABA,19,5.246483,6.237378,0.8421052631578947
3195,4739 LDT-PCG-CS Gata3 Lhx1 Gaba_2,1057 LDT-PCG-CS Gata3 Lhx1 Gaba_2,272 LDT-PCG-CS Gata3 Lhx1 Gaba,26 P GABA,GABA,66,4.7151246,5.8266497,0.7727272727272727
3196,4740 LDT-PCG-CS Gata3 Lhx1 Gaba_2,1057 LDT-PCG-CS Gata3 Lhx1 Gaba_2,272 LDT-PCG-CS Gata3 Lhx1 Gaba,26 P GABA,GABA,75,5.2494555,6.1567054,0.84
3197,4735 LDT-PCG-CS Gata3 Lhx1 Gaba_1,1056 LDT-PCG-CS Gata3 Lhx1 Gaba_1,272 LDT-PCG-CS Gata3 Lhx1 Gaba,26 P GABA,GABA,30,3.63737,5.2964272,0.6
3198,4736 LDT-PCG-CS Gata3 Lhx1 Gaba_1,1056 LDT-PCG-CS Gata3 Lhx1 Gaba_1,272 LDT-PCG-CS Gata3 Lhx1 Gaba,26 P GABA,GABA,46,5.930428,6.2045884,0.9565217391304348
3199,4743 LDT-PCG-CS Gata3 Lhx1 Gaba_3,1058 LDT-PCG-CS Gata3 Lhx1 Gaba_3,272 LDT-PCG-CS Gata3 Lhx1 Gaba,26 P GABA,GABA,10,4.629313,5.4573536,0.8
3200,4744 LDT-PCG-CS Gata3 Lhx1 Gaba_3,1058 LDT-PCG-CS Gata3 Lhx1 Gaba_3,272 LDT-PCG-CS Gata3 Lhx1 Gaba,26 P GABA,Glut-GABA,151,5.027322,5.8539615,0.8410596026490066
3201,4754 PDTg-PCG Pax6 Gaba_3,1063 PDTg-PCG Pax6 Gaba_3,273 PDTg-PCG Pax6 Gaba,26 P GABA,GABA,181,4.1279783,5.6013656,0.6574585635359116
3202,4747 LDT-PCG-CS Gata3 Lhx1 Gaba_5,1060 LDT-PCG-CS Gata3 Lhx1 Gaba_5,272 LDT-PCG-CS Gata3 Lhx1 Gaba,26 P GABA,GABA,48,5.0098653,5.9643555,0.8333333333333334
3203,4717 NI-RPO Gata3 Nr4a2 Gaba_1,1052 NI-RPO Gata3 Nr4a2 Gaba_1,271 NI-RPO Gata3 Nr4a2 Gaba,26 P GABA,Glut-GABA,55,4.571639,5.7762837,0.7272727272727273
3204,4723 NI-RPO Gata3 Nr4a2 Gaba_2,1053 NI-RPO Gata3 Nr4a2 Gaba_2,271 NI-RPO Gata3 Nr4a2 Gaba,26 P GABA,GABA,42,5.129459,5.6873226,0.9047619047619048
3205,4741 LDT-PCG-CS Gata3 Lhx1 Gaba_2,1057 LDT-PCG-CS Gata3 Lhx1 Gaba_2,272 LDT-PCG-CS Gata3 Lhx1 Gaba,26 P GABA,GABA,38,4.2411523,5.607786,0.6578947368421053
3206,4729 NI-RPO Gata3 Nr4a2 Gaba_3,1054 NI-RPO Gata3 Nr4a2 Gaba_3,271 NI-RPO Gata3 Nr4a2 Gaba,26 P GABA,GABA,60,4.8492475,5.831462,0.7666666666666667
3207,4756 PDTg-PCG Pax6 Gaba_4,1064 PDTg-PCG Pax6 Gaba_4,273 PDTg-PCG Pax6 Gaba,26 P GABA,Glut-GABA,338,3.600976,5.4154778,0.5562130177514792
3208,4718 NI-RPO Gata3 Nr4a2 Gaba_1,1052 NI-RPO Gata3 Nr4a2 Gaba_1,271 NI-RPO Gata3 Nr4a2 Gaba,26 P GABA,GABA,64,4.908104,5.9434032,0.78125
3209,4719 NI-RPO Gata3 Nr4a2 Gaba_1,1052 NI-RPO Gata3 Nr4a2 Gaba_1,271 NI-RPO Gata3 Nr4a2 Gaba,26 P GABA,GABA,49,4.6199684,5.819001,0.7346938775510204
3210,4733 NI-RPO Gata3 Nr4a2 Gaba_4,1055 NI-RPO Gata3 Nr4a2 Gaba_4,271 NI-RPO Gata3 Nr4a2 Gaba,26 P GABA,Glut,95,5.040487,5.7062373,0.8526315789473684
3211,4722 NI-RPO Gata3 Nr4a2 Gaba_2,1053 NI-RPO Gata3 Nr4a2 Gaba_2,271 NI-RPO Gata3 Nr4a2 Gaba,26 P GABA,Glut-GABA,31,5.1494403,6.210246,0.7741935483870968
3212,4724 NI-RPO Gata3 Nr4a2 Gaba_2,1053 NI-RPO Gata3 Nr4a2 Gaba_2,271 NI-RPO Gata3 Nr4a2 Gaba,26 P GABA,Glut-GABA,22,5.4550123,6.182493,0.8636363636363636
3213,4748 LDT-PCG-CS Gata3 Lhx1 Gaba_5,1060 LDT-PCG-CS Gata3 Lhx1 Gaba_5,272 LDT-PCG-CS Gata3 Lhx1 Gaba,26 P GABA,GABA,17,5.352634,6.381849,0.8235294117647058
3214,4725 NI-RPO Gata3 Nr4a2 Gaba_2,1053 NI-RPO Gata3 Nr4a2 Gaba_2,271 NI-RPO Gata3 Nr4a2 Gaba,26 P GABA,Glut-GABA,30,6.0181856,6.463771,0.9333333333333333
3215,4726 NI-RPO Gata3 Nr4a2 Gaba_2,1053 NI-RPO Gata3 Nr4a2 Gaba_2,271 NI-RPO Gata3 Nr4a2 Gaba,26 P GABA,GABA,57,5.0845566,5.6078978,0.8596491228070176
3216,4727 NI-RPO Gata3 Nr4a2 Gaba_2,1053 NI-RPO Gata3 Nr4a2 Gaba_2,271 NI-RPO Gata3 Nr4a2 Gaba,26 P GABA,Glut,50,4.922976,5.9030576,0.78
3217,4728 NI-RPO Gata3 Nr4a2 Gaba_2,1053 NI-RPO Gata3 Nr4a2 Gaba_2,271 NI-RPO Gata3 Nr4a2 Gaba,26 P GABA,Glut-GABA,39,4.8441772,5.80699,0.7948717948717948
3218,4757 PDTg-PCG Pax6 Gaba_4,1064 PDTg-PCG Pax6 Gaba_4,273 PDTg-PCG Pax6 Gaba,26 P GABA,Glut-GABA,141,3.846745,5.462455,0.624113475177305
3219,4749 PDTg-PCG Pax6 Gaba_1,1061 PDTg-PCG Pax6 Gaba_1,273 PDTg-PCG Pax6 Gaba,26 P GABA,GABA,442,4.9412355,5.82561,0.8099547511312217
3220,4708 LDT-DTN Gata3 Nfix Gaba_1,1050 LDT-DTN Gata3 Nfix Gaba_1,270 LDT-DTN Gata3 Nfix Gaba,26 P GABA,GABA,24,5.0713058,5.519849,0.9166666666666666
3221,4709 LDT-DTN Gata3 Nfix Gaba_1,1050 LDT-DTN Gata3 Nfix Gaba_1,270 LDT-DTN Gata3 Nfix Gaba,26 P GABA,GABA,34,5.0695977,5.4064107,0.8823529411764706
3222,4712 LDT-DTN Gata3 Nfix Gaba_2,1051 LDT-DTN Gata3 Nfix Gaba_2,270 LDT-DTN Gata3 Nfix Gaba,26 P GABA,GABA,37,5.334504,6.0326786,0.8648648648648649
3223,4710 LDT-DTN Gata3 Nfix Gaba_1,1050 LDT-DTN Gata3 Nfix Gaba_1,270 LDT-DTN Gata3 Nfix Gaba,26 P GABA,GABA,72,5.085776,5.711926,0.875
3224,4713 LDT-DTN Gata3 Nfix Gaba_2,1051 LDT-DTN Gata3 Nfix Gaba_2,270 LDT-DTN Gata3 Nfix Gaba,26 P GABA,GABA,245,4.9184394,5.8900146,0.8163265306122449
3225,4711 LDT-DTN Gata3 Nfix Gaba_1,1050 LDT-DTN Gata3 Nfix Gaba_1,270 LDT-DTN Gata3 Nfix Gaba,26 P GABA,GABA,111,4.7129226,5.719172,0.7837837837837838
3226,4742 LDT-PCG-CS Gata3 Lhx1 Gaba_2,1057 LDT-PCG-CS Gata3 Lhx1 Gaba_2,272 LDT-PCG-CS Gata3 Lhx1 Gaba,26 P GABA,GABA,129,5.1251464,5.769821,0.8682170542635659
3227,4750 PDTg-PCG Pax6 Gaba_1,1061 PDTg-PCG Pax6 Gaba_1,273 PDTg-PCG Pax6 Gaba,26 P GABA,GABA,140,4.392145,5.79529,0.6857142857142857
3228,4734 LDT-PCG-CS Gata3 Lhx1 Gaba_1,1056 LDT-PCG-CS Gata3 Lhx1 Gaba_1,272 LDT-PCG-CS Gata3 Lhx1 Gaba,26 P GABA,GABA,22,4.8741183,5.6169605,0.8181818181818182
3229,4714 LDT-DTN Gata3 Nfix Gaba_2,1051 LDT-DTN Gata3 Nfix Gaba_2,270 LDT-DTN Gata3 Nfix Gaba,26 P GABA,GABA,51,5.0362196,5.8198657,0.8235294117647058
3230,4715 LDT-DTN Gata3 Nfix Gaba_2,1051 LDT-DTN Gata3 Nfix Gaba_2,270 LDT-DTN Gata3 Nfix Gaba,26 P GABA,GABA,65,5.014447,5.9630947,0.8
3231,4716 LDT-DTN Gata3 Nfix Gaba_2,1051 LDT-DTN Gata3 Nfix Gaba_2,270 LDT-DTN Gata3 Nfix Gaba,26 P GABA,GABA,19,5.537634,6.148823,0.8421052631578947
3232,4751 PDTg-PCG Pax6 Gaba_1,1061 PDTg-PCG Pax6 Gaba_1,273 PDTg-PCG Pax6 Gaba,26 P GABA,GABA,433,5.09957,5.949653,0.8314087759815243
3233,4720 NI-RPO Gata3 Nr4a2 Gaba_1,1052 NI-RPO Gata3 Nr4a2 Gaba_1,271 NI-RPO Gata3 Nr4a2 Gaba,26 P GABA,Glut-GABA,39,4.747673,5.8812766,0.7435897435897436
3234,4752 PDTg-PCG Pax6 Gaba_1,1061 PDTg-PCG Pax6 Gaba_1,273 PDTg-PCG Pax6 Gaba,26 P GABA,GABA,199,5.2418237,5.965275,0.8492462311557789
3235,4753 PDTg-PCG Pax6 Gaba_2,1062 PDTg-PCG Pax6 Gaba_2,273 PDTg-PCG Pax6 Gaba,26 P GABA,Glut-GABA,99,4.7635536,5.804149,0.7777777777777778
3238,3506 IC Six3 En2 Gaba_7,0813 IC Six3 En2 Gaba_7,198 IC Six3 En2 Gaba,20 MB GABA,GABA,2,3.9089987,3.9089987,0.5
3240,4721 NI-RPO Gata3 Nr4a2 Gaba_1,1052 NI-RPO Gata3 Nr4a2 Gaba_1,271 NI-RPO Gata3 Nr4a2 Gaba,26 P GABA,Glut-GABA,102,4.4710755,6.057231,0.696078431372549
3242,5002 RPA Pax6 Hoxb5 Gly-Gaba_1,1116 RPA Pax6 Hoxb5 Gly-Gaba_1,296 RPA Pax6 Hoxb5 Gly-Gaba,27 MY GABA,GABA-Glyc,1,4.964026,4.964026,1.0
3243,5003 RPA Pax6 Hoxb5 Gly-Gaba_1,1116 RPA Pax6 Hoxb5 Gly-Gaba_1,296 RPA Pax6 Hoxb5 Gly-Gaba,27 MY GABA,GABA-Glyc,1,7.0350165,7.0350165,1.0
3245,5004 RPA Pax6 Hoxb5 Gly-Gaba_1,1116 RPA Pax6 Hoxb5 Gly-Gaba_1,296 RPA Pax6 Hoxb5 Gly-Gaba,27 MY GABA,GABA-Glyc,3,5.851059,5.5796785,1.0
3255,3584 PAG-RN Nkx2-2 Otx1 Gaba_3,0825 PAG-RN Nkx2-2 Otx1 Gaba_3,201 PAG-RN Nkx2-2 Otx1 Gaba,20 MB GABA,GABA-Glyc,1,5.0427833,5.0427833,1.0
3264,3756 SCs Pax7 Nfia Gaba_3,0861 SCs Pax7 Nfia Gaba_3,209 SCs Pax7 Nfia Gaba,20 MB GABA,GABA,1,7.176086,7.176086,1.0
3297,3647 LGv-SPFp-SPFm Nkx2-2 Tcf7l2 Gaba_3,0836 LGv-SPFp-SPFm Nkx2-2 Tcf7l2 Gaba_3,203 LGv-SPFp-SPFm Nkx2-2 Tcf7l2 Gaba,20 MB GABA,GABA,1,0.0,0.0,0.0
3301,3501 IC Six3 En2 Gaba_6,0812 IC Six3 En2 Gaba_6,198 IC Six3 En2 Gaba,20 MB GABA,GABA,7,4.589881,5.2787833,0.8571428571428571
3302,3488 IC Six3 En2 Gaba_4,0810 IC Six3 En2 Gaba_4,198 IC Six3 En2 Gaba,20 MB GABA,GABA,1,5.258992,5.258992,1.0
3303,3502 IC Six3 En2 Gaba_6,0812 IC Six3 En2 Gaba_6,198 IC Six3 En2 Gaba,20 MB GABA,GABA,9,5.500604,6.1572394,0.8888888888888888
3304,3482 IC Six3 En2 Gaba_3,0809 IC Six3 En2 Gaba_3,198 IC Six3 En2 Gaba,20 MB GABA,GABA,5,5.8486915,5.994733,1.0
3305,3495 IC Six3 En2 Gaba_5,0811 IC Six3 En2 Gaba_5,198 IC Six3 En2 Gaba,20 MB GABA,GABA,5,3.3589451,4.9315734,0.6
3307,3465 IC Six3 En2 Gaba_1,0807 IC Six3 En2 Gaba_1,198 IC Six3 En2 Gaba,20 MB GABA,GABA,5,3.2502372,5.211212,0.6
3310,3490 IC Six3 En2 Gaba_4,0810 IC Six3 En2 Gaba_4,198 IC Six3 En2 Gaba,20 MB GABA,GABA,2,3.5916874,3.5916874,0.5
3311,3491 IC Six3 En2 Gaba_4,0810 IC Six3 En2 Gaba_4,198 IC Six3 En2 Gaba,20 MB GABA,GABA,14,3.5536587,4.964662,0.6428571428571429
3312,3478 IC Six3 En2 Gaba_2,0808 IC Six3 En2 Gaba_2,198 IC Six3 En2 Gaba,20 MB GABA,GABA,7,5.1927214,5.8787313,0.8571428571428571
3314,3462 SNr Six3 Gaba_1,0806 SNr Six3 Gaba_1,197 SNr Six3 Gaba,20 MB GABA,GABA,2,5.7325644,5.7325644,1.0
3318,3503 IC Six3 En2 Gaba_6,0812 IC Six3 En2 Gaba_6,198 IC Six3 En2 Gaba,20 MB GABA,GABA,1,4.8719096,4.8719096,1.0
3320,3505 IC Six3 En2 Gaba_6,0812 IC Six3 En2 Gaba_6,198 IC Six3 En2 Gaba,20 MB GABA,GABA,3,1.5525705,0.0,0.3333333333333333
3321,3479 IC Six3 En2 Gaba_2,0808 IC Six3 En2 Gaba_2,198 IC Six3 En2 Gaba,20 MB GABA,GABA,10,5.1929193,6.4829493,0.8
3322,3492 IC Six3 En2 Gaba_4,0810 IC Six3 En2 Gaba_4,198 IC Six3 En2 Gaba,20 MB GABA,GABA,1,5.513977,5.513977,1.0
3323,3484 IC Six3 En2 Gaba_3,0809 IC Six3 En2 Gaba_3,198 IC Six3 En2 Gaba,20 MB GABA,GABA,1,5.344413,5.344413,1.0
3325,3499 IC Six3 En2 Gaba_5,0811 IC Six3 En2 Gaba_5,198 IC Six3 En2 Gaba,20 MB GABA,GABA,1,5.4436574,5.4436574,1.0
3328,3493 IC Six3 En2 Gaba_4,0810 IC Six3 En2 Gaba_4,198 IC Six3 En2 Gaba,20 MB GABA,GABA,1,7.348558,7.348558,1.0
3330,3470 IC Six3 En2 Gaba_1,0807 IC Six3 En2 Gaba_1,198 IC Six3 En2 Gaba,20 MB GABA,GABA,2,3.3383796,3.3383796,0.5
3331,3471 IC Six3 En2 Gaba_1,0807 IC Six3 En2 Gaba_1,198 IC Six3 En2 Gaba,20 MB GABA,GABA,1,7.186308,7.186308,1.0
3335,3472 IC Six3 En2 Gaba_1,0807 IC Six3 En2 Gaba_1,198 IC Six3 En2 Gaba,20 MB GABA,GABA,1,6.8612995,6.8612995,1.0
3338,3494 IC Six3 En2 Gaba_4,0810 IC Six3 En2 Gaba_4,198 IC Six3 En2 Gaba,20 MB GABA,GABA,7,3.0335615,4.3755794,0.5714285714285714
3340,3477 IC Six3 En2 Gaba_2,0808 IC Six3 En2 Gaba_2,198 IC Six3 En2 Gaba,20 MB GABA,GABA,1,0.0,0.0,0.0
3344,3595 PAG-RN Nkx2-2 Otx1 Gaba_6,0828 PAG-RN Nkx2-2 Otx1 Gaba_6,201 PAG-RN Nkx2-2 Otx1 Gaba,20 MB GABA,GABA,1,6.928165,6.928165,1.0
3349,3512 PAG-MRN-RN Foxa2 Gaba_1,0814 PAG-MRN-RN Foxa2 Gaba_1,199 PAG-MRN-RN Foxa2 Gaba,20 MB GABA,GABA,1,0.0,0.0,0.0
3350,3425 MRN-VTN-PPN Pax5 Cdh23 Gaba_2,0799 MRN-VTN-PPN Pax5 Cdh23 Gaba_2,194 MRN-VTN-PPN Pax5 Cdh23 Gaba,20 MB GABA,GABA,12,4.234556,4.807759,0.75
3351,4687 CS-PRNr-DR En1 Sox2 Gaba_1,1047 CS-PRNr-DR En1 Sox2 Gaba_1,268 CS-PRNr-DR En1 Sox2 Gaba,26 P GABA,GABA,14,4.3061247,5.5549707,0.7142857142857143
3352,4688 CS-PRNr-DR En1 Sox2 Gaba_1,1047 CS-PRNr-DR En1 Sox2 Gaba_1,268 CS-PRNr-DR En1 Sox2 Gaba,26 P GABA,GABA,9,5.17632,5.2858453,0.8888888888888888
3354,3427 MRN-VTN-PPN Pax5 Cdh23 Gaba_2,0799 MRN-VTN-PPN Pax5 Cdh23 Gaba_2,194 MRN-VTN-PPN Pax5 Cdh23 Gaba,20 MB GABA,GABA,9,3.6540365,4.6626244,0.6666666666666666
3356,4689 CS-PRNr-DR En1 Sox2 Gaba_1,1047 CS-PRNr-DR En1 Sox2 Gaba_1,268 CS-PRNr-DR En1 Sox2 Gaba,26 P GABA,GABA,4,4.1883373,4.851101,0.75
3357,4690 CS-PRNr-DR En1 Sox2 Gaba_1,1047 CS-PRNr-DR En1 Sox2 Gaba_1,268 CS-PRNr-DR En1 Sox2 Gaba,26 P GABA,GABA,25,3.9001575,5.375003,0.68
3358,3428 MRN-VTN-PPN Pax5 Cdh23 Gaba_2,0799 MRN-VTN-PPN Pax5 Cdh23 Gaba_2,194 MRN-VTN-PPN Pax5 Cdh23 Gaba,20 MB GABA,GABA,5,3.323562,4.2699738,0.6
3360,3421 MRN-VTN-PPN Pax5 Cdh23 Gaba_1,0798 MRN-VTN-PPN Pax5 Cdh23 Gaba_1,194 MRN-VTN-PPN Pax5 Cdh23 Gaba,20 MB GABA,GABA,9,5.3152986,5.256218,1.0
3362,3422 MRN-VTN-PPN Pax5 Cdh23 Gaba_1,0798 MRN-VTN-PPN Pax5 Cdh23 Gaba_1,194 MRN-VTN-PPN Pax5 Cdh23 Gaba,20 MB GABA,GABA,15,5.5915046,5.8312354,0.9333333333333333
3363,3431 MRN-VTN-PPN Pax5 Cdh23 Gaba_2,0799 MRN-VTN-PPN Pax5 Cdh23 Gaba_2,194 MRN-VTN-PPN Pax5 Cdh23 Gaba,20 MB GABA,GABA,1,6.9299173,6.9299173,1.0
3364,4701 CS-PRNr-DR En1 Sox2 Gaba_2,1048 CS-PRNr-DR En1 Sox2 Gaba_2,268 CS-PRNr-DR En1 Sox2 Gaba,26 P GABA,GABA,34,4.7898693,5.57493,0.7941176470588235
3365,3432 MRN-VTN-PPN Pax5 Cdh23 Gaba_2,0799 MRN-VTN-PPN Pax5 Cdh23 Gaba_2,194 MRN-VTN-PPN Pax5 Cdh23 Gaba,20 MB GABA,GABA,14,5.285504,5.8006487,0.9285714285714286
3366,4691 CS-PRNr-DR En1 Sox2 Gaba_1,1047 CS-PRNr-DR En1 Sox2 Gaba_1,268 CS-PRNr-DR En1 Sox2 Gaba,26 P GABA,GABA,91,4.7762065,5.4709263,0.8021978021978022
3367,4692 CS-PRNr-DR En1 Sox2 Gaba_1,1047 CS-PRNr-DR En1 Sox2 Gaba_1,268 CS-PRNr-DR En1 Sox2 Gaba,26 P GABA,GABA,70,4.447046,5.33562,0.7428571428571429
3368,4731 NI-RPO Gata3 Nr4a2 Gaba_4,1055 NI-RPO Gata3 Nr4a2 Gaba_4,271 NI-RPO Gata3 Nr4a2 Gaba,26 P GABA,GABA,46,4.737094,5.789752,0.7608695652173914
3369,4693 CS-PRNr-DR En1 Sox2 Gaba_1,1047 CS-PRNr-DR En1 Sox2 Gaba_1,268 CS-PRNr-DR En1 Sox2 Gaba,26 P GABA,GABA,32,3.8914187,5.27644,0.625
3371,3429 MRN-VTN-PPN Pax5 Cdh23 Gaba_2,0799 MRN-VTN-PPN Pax5 Cdh23 Gaba_2,194 MRN-VTN-PPN Pax5 Cdh23 Gaba,20 MB GABA,GABA,1,5.9746737,5.9746737,1.0
3373,3458 PAG-PPN Pax5 Sox21 Gaba_4,0805 PAG-PPN Pax5 Sox21 Gaba_4,196 PAG-PPN Pax5 Sox21 Gaba,20 MB GABA,GABA,4,5.4672647,4.899439,1.0
3374,3438 SNr-VTA Pax5 Npas1 Gaba_1,0800 SNr-VTA Pax5 Npas1 Gaba_1,195 SNr-VTA Pax5 Npas1 Gaba,20 MB GABA,GABA,1,0.0,0.0,0.0
3376,3434 SNr-VTA Pax5 Npas1 Gaba_1,0800 SNr-VTA Pax5 Npas1 Gaba_1,195 SNr-VTA Pax5 Npas1 Gaba,20 MB GABA,GABA,1,7.1339984,7.1339984,1.0
3377,3439 SNr-VTA Pax5 Npas1 Gaba_1,0800 SNr-VTA Pax5 Npas1 Gaba_1,195 SNr-VTA Pax5 Npas1 Gaba,20 MB GABA,GABA,1,6.2292414,6.2292414,1.0
3380,3437 SNr-VTA Pax5 Npas1 Gaba_1,0800 SNr-VTA Pax5 Npas1 Gaba_1,195 SNr-VTA Pax5 Npas1 Gaba,20 MB GABA,GABA,1,0.0,0.0,0.0
3385,3388 PAG-MRN Rln3 Gaba_1,0791 PAG-MRN Rln3 Gaba_1,191 PAG-MRN Rln3 Gaba,20 MB GABA,GABA,1,0.0,0.0,0.0
3390,3582 PAG-RN Nkx2-2 Otx1 Gaba_3,0825 PAG-RN Nkx2-2 Otx1 Gaba_3,201 PAG-RN Nkx2-2 Otx1 Gaba,20 MB GABA,GABA,4,5.7815056,7.268834,0.75
3393,3558 PAG-RN Nkx2-2 Otx1 Gaba_1,0823 PAG-RN Nkx2-2 Otx1 Gaba_1,201 PAG-RN Nkx2-2 Otx1 Gaba,20 MB GABA,GABA,1,7.822371,7.822371,1.0
3396,3583 PAG-RN Nkx2-2 Otx1 Gaba_3,0825 PAG-RN Nkx2-2 Otx1 Gaba_3,201 PAG-RN Nkx2-2 Otx1 Gaba,20 MB GABA,GABA-Glyc,1,0.0,0.0,0.0
3400,3572 PAG-RN Nkx2-2 Otx1 Gaba_3,0825 PAG-RN Nkx2-2 Otx1 Gaba_3,201 PAG-RN Nkx2-2 Otx1 Gaba,20 MB GABA,GABA-Glyc,2,6.1448298,6.1448298,1.0
3410,2751 PRC-PAG Pax6 Glut_5,0680 PRC-PAG Pax6 Glut_5,155 PRC-PAG Pax6 Glut,19 MB Glut,Glut,1,0.0,0.0,0.0
3421,3614 PRT Tcf7l2 Gaba_3,0831 PRT Tcf7l2 Gaba_3,202 PRT Tcf7l2 Gaba,20 MB GABA,GABA,2,0.0,0.0,0.0
3427,3606 PRT Tcf7l2 Gaba_1,0829 PRT Tcf7l2 Gaba_1,202 PRT Tcf7l2 Gaba,20 MB GABA,GABA,13,5.216581,6.3256726,0.7692307692307693
3442,3443 PAG-PPN Pax5 Sox21 Gaba_1,0802 PAG-PPN Pax5 Sox21 Gaba_1,196 PAG-PPN Pax5 Sox21 Gaba,20 MB GABA,GABA,5,3.1716688,4.7394643,0.6
3450,3447 PAG-PPN Pax5 Sox21 Gaba_2,0803 PAG-PPN Pax5 Sox21 Gaba_2,196 PAG-PPN Pax5 Sox21 Gaba,20 MB GABA,GABA,1,5.6293607,5.6293607,1.0
3451,4705 LDT Fgf7 Gaba_1,1049 LDT Fgf7 Gaba_1,269 LDT Fgf7 Gaba,26 P GABA,GABA,8,5.1480155,5.5063963,0.875
3454,4706 LDT Fgf7 Gaba_1,1049 LDT Fgf7 Gaba_1,269 LDT Fgf7 Gaba,26 P GABA,GABA,57,5.0930614,6.025553,0.8245614035087719
3455,4707 LDT Fgf7 Gaba_1,1049 LDT Fgf7 Gaba_1,269 LDT Fgf7 Gaba,26 P GABA,GABA,74,4.3882737,5.7100406,0.7297297297297297
3456,3449 PAG-PPN Pax5 Sox21 Gaba_2,0803 PAG-PPN Pax5 Sox21 Gaba_2,196 PAG-PPN Pax5 Sox21 Gaba,20 MB GABA,GABA,2,3.3776958,3.3776958,0.5
3457,3450 PAG-PPN Pax5 Sox21 Gaba_2,0803 PAG-PPN Pax5 Sox21 Gaba_2,196 PAG-PPN Pax5 Sox21 Gaba,20 MB GABA,GABA,3,5.7137237,5.628915,1.0
3458,3451 PAG-PPN Pax5 Sox21 Gaba_2,0803 PAG-PPN Pax5 Sox21 Gaba_2,196 PAG-PPN Pax5 Sox21 Gaba,20 MB GABA,GABA,1,7.522691,7.522691,1.0
3459,4702 CS-PRNr-DR En1 Sox2 Gaba_2,1048 CS-PRNr-DR En1 Sox2 Gaba_2,268 CS-PRNr-DR En1 Sox2 Gaba,26 P GABA,GABA,12,2.5511763,0.0,0.4166666666666667
3460,4694 CS-PRNr-DR En1 Sox2 Gaba_2,1048 CS-PRNr-DR En1 Sox2 Gaba_2,268 CS-PRNr-DR En1 Sox2 Gaba,26 P GABA,GABA,11,3.7618072,4.564617,0.7272727272727273
3461,4703 CS-PRNr-DR En1 Sox2 Gaba_2,1048 CS-PRNr-DR En1 Sox2 Gaba_2,268 CS-PRNr-DR En1 Sox2 Gaba,26 P GABA,GABA,19,5.2906847,6.2047477,0.8421052631578947
3462,4695 CS-PRNr-DR En1 Sox2 Gaba_2,1048 CS-PRNr-DR En1 Sox2 Gaba_2,268 CS-PRNr-DR En1 Sox2 Gaba,26 P GABA,GABA,22,5.2144322,5.662518,0.8636363636363636
3463,4696 CS-PRNr-DR En1 Sox2 Gaba_2,1048 CS-PRNr-DR En1 Sox2 Gaba_2,268 CS-PRNr-DR En1 Sox2 Gaba,26 P GABA,GABA,34,5.1605525,5.951417,0.8235294117647058
3464,4697 CS-PRNr-DR En1 Sox2 Gaba_2,1048 CS-PRNr-DR En1 Sox2 Gaba_2,268 CS-PRNr-DR En1 Sox2 Gaba,26 P GABA,GABA,51,4.5210557,5.5642114,0.7647058823529411
3465,4698 CS-PRNr-DR En1 Sox2 Gaba_2,1048 CS-PRNr-DR En1 Sox2 Gaba_2,268 CS-PRNr-DR En1 Sox2 Gaba,26 P GABA,GABA,23,4.5539823,5.8734508,0.7391304347826086
3467,4704 CS-PRNr-DR En1 Sox2 Gaba_2,1048 CS-PRNr-DR En1 Sox2 Gaba_2,268 CS-PRNr-DR En1 Sox2 Gaba,26 P GABA,GABA,15,3.936254,5.164801,0.6666666666666666
3509,3696 SC-PAG Lef1 Emx2 Gaba_4,0846 SC-PAG Lef1 Emx2 Gaba_4,205 SC-PAG Lef1 Emx2 Gaba,20 MB GABA,GABA,3,6.552599,6.7428255,1.0
3520,3699 SC-PAG Lef1 Emx2 Gaba_5,0847 SC-PAG Lef1 Emx2 Gaba_5,205 SC-PAG Lef1 Emx2 Gaba,20 MB GABA,GABA,1,6.1482925,6.1482925,1.0
3547,3790 SCs Lef1 Gli3 Gaba_1,0869 SCs Lef1 Gli3 Gaba_1,212 SCs Lef1 Gli3 Gaba,20 MB GABA,GABA,1,7.183823,7.183823,1.0
3557,3736 SCs Dmbx1 Gaba_4,0855 SCs Dmbx1 Gaba_4,207 SCs Dmbx1 Gaba,20 MB GABA,GABA,1,6.1339765,6.1339765,1.0
3565,3728 SCs Dmbx1 Gaba_1,0852 SCs Dmbx1 Gaba_1,207 SCs Dmbx1 Gaba,20 MB GABA,GABA,1,6.18385,6.18385,1.0
3567,3742 SC Lef1 Otx2 Gaba_1,0857 SC Lef1 Otx2 Gaba_1,208 SC Lef1 Otx2 Gaba,20 MB GABA,GABA,1,7.433055,7.433055,1.0
3571,3729 SCs Dmbx1 Gaba_2,0853 SCs Dmbx1 Gaba_2,207 SCs Dmbx1 Gaba,20 MB GABA,GABA,1,0.0,0.0,0.0
3572,3724 SCs Dmbx1 Gaba_1,0852 SCs Dmbx1 Gaba_1,207 SCs Dmbx1 Gaba,20 MB GABA,GABA,1,5.626587,5.626587,1.0
3576,3672 SC Otx2 Gcnt4 Gaba_2,0842 SC Otx2 Gcnt4 Gaba_2,204 SC Otx2 Gcnt4 Gaba,20 MB GABA,GABA,1,0.0,0.0,0.0
3579,3735 SCs Dmbx1 Gaba_4,0855 SCs Dmbx1 Gaba_4,207 SCs Dmbx1 Gaba,20 MB GABA,GABA,1,5.8543644,5.8543644,1.0
3584,3797 SCsg Gabrr2 Gaba_1,0872 SCsg Gabrr2 Gaba_1,213 SCsg Gabrr2 Gaba,20 MB GABA,GABA,4,3.2005095,3.1414418,0.5
3586,3799 SCsg Gabrr2 Gaba_1,0872 SCsg Gabrr2 Gaba_1,213 SCsg Gabrr2 Gaba,20 MB GABA,GABA,2,2.6827567,2.6827567,0.5
3587,3800 SCsg Gabrr2 Gaba_1,0872 SCsg Gabrr2 Gaba_1,213 SCsg Gabrr2 Gaba,20 MB GABA,GABA,2,0.0,0.0,0.0
3592,3815 SCsg Gabrr2 Gaba_3,0874 SCsg Gabrr2 Gaba_3,213 SCsg Gabrr2 Gaba,20 MB GABA,GABA,1,7.405879,7.405879,1.0
3640,4334 PGRN-PARN-MDRN Hoxb5 Glut_2,0974 PGRN-PARN-MDRN Hoxb5 Glut_2,243 PGRN-PARN-MDRN Hoxb5 Glut,24 MY Glut,Glut,2,6.1513414,6.1513414,1.0
3698,4936 MV-SPIV-PRP Dmbx1 Gly-Gaba_1,1099 MV-SPIV-PRP Dmbx1 Gly-Gaba_1,287 MV-SPIV-PRP Dmbx1 Gly-Gaba,27 MY GABA,GABA,1,5.8039937,5.8039937,1.0
3699,4225 NTS Phox2b Glut_1,0959 NTS Phox2b Glut_1,238 NTS Phox2b Glut,24 MY Glut,Glut,1,6.165891,6.165891,1.0
3702,4613 CS-RPO Meis2 Gaba_2,1032 CS-RPO Meis2 Gaba_2,263 CS-RPO Meis2 Gaba,26 P GABA,GABA,26,5.142604,5.9908504,0.8076923076923077
3703,4215 PRP-NI-PRNc-GRN Otp Glut_3,0957 PRP-NI-PRNc-GRN Otp Glut_3,237 PRP-NI-PRNc-GRN Otp Glut,24 MY Glut,Glut,41,5.519754,6.2363453,0.8780487804878049
3704,4607 CS-RPO Meis2 Gaba_1,1031 CS-RPO Meis2 Gaba_1,263 CS-RPO Meis2 Gaba,26 P GABA,GABA,68,5.237998,6.08276,0.8382352941176471
3705,4647 PRNc Otp Gly-Gaba_3,1038 PRNc Otp Gly-Gaba_3,264 PRNc Otp Gly-Gaba,26 P GABA,GABA,88,4.92725,5.746666,0.8181818181818182
3707,4641 PRNc Otp Gly-Gaba_2,1037 PRNc Otp Gly-Gaba_2,264 PRNc Otp Gly-Gaba,26 P GABA,GABA-Glyc,33,4.069156,5.434488,0.696969696969697
3708,4631 CS-RPO Meis2 Gaba_5,1035 CS-RPO Meis2 Gaba_5,263 CS-RPO Meis2 Gaba,26 P GABA,GABA-Glyc,23,5.2993097,5.839585,0.8695652173913043
3709,4608 CS-RPO Meis2 Gaba_1,1031 CS-RPO Meis2 Gaba_1,263 CS-RPO Meis2 Gaba,26 P GABA,GABA,84,5.0269303,5.794979,0.8452380952380952
3710,4614 CS-RPO Meis2 Gaba_2,1032 CS-RPO Meis2 Gaba_2,263 CS-RPO Meis2 Gaba,26 P GABA,GABA,36,4.8513966,5.6103544,0.8055555555555556
3711,4615 CS-RPO Meis2 Gaba_2,1032 CS-RPO Meis2 Gaba_2,263 CS-RPO Meis2 Gaba,26 P GABA,GABA,41,4.2951508,5.4997754,0.7073170731707317
3712,4642 PRNc Otp Gly-Gaba_2,1037 PRNc Otp Gly-Gaba_2,264 PRNc Otp Gly-Gaba,26 P GABA,GABA-Glyc,45,4.537878,5.5900908,0.7555555555555555
3713,4616 CS-RPO Meis2 Gaba_2,1032 CS-RPO Meis2 Gaba_2,263 CS-RPO Meis2 Gaba,26 P GABA,GABA,67,5.1009145,5.90381,0.835820895522388
3714,4609 CS-RPO Meis2 Gaba_1,1031 CS-RPO Meis2 Gaba_1,263 CS-RPO Meis2 Gaba,26 P GABA,GABA,77,4.054121,5.524847,0.6493506493506493
3715,4610 CS-RPO Meis2 Gaba_1,1031 CS-RPO Meis2 Gaba_1,263 CS-RPO Meis2 Gaba,26 P GABA,GABA,28,4.532828,5.6535883,0.75
3717,4643 PRNc Otp Gly-Gaba_2,1037 PRNc Otp Gly-Gaba_2,264 PRNc Otp Gly-Gaba,26 P GABA,GABA-Glyc,31,4.7031913,5.146414,0.8387096774193549
3721,4644 PRNc Otp Gly-Gaba_2,1037 PRNc Otp Gly-Gaba_2,264 PRNc Otp Gly-Gaba,26 P GABA,GABA-Glyc,80,5.167121,6.145569,0.8125
3722,4213 PRP-NI-PRNc-GRN Otp Glut_3,0957 PRP-NI-PRNc-GRN Otp Glut_3,237 PRP-NI-PRNc-GRN Otp Glut,24 MY Glut,Glut,22,4.8396735,5.457665,0.8181818181818182
3723,4216 PRP-NI-PRNc-GRN Otp Glut_3,0957 PRP-NI-PRNc-GRN Otp Glut_3,237 PRP-NI-PRNc-GRN Otp Glut,24 MY Glut,Glut,64,4.6711392,5.601619,0.75
3724,4217 PRP-NI-PRNc-GRN Otp Glut_3,0957 PRP-NI-PRNc-GRN Otp Glut_3,237 PRP-NI-PRNc-GRN Otp Glut,24 MY Glut,Glut,15,5.4549756,6.25117,0.8666666666666667
3725,4218 PRP-NI-PRNc-GRN Otp Glut_3,0957 PRP-NI-PRNc-GRN Otp Glut_3,237 PRP-NI-PRNc-GRN Otp Glut,24 MY Glut,Glut,44,5.1673183,6.152775,0.8181818181818182
3726,4220 PRP-NI-PRNc-GRN Otp Glut_3,0957 PRP-NI-PRNc-GRN Otp Glut_3,237 PRP-NI-PRNc-GRN Otp Glut,24 MY Glut,Glut,23,4.9083314,6.4249773,0.7391304347826086
3727,4632 CS-RPO Meis2 Gaba_5,1035 CS-RPO Meis2 Gaba_5,263 CS-RPO Meis2 Gaba,26 P GABA,GABA-Glyc,13,6.3382425,7.044598,0.9230769230769231
3728,4649 PRNc Otp Gly-Gaba_3,1038 PRNc Otp Gly-Gaba_3,264 PRNc Otp Gly-Gaba,26 P GABA,GABA-Glyc,49,5.492847,5.9724936,0.8979591836734694
3729,4650 PRNc Otp Gly-Gaba_3,1038 PRNc Otp Gly-Gaba_3,264 PRNc Otp Gly-Gaba,26 P GABA,GABA-Glyc,30,5.4600897,6.468748,0.8333333333333334
3730,4651 PRNc Otp Gly-Gaba_3,1038 PRNc Otp Gly-Gaba_3,264 PRNc Otp Gly-Gaba,26 P GABA,GABA-Glyc,39,4.91224,5.4217167,0.8461538461538461
3731,4652 PRNc Otp Gly-Gaba_3,1038 PRNc Otp Gly-Gaba_3,264 PRNc Otp Gly-Gaba,26 P GABA,GABA-Glyc,60,4.311639,5.670804,0.7166666666666667
3732,4653 PRNc Otp Gly-Gaba_3,1038 PRNc Otp Gly-Gaba_3,264 PRNc Otp Gly-Gaba,26 P GABA,GABA,24,4.5323863,5.2110834,0.7916666666666666
3733,4221 PRP-NI-PRNc-GRN Otp Glut_4,0958 PRP-NI-PRNc-GRN Otp Glut_4,237 PRP-NI-PRNc-GRN Otp Glut,24 MY Glut,Glut,176,4.874041,5.8511076,0.8068181818181818
3734,4831 PRP Otp Gly-Gaba_3,1085 PRP Otp Gly-Gaba_3,283 PRP Otp Gly-Gaba,27 MY GABA,GABA-Glyc,11,4.348808,5.670694,0.7272727272727273
3735,4648 PRNc Otp Gly-Gaba_3,1038 PRNc Otp Gly-Gaba_3,264 PRNc Otp Gly-Gaba,26 P GABA,GABA-Glyc,34,4.7155423,5.8313303,0.7647058823529411
3736,4946 MV-SPIV-PRP Dmbx1 Gly-Gaba_2,1100 MV-SPIV-PRP Dmbx1 Gly-Gaba_2,287 MV-SPIV-PRP Dmbx1 Gly-Gaba,27 MY GABA,GABA,4,5.7927117,5.7084246,1.0
3737,4947 MV-SPIV-PRP Dmbx1 Gly-Gaba_2,1100 MV-SPIV-PRP Dmbx1 Gly-Gaba_2,287 MV-SPIV-PRP Dmbx1 Gly-Gaba,27 MY GABA,GABA-Glyc,1,4.5246263,4.5246263,1.0
3738,4219 PRP-NI-PRNc-GRN Otp Glut_3,0957 PRP-NI-PRNc-GRN Otp Glut_3,237 PRP-NI-PRNc-GRN Otp Glut,24 MY Glut,Glut,73,5.7915287,6.5602,0.8767123287671232
3739,4341 PGRN-PARN-MDRN Hoxb5 Glut_2,0974 PGRN-PARN-MDRN Hoxb5 Glut_2,243 PGRN-PARN-MDRN Hoxb5 Glut,24 MY Glut,Glut,109,4.659386,5.65374,0.7706422018348624
3740,4812 POR Spp1 Gly-Gaba_1,1082 POR Spp1 Gly-Gaba_1,282 POR Spp1 Gly-Gaba,26 P GABA,GABA-Glyc,21,3.3824892,4.574613,0.6666666666666666
3744,4646 PRNc Otp Gly-Gaba_2,1037 PRNc Otp Gly-Gaba_2,264 PRNc Otp Gly-Gaba,26 P GABA,GABA-Glyc,26,6.349482,6.7018003,0.9615384615384616
3745,4633 PRNc Otp Gly-Gaba_1,1036 PRNc Otp Gly-Gaba_1,264 PRNc Otp Gly-Gaba,26 P GABA,GABA-Glyc,32,6.6451006,6.729541,1.0
3746,4645 PRNc Otp Gly-Gaba_2,1037 PRNc Otp Gly-Gaba_2,264 PRNc Otp Gly-Gaba,26 P GABA,GABA-Glyc,21,6.479437,6.6942043,1.0
3752,4634 PRNc Otp Gly-Gaba_1,1036 PRNc Otp Gly-Gaba_1,264 PRNc Otp Gly-Gaba,26 P GABA,GABA-Glyc,26,5.837277,6.4876165,0.8846153846153846
3755,4640 PRNc Otp Gly-Gaba_2,1037 PRNc Otp Gly-Gaba_2,264 PRNc Otp Gly-Gaba,26 P GABA,GABA-Glyc,18,6.38816,6.790428,0.9444444444444444
3756,4314 PGRN-PARN-MDRN Hoxb5 Glut_1,0973 PGRN-PARN-MDRN Hoxb5 Glut_1,243 PGRN-PARN-MDRN Hoxb5 Glut,24 MY Glut,Glut,1,5.770251,5.770251,1.0
3757,4654 PRNc Otp Gly-Gaba_3,1038 PRNc Otp Gly-Gaba_3,264 PRNc Otp Gly-Gaba,26 P GABA,GABA-Glyc,20,5.322628,6.0563145,0.85
3758,4611 CS-RPO Meis2 Gaba_1,1031 CS-RPO Meis2 Gaba_1,263 CS-RPO Meis2 Gaba,26 P GABA,GABA,42,4.445496,5.5266156,0.7619047619047619
3759,4612 CS-RPO Meis2 Gaba_1,1031 CS-RPO Meis2 Gaba_1,263 CS-RPO Meis2 Gaba,26 P GABA,GABA,2,4.7507696,4.7507696,1.0
3761,4311 PGRNd Dmbx1 Glut_1,0972 PGRNd Dmbx1 Glut_1,242 PGRNd Dmbx1 Glut,24 MY Glut,Chol,2,4.9756155,4.9756155,1.0
3763,4222 PRP-NI-PRNc-GRN Otp Glut_4,0958 PRP-NI-PRNc-GRN Otp Glut_4,237 PRP-NI-PRNc-GRN Otp Glut,24 MY Glut,Glut,49,4.9085855,5.648239,0.8163265306122449
3764,4223 PRP-NI-PRNc-GRN Otp Glut_4,0958 PRP-NI-PRNc-GRN Otp Glut_4,237 PRP-NI-PRNc-GRN Otp Glut,24 MY Glut,Glut,39,4.2725916,5.508857,0.6923076923076923
3765,4214 PRP-NI-PRNc-GRN Otp Glut_3,0957 PRP-NI-PRNc-GRN Otp Glut_3,237 PRP-NI-PRNc-GRN Otp Glut,24 MY Glut,Glut,32,6.2782235,6.7290673,0.9375
3767,4224 PRP-NI-PRNc-GRN Otp Glut_4,0958 PRP-NI-PRNc-GRN Otp Glut_4,237 PRP-NI-PRNc-GRN Otp Glut,24 MY Glut,Glut,74,4.5655165,5.7355843,0.7432432432432432
3769,4083 PB Evx2 Glut_9,0922 PB Evx2 Glut_9,222 PB Evx2 Glut,23 P Glut,Glut,41,3.9726298,5.0931134,0.6829268292682927
3772,2764 MRN-PAG Nkx6-1 Glut_1,0683 MRN-PAG Nkx6-1 Glut_1,158 MRN-PAG Nkx6-1 Glut,19 MB Glut,Glut,1,6.22068,6.22068,1.0
3777,4376 PGRN-PARN-MDRN Hoxb5 Glut_5,0977 PGRN-PARN-MDRN Hoxb5 Glut_5,243 PGRN-PARN-MDRN Hoxb5 Glut,24 MY Glut,Glut,5,4.703511,5.154739,0.8
3781,4548 NTS Dbh Glut_4,1007 NTS Dbh Glut_4,251 NTS Dbh Glut,24 MY Glut,Nora,14,5.0301323,5.041376,1.0
3782,4339 PGRN-PARN-MDRN Hoxb5 Glut_2,0974 PGRN-PARN-MDRN Hoxb5 Glut_2,243 PGRN-PARN-MDRN Hoxb5 Glut,24 MY Glut,Glut,7,5.8017263,6.0659184,1.0
3783,4312 PGRNd Dmbx1 Glut_1,0972 PGRNd Dmbx1 Glut_1,242 PGRNd Dmbx1 Glut,24 MY Glut,Glut,5,3.6025703,4.3736005,0.8
3784,4832 PRP Otp Gly-Gaba_4,1086 PRP Otp Gly-Gaba_4,283 PRP Otp Gly-Gaba,27 MY GABA,GABA-Glyc,15,5.5838637,6.233991,0.8666666666666667
3785,4833 PRP Otp Gly-Gaba_4,1086 PRP Otp Gly-Gaba_4,283 PRP Otp Gly-Gaba,27 MY GABA,GABA-Glyc,8,4.389262,4.825796,0.875
3786,4340 PGRN-PARN-MDRN Hoxb5 Glut_2,0974 PGRN-PARN-MDRN Hoxb5 Glut_2,243 PGRN-PARN-MDRN Hoxb5 Glut,24 MY Glut,Glut,2,2.8330638,2.8330638,0.5
3788,4834 PRP Otp Gly-Gaba_4,1086 PRP Otp Gly-Gaba_4,283 PRP Otp Gly-Gaba,27 MY GABA,GABA-Glyc,12,5.31625,5.4020033,1.0
3793,4146 PB-PSV Phox2b Glut_1,0938 PB-PSV Phox2b Glut_1,227 PB-PSV Phox2b Glut,23 P Glut,Glut,16,6.2351007,6.372301,0.9375
3794,3959 PSV Lmx1a Trpv6 Glut_1,0902 PSV Lmx1a Trpv6 Glut_1,218 PSV Lmx1a Trpv6 Glut,23 P Glut,Glut,9,4.8239765,5.30097,0.7777777777777778
3796,3960 PSV Lmx1a Trpv6 Glut_1,0902 PSV Lmx1a Trpv6 Glut_1,218 PSV Lmx1a Trpv6 Glut,23 P Glut,Glut,26,4.0696993,5.094548,0.6923076923076923
3797,3961 PSV Lmx1a Trpv6 Glut_1,0902 PSV Lmx1a Trpv6 Glut_1,218 PSV Lmx1a Trpv6 Glut,23 P Glut,Glut,42,4.667406,5.3810735,0.7857142857142857
3804,4308 MARN-GRN Pyy Glut_1,0969 MARN-GRN Pyy Glut_1,239 MARN-GRN Pyy Glut,24 MY Glut,Glut,3,6.6926455,6.625501,1.0
3807,4313 PGRNd Dmbx1 Glut_1,0972 PGRNd Dmbx1 Glut_1,242 PGRNd Dmbx1 Glut,24 MY Glut,Glut,4,5.677529,5.9682913,1.0
3808,4835 PRP Otp Gly-Gaba_4,1086 PRP Otp Gly-Gaba_4,283 PRP Otp Gly-Gaba,27 MY GABA,GABA-Glyc,20,4.770021,5.4584045,0.8
3812,4469 CU-ECU-SPVI Foxb1 Glut_2,0989 CU-ECU-SPVI Foxb1 Glut_2,246 CU-ECU-SPVI Foxb1 Glut,24 MY Glut,Glut,1,0.0,0.0,0.0
3816,4449 CU-ECU-SPVI Foxb1 Glut_1,0988 CU-ECU-SPVI Foxb1 Glut_1,246 CU-ECU-SPVI Foxb1 Glut,24 MY Glut,Glut,33,5.4788556,5.8354964,0.9393939393939394
3826,4467 CU-ECU-SPVI Foxb1 Glut_1,0988 CU-ECU-SPVI Foxb1 Glut_1,246 CU-ECU-SPVI Foxb1 Glut,24 MY Glut,Glut,1,7.158296,7.158296,1.0
3836,4823 PRP Otp Gly-Gaba_2,1084 PRP Otp Gly-Gaba_2,283 PRP Otp Gly-Gaba,27 MY GABA,GABA-Glyc,4,6.43569,6.395596,1.0
3837,4201 IRN Vip Glut_1,0954 IRN Vip Glut_1,236 IRN Vip Glut,24 MY Glut,Glut,2,6.52071,6.52071,1.0
3838,4202 IRN Vip Glut_1,0954 IRN Vip Glut_1,236 IRN Vip Glut,24 MY Glut,Glut,2,4.8112717,4.8112717,1.0
3839,4836 PRP Otp Gly-Gaba_4,1086 PRP Otp Gly-Gaba_4,283 PRP Otp Gly-Gaba,27 MY GABA,GABA-Glyc,17,4.8364654,5.646572,0.8235294117647058
3840,4837 PRP Otp Gly-Gaba_4,1086 PRP Otp Gly-Gaba_4,283 PRP Otp Gly-Gaba,27 MY GABA,GABA-Glyc,22,4.711574,5.52446,0.8636363636363636
3841,4825 PRP Otp Gly-Gaba_3,1085 PRP Otp Gly-Gaba_3,283 PRP Otp Gly-Gaba,27 MY GABA,GABA-Glyc,2,7.217679,7.217679,1.0
3842,4826 PRP Otp Gly-Gaba_3,1085 PRP Otp Gly-Gaba_3,283 PRP Otp Gly-Gaba,27 MY GABA,GABA-Glyc,1,6.974956,6.974956,1.0
3843,4824 PRP Otp Gly-Gaba_2,1084 PRP Otp Gly-Gaba_2,283 PRP Otp Gly-Gaba,27 MY GABA,GABA-Glyc,1,6.203092,6.203092,1.0
3844,4827 PRP Otp Gly-Gaba_3,1085 PRP Otp Gly-Gaba_3,283 PRP Otp Gly-Gaba,27 MY GABA,GABA-Glyc,18,7.3162866,7.4163733,1.0
3845,4828 PRP Otp Gly-Gaba_3,1085 PRP Otp Gly-Gaba_3,283 PRP Otp Gly-Gaba,27 MY GABA,GABA-Glyc,6,6.567301,6.36482,1.0
3847,4203 IRN Vip Glut_1,0954 IRN Vip Glut_1,236 IRN Vip Glut,24 MY Glut,Glut,2,7.2803545,7.2803545,1.0
3849,4830 PRP Otp Gly-Gaba_3,1085 PRP Otp Gly-Gaba_3,283 PRP Otp Gly-Gaba,27 MY GABA,GABA-Glyc,8,6.4555287,6.427204,1.0
3850,4617 CS-RPO Meis2 Gaba_2,1032 CS-RPO Meis2 Gaba_2,263 CS-RPO Meis2 Gaba,26 P GABA,GABA,82,4.4752088,5.7406397,0.7195121951219512
3851,4623 CS-RPO Meis2 Gaba_4,1034 CS-RPO Meis2 Gaba_4,263 CS-RPO Meis2 Gaba,26 P GABA,GABA,93,5.19772,5.9851394,0.8172043010752689
3852,4624 CS-RPO Meis2 Gaba_4,1034 CS-RPO Meis2 Gaba_4,263 CS-RPO Meis2 Gaba,26 P GABA,GABA,4,6.248636,5.984851,1.0
3853,4625 CS-RPO Meis2 Gaba_4,1034 CS-RPO Meis2 Gaba_4,263 CS-RPO Meis2 Gaba,26 P GABA,GABA,141,4.1345057,5.4350834,0.6595744680851063
3854,4622 CS-RPO Meis2 Gaba_4,1034 CS-RPO Meis2 Gaba_4,263 CS-RPO Meis2 Gaba,26 P GABA,GABA,38,4.214907,5.6468296,0.6842105263157895
3857,4628 CS-RPO Meis2 Gaba_5,1035 CS-RPO Meis2 Gaba_5,263 CS-RPO Meis2 Gaba,26 P GABA,GABA,43,5.5222783,6.4428096,0.813953488372093
3858,4629 CS-RPO Meis2 Gaba_5,1035 CS-RPO Meis2 Gaba_5,263 CS-RPO Meis2 Gaba,26 P GABA,GABA,90,4.569231,6.0276747,0.7111111111111111
3860,4626 CS-RPO Meis2 Gaba_4,1034 CS-RPO Meis2 Gaba_4,263 CS-RPO Meis2 Gaba,26 P GABA,GABA,23,4.7040153,6.2114425,0.6956521739130435
3861,4627 CS-RPO Meis2 Gaba_4,1034 CS-RPO Meis2 Gaba_4,263 CS-RPO Meis2 Gaba,26 P GABA,GABA,49,4.7922397,5.8775835,0.7551020408163265
3862,4630 CS-RPO Meis2 Gaba_5,1035 CS-RPO Meis2 Gaba_5,263 CS-RPO Meis2 Gaba,26 P GABA,GABA,32,4.9327574,6.025039,0.75
3863,4208 PRP-NI-PRNc-GRN Otp Glut_2,0956 PRP-NI-PRNc-GRN Otp Glut_2,237 PRP-NI-PRNc-GRN Otp Glut,24 MY Glut,Glut,64,5.0390134,5.968393,0.8125
3864,4209 PRP-NI-PRNc-GRN Otp Glut_2,0956 PRP-NI-PRNc-GRN Otp Glut_2,237 PRP-NI-PRNc-GRN Otp Glut,24 MY Glut,Glut,150,5.0138264,5.8453484,0.8266666666666667
3865,4210 PRP-NI-PRNc-GRN Otp Glut_2,0956 PRP-NI-PRNc-GRN Otp Glut_2,237 PRP-NI-PRNc-GRN Otp Glut,24 MY Glut,Glut,15,4.9827666,6.0050206,0.8
3867,4211 PRP-NI-PRNc-GRN Otp Glut_2,0956 PRP-NI-PRNc-GRN Otp Glut_2,237 PRP-NI-PRNc-GRN Otp Glut,24 MY Glut,Glut,60,5.2263,6.184105,0.8166666666666667
3868,4212 PRP-NI-PRNc-GRN Otp Glut_2,0956 PRP-NI-PRNc-GRN Otp Glut_2,237 PRP-NI-PRNc-GRN Otp Glut,24 MY Glut,Glut,8,4.9901757,5.268459,0.875
3872,4300 NTS Phox2b Glut_9,0967 NTS Phox2b Glut_9,238 NTS Phox2b Glut,24 MY Glut,Glut,5,5.0908194,6.1817427,0.8
3873,4301 NTS Phox2b Glut_9,0967 NTS Phox2b Glut_9,238 NTS Phox2b Glut,24 MY Glut,Glut,11,4.677852,4.9338408,0.8181818181818182
3875,4143 PRNc-PARN Tlx1 Glut_3,0937 PRNc-PARN Tlx1 Glut_3,226 PRNc-PARN Tlx1 Glut,23 P Glut,Glut,14,5.398814,6.2252345,0.8571428571428571
3877,4302 NTS Phox2b Glut_10,0968 NTS Phox2b Glut_10,238 NTS Phox2b Glut,24 MY Glut,Glut,2,5.5043297,5.5043297,1.0
3878,4140 PRNc-PARN Tlx1 Glut_2,0936 PRNc-PARN Tlx1 Glut_2,226 PRNc-PARN Tlx1 Glut,23 P Glut,Glut,12,5.865766,6.1372247,0.9166666666666666
3879,4554 DMX VII Tbx20 Chol_1,1010 DMX VII Tbx20 Chol_1,252 DMX VII Tbx20 Chol,24 MY Glut,Chol,2,6.552053,6.552053,1.0
3880,3908 MB-MY Tph2 Glut-Sero_5,0892 MB-MY Tph2 Glut-Sero_5,216 MB-MY Tph2 Glut-Sero,22 MB-HB Sero,Glut,53,3.1712258,4.710954,0.5660377358490566
3881,3909 MB-MY Tph2 Glut-Sero_5,0892 MB-MY Tph2 Glut-Sero_5,216 MB-MY Tph2 Glut-Sero,22 MB-HB Sero,Sero,18,3.0731986,4.4184885,0.5555555555555556
3882,4296 NTS Phox2b Glut_9,0967 NTS Phox2b Glut_9,238 NTS Phox2b Glut,24 MY Glut,Glut,4,5.8849483,6.199488,1.0
3892,4555 DMX VII Tbx20 Chol_1,1010 DMX VII Tbx20 Chol_1,252 DMX VII Tbx20 Chol,24 MY Glut,Chol,2,5.90053,5.90053,1.0
3895,4553 DMX VII Tbx20 Chol_1,1010 DMX VII Tbx20 Chol_1,252 DMX VII Tbx20 Chol,24 MY Glut,Chol,2,6.358733,6.358733,1.0
3907,4303 NTS Phox2b Glut_10,0968 NTS Phox2b Glut_10,238 NTS Phox2b Glut,24 MY Glut,Glut,1,6.4641614,6.4641614,1.0
3909,4304 NTS Phox2b Glut_10,0968 NTS Phox2b Glut_10,238 NTS Phox2b Glut,24 MY Glut,Glut,1,0.0,0.0,0.0
3910,4305 NTS Phox2b Glut_10,0968 NTS Phox2b Glut_10,238 NTS Phox2b Glut,24 MY Glut,Glut,3,6.6658745,6.662885,1.0
3911,4307 NTS Phox2b Glut_10,0968 NTS Phox2b Glut_10,238 NTS Phox2b Glut,24 MY Glut,Glut,20,3.8658237,4.6066394,0.7
3912,4287 NTS Phox2b Glut_7,0965 NTS Phox2b Glut_7,238 NTS Phox2b Glut,24 MY Glut,Glut,3,5.8180695,6.6939893,1.0
3913,4288 NTS Phox2b Glut_7,0965 NTS Phox2b Glut_7,238 NTS Phox2b Glut,24 MY Glut,Glut,2,6.187145,6.187145,1.0
3916,4297 NTS Phox2b Glut_9,0967 NTS Phox2b Glut_9,238 NTS Phox2b Glut,24 MY Glut,Glut,4,3.2808666,2.8929598,0.5
3917,4298 NTS Phox2b Glut_9,0967 NTS Phox2b Glut_9,238 NTS Phox2b Glut,24 MY Glut,Glut,1,6.48855,6.48855,1.0
3930,4299 NTS Phox2b Glut_9,0967 NTS Phox2b Glut_9,238 NTS Phox2b Glut,24 MY Glut,Glut,2,3.030276,3.030276,0.5
3933,4141 PRNc-PARN Tlx1 Glut_2,0936 PRNc-PARN Tlx1 Glut_2,226 PRNc-PARN Tlx1 Glut,23 P Glut,Glut,46,4.702435,5.71964,0.7608695652173914
3974,5014 PRP Gata3 Slc6a5 Gly-Gaba_1,1118 PRP Gata3 Slc6a5 Gly-Gaba_1,298 PRP Gata3 Slc6a5 Gly-Gaba,27 MY GABA,GABA-Glyc,15,7.177259,7.204768,1.0
3975,5012 PRP Gata3 Slc6a5 Gly-Gaba_1,1118 PRP Gata3 Slc6a5 Gly-Gaba_1,298 PRP Gata3 Slc6a5 Gly-Gaba,27 MY GABA,GABA-Glyc,1,5.719879,5.719879,1.0
3976,5010 PRP Gata3 Slc6a5 Gly-Gaba_1,1118 PRP Gata3 Slc6a5 Gly-Gaba_1,298 PRP Gata3 Slc6a5 Gly-Gaba,27 MY GABA,GABA-Glyc,2,7.7189116,7.7189116,1.0
3978,5015 PRP Gata3 Slc6a5 Gly-Gaba_1,1118 PRP Gata3 Slc6a5 Gly-Gaba_1,298 PRP Gata3 Slc6a5 Gly-Gaba,27 MY GABA,GABA-Glyc,1,6.916656,6.916656,1.0
3979,5013 PRP Gata3 Slc6a5 Gly-Gaba_1,1118 PRP Gata3 Slc6a5 Gly-Gaba_1,298 PRP Gata3 Slc6a5 Gly-Gaba,27 MY GABA,GABA-Glyc,1,7.828141,7.828141,1.0
3980,4959 MY Prox1 Lmo7 Gly-Gaba_1,1104 MY Prox1 Lmo7 Gly-Gaba_1,290 MY Prox1 Lmo7 Gly-Gaba,27 MY GABA,GABA-Glyc,32,6.0693755,6.094067,1.0
3981,4664 PB Sst Gly-Gaba_1,1041 PB Sst Gly-Gaba_1,265 PB Sst Gly-Gaba,26 P GABA,GABA-Glyc,68,5.1716866,5.9363155,0.8235294117647058
3982,4665 PB Sst Gly-Gaba_1,1041 PB Sst Gly-Gaba_1,265 PB Sst Gly-Gaba,26 P GABA,GABA-Glyc,24,4.2686763,4.93451,0.7083333333333334
3983,4839 PRP Otp Gly-Gaba_5,1087 PRP Otp Gly-Gaba_5,283 PRP Otp Gly-Gaba,27 MY GABA,GABA-Glyc,6,6.149662,6.2640953,1.0
3984,4840 PRP Otp Gly-Gaba_5,1087 PRP Otp Gly-Gaba_5,283 PRP Otp Gly-Gaba,27 MY GABA,GABA-Glyc,4,6.9278073,6.854493,1.0
3986,4842 PRP Otp Gly-Gaba_5,1087 PRP Otp Gly-Gaba_5,283 PRP Otp Gly-Gaba,27 MY GABA,GABA-Glyc,1,7.6597958,7.6597958,1.0
3987,4356 PGRN-PARN-MDRN Hoxb5 Glut_3,0975 PGRN-PARN-MDRN Hoxb5 Glut_3,243 PGRN-PARN-MDRN Hoxb5 Glut,24 MY Glut,Glut,2,5.4593177,5.4593177,1.0
3990,4960 MY Prox1 Lmo7 Gly-Gaba_1,1104 MY Prox1 Lmo7 Gly-Gaba_1,290 MY Prox1 Lmo7 Gly-Gaba,27 MY GABA,GABA-Glyc,2,6.7168665,6.7168665,1.0
3992,4964 MY Prox1 Lmo7 Gly-Gaba_1,1104 MY Prox1 Lmo7 Gly-Gaba_1,290 MY Prox1 Lmo7 Gly-Gaba,27 MY GABA,GABA-Glyc,2,4.26507,4.26507,1.0
3993,4668 PB Sst Gly-Gaba_2,1042 PB Sst Gly-Gaba_2,265 PB Sst Gly-Gaba,26 P GABA,GABA-Glyc,28,5.3285804,5.993481,0.8571428571428571
4005,4967 NTS-MDRNd Prox1 Zic1 Gly-Gaba_1,1105 NTS-MDRNd Prox1 Zic1 Gly-Gaba_1,291 NTS-MDRNd Prox1 Zic1 Gly-Gaba,27 MY GABA,GABA-Glyc,1,0.0,0.0,0.0
4010,4972 MV Nkx6-1 Gly-Gaba_1,1107 MV Nkx6-1 Gly-Gaba_1,292 MV Nkx6-1 Gly-Gaba,27 MY GABA,GABA-Glyc,5,6.08792,6.1005836,1.0
4012,4975 MV Nkx6-1 Gly-Gaba_1,1107 MV Nkx6-1 Gly-Gaba_1,292 MV Nkx6-1 Gly-Gaba,27 MY GABA,GABA-Glyc,1,3.804625,3.804625,1.0
4013,4976 MV Nkx6-1 Gly-Gaba_1,1107 MV Nkx6-1 Gly-Gaba_1,292 MV Nkx6-1 Gly-Gaba,27 MY GABA,GABA-Glyc,3,5.7224402,6.0489655,1.0
4014,4968 NTS-MDRNd Prox1 Zic1 Gly-Gaba_1,1105 NTS-MDRNd Prox1 Zic1 Gly-Gaba_1,291 NTS-MDRNd Prox1 Zic1 Gly-Gaba,27 MY GABA,GABA-Glyc,13,7.0030985,6.8155804,1.0
4017,4666 PB Sst Gly-Gaba_1,1041 PB Sst Gly-Gaba_1,265 PB Sst Gly-Gaba,26 P GABA,GABA-Glyc,17,4.992184,5.61729,0.8235294117647058
4018,4962 MY Prox1 Lmo7 Gly-Gaba_1,1104 MY Prox1 Lmo7 Gly-Gaba_1,290 MY Prox1 Lmo7 Gly-Gaba,27 MY GABA,GABA-Glyc,35,5.0709033,6.2385445,0.8
4019,4486 MV-SPIV Phox2b Ebf3 Lbx1 Glut_2,0993 MV-SPIV Phox2b Ebf3 Lbx1 Glut_2,247 MV-SPIV Phox2b Ebf3 Lbx1 Glut,24 MY Glut,Glut,26,5.1510997,6.5243983,0.7692307692307693
4020,4994 MV Pax6 Gly-Gaba_1,1113 MV Pax6 Gly-Gaba_1,294 MV Pax6 Gly-Gaba,27 MY GABA,GABA-Glyc,12,5.5823383,6.637739,0.8333333333333334
4021,4995 MV Pax6 Gly-Gaba_1,1113 MV Pax6 Gly-Gaba_1,294 MV Pax6 Gly-Gaba,27 MY GABA,GABA-Glyc,4,4.486562,5.8082533,0.75
4022,4996 MV Pax6 Gly-Gaba_1,1113 MV Pax6 Gly-Gaba_1,294 MV Pax6 Gly-Gaba,27 MY GABA,GABA-Glyc,10,5.0108395,5.856182,0.8
4023,4997 MV Pax6 Gly-Gaba_1,1113 MV Pax6 Gly-Gaba_1,294 MV Pax6 Gly-Gaba,27 MY GABA,GABA-Glyc,26,6.2744055,6.9801693,0.8846153846153846
4024,4998 MV Pax6 Gly-Gaba_2,1114 MV Pax6 Gly-Gaba_2,294 MV Pax6 Gly-Gaba,27 MY GABA,GABA-Glyc,2,3.2254324,3.2254324,0.5
4026,4667 PB Sst Gly-Gaba_1,1041 PB Sst Gly-Gaba_1,265 PB Sst Gly-Gaba,26 P GABA,GABA-Glyc,8,4.7241154,6.084817,0.75
4027,4813 PRP Otp Gly-Gaba_1,1083 PRP Otp Gly-Gaba_1,283 PRP Otp Gly-Gaba,27 MY GABA,GABA-Glyc,1,6.2012143,6.2012143,1.0
4030,4815 PRP Otp Gly-Gaba_1,1083 PRP Otp Gly-Gaba_1,283 PRP Otp Gly-Gaba,27 MY GABA,GABA-Glyc,15,6.152628,6.004011,1.0
4032,4817 PRP Otp Gly-Gaba_1,1083 PRP Otp Gly-Gaba_1,283 PRP Otp Gly-Gaba,27 MY GABA,GABA-Glyc,7,6.4775925,6.470488,1.0
4044,4492 MV-SPIV Zic4 Neurod2 Glut_1,0997 MV-SPIV Zic4 Neurod2 Glut_1,248 MV-SPIV Zic4 Neurod2 Glut,24 MY Glut,Glut,1,7.3692794,7.3692794,1.0
4048,4507 MV-SPIV Zic4 Neurod2 Glut_3,0999 MV-SPIV Zic4 Neurod2 Glut_3,248 MV-SPIV Zic4 Neurod2 Glut,24 MY Glut,Glut,3,5.626386,5.5883756,1.0
4049,4508 MV-SPIV Zic4 Neurod2 Glut_3,0999 MV-SPIV Zic4 Neurod2 Glut_3,248 MV-SPIV Zic4 Neurod2 Glut,24 MY Glut,Glut,6,6.0934176,6.0716248,1.0
4057,4510 MV-SPIV Zic4 Neurod2 Glut_3,0999 MV-SPIV Zic4 Neurod2 Glut_3,248 MV-SPIV Zic4 Neurod2 Glut,24 MY Glut,Chol,2,5.4452257,5.4452257,1.0
4070,4351 PGRN-PARN-MDRN Hoxb5 Glut_3,0975 PGRN-PARN-MDRN Hoxb5 Glut_3,243 PGRN-PARN-MDRN Hoxb5 Glut,24 MY Glut,Glut,2,6.743117,6.743117,1.0
4078,4958 MDRNd Prox1 Pax6 Gly-Gaba_1,1103 MDRNd Prox1 Pax6 Gly-Gaba_1,289 MDRNd Prox1 Pax6 Gly-Gaba,27 MY GABA,GABA,24,4.835151,6.148531,0.7083333333333334
4080,4655 PRNc Otp Gly-Gaba_4,1039 PRNc Otp Gly-Gaba_4,264 PRNc Otp Gly-Gaba,26 P GABA,GABA-Glyc,109,5.646089,6.456333,0.8807339449541285
4081,4656 PRNc Otp Gly-Gaba_4,1039 PRNc Otp Gly-Gaba_4,264 PRNc Otp Gly-Gaba,26 P GABA,GABA-Glyc,73,5.301563,6.050467,0.8356164383561644
4084,4635 PRNc Otp Gly-Gaba_1,1036 PRNc Otp Gly-Gaba_1,264 PRNc Otp Gly-Gaba,26 P GABA,GABA-Glyc,99,4.3054338,5.676675,0.6868686868686869
4085,4618 CS-RPO Meis2 Gaba_3,1033 CS-RPO Meis2 Gaba_3,263 CS-RPO Meis2 Gaba,26 P GABA,Glut-GABA,187,5.0435915,6.0829973,0.7967914438502673
4086,4636 PRNc Otp Gly-Gaba_1,1036 PRNc Otp Gly-Gaba_1,264 PRNc Otp Gly-Gaba,26 P GABA,GABA-Glyc,129,4.877293,5.9778404,0.7674418604651163
4087,4669 PRNc Prox1 Brs3 Gly-Gaba_1,1043 PRNc Prox1 Brs3 Gly-Gaba_1,266 PRNc Prox1 Brs3 Gly-Gaba,26 P GABA,GABA-Glyc,150,5.312009,6.083053,0.8466666666666667
4088,4821 PRP Otp Gly-Gaba_1,1083 PRP Otp Gly-Gaba_1,283 PRP Otp Gly-Gaba,27 MY GABA,GABA-Glyc,7,2.1868165,0.0,0.42857142857142855
4089,4820 PRP Otp Gly-Gaba_1,1083 PRP Otp Gly-Gaba_1,283 PRP Otp Gly-Gaba,27 MY GABA,GABA-Glyc,10,4.312588,6.1816287,0.6
4091,4171 PRNr Otp Nfib Glut_1,0945 PRNr Otp Nfib Glut_1,230 PRNr Otp Nfib Glut,23 P Glut,Glut,73,5.1388426,5.8997793,0.8493150684931506
4092,4661 PRNc Otp Gly-Gaba_5,1040 PRNc Otp Gly-Gaba_5,264 PRNc Otp Gly-Gaba,26 P GABA,GABA-Glyc,41,5.4993668,5.7498255,0.9512195121951219
4093,4172 PRNr Otp Nfib Glut_1,0945 PRNr Otp Nfib Glut_1,230 PRNr Otp Nfib Glut,23 P Glut,Glut,67,5.3154736,5.910549,0.8805970149253731
4094,4637 PRNc Otp Gly-Gaba_1,1036 PRNc Otp Gly-Gaba_1,264 PRNc Otp Gly-Gaba,26 P GABA,GABA-Glyc,91,5.1811423,6.0207624,0.8241758241758241
4095,4662 PRNc Otp Gly-Gaba_5,1040 PRNc Otp Gly-Gaba_5,264 PRNc Otp Gly-Gaba,26 P GABA,GABA-Glyc,63,5.572699,6.0960965,0.9206349206349206
4098,4663 PRNc Otp Gly-Gaba_5,1040 PRNc Otp Gly-Gaba_5,264 PRNc Otp Gly-Gaba,26 P GABA,GABA-Glyc,100,4.077949,5.0810223,0.72
4099,4657 PRNc Otp Gly-Gaba_4,1039 PRNc Otp Gly-Gaba_4,264 PRNc Otp Gly-Gaba,26 P GABA,GABA-Glyc,137,5.1167207,5.8351655,0.8175182481751825
4100,4658 PRNc Otp Gly-Gaba_4,1039 PRNc Otp Gly-Gaba_4,264 PRNc Otp Gly-Gaba,26 P GABA,GABA-Glyc,58,4.4996963,5.8870435,0.7068965517241379
4101,4638 PRNc Otp Gly-Gaba_1,1036 PRNc Otp Gly-Gaba_1,264 PRNc Otp Gly-Gaba,26 P GABA,GABA-Glyc,32,4.3659987,5.860877,0.6875
4102,4659 PRNc Otp Gly-Gaba_4,1039 PRNc Otp Gly-Gaba_4,264 PRNc Otp Gly-Gaba,26 P GABA,GABA-Glyc,33,5.035012,5.620374,0.8181818181818182
4105,4639 PRNc Otp Gly-Gaba_1,1036 PRNc Otp Gly-Gaba_1,264 PRNc Otp Gly-Gaba,26 P GABA,GABA-Glyc,56,4.528751,5.6968684,0.75
4106,4660 PRNc Otp Gly-Gaba_4,1039 PRNc Otp Gly-Gaba_4,264 PRNc Otp Gly-Gaba,26 P GABA,GABA-Glyc,15,5.0358295,5.8956494,0.8
4107,3962 PSV Lmx1a Trpv6 Glut_1,0902 PSV Lmx1a Trpv6 Glut_1,218 PSV Lmx1a Trpv6 Glut,23 P Glut,Glut,59,5.471288,6.4121194,0.8135593220338984
4110,4350 PGRN-PARN-MDRN Hoxb5 Glut_3,0975 PGRN-PARN-MDRN Hoxb5 Glut_3,243 PGRN-PARN-MDRN Hoxb5 Glut,24 MY Glut,Glut,36,5.9210973,6.3617916,0.9444444444444444
4112,4173 PRNr Otp Nfib Glut_1,0945 PRNr Otp Nfib Glut_1,230 PRNr Otp Nfib Glut,23 P Glut,Glut,71,5.087692,6.4644976,0.7605633802816901
4116,4999 MV Pax6 Gly-Gaba_2,1114 MV Pax6 Gly-Gaba_2,294 MV Pax6 Gly-Gaba,27 MY GABA,GABA-Glyc,2,7.3091297,7.3091297,1.0
4117,4521 CBN Neurod2 Pvalb Glut_1,1003 CBN Neurod2 Pvalb Glut_1,250 CBN Neurod2 Pvalb Glut,24 MY Glut,Glut,1,6.2711105,6.2711105,1.0
4119,4523 CBN Neurod2 Pvalb Glut_1,1003 CBN Neurod2 Pvalb Glut_1,250 CBN Neurod2 Pvalb Glut,24 MY Glut,Glut,1,7.6823516,7.6823516,1.0
4121,4977 MV Nkx6-1 Gly-Gaba_2,1108 MV Nkx6-1 Gly-Gaba_2,292 MV Nkx6-1 Gly-Gaba,27 MY GABA,GABA-Glyc,6,6.2529244,5.8189917,1.0
4123,4989 PAS-MV Ebf2 Gly-Gaba_3,1111 PAS-MV Ebf2 Gly-Gaba_3,293 PAS-MV Ebf2 Gly-Gaba,27 MY GABA,GABA-Glyc,1,6.9219456,6.9219456,1.0
4129,4991 PAS-MV Ebf2 Gly-Gaba_3,1111 PAS-MV Ebf2 Gly-Gaba_3,293 PAS-MV Ebf2 Gly-Gaba,27 MY GABA,GABA-Glyc,1,6.84907,6.84907,1.0
4132,4522 CBN Neurod2 Pvalb Glut_1,1003 CBN Neurod2 Pvalb Glut_1,250 CBN Neurod2 Pvalb Glut,24 MY Glut,Glut,12,5.9913964,6.6725574,0.9166666666666666
4134,4524 CBN Neurod2 Pvalb Glut_1,1003 CBN Neurod2 Pvalb Glut_1,250 CBN Neurod2 Pvalb Glut,24 MY Glut,Glut,1,6.531159,6.531159,1.0
4144,5175 DCO Il22 Gly-Gaba_3,1143 DCO Il22 Gly-Gaba_3,308 DCO Il22 Gly-Gaba,28 CB GABA,GABA-Glyc,2,3.4086952,3.4086952,0.5
4146,5184 CB PLI Gly-Gaba_3,1146 CB PLI Gly-Gaba_3,309 CB PLI Gly-Gaba,28 CB GABA,GABA,3,3.7833328,4.48832,0.6666666666666666
4147,5183 CB PLI Gly-Gaba_3,1146 CB PLI Gly-Gaba_3,309 CB PLI Gly-Gaba,28 CB GABA,GABA-Glyc,16,4.6627693,5.404198,0.8125
4148,5167 DCO Il22 Gly-Gaba_1,1141 DCO Il22 Gly-Gaba_1,308 DCO Il22 Gly-Gaba,28 CB GABA,GABA-Glyc,4,4.9417067,6.2148514,0.75
4149,4306 NTS Phox2b Glut_10,0968 NTS Phox2b Glut_10,238 NTS Phox2b Glut,24 MY Glut,Glut,2,5.909688,5.909688,1.0
4150,5168 DCO Il22 Gly-Gaba_1,1141 DCO Il22 Gly-Gaba_1,308 DCO Il22 Gly-Gaba,28 CB GABA,GABA-Glyc,3,7.3981423,7.4214787,1.0
4151,5174 DCO Il22 Gly-Gaba_3,1143 DCO Il22 Gly-Gaba_3,308 DCO Il22 Gly-Gaba,28 CB GABA,GABA-Glyc,1,7.754629,7.754629,1.0
4154,5169 DCO Il22 Gly-Gaba_1,1141 DCO Il22 Gly-Gaba_1,308 DCO Il22 Gly-Gaba,28 CB GABA,GABA-Glyc,1,7.4705925,7.4705925,1.0
4157,5186 CBX Golgi Gly-Gaba_1,1148 CBX Golgi Gly-Gaba_1,310 CBX Golgi Gly-Gaba,28 CB GABA,GABA-Glyc,1,0.0,0.0,0.0
4158,5176 DCO Il22 Gly-Gaba_3,1143 DCO Il22 Gly-Gaba_3,308 DCO Il22 Gly-Gaba,28 CB GABA,GABA-Glyc,2,3.1136994,3.1136994,0.5
4159,5185 CB PLI Gly-Gaba_4,1147 CB PLI Gly-Gaba_4,309 CB PLI Gly-Gaba,28 CB GABA,GABA,12,2.6487062,0.0,0.3333333333333333
4160,5180 CB PLI Gly-Gaba_2,1145 CB PLI Gly-Gaba_2,309 CB PLI Gly-Gaba,28 CB GABA,GABA-Glyc,1,6.104796,6.104796,1.0
4164,5178 CB PLI Gly-Gaba_1,1144 CB PLI Gly-Gaba_1,309 CB PLI Gly-Gaba,28 CB GABA,GABA,16,3.411747,3.0515065,0.5
4167,5188 CBX MLI Megf11 Gaba_1,1149 CBX MLI Megf11 Gaba_1,311 CBX MLI Megf11 Gaba,28 CB GABA,GABA,255,3.6737075,5.7221007,0.5529411764705883
4168,5189 CBX MLI Megf11 Gaba_1,1149 CBX MLI Megf11 Gaba_1,311 CBX MLI Megf11 Gaba,28 CB GABA,GABA,2,3.4519453,3.4519453,0.5
4170,5192 CBX MLI Cdh22 Gaba_1,1151 CBX MLI Cdh22 Gaba_1,312 CBX MLI Cdh22 Gaba,28 CB GABA,GABA,115,2.6537993,0.0,0.391304347826087
4174,4556 DMX VII Tbx20 Chol_2,1011 DMX VII Tbx20 Chol_2,252 DMX VII Tbx20 Chol,24 MY Glut,Chol,32,3.699432,4.6313667,0.65625
4176,4152 PSV Pvalb Lhx2 Glut_3,0941 PSV Pvalb Lhx2 Glut_3,228 PSV Pvalb Lhx2 Glut,23 P Glut,Glut,115,4.825629,6.027605,0.7391304347826086
4182,4150 PSV Pvalb Lhx2 Glut_2,0940 PSV Pvalb Lhx2 Glut_2,228 PSV Pvalb Lhx2 Glut,23 P Glut,Glut,49,5.335256,5.7336564,0.8775510204081632
4183,4151 PSV Pvalb Lhx2 Glut_2,0940 PSV Pvalb Lhx2 Glut_2,228 PSV Pvalb Lhx2 Glut,23 P Glut,Glut,44,5.0759845,6.216654,0.7954545454545454
4184,4147 PSV Pvalb Lhx2 Glut_1,0939 PSV Pvalb Lhx2 Glut_1,228 PSV Pvalb Lhx2 Glut,23 P Glut,Glut,39,4.476921,5.694955,0.717948717948718
4185,4148 PSV Pvalb Lhx2 Glut_1,0939 PSV Pvalb Lhx2 Glut_1,228 PSV Pvalb Lhx2 Glut,23 P Glut,Glut,404,4.5466948,5.570242,0.7673267326732673
4186,4149 PSV Pvalb Lhx2 Glut_1,0939 PSV Pvalb Lhx2 Glut_1,228 PSV Pvalb Lhx2 Glut,23 P Glut,Glut,38,4.802352,5.92798,0.7631578947368421
4187,4568 SPVO Mafa Meis2 Glut_1,1017 SPVO Mafa Meis2 Glut_1,255 SPVO Mafa Meis2 Glut,24 MY Glut,Glut,11,5.7534456,7.0625887,0.8181818181818182
4188,4755 PDTg-PCG Pax6 Gaba_3,1063 PDTg-PCG Pax6 Gaba_3,273 PDTg-PCG Pax6 Gaba,26 P GABA,GABA,595,4.834436,5.909752,0.7714285714285715
4193,4811 POR Gata3 Gly-Gaba_1,1081 POR Gata3 Gly-Gaba_1,281 POR Gata3 Gly-Gaba,26 P GABA,GABA-Glyc,74,4.1319866,5.205684,0.7567567567567568
4216,4198 PG-TRN-LRN Fat2 Glut_1,0953 PG-TRN-LRN Fat2 Glut_1,235 PG-TRN-LRN Fat2 Glut,23 P Glut,Glut,153,5.1853228,5.855991,0.869281045751634
4217,4200 PG-TRN-LRN Fat2 Glut_1,0953 PG-TRN-LRN Fat2 Glut_1,235 PG-TRN-LRN Fat2 Glut,23 P Glut,Glut,37,5.5835342,6.1091127,0.8918918918918919
4218,4199 PG-TRN-LRN Fat2 Glut_1,0953 PG-TRN-LRN Fat2 Glut_1,235 PG-TRN-LRN Fat2 Glut,23 P Glut,Glut,2953,4.6197057,5.54273,0.7903826616999662
4259,4420 SPVI-SPVC Tlx3 Ebf3 Glut_2,0982 SPVI-SPVC Tlx3 Ebf3 Glut_2,245 SPVI-SPVC Tlx3 Ebf3 Glut,24 MY Glut,Glut,8,3.9847257,4.8001146,0.75
4260,4421 SPVI-SPVC Tlx3 Ebf3 Glut_2,0982 SPVI-SPVC Tlx3 Ebf3 Glut_2,245 SPVI-SPVC Tlx3 Ebf3 Glut,24 MY Glut,Glut,1,6.1456094,6.1456094,1.0
4266,4065 PB Evx2 Glut_6,0919 PB Evx2 Glut_6,222 PB Evx2 Glut,23 P Glut,Glut,34,5.0320435,5.618889,0.8235294117647058
4267,4064 PB Evx2 Glut_6,0919 PB Evx2 Glut_6,222 PB Evx2 Glut,23 P Glut,Glut,66,3.8529558,4.9264393,0.696969696969697
4268,4049 PB Evx2 Glut_4,0917 PB Evx2 Glut_4,222 PB Evx2 Glut,23 P Glut,Glut,56,3.7562413,5.05365,0.6428571428571429
4269,4079 PB Evx2 Glut_8,0921 PB Evx2 Glut_8,222 PB Evx2 Glut,23 P Glut,Glut,36,4.682068,5.417565,0.8055555555555556
4270,4080 PB Evx2 Glut_8,0921 PB Evx2 Glut_8,222 PB Evx2 Glut,23 P Glut,Glut,28,3.736647,4.8360596,0.6785714285714286
4271,4081 PB Evx2 Glut_8,0921 PB Evx2 Glut_8,222 PB Evx2 Glut,23 P Glut,Glut,5,6.020871,5.894363,1.0
4272,4050 PB Evx2 Glut_4,0917 PB Evx2 Glut_4,222 PB Evx2 Glut,23 P Glut,Glut,240,3.3078804,4.581089,0.6041666666666666
4273,4066 PB Evx2 Glut_6,0919 PB Evx2 Glut_6,222 PB Evx2 Glut,23 P Glut,Glut,33,5.069637,5.7092967,0.8484848484848485
4274,4067 PB Evx2 Glut_6,0919 PB Evx2 Glut_6,222 PB Evx2 Glut,23 P Glut,Glut,46,5.8089147,6.075741,0.9347826086956522
4275,4068 PB Evx2 Glut_6,0919 PB Evx2 Glut_6,222 PB Evx2 Glut,23 P Glut,Glut,32,5.0217743,5.80224,0.84375
4276,4032 PB Evx2 Glut_2,0915 PB Evx2 Glut_2,222 PB Evx2 Glut,23 P Glut,Glut,68,4.307201,5.3503294,0.7352941176470589
4277,4051 PB Evx2 Glut_4,0917 PB Evx2 Glut_4,222 PB Evx2 Glut,23 P Glut,Glut,50,3.8697693,5.068968,0.7
4278,4052 PB Evx2 Glut_4,0917 PB Evx2 Glut_4,222 PB Evx2 Glut,23 P Glut,Glut,88,4.3375306,5.4729567,0.7159090909090909
4279,4053 PB Evx2 Glut_4,0917 PB Evx2 Glut_4,222 PB Evx2 Glut,23 P Glut,Glut,65,4.492952,5.1844063,0.8461538461538461
4281,4069 PB Evx2 Glut_6,0919 PB Evx2 Glut_6,222 PB Evx2 Glut,23 P Glut,Glut,40,3.5415847,4.8230877,0.625
4282,4054 PB Evx2 Glut_4,0917 PB Evx2 Glut_4,222 PB Evx2 Glut,23 P Glut,Glut,42,3.9828095,5.019118,0.6904761904761905
4283,4070 PB Evx2 Glut_6,0919 PB Evx2 Glut_6,222 PB Evx2 Glut,23 P Glut,Glut,25,3.9696872,5.5445986,0.68
4284,4076 PB Evx2 Glut_8,0921 PB Evx2 Glut_8,222 PB Evx2 Glut,23 P Glut,Glut,26,3.656574,5.3045197,0.5769230769230769
4285,4077 PB Evx2 Glut_8,0921 PB Evx2 Glut_8,222 PB Evx2 Glut,23 P Glut,Glut,25,5.229967,5.4448566,0.92
4286,4071 PB Evx2 Glut_6,0919 PB Evx2 Glut_6,222 PB Evx2 Glut,23 P Glut,Glut,23,3.6981652,4.8192787,0.6521739130434783
4287,4082 PB Evx2 Glut_8,0921 PB Evx2 Glut_8,222 PB Evx2 Glut,23 P Glut,Glut,21,4.8223705,5.166171,0.9047619047619048
4288,4078 PB Evx2 Glut_8,0921 PB Evx2 Glut_8,222 PB Evx2 Glut,23 P Glut,Glut,41,3.5758328,4.6351976,0.6585365853658537
4289,3972 PB Pax5 Glut_2,0905 PB Pax5 Glut_2,220 PB Pax5 Glut,23 P Glut,Glut,73,5.632568,6.460663,0.863013698630137
4290,3965 PB Pax5 Glut_1,0904 PB Pax5 Glut_1,220 PB Pax5 Glut,23 P Glut,Glut,64,4.8168297,5.633931,0.8125
4292,3966 PB Pax5 Glut_1,0904 PB Pax5 Glut_1,220 PB Pax5 Glut,23 P Glut,Glut,46,4.061246,5.2898,0.6739130434782609
4293,3967 PB Pax5 Glut_1,0904 PB Pax5 Glut_1,220 PB Pax5 Glut,23 P Glut,Glut,77,4.455429,5.6683297,0.7532467532467533
4294,3973 PB Pax5 Glut_2,0905 PB Pax5 Glut_2,220 PB Pax5 Glut,23 P Glut,Glut,13,5.7062244,6.5662503,0.8461538461538461
4295,3968 PB Pax5 Glut_1,0904 PB Pax5 Glut_1,220 PB Pax5 Glut,23 P Glut,Glut,6,2.9764233,2.3482807,0.5
4296,3969 PB Pax5 Glut_1,0904 PB Pax5 Glut_1,220 PB Pax5 Glut,23 P Glut,Glut,18,4.390981,5.6169095,0.7222222222222222
4297,3970 PB Pax5 Glut_1,0904 PB Pax5 Glut_1,220 PB Pax5 Glut,23 P Glut,Glut,40,4.0012345,5.5953393,0.65
4298,3971 PB Pax5 Glut_1,0904 PB Pax5 Glut_1,220 PB Pax5 Glut,23 P Glut,Glut,35,4.592562,5.6029787,0.7714285714285715
4299,4159 PB-NTS Phox2b Ebf3 Lmx1b Glut_1,0943 PB-NTS Phox2b Ebf3 Lmx1b Glut_1,229 PB-NTS Phox2b Ebf3 Lmx1b Glut,23 P Glut,Glut,31,5.234683,6.0491076,0.8387096774193549
4300,4154 PB-NTS Phox2b Ebf3 Lmx1b Glut_1,0943 PB-NTS Phox2b Ebf3 Lmx1b Glut_1,229 PB-NTS Phox2b Ebf3 Lmx1b Glut,23 P Glut,Glut,69,4.6405945,5.489049,0.782608695652174
4302,4169 PB-NTS Phox2b Ebf3 Lmx1b Glut_2,0944 PB-NTS Phox2b Ebf3 Lmx1b Glut_2,229 PB-NTS Phox2b Ebf3 Lmx1b Glut,23 P Glut,Glut,1,3.91566,3.91566,1.0
4303,4164 PB-NTS Phox2b Ebf3 Lmx1b Glut_2,0944 PB-NTS Phox2b Ebf3 Lmx1b Glut_2,229 PB-NTS Phox2b Ebf3 Lmx1b Glut,23 P Glut,Glut,1,7.0598273,7.0598273,1.0
4304,4155 PB-NTS Phox2b Ebf3 Lmx1b Glut_1,0943 PB-NTS Phox2b Ebf3 Lmx1b Glut_1,229 PB-NTS Phox2b Ebf3 Lmx1b Glut,23 P Glut,Glut,43,5.117241,5.7541065,0.8837209302325582
4305,4156 PB-NTS Phox2b Ebf3 Lmx1b Glut_1,0943 PB-NTS Phox2b Ebf3 Lmx1b Glut_1,229 PB-NTS Phox2b Ebf3 Lmx1b Glut,23 P Glut,Glut,31,4.5696774,5.8592634,0.7419354838709677
4306,4157 PB-NTS Phox2b Ebf3 Lmx1b Glut_1,0943 PB-NTS Phox2b Ebf3 Lmx1b Glut_1,229 PB-NTS Phox2b Ebf3 Lmx1b Glut,23 P Glut,Glut,80,4.846411,5.32975,0.85
4307,4158 PB-NTS Phox2b Ebf3 Lmx1b Glut_1,0943 PB-NTS Phox2b Ebf3 Lmx1b Glut_1,229 PB-NTS Phox2b Ebf3 Lmx1b Glut,23 P Glut,Glut,74,3.9388297,4.940199,0.6891891891891891
4308,4160 PB-NTS Phox2b Ebf3 Lmx1b Glut_1,0943 PB-NTS Phox2b Ebf3 Lmx1b Glut_1,229 PB-NTS Phox2b Ebf3 Lmx1b Glut,23 P Glut,Glut,53,5.2462416,5.9293475,0.8867924528301887
4309,4161 PB-NTS Phox2b Ebf3 Lmx1b Glut_1,0943 PB-NTS Phox2b Ebf3 Lmx1b Glut_1,229 PB-NTS Phox2b Ebf3 Lmx1b Glut,23 P Glut,Glut,28,5.4605455,6.7833247,0.8214285714285714
4310,4162 PB-NTS Phox2b Ebf3 Lmx1b Glut_1,0943 PB-NTS Phox2b Ebf3 Lmx1b Glut_1,229 PB-NTS Phox2b Ebf3 Lmx1b Glut,23 P Glut,Glut,46,4.6897345,5.7642474,0.7608695652173914
4313,4475 MV-SPIV Phox2b Ebf3 Lbx1 Glut_1,0992 MV-SPIV Phox2b Ebf3 Lbx1 Glut_1,247 MV-SPIV Phox2b Ebf3 Lbx1 Glut,24 MY Glut,Glut,15,4.8429627,5.799647,0.8
4314,4170 PB-NTS Phox2b Ebf3 Lmx1b Glut_2,0944 PB-NTS Phox2b Ebf3 Lmx1b Glut_2,229 PB-NTS Phox2b Ebf3 Lmx1b Glut,23 P Glut,Glut,5,6.185003,6.190633,1.0
4316,4480 MV-SPIV Phox2b Ebf3 Lbx1 Glut_1,0992 MV-SPIV Phox2b Ebf3 Lbx1 Glut_1,247 MV-SPIV Phox2b Ebf3 Lbx1 Glut,24 MY Glut,Glut,1,6.1392837,6.1392837,1.0
4319,4476 MV-SPIV Phox2b Ebf3 Lbx1 Glut_1,0992 MV-SPIV Phox2b Ebf3 Lbx1 Glut_1,247 MV-SPIV Phox2b Ebf3 Lbx1 Glut,24 MY Glut,Glut,2,0.0,0.0,0.0
4320,4487 MV-SPIV Phox2b Ebf3 Lbx1 Glut_3,0994 MV-SPIV Phox2b Ebf3 Lbx1 Glut_3,247 MV-SPIV Phox2b Ebf3 Lbx1 Glut,24 MY Glut,Glut,11,4.050282,5.0749073,0.7272727272727273
4321,4477 MV-SPIV Phox2b Ebf3 Lbx1 Glut_1,0992 MV-SPIV Phox2b Ebf3 Lbx1 Glut_1,247 MV-SPIV Phox2b Ebf3 Lbx1 Glut,24 MY Glut,Glut,3,4.01566,5.6414447,0.6666666666666666
4324,4483 MV-SPIV Phox2b Ebf3 Lbx1 Glut_1,0992 MV-SPIV Phox2b Ebf3 Lbx1 Glut_1,247 MV-SPIV Phox2b Ebf3 Lbx1 Glut,24 MY Glut,Glut,2,6.7123547,6.7123547,1.0
4347,5092 NTS-PARN Neurod2 Gly-Gaba_3,1132 NTS-PARN Neurod2 Gly-Gaba_3,304 NTS-PARN Neurod2 Gly-Gaba,27 MY GABA,GABA-Glyc,11,3.8406808,4.3751454,0.7272727272727273
4352,5094 NTS-PARN Neurod2 Gly-Gaba_3,1132 NTS-PARN Neurod2 Gly-Gaba_3,304 NTS-PARN Neurod2 Gly-Gaba,27 MY GABA,GABA-Glyc,4,5.6961975,5.742096,1.0
4367,5114 NTS-PARN Neurod2 Gly-Gaba_6,1135 NTS-PARN Neurod2 Gly-Gaba_6,304 NTS-PARN Neurod2 Gly-Gaba,27 MY GABA,GABA-Glyc,1,4.872619,4.872619,1.0
4371,5116 NTS-PARN Neurod2 Gly-Gaba_6,1135 NTS-PARN Neurod2 Gly-Gaba_6,304 NTS-PARN Neurod2 Gly-Gaba,27 MY GABA,GABA-Glyc,1,7.705377,7.705377,1.0
4376,5089 NTS-PARN Neurod2 Gly-Gaba_2,1131 NTS-PARN Neurod2 Gly-Gaba_2,304 NTS-PARN Neurod2 Gly-Gaba,27 MY GABA,GABA-Glyc,3,5.4457607,5.1212425,1.0
4399,5070 IRN Dmbx1 Pax2 Gly-Gaba_1,1129 IRN Dmbx1 Pax2 Gly-Gaba_1,303 IRN Dmbx1 Pax2 Gly-Gaba,27 MY GABA,GABA-Glyc,2,3.0316398,3.0316398,0.5
4420,5034 PARN-MDRNd-NTS Gbx2 Gly-Gaba_2,1121 PARN-MDRNd-NTS Gbx2 Gly-Gaba_2,300 PARN-MDRNd-NTS Gbx2 Gly-Gaba,27 MY GABA,GABA-Glyc,1,0.0,0.0,0.0
4422,5036 PARN-MDRNd-NTS Gbx2 Gly-Gaba_2,1121 PARN-MDRNd-NTS Gbx2 Gly-Gaba_2,300 PARN-MDRNd-NTS Gbx2 Gly-Gaba,27 MY GABA,GABA-Glyc,2,6.1643186,6.1643186,1.0
4423,5059 PARN-MDRNd-NTS Gbx2 Gly-Gaba_6,1125 PARN-MDRNd-NTS Gbx2 Gly-Gaba_6,300 PARN-MDRNd-NTS Gbx2 Gly-Gaba,27 MY GABA,GABA-Glyc,1,6.3715906,6.3715906,1.0
4424,5060 PARN-MDRNd-NTS Gbx2 Gly-Gaba_6,1125 PARN-MDRNd-NTS Gbx2 Gly-Gaba_6,300 PARN-MDRNd-NTS Gbx2 Gly-Gaba,27 MY GABA,GABA-Glyc,1,6.6963964,6.6963964,1.0
4428,5021 PARN-MDRNd-NTS Gbx2 Gly-Gaba_1,1120 PARN-MDRNd-NTS Gbx2 Gly-Gaba_1,300 PARN-MDRNd-NTS Gbx2 Gly-Gaba,27 MY GABA,GABA-Glyc,1,5.0058208,5.0058208,1.0
4478,4197 MEV Ppp1r1c Glut_1,0952 MEV Ppp1r1c Glut_1,234 MEV Ppp1r1c Glut,19 MB Glut,Glut,3,5.1117253,5.430356,1.0
4494,3092 PAG Pou4f1 Bnc2 Glut_2,0736 PAG Pou4f1 Bnc2 Glut_2,171 PAG Pou4f1 Bnc2 Glut,19 MB Glut,Glut,2,5.7944336,5.7944336,1.0
4509,3049 PAG-MRN Tfap2b Glut_1,0733 PAG-MRN Tfap2b Glut_1,170 PAG-MRN Tfap2b Glut,19 MB Glut,Glut,1,0.0,0.0,0.0
4528,3008 PAG-SC Pou4f1 Zic1 Glut_1,0730 PAG-SC Pou4f1 Zic1 Glut_1,169 PAG-SC Pou4f1 Zic1 Glut,19 MB Glut,Glut,1,7.072021,7.072021,1.0
4536,3057 PAG-MRN Tfap2b Glut_1,0733 PAG-MRN Tfap2b Glut_1,170 PAG-MRN Tfap2b Glut,19 MB Glut,Glut,11,4.614155,6.0415907,0.7272727272727273
4537,3058 PAG-MRN Tfap2b Glut_1,0733 PAG-MRN Tfap2b Glut_1,170 PAG-MRN Tfap2b Glut,19 MB Glut,Glut,4,2.7455175,2.5055263,0.5
4538,3059 PAG-MRN Tfap2b Glut_1,0733 PAG-MRN Tfap2b Glut_1,170 PAG-MRN Tfap2b Glut,19 MB Glut,Glut,3,5.3283896,5.197869,1.0
4551,3291 IC Tfap2d Maf Glut_2,0771 IC Tfap2d Maf Glut_2,181 IC Tfap2d Maf Glut,19 MB Glut,Glut,1,0.0,0.0,0.0
4553,3032 PAG-SC Pou4f1 Zic1 Glut_2,0731 PAG-SC Pou4f1 Zic1 Glut_2,169 PAG-SC Pou4f1 Zic1 Glut,19 MB Glut,Glut,1,6.436976,6.436976,1.0
4555,3025 PAG-SC Pou4f1 Zic1 Glut_2,0731 PAG-SC Pou4f1 Zic1 Glut_2,169 PAG-SC Pou4f1 Zic1 Glut,19 MB Glut,Glut,2,3.1073618,3.1073618,0.5
4557,3310 IC Tfap2d Maf Glut_4,0773 IC Tfap2d Maf Glut_4,181 IC Tfap2d Maf Glut,19 MB Glut,Glut,1,4.916378,4.916378,1.0
4558,3311 IC Tfap2d Maf Glut_4,0773 IC Tfap2d Maf Glut_4,181 IC Tfap2d Maf Glut,19 MB Glut,Glut,8,3.256068,2.1055493,0.5
4561,3304 IC Tfap2d Maf Glut_3,0772 IC Tfap2d Maf Glut_3,181 IC Tfap2d Maf Glut,19 MB Glut,Glut,1,5.667942,5.667942,1.0
4562,3305 IC Tfap2d Maf Glut_3,0772 IC Tfap2d Maf Glut_3,181 IC Tfap2d Maf Glut,19 MB Glut,Glut,1,0.0,0.0,0.0
4563,3306 IC Tfap2d Maf Glut_3,0772 IC Tfap2d Maf Glut_3,181 IC Tfap2d Maf Glut,19 MB Glut,Glut,3,5.3081574,4.809913,1.0
4568,3313 IC Tfap2d Maf Glut_4,0773 IC Tfap2d Maf Glut_4,181 IC Tfap2d Maf Glut,19 MB Glut,Glut,2,3.236047,3.236047,0.5
4570,3319 IC Tfap2d Maf Glut_6,0775 IC Tfap2d Maf Glut_6,181 IC Tfap2d Maf Glut,19 MB Glut,Glut,1,0.0,0.0,0.0
4576,3292 IC Tfap2d Maf Glut_2,0771 IC Tfap2d Maf Glut_2,181 IC Tfap2d Maf Glut,19 MB Glut,Glut,1,5.2391734,5.2391734,1.0
4577,3293 IC Tfap2d Maf Glut_2,0771 IC Tfap2d Maf Glut_2,181 IC Tfap2d Maf Glut,19 MB Glut,Glut,1,6.5325084,6.5325084,1.0
4582,3298 IC Tfap2d Maf Glut_2,0771 IC Tfap2d Maf Glut_2,181 IC Tfap2d Maf Glut,19 MB Glut,Glut,1,6.805136,6.805136,1.0
4585,3300 IC Tfap2d Maf Glut_2,0771 IC Tfap2d Maf Glut_2,181 IC Tfap2d Maf Glut,19 MB Glut,Glut,1,5.615038,5.615038,1.0
4586,3282 IC Tfap2d Maf Glut_1,0770 IC Tfap2d Maf Glut_1,181 IC Tfap2d Maf Glut,19 MB Glut,Glut,1,0.0,0.0,0.0
4587,3283 IC Tfap2d Maf Glut_1,0770 IC Tfap2d Maf Glut_1,181 IC Tfap2d Maf Glut,19 MB Glut,Glut,1,0.0,0.0,0.0
4597,3094 PAG Pou4f1 Bnc2 Glut_2,0736 PAG Pou4f1 Bnc2 Glut_2,171 PAG Pou4f1 Bnc2 Glut,19 MB Glut,Glut,1,7.4943185,7.4943185,1.0
4600,3142 PAG Pou4f1 Ebf2 Glut_8,0744 PAG Pou4f1 Ebf2 Glut_8,172 PAG Pou4f1 Ebf2 Glut,19 MB Glut,Glut,1,0.0,0.0,0.0
4616,3129 PAG Pou4f1 Ebf2 Glut_4,0740 PAG Pou4f1 Ebf2 Glut_4,172 PAG Pou4f1 Ebf2 Glut,19 MB Glut,Glut,1,5.2308836,5.2308836,1.0
4633,3114 PAG Pou4f1 Ebf2 Glut_2,0738 PAG Pou4f1 Ebf2 Glut_2,172 PAG Pou4f1 Ebf2 Glut,19 MB Glut,Glut,1,0.0,0.0,0.0
4634,3133 PAG Pou4f1 Ebf2 Glut_5,0741 PAG Pou4f1 Ebf2 Glut_5,172 PAG Pou4f1 Ebf2 Glut,19 MB Glut,Glut,1,7.4898877,7.4898877,1.0
4645,3107 PAG Pou4f1 Ebf2 Glut_1,0737 PAG Pou4f1 Ebf2 Glut_1,172 PAG Pou4f1 Ebf2 Glut,19 MB Glut,Glut,1,4.6886315,4.6886315,1.0
4648,3167 PAG Pou4f2 Glut_4,0748 PAG Pou4f2 Glut_4,173 PAG Pou4f2 Glut,19 MB Glut,Glut,1,0.0,0.0,0.0
4668,3143 PAG Pou4f2 Glut_1,0745 PAG Pou4f2 Glut_1,173 PAG Pou4f2 Glut,19 MB Glut,Glut,1,0.0,0.0,0.0
4678,3261 SCdg-PAG Tfap2b Glut_1,0766 SCdg-PAG Tfap2b Glut_1,179 SCdg-PAG Tfap2b Glut,19 MB Glut,Glut,1,4.974296,4.974296,1.0
4720,2850 APN C1ql4 Glut_1,0703 APN C1ql4 Glut_1,164 APN C1ql4 Glut,19 MB Glut,Glut,1,0.0,0.0,0.0
4721,2851 APN C1ql4 Glut_1,0703 APN C1ql4 Glut_1,164 APN C1ql4 Glut,19 MB Glut,Glut,1,6.340477,6.340477,1.0
4731,2903 PRC-PAG Tcf7l2 Irx2 Glut_1,0713 PRC-PAG Tcf7l2 Irx2 Glut_1,167 PRC-PAG Tcf7l2 Irx2 Glut,19 MB Glut,Glut,1,4.703738,4.703738,1.0
4741,2859 PAG-MRN Pou3f1 Glut_1,0704 PAG-MRN Pou3f1 Glut_1,165 PAG-MRN Pou3f1 Glut,19 MB Glut,Glut,2,0.0,0.0,0.0
4744,2860 PAG-MRN Pou3f1 Glut_1,0704 PAG-MRN Pou3f1 Glut_1,165 PAG-MRN Pou3f1 Glut,19 MB Glut,Glut,3,5.1726127,5.1198697,1.0
4748,2877 PAG-MRN Pou3f1 Glut_5,0708 PAG-MRN Pou3f1 Glut_5,165 PAG-MRN Pou3f1 Glut,19 MB Glut,Glut,1,6.9207416,6.9207416,1.0
4751,2861 PAG-MRN Pou3f1 Glut_1,0704 PAG-MRN Pou3f1 Glut_1,165 PAG-MRN Pou3f1 Glut,19 MB Glut,Glut,1,4.695006,4.695006,1.0
4759,2867 PAG-MRN Pou3f1 Glut_1,0704 PAG-MRN Pou3f1 Glut_1,165 PAG-MRN Pou3f1 Glut,19 MB Glut,Glut,1,0.0,0.0,0.0
4773,2965 SPA-SPFm-SPFp-POL-PIL-PoT Sp9 Glut_5,0722 SPA-SPFm-SPFp-POL-PIL-PoT Sp9 Glut_5,168 SPA-SPFm-SPFp-POL-PIL-PoT Sp9 Glut,19 MB Glut,Glut,1,5.260425,5.260425,1.0
4809,3355 SCig Tfap2b Chrnb3 Glut_1,0783 SCig Tfap2b Chrnb3 Glut_1,185 SCig Tfap2b Chrnb3 Glut,19 MB Glut,Glut,1,0.0,0.0,0.0
4815,2790 PAG-SC Neurod2 Meis2 Glut_3,0692 PAG-SC Neurod2 Meis2 Glut_3,160 PAG-SC Neurod2 Meis2 Glut,19 MB Glut,Glut,6,3.3916123,2.985852,0.5
4819,3963 PB-SUT Tlx3 Lhx2 Glut_1,0903 PB-SUT Tlx3 Lhx2 Glut_1,219 PB-SUT Tlx3 Lhx2 Glut,23 P Glut,Glut,72,4.4633408,5.287669,0.7638888888888888
4826,3359 SCop Pou4f2 Neurod2 Glut_1,0784 SCop Pou4f2 Neurod2 Glut_1,186 SCop Pou4f2 Neurod2 Glut,19 MB Glut,Glut,1,4.7574015,4.7574015,1.0
4829,2796 PAG-SC Neurod2 Meis2 Glut_4,0693 PAG-SC Neurod2 Meis2 Glut_4,160 PAG-SC Neurod2 Meis2 Glut,19 MB Glut,Glut,1,6.218221,6.218221,1.0
4831,2788 PAG-SC Neurod2 Meis2 Glut_2,0691 PAG-SC Neurod2 Meis2 Glut_2,160 PAG-SC Neurod2 Meis2 Glut,19 MB Glut,Glut,1,0.0,0.0,0.0
4832,2789 PAG-SC Neurod2 Meis2 Glut_2,0691 PAG-SC Neurod2 Meis2 Glut_2,160 PAG-SC Neurod2 Meis2 Glut,19 MB Glut,Glut,4,6.353685,6.4584017,1.0
4833,2870 PAG-MRN Pou3f1 Glut_4,0707 PAG-MRN Pou3f1 Glut_4,165 PAG-MRN Pou3f1 Glut,19 MB Glut,Glut,1,0.0,0.0,0.0
4836,4163 PB-NTS Phox2b Ebf3 Lmx1b Glut_2,0944 PB-NTS Phox2b Ebf3 Lmx1b Glut_2,229 PB-NTS Phox2b Ebf3 Lmx1b Glut,23 P Glut,Glut,23,3.8611639,5.0635095,0.6956521739130435
4838,3964 PB-SUT Tlx3 Lhx2 Glut_1,0903 PB-SUT Tlx3 Lhx2 Glut_1,219 PB-SUT Tlx3 Lhx2 Glut,23 P Glut,Glut,38,5.097228,5.779621,0.8421052631578947
4844,2906 PRC-PAG Tcf7l2 Irx2 Glut_1,0713 PRC-PAG Tcf7l2 Irx2 Glut_1,167 PRC-PAG Tcf7l2 Irx2 Glut,19 MB Glut,Glut,2,6.670346,6.670346,1.0
4852,2979 SPA-SPFm-SPFp-POL-PIL-PoT Sp9 Glut_6,0723 SPA-SPFm-SPFp-POL-PIL-PoT Sp9 Glut_6,168 SPA-SPFm-SPFp-POL-PIL-PoT Sp9 Glut,19 MB Glut,Glut,1,6.116415,6.116415,1.0
4861,2937 SPA-SPFm-SPFp-POL-PIL-PoT Sp9 Glut_1,0718 SPA-SPFm-SPFp-POL-PIL-PoT Sp9 Glut_1,168 SPA-SPFm-SPFp-POL-PIL-PoT Sp9 Glut,19 MB Glut,Glut,1,6.757458,6.757458,1.0
4863,2798 PAG Pou4f3 Glut_1,0694 PAG Pou4f3 Glut_1,161 PAG Pou4f3 Glut,19 MB Glut,Glut,1,7.308792,7.308792,1.0
4870,2806 PAG Pou4f3 Glut_1,0694 PAG Pou4f3 Glut_1,161 PAG Pou4f3 Glut,19 MB Glut,Glut,1,6.6504836,6.6504836,1.0
4885,3201 PAG Pou4f2 Mesi2 Glut_6,0755 PAG Pou4f2 Mesi2 Glut_6,174 PAG Pou4f2 Mesi2 Glut,19 MB Glut,Glut,1,6.2817163,6.2817163,1.0
4916,3361 SCsg Pde5a Glut_1,0785 SCsg Pde5a Glut_1,187 SCsg Pde5a Glut,19 MB Glut,Glut,1,5.5534286,5.5534286,1.0
4936,3226 SCig Foxb1 Glut_2,0761 SCig Foxb1 Glut_2,176 SCig Foxb1 Glut,19 MB Glut,Glut,1,0.0,0.0,0.0
4955,3342 CUN-PPN Evx2 Meis2 Glut_4,0779 CUN-PPN Evx2 Meis2 Glut_4,182 CUN-PPN Evx2 Meis2 Glut,19 MB Glut,Glut,7,2.848783,4.4618354,0.5714285714285714
4956,2826 CUN Evx2 Lhx2 Glut_3,0699 CUN Evx2 Lhx2 Glut_3,162 CUN Evx2 Lhx2 Glut,19 MB Glut,Glut,1,0.0,0.0,0.0
4957,2838 CUN Evx2 Lhx2 Glut_5,0701 CUN Evx2 Lhx2 Glut_5,162 CUN Evx2 Lhx2 Glut,19 MB Glut,Glut,1,5.621942,5.621942,1.0
4959,2820 CUN Evx2 Lhx2 Glut_2,0698 CUN Evx2 Lhx2 Glut_2,162 CUN Evx2 Lhx2 Glut,19 MB Glut,Glut,1,6.9276547,6.9276547,1.0
4961,2828 CUN Evx2 Lhx2 Glut_3,0699 CUN Evx2 Lhx2 Glut_3,162 CUN Evx2 Lhx2 Glut,19 MB Glut,Glut,1,6.9103045,6.9103045,1.0
4962,2813 CUN Evx2 Lhx2 Glut_1,0697 CUN Evx2 Lhx2 Glut_1,162 CUN Evx2 Lhx2 Glut,19 MB Glut,Glut,1,5.8691263,5.8691263,1.0
4963,2814 CUN Evx2 Lhx2 Glut_1,0697 CUN Evx2 Lhx2 Glut_1,162 CUN Evx2 Lhx2 Glut,19 MB Glut,Glut,3,5.183279,4.495939,1.0
4964,3061 PAG-MRN Tfap2b Glut_1,0733 PAG-MRN Tfap2b Glut_1,170 PAG-MRN Tfap2b Glut,19 MB Glut,Glut,1,6.052231,6.052231,1.0
4965,2833 CUN Evx2 Lhx2 Glut_4,0700 CUN Evx2 Lhx2 Glut_4,162 CUN Evx2 Lhx2 Glut,19 MB Glut,Glut,1,5.794052,5.794052,1.0
4970,2823 CUN Evx2 Lhx2 Glut_2,0698 CUN Evx2 Lhx2 Glut_2,162 CUN Evx2 Lhx2 Glut,19 MB Glut,Glut,3,6.2319684,6.077628,1.0
4974,2816 CUN Evx2 Lhx2 Glut_1,0697 CUN Evx2 Lhx2 Glut_1,162 CUN Evx2 Lhx2 Glut,19 MB Glut,Glut,1,6.9056587,6.9056587,1.0
4981,2830 CUN Evx2 Lhx2 Glut_3,0699 CUN Evx2 Lhx2 Glut_3,162 CUN Evx2 Lhx2 Glut,19 MB Glut,Glut,1,4.6358585,4.6358585,1.0
4983,3320 CUN-PPN Evx2 Meis2 Glut_1,0776 CUN-PPN Evx2 Meis2 Glut_1,182 CUN-PPN Evx2 Meis2 Glut,19 MB Glut,Glut,20,5.1748176,5.6721354,0.9
5001,3266 SCiw Pitx2 Glut_1,0767 SCiw Pitx2 Glut_1,180 SCiw Pitx2 Glut,19 MB Glut,Glut,4,6.7688236,6.46043,1.0
5002,3267 SCiw Pitx2 Glut_1,0767 SCiw Pitx2 Glut_1,180 SCiw Pitx2 Glut,19 MB Glut,Glut,3,5.153978,5.1507397,1.0
5003,3268 SCiw Pitx2 Glut_1,0767 SCiw Pitx2 Glut_1,180 SCiw Pitx2 Glut,19 MB Glut,Glut,1,7.685853,7.685853,1.0
5150,5197 CB Granule Glut_1,1154 CB Granule Glut_1,314 CB Granule Glut,29 CB Glut,Glut,404,7.05315,8.055317,0.8539603960396039
5151,5198 CB Granule Glut_1,1154 CB Granule Glut_1,314 CB Granule Glut,29 CB Glut,Glut,5,6.5564756,7.780273,0.8
5152,5199 CB Granule Glut_1,1154 CB Granule Glut_1,314 CB Granule Glut,29 CB Glut,Glut,15,7.8062305,8.494187,0.9333333333333333
5153,5202 DCO UBC Glut_1,1156 DCO UBC Glut_1,315 DCO UBC Glut,29 CB Glut,Glut,164,4.008593,6.1366496,0.5609756097560976
5155,5204 DCO UBC Glut_1,1156 DCO UBC Glut_1,315 DCO UBC Glut,29 CB Glut,Glut,207,4.528259,6.235631,0.6521739130434783
5156,5205 DCO UBC Glut_1,1156 DCO UBC Glut_1,315 DCO UBC Glut,29 CB Glut,Glut,50,4.709096,6.0270643,0.7
5157,5200 CB Granule Glut_2,1155 CB Granule Glut_2,314 CB Granule Glut,29 CB Glut,Glut,2,4.268624,4.268624,0.5
5158,5201 CB Granule Glut_2,1155 CB Granule Glut_2,314 CB Granule Glut,29 CB Glut,Glut,1355,4.639947,7.26875,0.5734317343173432
5203,5269 OPC NN_1,1179 OPC NN_1,326 OPC NN,31 OPC-Oligo,,7584,6.1889143,7.437292,0.8037974683544303
5204,5271 OPC NN_2,1180 OPC NN_2,326 OPC NN,31 OPC-Oligo,,35,6.0705314,7.9365015,0.7428571428571429
5206,5267 OPC NN_1,1179 OPC NN_1,326 OPC NN,31 OPC-Oligo,,28,6.9521894,7.636132,0.9285714285714286
5207,5270 OPC NN_1,1179 OPC NN_1,326 OPC NN,31 OPC-Oligo,,219,6.3633347,7.2875395,0.8538812785388128
5208,5268 OPC NN_1,1179 OPC NN_1,326 OPC NN,31 OPC-Oligo,,28,6.527546,7.4928255,0.8571428571428571
5211,5272 COP NN_1,1181 COP NN_1,327 Oligo NN,31 OPC-Oligo,,647,4.643346,6.3582077,0.6568778979907264
5212,5273 COP NN_1,1181 COP NN_1,327 Oligo NN,31 OPC-Oligo,,227,4.463864,5.9783397,0.6828193832599119
5213,5274 COP NN_1,1181 COP NN_1,327 Oligo NN,31 OPC-Oligo,,29,0.63748324,0.0,0.10344827586206896
5214,5275 COP NN_1,1181 COP NN_1,327 Oligo NN,31 OPC-Oligo,,79,4.2587714,5.772783,0.6708860759493671
5215,5276 COP NN_1,1181 COP NN_1,327 Oligo NN,31 OPC-Oligo,,32,4.2064095,5.3755946,0.65625
5218,5279 NFOL NN_2,1182 NFOL NN_2,327 Oligo NN,31 OPC-Oligo,,51,4.9068885,5.797459,0.803921568627451
5220,5280 NFOL NN_2,1182 NFOL NN_2,327 Oligo NN,31 OPC-Oligo,,71,5.048657,5.971719,0.8169014084507042
5222,5281 NFOL NN_2,1182 NFOL NN_2,327 Oligo NN,31 OPC-Oligo,,36,6.649391,6.988654,0.9444444444444444
5230,5284 MOL NN_4,1184 MOL NN_4,327 Oligo NN,31 OPC-Oligo,,18847,7.29513,7.919687,0.9171220883960312
5231,5285 MOL NN_4,1184 MOL NN_4,327 Oligo NN,31 OPC-Oligo,,28844,7.8962665,8.607173,0.9168631257800582
5232,5286 MOL NN_4,1184 MOL NN_4,327 Oligo NN,31 OPC-Oligo,,1619,6.1385846,6.758608,0.8999382334774553
5233,5287 MOL NN_4,1184 MOL NN_4,327 Oligo NN,31 OPC-Oligo,,186,7.278376,8.178587,0.8763440860215054
5234,5282 MFOL NN_3,1183 MFOL NN_3,327 Oligo NN,31 OPC-Oligo,,521,7.8289714,8.075838,0.9750479846449136
5236,5283 MFOL NN_3,1183 MFOL NN_3,327 Oligo NN,31 OPC-Oligo,,23,7.355077,7.3339024,1.0
5237,5288 MOL NN_4,1184 MOL NN_4,327 Oligo NN,31 OPC-Oligo,,12,8.473994,8.615738,1.0
5243,5304 Peri NN_1,1191 Peri NN_1,331 Peri NN,33 Vascular,,2341,3.0700195,0.0,0.3844510892780863
5244,5306 SMC NN_1,1192 SMC NN_1,332 SMC NN,33 Vascular,,520,3.5148232,0.0,0.45
5248,5305 Peri NN_1,1191 Peri NN_1,331 Peri NN,33 Vascular,,3,2.686058,0.0,0.3333333333333333
5249,5307 SMC NN_1,1192 SMC NN_1,332 SMC NN,33 Vascular,,805,4.9863076,6.883147,0.6596273291925466
5250,5308 SMC NN_1,1192 SMC NN_1,332 SMC NN,33 Vascular,,94,5.076608,6.742295,0.6914893617021277
5252,5309 Endo NN_1,1193 Endo NN_1,333 Endo NN,33 Vascular,,799,4.2126484,6.1833735,0.5857321652065082
5254,5310 Endo NN_1,1193 Endo NN_1,333 Endo NN,33 Vascular,,5851,3.5033498,0.0,0.4542813194325756
5255,5311 Endo NN_1,1193 Endo NN_1,333 Endo NN,33 Vascular,,4111,5.013526,6.80958,0.6813427389929457
5256,5293 ABC NN_1,1186 ABC NN_1,329 ABC NN,33 Vascular,,13,3.1944652,0.0,0.46153846153846156
5257,5294 ABC NN_1,1186 ABC NN_1,329 ABC NN,33 Vascular,,1,7.1126056,7.1126056,1.0
5258,5295 ABC NN_1,1186 ABC NN_1,329 ABC NN,33 Vascular,,5,4.875041,5.2927284,0.8
5259,5296 VLMC NN_1,1187 VLMC NN_1,330 VLMC NN,33 Vascular,,4,3.2364054,2.7500126,0.5
5260,5297 VLMC NN_1,1187 VLMC NN_1,330 VLMC NN,33 Vascular,,4,3.5571983,3.5180752,0.5
5261,5301 VLMC NN_2,1188 VLMC NN_2,330 VLMC NN,33 Vascular,,474,3.602281,0.0,0.4767932489451477
5262,5300 VLMC NN_2,1188 VLMC NN_2,330 VLMC NN,33 Vascular,,104,4.226686,6.197298,0.5673076923076923
5263,5298 VLMC NN_1,1187 VLMC NN_1,330 VLMC NN,33 Vascular,,20,4.5564246,6.135011,0.65
5266,5299 VLMC NN_1,1187 VLMC NN_1,330 VLMC NN,33 Vascular,,23,3.3164937,0.0,0.4782608695652174
5267,5313 BAM NN_1,1195 BAM NN_1,335 BAM NN,34 Immune,,152,4.711705,6.925251,0.618421052631579
5268,5314 BAM NN_1,1195 BAM NN_1,335 BAM NN,34 Immune,,164,4.2435784,6.3053064,0.5853658536585366
5272,5320 ILC NN_2,1199 ILC NN_2,338 Lymphoid NN,34 Immune,,1,0.0,0.0,0.0
5273,5322 T cells NN_4,1201 T cells NN_4,338 Lymphoid NN,34 Immune,,22,1.0272171,0.0,0.13636363636363635
5274,5321 NK cells NN_3,1200 NK cells NN_3,338 Lymphoid NN,34 Immune,,13,0.0,0.0,0.0
5275,5319 B cells NN_1,1198 B cells NN_1,338 Lymphoid NN,34 Immune,,3,2.7060626,0.0,0.3333333333333333
5276,5315 Monocytes NN_1,1196 Monocytes NN_1,336 Monocytes NN,34 Immune,,3,5.5163636,7.475154,0.6666666666666666
5277,5316 DC NN_1,1197 DC NN_1,337 DC NN,34 Immune,,1,0.0,0.0,0.0
5278,5317 DC NN_1,1197 DC NN_1,337 DC NN,34 Immune,,9,5.674554,7.109461,0.7777777777777778
5279,5318 DC NN_1,1197 DC NN_1,337 DC NN,34 Immune,,11,3.7384117,6.5235634,0.5454545454545454
5283,5312 Microglia NN_1,1194 Microglia NN_1,334 Microglia NN,34 Immune,,3580,4.007379,6.493057,0.5237430167597765
8176,4565 VCO Mafa Meis2 Glut_3,1015 VCO Mafa Meis2 Glut_3,254 VCO Mafa Meis2 Glut,24 MY Glut,Glut,1,6.165992,6.165992,1.0
8795,4802 NLL Gata3 Gly-Gaba_1,1074 NLL Gata3 Gly-Gaba_1,278 NLL Gata3 Gly-Gaba,26 P GABA,GABA-Glyc,8,5.27682,5.446901,1.0
8796,4805 NLL Gata3 Gly-Gaba_2,1075 NLL Gata3 Gly-Gaba_2,278 NLL Gata3 Gly-Gaba,26 P GABA,GABA-Glyc,7,5.3043756,6.1655188,0.8571428571428571
8797,4803 NLL Gata3 Gly-Gaba_1,1074 NLL Gata3 Gly-Gaba_1,278 NLL Gata3 Gly-Gaba,26 P GABA,GABA-Glyc,3,6.3151193,6.0830765,1.0
8798,4806 NLL Gata3 Gly-Gaba_3,1076 NLL Gata3 Gly-Gaba_3,278 NLL Gata3 Gly-Gaba,26 P GABA,GABA-Glyc,5,3.2494705,4.6834507,0.6
8799,4807 NLL Gata3 Gly-Gaba_4,1077 NLL Gata3 Gly-Gaba_4,278 NLL Gata3 Gly-Gaba,26 P GABA,GABA-Glyc,10,5.3385305,5.9606323,0.9
8801,4195 NLL-SOC Spp1 Glut_1,0950 NLL-SOC Spp1 Glut_1,233 NLL-SOC Spp1 Glut,23 P Glut,Glut,11,5.7823215,5.681507,1.0
8803,4196 NLL-SOC Spp1 Glut_2,0951 NLL-SOC Spp1 Glut_2,233 NLL-SOC Spp1 Glut,23 P Glut,Glut,6,4.3147826,4.7523437,0.8333333333333334
8861,4804 NLL Gata3 Gly-Gaba_1,1074 NLL Gata3 Gly-Gaba_1,278 NLL Gata3 Gly-Gaba,26 P GABA,GABA-Glyc,170,4.227868,5.1659756,0.7294117647058823
8956,4603 HB Calcb Chol_3,1027 HB Calcb Chol_3,261 HB Calcb Chol,24 MY Glut,Chol,2,0.0,0.0,0.0
8957,4604 HB Calcb Chol_4,1028 HB Calcb Chol_4,261 HB Calcb Chol,24 MY Glut,Chol,1,0.0,0.0,0.0
8958,4605 HB Calcb Chol_5,1029 HB Calcb Chol_5,261 HB Calcb Chol,24 MY Glut,Chol,2,0.0,0.0,0.0
14852,5239 Astroependymal NN_1,1169 Astroependymal NN_1,321 Astroependymal NN,30 Astro-Epen,,1,0.0,0.0,0.0
14862,5207 Astro-CB NN_1,1158 Astro-CB NN_1,317 Astro-CB NN,30 Astro-Epen,,16,1.9337268,0.0,0.25
14869,5208 Astro-NT NN_1,1159 Astro-NT NN_1,318 Astro-NT NN,30 Astro-Epen,,16,1.7374042,0.0,0.25
14873,5206 Bergmann NN_1,1157 Bergmann NN_1,316 Bergmann NN,30 Astro-Epen,,75,2.6737797,0.0,0.38666666666666666
14877,5261 Ependymal NN_2,1176 Ependymal NN_2,323 Ependymal NN,30 Astro-Epen,,3,2.7463167,0.0,0.3333333333333333
14878,5251 Ependymal NN_1,1175 Ependymal NN_1,323 Ependymal NN,30 Astro-Epen,,39,5.3585935,6.377452,0.8461538461538461
14879,5262 Ependymal NN_2,1176 Ependymal NN_2,323 Ependymal NN,30 Astro-Epen,,93,3.4009955,0.0,0.4838709677419355
14881,5255 Ependymal NN_1,1175 Ependymal NN_1,323 Ependymal NN,30 Astro-Epen,,20,4.8648553,5.4653115,0.85
14885,5242 Astroependymal NN_3,1171 Astroependymal NN_3,321 Astroependymal NN,30 Astro-Epen,,14,1.7389978,0.0,0.21428571428571427
14939,5225 Astro-TE NN_3,1163 Astro-TE NN_3,319 Astro-TE NN,30 Astro-Epen,,1,8.293671,8.293671,1.0
14956,5214 Astro-NT NN_2,1160 Astro-NT NN_2,318 Astro-NT NN,30 Astro-Epen,,16022,3.988231,6.4502487,0.5276494819623019
14962,5215 Astro-NT NN_2,1160 Astro-NT NN_2,318 Astro-NT NN,30 Astro-Epen,,10,3.3151813,0.0,0.4
14965,5216 Astro-NT NN_2,1160 Astro-NT NN_2,318 Astro-NT NN,30 Astro-Epen,,8019,4.5018907,6.6096325,0.6096770170844245
14975,5217 Astro-NT NN_2,1160 Astro-NT NN_2,318 Astro-NT NN,30 Astro-Epen,,10,3.907148,3.1845527,0.5
14977,5212 Astro-NT NN_1,1159 Astro-NT NN_1,318 Astro-NT NN,30 Astro-Epen,,80,3.2587993,0.0,0.4375
14980,5209 Astro-NT NN_1,1159 Astro-NT NN_1,318 Astro-NT NN,30 Astro-Epen,,104,3.4415982,0.0,0.49038461538461536
14983,5210 Astro-NT NN_1,1159 Astro-NT NN_1,318 Astro-NT NN,30 Astro-Epen,,42,3.1458218,0.0,0.42857142857142855
14986,5252 Ependymal NN_1,1175 Ependymal NN_1,323 Ependymal NN,30 Astro-Epen,,2,2.999844,2.999844,0.5
14987,5253 Ependymal NN_1,1175 Ependymal NN_1,323 Ependymal NN,30 Astro-Epen,,5,1.3723752,0.0,0.2
14990,5256 Ependymal NN_1,1175 Ependymal NN_1,323 Ependymal NN,30 Astro-Epen,,96,3.4681933,5.1663914,0.5208333333333334
14997,5259 Ependymal NN_1,1175 Ependymal NN_1,323 Ependymal NN,30 Astro-Epen,,127,2.9898925,0.0,0.41732283464566927
15033,4395 PGRN-PARN-MDRN Hoxb5 Glut_6,0978 PGRN-PARN-MDRN Hoxb5 Glut_6,243 PGRN-PARN-MDRN Hoxb5 Glut,24 MY Glut,Glut,2,5.7000275,5.7000275,1.0
15053,4236 NTS Phox2b Glut_1,0959 NTS Phox2b Glut_1,238 NTS Phox2b Glut,24 MY Glut,Glut,3,5.3471847,5.379801,1.0
15055,4396 PGRN-PARN-MDRN Hoxb5 Glut_6,0978 PGRN-PARN-MDRN Hoxb5 Glut_6,243 PGRN-PARN-MDRN Hoxb5 Glut,24 MY Glut,Glut,9,4.1837516,5.6532516,0.6666666666666666
15057,4391 PGRN-PARN-MDRN Hoxb5 Glut_6,0978 PGRN-PARN-MDRN Hoxb5 Glut_6,243 PGRN-PARN-MDRN Hoxb5 Glut,24 MY Glut,Glut,10,4.84516,5.134202,0.9
15062,4399 PGRN-PARN-MDRN Hoxb5 Glut_7,0979 PGRN-PARN-MDRN Hoxb5 Glut_7,243 PGRN-PARN-MDRN Hoxb5 Glut,24 MY Glut,Glut,54,5.270493,5.883031,0.8703703703703703
15063,4400 PGRN-PARN-MDRN Hoxb5 Glut_7,0979 PGRN-PARN-MDRN Hoxb5 Glut_7,243 PGRN-PARN-MDRN Hoxb5 Glut,24 MY Glut,Glut-GABA,9,5.3319654,6.1222444,0.8888888888888888
15067,4401 PGRN-PARN-MDRN Hoxb5 Glut_7,0979 PGRN-PARN-MDRN Hoxb5 Glut_7,243 PGRN-PARN-MDRN Hoxb5 Glut,24 MY Glut,Glut,36,5.0846953,5.908325,0.8333333333333334
15068,4393 PGRN-PARN-MDRN Hoxb5 Glut_6,0978 PGRN-PARN-MDRN Hoxb5 Glut_6,243 PGRN-PARN-MDRN Hoxb5 Glut,24 MY Glut,Glut,1,6.009638,6.009638,1.0
15069,4394 PGRN-PARN-MDRN Hoxb5 Glut_6,0978 PGRN-PARN-MDRN Hoxb5 Glut_6,243 PGRN-PARN-MDRN Hoxb5 Glut,24 MY Glut,Glut,9,5.7889967,5.8807015,1.0
15072,4381 PGRN-PARN-MDRN Hoxb5 Glut_5,0977 PGRN-PARN-MDRN Hoxb5 Glut_5,243 PGRN-PARN-MDRN Hoxb5 Glut,24 MY Glut,Glut,2,5.472792,5.472792,1.0
15074,4402 PGRN-PARN-MDRN Hoxb5 Glut_7,0979 PGRN-PARN-MDRN Hoxb5 Glut_7,243 PGRN-PARN-MDRN Hoxb5 Glut,24 MY Glut,Glut,8,5.60396,5.798724,1.0
15076,4405 PGRN-PARN-MDRN Hoxb5 Glut_7,0979 PGRN-PARN-MDRN Hoxb5 Glut_7,243 PGRN-PARN-MDRN Hoxb5 Glut,24 MY Glut,Glut,3,6.1310525,6.3537397,1.0
15078,4403 PGRN-PARN-MDRN Hoxb5 Glut_7,0979 PGRN-PARN-MDRN Hoxb5 Glut_7,243 PGRN-PARN-MDRN Hoxb5 Glut,24 MY Glut,Glut,24,5.4637723,5.6940684,0.9583333333333334
24410,4397 PGRN-PARN-MDRN Hoxb5 Glut_7,0979 PGRN-PARN-MDRN Hoxb5 Glut_7,243 PGRN-PARN-MDRN Hoxb5 Glut,24 MY Glut,Glut,1,5.134858,5.134858,1.0
24411,4398 PGRN-PARN-MDRN Hoxb5 Glut_7,0979 PGRN-PARN-MDRN Hoxb5 Glut_7,243 PGRN-PARN-MDRN Hoxb5 Glut,24 MY Glut,Glut,1,5.2504,5.2504,1.0
24412,4386 PGRN-PARN-MDRN Hoxb5 Glut_6,0978 PGRN-PARN-MDRN Hoxb5 Glut_6,243 PGRN-PARN-MDRN Hoxb5 Glut,24 MY Glut,Glut,10,4.3395205,5.1257734,0.8
24414,4347 PGRN-PARN-MDRN Hoxb5 Glut_2,0974 PGRN-PARN-MDRN Hoxb5 Glut_2,243 PGRN-PARN-MDRN Hoxb5 Glut,24 MY Glut,Glut-GABA,14,4.8857183,6.0198383,0.7857142857142857
24416,4389 PGRN-PARN-MDRN Hoxb5 Glut_6,0978 PGRN-PARN-MDRN Hoxb5 Glut_6,243 PGRN-PARN-MDRN Hoxb5 Glut,24 MY Glut,Glut,11,4.6106563,5.1966166,0.8181818181818182
24521,4385 PGRN-PARN-MDRN Hoxb5 Glut_6,0978 PGRN-PARN-MDRN Hoxb5 Glut_6,243 PGRN-PARN-MDRN Hoxb5 Glut,24 MY Glut,Glut,1,6.628389,6.628389,1.0
24525,4387 PGRN-PARN-MDRN Hoxb5 Glut_6,0978 PGRN-PARN-MDRN Hoxb5 Glut_6,243 PGRN-PARN-MDRN Hoxb5 Glut,24 MY Glut,Glut,1,5.5330076,5.5330076,1.0
24527,4092 B-PB Nr4a2 Glut_1,0923 B-PB Nr4a2 Glut_1,223 B-PB Nr4a2 Glut,23 P Glut,Glut,24,5.1702757,5.5591736,0.9166666666666666
24532,4093 B-PB Nr4a2 Glut_1,0923 B-PB Nr4a2 Glut_1,223 B-PB Nr4a2 Glut,23 P Glut,Glut,16,4.768951,5.356765,0.875
24533,4094 B-PB Nr4a2 Glut_1,0923 B-PB Nr4a2 Glut_1,223 B-PB Nr4a2 Glut,23 P Glut,Glut,14,5.3770223,6.200326,0.8571428571428571
24534,4098 B-PB Nr4a2 Glut_1,0923 B-PB Nr4a2 Glut_1,223 B-PB Nr4a2 Glut,23 P Glut,Glut,96,4.33828,5.4756775,0.7291666666666666
24535,4097 B-PB Nr4a2 Glut_1,0923 B-PB Nr4a2 Glut_1,223 B-PB Nr4a2 Glut,23 P Glut,Glut,40,5.2383533,5.7431583,0.925
24549,4138 PRNc-PARN Tlx1 Glut_1,0935 PRNc-PARN Tlx1 Glut_1,226 PRNc-PARN Tlx1 Glut,23 P Glut,Glut,6,5.439301,5.3107305,1.0
24553,4136 PRNc-PARN Tlx1 Glut_1,0935 PRNc-PARN Tlx1 Glut_1,226 PRNc-PARN Tlx1 Glut,23 P Glut,Glut,25,3.0817482,4.1716294,0.6
24554,4137 PRNc-PARN Tlx1 Glut_1,0935 PRNc-PARN Tlx1 Glut_1,226 PRNc-PARN Tlx1 Glut,23 P Glut,Glut,39,4.3070426,5.3600316,0.7435897435897436
24555,4139 PRNc-PARN Tlx1 Glut_1,0935 PRNc-PARN Tlx1 Glut_1,226 PRNc-PARN Tlx1 Glut,23 P Glut,Glut,39,4.222789,5.2361813,0.717948717948718
24561,2746 PRC-PAG Pax6 Glut_3,0678 PRC-PAG Pax6 Glut_3,155 PRC-PAG Pax6 Glut,19 MB Glut,Glut,1,6.2943883,6.2943883,1.0
24589,4345 PGRN-PARN-MDRN Hoxb5 Glut_2,0974 PGRN-PARN-MDRN Hoxb5 Glut_2,243 PGRN-PARN-MDRN Hoxb5 Glut,24 MY Glut,Glut,2,6.1193686,6.1193686,1.0
24593,4368 PGRN-PARN-MDRN Hoxb5 Glut_4,0976 PGRN-PARN-MDRN Hoxb5 Glut_4,243 PGRN-PARN-MDRN Hoxb5 Glut,24 MY Glut,Glut,2,8.2446995,8.2446995,1.0
24606,4121 PCG-PRNr Vsx2 Nkx6-1 Glut_6,0930 PCG-PRNr Vsx2 Nkx6-1 Glut_6,224 PCG-PRNr Vsx2 Nkx6-1 Glut,23 P Glut,Glut,8,5.503421,6.473214,0.875
24610,4122 PCG-PRNr Vsx2 Nkx6-1 Glut_6,0930 PCG-PRNr Vsx2 Nkx6-1 Glut_6,224 PCG-PRNr Vsx2 Nkx6-1 Glut,23 P Glut,Glut,3,2.2759395,0.0,0.3333333333333333
24611,4108 PCG-PRNr Vsx2 Nkx6-1 Glut_2,0926 PCG-PRNr Vsx2 Nkx6-1 Glut_2,224 PCG-PRNr Vsx2 Nkx6-1 Glut,23 P Glut,Glut,28,4.8286633,6.187915,0.75
24612,4109 PCG-PRNr Vsx2 Nkx6-1 Glut_2,0926 PCG-PRNr Vsx2 Nkx6-1 Glut_2,224 PCG-PRNr Vsx2 Nkx6-1 Glut,23 P Glut,Glut,9,5.5954494,5.800422,0.8888888888888888
24635,4095 B-PB Nr4a2 Glut_1,0923 B-PB Nr4a2 Glut_1,223 B-PB Nr4a2 Glut,23 P Glut,Glut,85,4.7852154,5.594329,0.8235294117647058
24637,4096 B-PB Nr4a2 Glut_1,0923 B-PB Nr4a2 Glut_1,223 B-PB Nr4a2 Glut,23 P Glut,Glut,27,5.0065923,5.585976,0.8518518518518519
24655,4369 PGRN-PARN-MDRN Hoxb5 Glut_4,0976 PGRN-PARN-MDRN Hoxb5 Glut_4,243 PGRN-PARN-MDRN Hoxb5 Glut,24 MY Glut,Glut,3,7.138723,7.2351336,1.0
24662,4088 PB Evx2 Glut_9,0922 PB Evx2 Glut_9,222 PB Evx2 Glut,23 P Glut,Glut,48,3.6559703,4.846488,0.6666666666666666
24665,4089 PB Evx2 Glut_9,0922 PB Evx2 Glut_9,222 PB Evx2 Glut,23 P Glut,Glut,24,4.045361,5.434336,0.6666666666666666
24666,4090 PB Evx2 Glut_9,0922 PB Evx2 Glut_9,222 PB Evx2 Glut,23 P Glut,Glut,16,4.01357,5.31061,0.6875
24681,4017 LDT-PCG Vsx2 Lhx4 Glut_8,0913 LDT-PCG Vsx2 Lhx4 Glut_8,221 LDT-PCG Vsx2 Lhx4 Glut,23 P Glut,Glut,8,6.060674,6.2929096,1.0
24686,4091 PB Evx2 Glut_9,0922 PB Evx2 Glut_9,222 PB Evx2 Glut,23 P Glut,Glut,48,5.6724358,6.2989626,0.9166666666666666
24688,4153 PSV Pvalb Lhx2 Glut_4,0942 PSV Pvalb Lhx2 Glut_4,228 PSV Pvalb Lhx2 Glut,23 P Glut,Glut,27,3.760542,5.034492,0.6296296296296297
24691,4890 MY Lhx1 Gly-Gaba_3,1091 MY Lhx1 Gly-Gaba_3,285 MY Lhx1 Gly-Gaba,27 MY GABA,GABA-Glyc,1,6.1235304,6.1235304,1.0
24709,4847 MY Lhx1 Gly-Gaba_1,1089 MY Lhx1 Gly-Gaba_1,285 MY Lhx1 Gly-Gaba,27 MY GABA,GABA-Glyc,11,6.475466,6.9085193,1.0
24710,4848 MY Lhx1 Gly-Gaba_1,1089 MY Lhx1 Gly-Gaba_1,285 MY Lhx1 Gly-Gaba,27 MY GABA,GABA-Glyc,9,5.4224358,5.729045,0.8888888888888888
24711,4891 MY Lhx1 Gly-Gaba_3,1091 MY Lhx1 Gly-Gaba_3,285 MY Lhx1 Gly-Gaba,27 MY GABA,GABA-Glyc,10,3.6286952,5.4085484,0.6
24712,4892 MY Lhx1 Gly-Gaba_3,1091 MY Lhx1 Gly-Gaba_3,285 MY Lhx1 Gly-Gaba,27 MY GABA,GABA-Glyc,18,4.860447,5.3478804,0.8333333333333334
24714,4849 MY Lhx1 Gly-Gaba_1,1089 MY Lhx1 Gly-Gaba_1,285 MY Lhx1 Gly-Gaba,27 MY GABA,GABA-Glyc,7,6.0394793,6.1953306,1.0
24715,4873 MY Lhx1 Gly-Gaba_2,1090 MY Lhx1 Gly-Gaba_2,285 MY Lhx1 Gly-Gaba,27 MY GABA,GABA-Glyc,4,4.9171915,6.367761,0.75
24716,4893 MY Lhx1 Gly-Gaba_3,1091 MY Lhx1 Gly-Gaba_3,285 MY Lhx1 Gly-Gaba,27 MY GABA,GABA-Glyc,22,3.7439337,4.6337996,0.6818181818181818
24717,4850 MY Lhx1 Gly-Gaba_1,1089 MY Lhx1 Gly-Gaba_1,285 MY Lhx1 Gly-Gaba,27 MY GABA,GABA-Glyc,1,4.7828655,4.7828655,1.0
24725,4851 MY Lhx1 Gly-Gaba_1,1089 MY Lhx1 Gly-Gaba_1,285 MY Lhx1 Gly-Gaba,27 MY GABA,GABA-Glyc,9,6.270253,6.4352264,1.0
24739,4878 MY Lhx1 Gly-Gaba_2,1090 MY Lhx1 Gly-Gaba_2,285 MY Lhx1 Gly-Gaba,27 MY GABA,GABA-Glyc,4,4.654802,6.0224,0.75
24740,4879 MY Lhx1 Gly-Gaba_2,1090 MY Lhx1 Gly-Gaba_2,285 MY Lhx1 Gly-Gaba,27 MY GABA,GABA-Glyc,1,6.928357,6.928357,1.0
24741,4852 MY Lhx1 Gly-Gaba_1,1089 MY Lhx1 Gly-Gaba_1,285 MY Lhx1 Gly-Gaba,27 MY GABA,GABA-Glyc,1,5.600559,5.600559,1.0
24742,4853 MY Lhx1 Gly-Gaba_1,1089 MY Lhx1 Gly-Gaba_1,285 MY Lhx1 Gly-Gaba,27 MY GABA,GABA-Glyc,5,4.031086,6.293248,0.6
24744,4854 MY Lhx1 Gly-Gaba_1,1089 MY Lhx1 Gly-Gaba_1,285 MY Lhx1 Gly-Gaba,27 MY GABA,GABA-Glyc,69,5.7548122,6.2410393,0.927536231884058
24746,4855 MY Lhx1 Gly-Gaba_1,1089 MY Lhx1 Gly-Gaba_1,285 MY Lhx1 Gly-Gaba,27 MY GABA,GABA-Glyc,14,4.2095275,5.7468443,0.7142857142857143
24747,4856 MY Lhx1 Gly-Gaba_1,1089 MY Lhx1 Gly-Gaba_1,285 MY Lhx1 Gly-Gaba,27 MY GABA,GABA-Glyc,15,5.7077413,6.340192,0.8666666666666667
34147,4925 MY Lhx1 Gly-Gaba_8,1096 MY Lhx1 Gly-Gaba_8,285 MY Lhx1 Gly-Gaba,27 MY GABA,GABA-Glyc,4,4.714549,5.8193274,0.75
34177,4857 MY Lhx1 Gly-Gaba_1,1089 MY Lhx1 Gly-Gaba_1,285 MY Lhx1 Gly-Gaba,27 MY GABA,GABA-Glyc,13,4.857841,5.82229,0.8461538461538461
34178,4858 MY Lhx1 Gly-Gaba_1,1089 MY Lhx1 Gly-Gaba_1,285 MY Lhx1 Gly-Gaba,27 MY GABA,GABA-Glyc,3,6.066391,6.103302,1.0
34179,4859 MY Lhx1 Gly-Gaba_1,1089 MY Lhx1 Gly-Gaba_1,285 MY Lhx1 Gly-Gaba,27 MY GABA,GABA-Glyc,11,5.7855687,5.7891207,1.0
34180,4860 MY Lhx1 Gly-Gaba_1,1089 MY Lhx1 Gly-Gaba_1,285 MY Lhx1 Gly-Gaba,27 MY GABA,GABA-Glyc,11,5.01862,5.098134,0.9090909090909091
34181,4861 MY Lhx1 Gly-Gaba_1,1089 MY Lhx1 Gly-Gaba_1,285 MY Lhx1 Gly-Gaba,27 MY GABA,GABA-Glyc,16,5.6127334,6.32188,0.9375
34182,4862 MY Lhx1 Gly-Gaba_1,1089 MY Lhx1 Gly-Gaba_1,285 MY Lhx1 Gly-Gaba,27 MY GABA,GABA-Glyc,16,5.228946,5.7648325,0.875
34184,4863 MY Lhx1 Gly-Gaba_1,1089 MY Lhx1 Gly-Gaba_1,285 MY Lhx1 Gly-Gaba,27 MY GABA,GABA-Glyc,38,5.046468,5.2935667,0.8947368421052632
34185,4864 MY Lhx1 Gly-Gaba_1,1089 MY Lhx1 Gly-Gaba_1,285 MY Lhx1 Gly-Gaba,27 MY GABA,GABA,7,5.986383,6.4778485,1.0
34187,5008 RPA Pax6 Hoxb5 Gly-Gaba_1,1116 RPA Pax6 Hoxb5 Gly-Gaba_1,296 RPA Pax6 Hoxb5 Gly-Gaba,27 MY GABA,GABA-Glyc,7,4.0487385,5.3659096,0.7142857142857143
34190,4894 MY Lhx1 Gly-Gaba_3,1091 MY Lhx1 Gly-Gaba_3,285 MY Lhx1 Gly-Gaba,27 MY GABA,GABA-Glyc,19,4.5005026,4.7541847,0.7894736842105263
34197,4923 MY Lhx1 Gly-Gaba_7,1095 MY Lhx1 Gly-Gaba_7,285 MY Lhx1 Gly-Gaba,27 MY GABA,GABA-Glyc,11,4.5113463,5.654403,0.8181818181818182
34198,4867 MY Lhx1 Gly-Gaba_1,1089 MY Lhx1 Gly-Gaba_1,285 MY Lhx1 Gly-Gaba,27 MY GABA,GABA-Glyc,20,3.910643,5.517316,0.65
34199,4895 MY Lhx1 Gly-Gaba_3,1091 MY Lhx1 Gly-Gaba_3,285 MY Lhx1 Gly-Gaba,27 MY GABA,GABA-Glyc,12,2.3471925,0.0,0.4166666666666667
34200,4896 MY Lhx1 Gly-Gaba_3,1091 MY Lhx1 Gly-Gaba_3,285 MY Lhx1 Gly-Gaba,27 MY GABA,GABA-Glyc,26,4.2674417,5.7287416,0.6923076923076923
34202,4897 MY Lhx1 Gly-Gaba_3,1091 MY Lhx1 Gly-Gaba_3,285 MY Lhx1 Gly-Gaba,27 MY GABA,GABA-Glyc,21,5.011893,5.8600183,0.8571428571428571
34226,4885 MY Lhx1 Gly-Gaba_2,1090 MY Lhx1 Gly-Gaba_2,285 MY Lhx1 Gly-Gaba,27 MY GABA,GABA-Glyc,3,5.9506955,6.2871046,1.0
34236,4889 MY Lhx1 Gly-Gaba_2,1090 MY Lhx1 Gly-Gaba_2,285 MY Lhx1 Gly-Gaba,27 MY GABA,GABA-Glyc,3,3.907774,5.2518325,0.6666666666666666
34308,4932 PPY-PGRNl Vip Glyc-Gaba_1,1098 PPY-PGRNl Vip Glyc-Gaba_1,286 PPY-PGRNl Vip Glyc-Gaba,27 MY GABA,GABA-Glyc,1,4.9528847,4.9528847,1.0
34311,4934 PPY-PGRNl Vip Glyc-Gaba_1,1098 PPY-PGRNl Vip Glyc-Gaba_1,286 PPY-PGRNl Vip Glyc-Gaba,27 MY GABA,GABA-Glyc,1,5.0126476,5.0126476,1.0
34316,4930 MY Lhx1 Gly-Gaba_9,1097 MY Lhx1 Gly-Gaba_9,285 MY Lhx1 Gly-Gaba,27 MY GABA,GABA-Glyc,2,3.8254564,3.8254564,1.0
34328,4921 MY Lhx1 Gly-Gaba_6,1094 MY Lhx1 Gly-Gaba_6,285 MY Lhx1 Gly-Gaba,27 MY GABA,GABA-Glyc,3,4.116437,5.4349046,0.6666666666666666
34330,4922 MY Lhx1 Gly-Gaba_6,1094 MY Lhx1 Gly-Gaba_6,285 MY Lhx1 Gly-Gaba,27 MY GABA,GABA-Glyc,2,0.0,0.0,0.0
34340,4898 MY Lhx1 Gly-Gaba_3,1091 MY Lhx1 Gly-Gaba_3,285 MY Lhx1 Gly-Gaba,27 MY GABA,GABA-Glyc,14,3.6246223,5.2759223,0.5714285714285714
34342,4899 MY Lhx1 Gly-Gaba_3,1091 MY Lhx1 Gly-Gaba_3,285 MY Lhx1 Gly-Gaba,27 MY GABA,GABA,34,4.4400215,5.5345545,0.7352941176470589
34348,4868 PGRN-PARN-MDRN Hoxb5 Glut_7,0979 PGRN-PARN-MDRN Hoxb5 Glut_7,243 PGRN-PARN-MDRN Hoxb5 Glut,24 MY Glut,Glut,19,4.960616,5.317958,0.9473684210526315
34361,4869 MY Lhx1 Gly-Gaba_1,1089 MY Lhx1 Gly-Gaba_1,285 MY Lhx1 Gly-Gaba,27 MY GABA,GABA-Glyc,1,4.6768584,4.6768584,1.0
34362,4931 MY Lhx1 Gly-Gaba_9,1097 MY Lhx1 Gly-Gaba_9,285 MY Lhx1 Gly-Gaba,27 MY GABA,GABA-Glyc,1,6.317543,6.317543,1.0
34363,4870 MY Lhx1 Gly-Gaba_1,1089 MY Lhx1 Gly-Gaba_1,285 MY Lhx1 Gly-Gaba,27 MY GABA,Chol,2,2.6505795,2.6505795,0.5
34372,4901 MY Lhx1 Gly-Gaba_3,1091 MY Lhx1 Gly-Gaba_3,285 MY Lhx1 Gly-Gaba,27 MY GABA,GABA-Glyc,22,3.8507395,5.1432314,0.6818181818181818
34374,4902 MY Lhx1 Gly-Gaba_3,1091 MY Lhx1 Gly-Gaba_3,285 MY Lhx1 Gly-Gaba,27 MY GABA,GABA-Glyc,28,3.6089647,4.6555424,0.6428571428571429
34376,4903 MY Lhx1 Gly-Gaba_3,1091 MY Lhx1 Gly-Gaba_3,285 MY Lhx1 Gly-Gaba,27 MY GABA,GABA-Glyc,27,4.2830014,5.1449914,0.7407407407407407
