cluster_alias,cluster,supertype,subclass,class,neurotransmitter,n_cells,mean_Kif13a,median_Kif13a,fraction_expressing
297,0401 CA2-FC-IG Glut_2,0101 CA2-FC-IG Glut_2,025 CA2-FC-IG Glut,01 IT-ET Glut,Glut,1,4.2607727,4.2607727,1.0
303,0338 L2/3 IT PPP Glut_3,0086 L2/3 IT PPP Glut_3,019 L2/3 IT PPP Glut,01 IT-ET Glut,Glut,2,5.8297005,5.8297005,1.0
304,0339 L2/3 IT PPP Glut_3,0086 L2/3 IT PPP Glut_3,019 L2/3 IT PPP Glut,01 IT-ET Glut,Glut,1,4.8106656,4.8106656,1.0
328,0262 CA1-ProS Glut_1,0069 CA1-ProS Glut_1,016 CA1-ProS Glut,01 IT-ET Glut,Glut,75,3.895805,4.6555634,0.76
329,0263 CA1-ProS Glut_1,0069 CA1-ProS Glut_1,016 CA1-ProS Glut,01 IT-ET Glut,Glut,16,3.7992115,4.1384525,0.8125
343,0289 CA1-ProS Glut_5,0073 CA1-ProS Glut_5,016 CA1-ProS Glut,01 IT-ET Glut,Glut,2,4.0103827,4.0103827,1.0
346,0271 CA1-ProS Glut_2,0070 CA1-ProS Glut_2,016 CA1-ProS Glut,01 IT-ET Glut,Glut,1,0.0,0.0,0.0
348,0272 CA1-ProS Glut_2,0070 CA1-ProS Glut_2,016 CA1-ProS Glut,01 IT-ET Glut,Glut,2,5.0090485,5.0090485,1.0
350,0284 CA1-ProS Glut_4,0072 CA1-ProS Glut_4,016 CA1-ProS Glut,01 IT-ET Glut,Glut,1,0.0,0.0,0.0
352,0273 CA1-ProS Glut_2,0070 CA1-ProS Glut_2,016 CA1-ProS Glut,01 IT-ET Glut,Glut,5,3.893721,4.243937,0.8
353,0274 CA1-ProS Glut_2,0070 CA1-ProS Glut_2,016 CA1-ProS Glut,01 IT-ET Glut,Glut,3,1.7076497,0.0,0.3333333333333333
354,0286 CA1-ProS Glut_4,0072 CA1-ProS Glut_4,016 CA1-ProS Glut,01 IT-ET Glut,Glut,5,2.7784336,4.4300346,0.6
358,0269 CA1-ProS Glut_1,0069 CA1-ProS Glut_1,016 CA1-ProS Glut,01 IT-ET Glut,Glut,4,3.5024462,4.020959,0.75
359,0270 CA1-ProS Glut_1,0069 CA1-ProS Glut_1,016 CA1-ProS Glut,01 IT-ET Glut,Glut,1,5.115004,5.115004,1.0
361,0275 CA1-ProS Glut_2,0070 CA1-ProS Glut_2,016 CA1-ProS Glut,01 IT-ET Glut,Glut,3,3.1786578,4.411696,0.6666666666666666
364,0281 CA1-ProS Glut_3,0071 CA1-ProS Glut_3,016 CA1-ProS Glut,01 IT-ET Glut,Glut,1,0.0,0.0,0.0
415,0303 CA3 Glut_2,0076 CA3 Glut_2,017 CA3 Glut,01 IT-ET Glut,Glut,2,2.249264,2.249264,0.5
418,0317 CA3 Glut_5,0079 CA3 Glut_5,017 CA3 Glut,01 IT-ET Glut,Glut,2,5.6597366,5.6597366,1.0
419,0313 CA3 Glut_4,0078 CA3 Glut_4,017 CA3 Glut,01 IT-ET Glut,Glut,1,0.0,0.0,0.0
420,0314 CA3 Glut_4,0078 CA3 Glut_4,017 CA3 Glut,01 IT-ET Glut,Glut,2,4.152935,4.152935,1.0
421,0315 CA3 Glut_4,0078 CA3 Glut_4,017 CA3 Glut,01 IT-ET Glut,Glut,1,4.7053385,4.7053385,1.0
422,0296 CA3 Glut_1,0075 CA3 Glut_1,017 CA3 Glut,01 IT-ET Glut,Glut,4,3.5114546,4.401862,0.75
423,0312 CA3 Glut_3,0077 CA3 Glut_3,017 CA3 Glut,01 IT-ET Glut,Glut,1,3.8944645,3.8944645,1.0
424,0307 CA3 Glut_3,0077 CA3 Glut_3,017 CA3 Glut,01 IT-ET Glut,Glut,1,5.71326,5.71326,1.0
426,0304 CA3 Glut_2,0076 CA3 Glut_2,017 CA3 Glut,01 IT-ET Glut,Glut,1,4.885077,4.885077,1.0
432,0309 CA3 Glut_3,0077 CA3 Glut_3,017 CA3 Glut,01 IT-ET Glut,Glut,3,2.9992115,3.7348785,0.6666666666666666
536,0785 Sst Gaba_6,0219 Sst Gaba_6,053 Sst Gaba,07 CTX-MGE GABA,GABA,2,2.0261388,2.0261388,0.5
537,0786 Sst Gaba_6,0219 Sst Gaba_6,053 Sst Gaba,07 CTX-MGE GABA,GABA,1,0.0,0.0,0.0
543,0772 Sst Gaba_3,0216 Sst Gaba_3,053 Sst Gaba,07 CTX-MGE GABA,GABA,1,4.8668227,4.8668227,1.0
608,0737 Pvalb Gaba_2,0206 Pvalb Gaba_2,052 Pvalb Gaba,07 CTX-MGE GABA,GABA,1,5.592075,5.592075,1.0
613,0732 Pvalb chandelier Gaba_1,0204 Pvalb chandelier Gaba_1,051 Pvalb chandelier Gaba,07 CTX-MGE GABA,GABA,3,2.863273,4.132813,0.6666666666666666
614,0733 Pvalb chandelier Gaba_1,0204 Pvalb chandelier Gaba_1,051 Pvalb chandelier Gaba,07 CTX-MGE GABA,GABA,1,5.1399393,5.1399393,1.0
615,0638 Vip Gaba_4,0176 Vip Gaba_4,046 Vip Gaba,06 CTX-CGE GABA,GABA,1,5.4554553,5.4554553,1.0
616,0661 Vip Gaba_11,0183 Vip Gaba_11,046 Vip Gaba,06 CTX-CGE GABA,GABA,1,0.0,0.0,0.0
625,0676 Sncg Gaba_3,0187 Sncg Gaba_3,047 Sncg Gaba,06 CTX-CGE GABA,GABA,2,2.5479038,2.5479038,0.5
630,0641 Vip Gaba_5,0177 Vip Gaba_5,046 Vip Gaba,06 CTX-CGE GABA,GABA,1,6.19402,6.19402,1.0
633,0627 Vip Gaba_2,0174 Vip Gaba_2,046 Vip Gaba,06 CTX-CGE GABA,GABA,1,0.0,0.0,0.0
635,0629 Vip Gaba_2,0174 Vip Gaba_2,046 Vip Gaba,06 CTX-CGE GABA,GABA,1,0.0,0.0,0.0
642,0669 Sncg Gaba_2,0186 Sncg Gaba_2,047 Sncg Gaba,06 CTX-CGE GABA,GABA,1,7.207921,7.207921,1.0
644,0654 Vip Gaba_9,0181 Vip Gaba_9,046 Vip Gaba,06 CTX-CGE GABA,GABA,1,4.44935,4.44935,1.0
647,0650 Vip Gaba_7,0179 Vip Gaba_7,046 Vip Gaba,06 CTX-CGE GABA,GABA,1,0.0,0.0,0.0
650,0651 Vip Gaba_7,0179 Vip Gaba_7,046 Vip Gaba,06 CTX-CGE GABA,GABA,1,0.0,0.0,0.0
665,0679 Sncg Gaba_5,0189 Sncg Gaba_5,047 Sncg Gaba,06 CTX-CGE GABA,GABA,1,0.0,0.0,0.0
668,0697 RHP-COA Ndnf Gaba_4,0196 RHP-COA Ndnf Gaba_4,048 RHP-COA Ndnf Gaba,06 CTX-CGE GABA,Glut-GABA,1,5.5043554,5.5043554,1.0
669,0698 RHP-COA Ndnf Gaba_4,0196 RHP-COA Ndnf Gaba_4,048 RHP-COA Ndnf Gaba,06 CTX-CGE GABA,GABA,1,5.7742276,5.7742276,1.0
670,0686 RHP-COA Ndnf Gaba_1,0193 RHP-COA Ndnf Gaba_1,048 RHP-COA Ndnf Gaba,06 CTX-CGE GABA,GABA,1,0.0,0.0,0.0
676,0703 RHP-COA Ndnf Gaba_5,0197 RHP-COA Ndnf Gaba_5,048 RHP-COA Ndnf Gaba,06 CTX-CGE GABA,GABA,1,3.8530235,3.8530235,1.0
678,0687 RHP-COA Ndnf Gaba_1,0193 RHP-COA Ndnf Gaba_1,048 RHP-COA Ndnf Gaba,06 CTX-CGE GABA,GABA,1,0.0,0.0,0.0
684,0678 Sncg Gaba_4,0188 Sncg Gaba_4,047 Sncg Gaba,06 CTX-CGE GABA,Glut-GABA,1,0.0,0.0,0.0
686,0625 Vip Gaba_1,0173 Vip Gaba_1,046 Vip Gaba,06 CTX-CGE GABA,GABA,1,5.7710733,5.7710733,1.0
689,0666 Sncg Gaba_1,0185 Sncg Gaba_1,047 Sncg Gaba,06 CTX-CGE GABA,GABA,1,3.808053,3.808053,1.0
703,0708 Lamp5 Gaba_1,0199 Lamp5 Gaba_1,049 Lamp5 Gaba,06 CTX-CGE GABA,GABA,15,3.392949,5.207473,0.6
705,0710 Lamp5 Gaba_1,0199 Lamp5 Gaba_1,049 Lamp5 Gaba,06 CTX-CGE GABA,GABA,2,6.5842485,6.5842485,1.0
714,0718 Lamp5 Gaba_2,0200 Lamp5 Gaba_2,049 Lamp5 Gaba,06 CTX-CGE GABA,GABA,1,6.661787,6.661787,1.0
726,0731 Lamp5 Lhx6 Gaba_1,0203 Lamp5 Lhx6 Gaba_1,050 Lamp5 Lhx6 Gaba,07 CTX-MGE GABA,GABA,1,4.830543,4.830543,1.0
727,0728 Lamp5 Lhx6 Gaba_1,0203 Lamp5 Lhx6 Gaba_1,050 Lamp5 Lhx6 Gaba,07 CTX-MGE GABA,GABA,1,0.0,0.0,0.0
729,0726 Lamp5 Lhx6 Gaba_1,0203 Lamp5 Lhx6 Gaba_1,050 Lamp5 Lhx6 Gaba,07 CTX-MGE GABA,GABA,2,2.3910456,2.3910456,0.5
1303,0561 OB-in Frmd7 Gaba_5,0154 OB-in Frmd7 Gaba_5,041 OB-in Frmd7 Gaba,05 OB-IMN GABA,GABA,1,0.0,0.0,0.0
1367,0598 OB-STR-CTX Inh IMN_1,0166 OB-STR-CTX Inh IMN_1,045 OB-STR-CTX Inh IMN,05 OB-IMN GABA,,1,7.0797005,7.0797005,1.0
1372,0513 DG-PIR Ex IMN_2,0141 DG-PIR Ex IMN_2,038 DG-PIR Ex IMN,04 DG-IMN Glut,Glut,2,0.0,0.0,0.0
1399,0503 DG Glut_1,0136 DG Glut_1,037 DG Glut,04 DG-IMN Glut,Glut,1,7.333155,7.333155,1.0
1403,0505 DG Glut_2,0137 DG Glut_2,037 DG Glut,04 DG-IMN Glut,Glut,1,0.0,0.0,0.0
1405,0507 DG Glut_2,0137 DG Glut_2,037 DG Glut,04 DG-IMN Glut,Glut,3,1.635115,0.0,0.3333333333333333
1407,0510 DG Glut_4,0139 DG Glut_4,037 DG Glut,04 DG-IMN Glut,Glut,3,0.0,0.0,0.0
1525,1548 BST-MPN Six3 Nrgn Gaba_4,0423 BST-MPN Six3 Nrgn Gaba_4,090 BST-MPN Six3 Nrgn Gaba,11 CNU-HYa GABA,GABA,1,5.411578,5.411578,1.0
1615,2064 MS-SF Bsx Glut_1,0518 MS-SF Bsx Glut_1,115 MS-SF Bsx Glut,13 CNU-HYa Glut,Glut,1,5.3298798,5.3298798,1.0
1648,1715 ZI Pax6 Gaba_1,0459 ZI Pax6 Gaba_1,101 ZI Pax6 Gaba,12 HY GABA,GABA,1,0.0,0.0,0.0
1649,1730 ZI Pax6 Gaba_3,0461 ZI Pax6 Gaba_3,101 ZI Pax6 Gaba,12 HY GABA,GABA,2,2.7753043,2.7753043,0.5
1655,1815 PVHd-DMH Lhx6 Gaba_1,0474 PVHd-DMH Lhx6 Gaba_1,103 PVHd-DMH Lhx6 Gaba,12 HY GABA,GABA,1,7.75016,7.75016,1.0
1657,1832 PVHd-DMH Lhx6 Gaba_3,0476 PVHd-DMH Lhx6 Gaba_3,103 PVHd-DMH Lhx6 Gaba,12 HY GABA,GABA,2,6.3592253,6.3592253,1.0
1658,1717 ZI Pax6 Gaba_1,0459 ZI Pax6 Gaba_1,101 ZI Pax6 Gaba,12 HY GABA,GABA,13,5.0529323,5.8302846,0.8461538461538461
1659,1731 ZI Pax6 Gaba_3,0461 ZI Pax6 Gaba_3,101 ZI Pax6 Gaba,12 HY GABA,GABA,4,5.867216,5.9756775,1.0
1662,1718 ZI Pax6 Gaba_1,0459 ZI Pax6 Gaba_1,101 ZI Pax6 Gaba,12 HY GABA,GABA,3,1.8754834,0.0,0.3333333333333333
1664,1818 PVHd-DMH Lhx6 Gaba_1,0474 PVHd-DMH Lhx6 Gaba_1,103 PVHd-DMH Lhx6 Gaba,12 HY GABA,GABA,1,6.2751694,6.2751694,1.0
1668,1721 ZI Pax6 Gaba_1,0459 ZI Pax6 Gaba_1,101 ZI Pax6 Gaba,12 HY GABA,GABA,1,0.0,0.0,0.0
1669,1820 PVHd-DMH Lhx6 Gaba_1,0474 PVHd-DMH Lhx6 Gaba_1,103 PVHd-DMH Lhx6 Gaba,12 HY GABA,GABA,18,5.1560564,5.4634805,0.8888888888888888
1670,1722 ZI Pax6 Gaba_1,0459 ZI Pax6 Gaba_1,101 ZI Pax6 Gaba,12 HY GABA,GABA,4,6.468871,6.4783325,1.0
1673,1833 PVHd-DMH Lhx6 Gaba_3,0476 PVHd-DMH Lhx6 Gaba_3,103 PVHd-DMH Lhx6 Gaba,12 HY GABA,GABA,1,7.570888,7.570888,1.0
1694,1752 ZI Pax6 Gaba_6,0464 ZI Pax6 Gaba_6,101 ZI Pax6 Gaba,12 HY GABA,GABA,3,6.560314,6.404222,1.0
1700,1741 ZI Pax6 Gaba_4,0462 ZI Pax6 Gaba_4,101 ZI Pax6 Gaba,12 HY GABA,GABA,5,6.493641,6.3605194,1.0
1703,1744 ZI Pax6 Gaba_4,0462 ZI Pax6 Gaba_4,101 ZI Pax6 Gaba,12 HY GABA,GABA,1,4.6921425,4.6921425,1.0
1704,1753 ZI Pax6 Gaba_6,0464 ZI Pax6 Gaba_6,101 ZI Pax6 Gaba,12 HY GABA,GABA,9,5.23074,5.632896,0.8888888888888888
1705,1754 ZI Pax6 Gaba_6,0464 ZI Pax6 Gaba_6,101 ZI Pax6 Gaba,12 HY GABA,GABA,1,4.8104024,4.8104024,1.0
1706,1755 ZI Pax6 Gaba_6,0464 ZI Pax6 Gaba_6,101 ZI Pax6 Gaba,12 HY GABA,GABA,3,4.076714,4.611338,0.6666666666666666
1713,1728 ZI Pax6 Gaba_2,0460 ZI Pax6 Gaba_2,101 ZI Pax6 Gaba,12 HY GABA,GABA,1,6.445019,6.445019,1.0
1720,1757 ZI Pax6 Gaba_6,0464 ZI Pax6 Gaba_6,101 ZI Pax6 Gaba,12 HY GABA,GABA,1,7.66693,7.66693,1.0
1723,1775 ZI Pax6 Gaba_9,0467 ZI Pax6 Gaba_9,101 ZI Pax6 Gaba,12 HY GABA,GABA,1,6.7186193,6.7186193,1.0
1724,1595 RT-ZI Gnb3 Gaba_4,0434 RT-ZI Gnb3 Gaba_4,093 RT-ZI Gnb3 Gaba,12 HY GABA,GABA,20,3.720202,4.819546,0.65
1725,1766 ZI Pax6 Gaba_8,0466 ZI Pax6 Gaba_8,101 ZI Pax6 Gaba,12 HY GABA,GABA,8,5.980476,6.5845904,0.875
1726,1776 ZI Pax6 Gaba_9,0467 ZI Pax6 Gaba_9,101 ZI Pax6 Gaba,12 HY GABA,GABA,4,6.1379156,6.1887836,1.0
1727,1767 ZI Pax6 Gaba_8,0466 ZI Pax6 Gaba_8,101 ZI Pax6 Gaba,12 HY GABA,GABA,3,1.4622412,0.0,0.3333333333333333
1728,1626 PVHd-SBPV Six3 Prox1 Gaba_1,0442 PVHd-SBPV Six3 Prox1 Gaba_1,097 PVHd-SBPV Six3 Prox1 Gaba,12 HY GABA,GABA,3,5.903284,5.6927285,1.0
1729,1768 ZI Pax6 Gaba_8,0466 ZI Pax6 Gaba_8,101 ZI Pax6 Gaba,12 HY GABA,GABA,5,6.030213,6.08919,1.0
1730,1596 RT-ZI Gnb3 Gaba_4,0434 RT-ZI Gnb3 Gaba_4,093 RT-ZI Gnb3 Gaba,12 HY GABA,GABA,18,3.7603383,4.723588,0.6666666666666666
1742,1770 ZI Pax6 Gaba_8,0466 ZI Pax6 Gaba_8,101 ZI Pax6 Gaba,12 HY GABA,GABA,1,6.1375256,6.1375256,1.0
1743,1771 ZI Pax6 Gaba_8,0466 ZI Pax6 Gaba_8,101 ZI Pax6 Gaba,12 HY GABA,GABA,16,4.3977294,5.56586,0.75
1745,1777 ZI Pax6 Gaba_9,0467 ZI Pax6 Gaba_9,101 ZI Pax6 Gaba,12 HY GABA,GABA,2,6.502139,6.502139,1.0
1757,1980 LGv-ZI Otx2 Gaba_4,0499 LGv-ZI Otx2 Gaba_4,109 LGv-ZI Otx2 Gaba,12 HY GABA,GABA,4,5.8749485,5.8629866,1.0
1758,1736 ZI Pax6 Gaba_3,0461 ZI Pax6 Gaba_3,101 ZI Pax6 Gaba,12 HY GABA,GABA,12,5.2764263,5.250286,0.9166666666666666
1759,1737 ZI Pax6 Gaba_3,0461 ZI Pax6 Gaba_3,101 ZI Pax6 Gaba,12 HY GABA,GABA,3,5.769666,6.0215497,1.0
1760,1784 ZI Pax6 Gaba_11,0469 ZI Pax6 Gaba_11,101 ZI Pax6 Gaba,12 HY GABA,GABA,1,5.968508,5.968508,1.0
1770,1738 ZI Pax6 Gaba_3,0461 ZI Pax6 Gaba_3,101 ZI Pax6 Gaba,12 HY GABA,GABA,19,5.4071927,6.2584667,0.8421052631578947
1771,1987 LGv-ZI Otx2 Gaba_5,0500 LGv-ZI Otx2 Gaba_5,109 LGv-ZI Otx2 Gaba,12 HY GABA,GABA,5,4.1019278,5.0706105,0.8
1775,1724 ZI Pax6 Gaba_1,0459 ZI Pax6 Gaba_1,101 ZI Pax6 Gaba,12 HY GABA,GABA,1,6.6836987,6.6836987,1.0
1777,1786 ZI Pax6 Gaba_11,0469 ZI Pax6 Gaba_11,101 ZI Pax6 Gaba,12 HY GABA,GABA,2,3.1768556,3.1768556,0.5
1778,1983 LGv-ZI Otx2 Gaba_4,0499 LGv-ZI Otx2 Gaba_4,109 LGv-ZI Otx2 Gaba,12 HY GABA,GABA,2,0.0,0.0,0.0
1791,1600 RT-ZI Gnb3 Gaba_5,0435 RT-ZI Gnb3 Gaba_5,093 RT-ZI Gnb3 Gaba,12 HY GABA,GABA,4,4.9582257,6.480132,0.75
1794,1603 RT-ZI Gnb3 Gaba_5,0435 RT-ZI Gnb3 Gaba_5,093 RT-ZI Gnb3 Gaba,12 HY GABA,GABA,1,5.329769,5.329769,1.0
1801,1599 RT-ZI Gnb3 Gaba_4,0434 RT-ZI Gnb3 Gaba_4,093 RT-ZI Gnb3 Gaba,12 HY GABA,GABA,19,4.4552126,5.5257688,0.7368421052631579
1938,2250 MPN-MPO-PVpo Hmx2 Glut_3,0548 MPN-MPO-PVpo Hmx2 Glut_3,124 MPN-MPO-PVpo Hmx2 Glut,14 HY Glut,Glut,1,0.0,0.0,0.0
1952,2263 DMH Hmx2 Glut_1,0552 DMH Hmx2 Glut_1,125 DMH Hmx2 Glut,14 HY Glut,Glut-GABA,1,7.03348,7.03348,1.0
2040,1637 PVHd-SBPV Six3 Prox1 Gaba_2,0443 PVHd-SBPV Six3 Prox1 Gaba_2,097 PVHd-SBPV Six3 Prox1 Gaba,12 HY GABA,GABA,1,0.0,0.0,0.0
2059,1797 DMH-LHA Gsx1 Gaba_2,0471 DMH-LHA Gsx1 Gaba_2,102 DMH-LHA Gsx1 Gaba,12 HY GABA,GABA,1,5.8080683,5.8080683,1.0
2066,1805 DMH-LHA Gsx1 Gaba_2,0471 DMH-LHA Gsx1 Gaba_2,102 DMH-LHA Gsx1 Gaba,12 HY GABA,GABA,1,6.600662,6.600662,1.0
2067,1808 DMH-LHA Gsx1 Gaba_2,0471 DMH-LHA Gsx1 Gaba_2,102 DMH-LHA Gsx1 Gaba,12 HY GABA,GABA,2,5.6239114,5.6239114,1.0
2068,1809 DMH-LHA Gsx1 Gaba_2,0471 DMH-LHA Gsx1 Gaba_2,102 DMH-LHA Gsx1 Gaba,12 HY GABA,GABA,5,4.8057966,6.247198,0.8
2073,2317 VMH Nr5a1 Glut_5,0570 VMH Nr5a1 Glut_5,129 VMH Nr5a1 Glut,14 HY Glut,Glut,1,7.085127,7.085127,1.0
2124,2505 PH-LHA Foxb1 Glut_2,0613 PH-LHA Foxb1 Glut_2,139 PH-LHA Foxb1 Glut,14 HY Glut,Glut,18,5.3464904,5.6656322,0.8888888888888888
2126,2506 PH-LHA Foxb1 Glut_2,0613 PH-LHA Foxb1 Glut_2,139 PH-LHA Foxb1 Glut,14 HY Glut,Glut,10,5.957686,6.118171,1.0
2127,2517 PH-LHA Foxb1 Glut_5,0616 PH-LHA Foxb1 Glut_5,139 PH-LHA Foxb1 Glut,14 HY Glut,Glut,1,7.1342683,7.1342683,1.0
2128,2515 PH-LHA Foxb1 Glut_4,0615 PH-LHA Foxb1 Glut_4,139 PH-LHA Foxb1 Glut,14 HY Glut,Glut,19,4.552715,5.4972806,0.7894736842105263
2129,2516 PH-LHA Foxb1 Glut_4,0615 PH-LHA Foxb1 Glut_4,139 PH-LHA Foxb1 Glut,14 HY Glut,Glut,4,4.0048766,4.49278,0.75
2130,2535 PMd-LHA Foxb1 Glut_3,0621 PMd-LHA Foxb1 Glut_3,140 PMd-LHA Foxb1 Glut,14 HY Glut,Glut,1,6.9342847,6.9342847,1.0
2133,2518 PH-LHA Foxb1 Glut_5,0616 PH-LHA Foxb1 Glut_5,139 PH-LHA Foxb1 Glut,14 HY Glut,Glut,2,6.0182486,6.0182486,1.0
2135,2498 PH-LHA Foxb1 Glut_1,0612 PH-LHA Foxb1 Glut_1,139 PH-LHA Foxb1 Glut,14 HY Glut,Glut,25,4.6182837,6.1157827,0.72
2136,2499 PH-LHA Foxb1 Glut_1,0612 PH-LHA Foxb1 Glut_1,139 PH-LHA Foxb1 Glut,14 HY Glut,Glut,1,6.1975694,6.1975694,1.0
2137,2509 PH-LHA Foxb1 Glut_3,0614 PH-LHA Foxb1 Glut_3,139 PH-LHA Foxb1 Glut,14 HY Glut,Glut,20,6.026912,6.2107677,1.0
2138,2500 PH-LHA Foxb1 Glut_1,0612 PH-LHA Foxb1 Glut_1,139 PH-LHA Foxb1 Glut,14 HY Glut,Glut,11,5.93068,6.8257265,0.9090909090909091
2141,2389 PH-ant-LHA Otp Bsx Glut_1,0591 PH-ant-LHA Otp Bsx Glut_1,134 PH-ant-LHA Otp Bsx Glut,14 HY Glut,Glut,5,5.775022,6.004527,1.0
2144,2503 PH-LHA Foxb1 Glut_1,0612 PH-LHA Foxb1 Glut_1,139 PH-LHA Foxb1 Glut,14 HY Glut,Glut,1,5.175406,5.175406,1.0
2145,3382 PAG Ucn Glut_1,0789 PAG Ucn Glut_1,189 PAG Ucn Glut,19 MB Glut,Glut,22,4.549484,5.6491327,0.8181818181818182
2146,2755 MB-ant-ve Dmrta2 Glut_1,0681 MB-ant-ve Dmrta2 Glut_1,156 MB-ant-ve Dmrta2 Glut,19 MB Glut,Glut,63,5.4407797,5.879593,0.9206349206349206
2147,2757 MB-ant-ve Dmrta2 Glut_1,0681 MB-ant-ve Dmrta2 Glut_1,156 MB-ant-ve Dmrta2 Glut,19 MB Glut,Glut,43,4.900485,5.488708,0.8604651162790697
2148,2759 MB-ant-ve Dmrta2 Glut_1,0681 MB-ant-ve Dmrta2 Glut_1,156 MB-ant-ve Dmrta2 Glut,19 MB Glut,Glut,25,5.6784,6.1078362,0.92
2149,2762 MRN-PAG Nkx6-1 Glut_1,0683 MRN-PAG Nkx6-1 Glut_1,158 MRN-PAG Nkx6-1 Glut,19 MB Glut,Glut,95,4.3603935,5.666603,0.7157894736842105
2150,2758 MB-ant-ve Dmrta2 Glut_1,0681 MB-ant-ve Dmrta2 Glut_1,156 MB-ant-ve Dmrta2 Glut,19 MB Glut,Glut,21,5.5620413,5.976535,0.9047619047619048
2154,2765 MRN-PAG Nkx6-1 Glut_2,0684 MRN-PAG Nkx6-1 Glut_2,158 MRN-PAG Nkx6-1 Glut,19 MB Glut,Glut,97,5.129706,5.705127,0.845360824742268
2157,2752 MB-ant-ve Dmrta2 Glut_1,0681 MB-ant-ve Dmrta2 Glut_1,156 MB-ant-ve Dmrta2 Glut,19 MB Glut,Glut,67,5.173056,6.133189,0.835820895522388
2158,2753 MB-ant-ve Dmrta2 Glut_1,0681 MB-ant-ve Dmrta2 Glut_1,156 MB-ant-ve Dmrta2 Glut,19 MB Glut,Glut,13,5.798818,6.1529417,0.9230769230769231
2161,2763 MRN-PAG Nkx6-1 Glut_1,0683 MRN-PAG Nkx6-1 Glut_1,158 MRN-PAG Nkx6-1 Glut,19 MB Glut,Glut-GABA,61,4.250944,5.461453,0.6885245901639344
2165,3005 SPA-SPFm-SPFp-POL-PIL-PoT Sp9 Glut_12,0729 SPA-SPFm-SPFp-POL-PIL-PoT Sp9 Glut_12,168 SPA-SPFm-SPFp-POL-PIL-PoT Sp9 Glut,19 MB Glut,Glut,3,3.813165,4.9414124,0.6666666666666666
2167,2508 PH-LHA Foxb1 Glut_2,0613 PH-LHA Foxb1 Glut_2,139 PH-LHA Foxb1 Glut,14 HY Glut,Glut,7,4.6345034,6.273664,0.7142857142857143
2169,2502 PH-LHA Foxb1 Glut_1,0612 PH-LHA Foxb1 Glut_1,139 PH-LHA Foxb1 Glut,14 HY Glut,Glut,7,4.4106584,6.1200657,0.7142857142857143
2170,2766 MRN-PAG Nkx6-1 Glut_2,0684 MRN-PAG Nkx6-1 Glut_2,158 MRN-PAG Nkx6-1 Glut,19 MB Glut,Glut,44,4.3481946,5.75381,0.7045454545454546
2173,5000 CBN Dmbx1 Gaba_1,1115 CBN Dmbx1 Gaba_1,295 CBN Dmbx1 Gaba,27 MY GABA,GABA,2,6.0967393,6.0967393,1.0
2174,5001 CBN Dmbx1 Gaba_1,1115 CBN Dmbx1 Gaba_1,295 CBN Dmbx1 Gaba,27 MY GABA,GABA,1,6.2904572,6.2904572,1.0
2175,2754 MB-ant-ve Dmrta2 Glut_1,0681 MB-ant-ve Dmrta2 Glut_1,156 MB-ant-ve Dmrta2 Glut,19 MB Glut,Glut,179,4.9211335,5.740807,0.8212290502793296
2179,2742 PRC-PAG Pax6 Glut_3,0678 PRC-PAG Pax6 Glut_3,155 PRC-PAG Pax6 Glut,19 MB Glut,Glut,119,4.8661647,5.9668245,0.773109243697479
2182,3383 ND-INC Foxd2 Glut_1,0790 ND-INC Foxd2 Glut_1,190 ND-INC Foxd2 Glut,19 MB Glut,Glut,93,4.6670055,5.630664,0.7741935483870968
2196,2468 PMv-TMv Pitx2 Glut_2,0606 PMv-TMv Pitx2 Glut_2,136 PMv-TMv Pitx2 Glut,14 HY Glut,Glut,2,2.0724778,2.0724778,0.5
2197,2457 STN-PSTN Pitx2 Glut_6,0603 STN-PSTN Pitx2 Glut_6,135 STN-PSTN Pitx2 Glut,14 HY Glut,Glut,4,5.766526,5.8292074,1.0
2198,2488 PH Pitx2 Glut_2,0611 PH Pitx2 Glut_2,138 PH Pitx2 Glut,14 HY Glut,Glut,31,3.8356273,4.7269893,0.6774193548387096
2200,2485 PH Pitx2 Glut_2,0611 PH Pitx2 Glut_2,138 PH Pitx2 Glut,14 HY Glut,Glut,31,4.499385,5.3731794,0.7741935483870968
2201,2496 PH Pitx2 Glut_2,0611 PH Pitx2 Glut_2,138 PH Pitx2 Glut,14 HY Glut,Glut,1,6.41086,6.41086,1.0
2205,2492 PH Pitx2 Glut_2,0611 PH Pitx2 Glut_2,138 PH Pitx2 Glut,14 HY Glut,Glut,1,0.0,0.0,0.0
2206,2495 PH Pitx2 Glut_2,0611 PH Pitx2 Glut_2,138 PH Pitx2 Glut,14 HY Glut,Glut,30,4.5087585,6.209643,0.7
2207,2483 PH Pitx2 Glut_1,0610 PH Pitx2 Glut_1,138 PH Pitx2 Glut,14 HY Glut,Glut,3,3.4014657,4.094434,0.6666666666666666
2209,2486 PH Pitx2 Glut_2,0611 PH Pitx2 Glut_2,138 PH Pitx2 Glut,14 HY Glut,Glut,13,4.789865,5.104623,0.8461538461538461
2210,2489 PH Pitx2 Glut_2,0611 PH Pitx2 Glut_2,138 PH Pitx2 Glut,14 HY Glut,Dopa,5,4.556547,5.711586,0.8
2211,2497 PH Pitx2 Glut_2,0611 PH Pitx2 Glut_2,138 PH Pitx2 Glut,14 HY Glut,Glut,9,3.8025827,5.1503525,0.6666666666666666
2212,2487 PH Pitx2 Glut_2,0611 PH Pitx2 Glut_2,138 PH Pitx2 Glut,14 HY Glut,Glut,4,4.452613,5.166399,0.75
2213,2756 MB-ant-ve Dmrta2 Glut_1,0681 MB-ant-ve Dmrta2 Glut_1,156 MB-ant-ve Dmrta2 Glut,19 MB Glut,Glut,27,4.52421,5.696393,0.7407407407407407
2214,2490 PH Pitx2 Glut_2,0611 PH Pitx2 Glut_2,138 PH Pitx2 Glut,14 HY Glut,Glut,12,5.661468,6.062607,0.9166666666666666
2215,2493 PH Pitx2 Glut_2,0611 PH Pitx2 Glut_2,138 PH Pitx2 Glut,14 HY Glut,Glut,24,2.9955761,4.3730273,0.5416666666666666
2216,2436 STN-PSTN Pitx2 Glut_2,0599 STN-PSTN Pitx2 Glut_2,135 STN-PSTN Pitx2 Glut,14 HY Glut,Glut,2,4.7967772,4.7967772,1.0
2217,2442 STN-PSTN Pitx2 Glut_3,0600 STN-PSTN Pitx2 Glut_3,135 STN-PSTN Pitx2 Glut,14 HY Glut,Glut,56,5.0176573,5.7129326,0.8571428571428571
2218,2443 STN-PSTN Pitx2 Glut_3,0600 STN-PSTN Pitx2 Glut_3,135 STN-PSTN Pitx2 Glut,14 HY Glut,Glut,8,5.4090395,6.273924,0.875
2219,2429 STN-PSTN Pitx2 Glut_1,0598 STN-PSTN Pitx2 Glut_1,135 STN-PSTN Pitx2 Glut,14 HY Glut,Glut,15,4.3214917,5.595399,0.7333333333333333
2220,2430 STN-PSTN Pitx2 Glut_1,0598 STN-PSTN Pitx2 Glut_1,135 STN-PSTN Pitx2 Glut,14 HY Glut,Glut,43,5.504079,5.885515,0.9069767441860465
2221,2444 STN-PSTN Pitx2 Glut_3,0600 STN-PSTN Pitx2 Glut_3,135 STN-PSTN Pitx2 Glut,14 HY Glut,Glut,7,4.1101437,5.635969,0.7142857142857143
2222,2445 STN-PSTN Pitx2 Glut_3,0600 STN-PSTN Pitx2 Glut_3,135 STN-PSTN Pitx2 Glut,14 HY Glut,Glut,19,4.6208797,5.824513,0.7894736842105263
2223,2446 STN-PSTN Pitx2 Glut_3,0600 STN-PSTN Pitx2 Glut_3,135 STN-PSTN Pitx2 Glut,14 HY Glut,Glut,5,5.9393153,5.995,1.0
2224,2453 STN-PSTN Pitx2 Glut_5,0602 STN-PSTN Pitx2 Glut_5,135 STN-PSTN Pitx2 Glut,14 HY Glut,Glut,1,4.535748,4.535748,1.0
2225,2454 STN-PSTN Pitx2 Glut_5,0602 STN-PSTN Pitx2 Glut_5,135 STN-PSTN Pitx2 Glut,14 HY Glut,Glut,43,5.0733767,5.4536123,0.8837209302325582
2226,2455 STN-PSTN Pitx2 Glut_5,0602 STN-PSTN Pitx2 Glut_5,135 STN-PSTN Pitx2 Glut,14 HY Glut,Glut,39,4.410723,5.397538,0.7692307692307693
2227,2437 STN-PSTN Pitx2 Glut_2,0599 STN-PSTN Pitx2 Glut_2,135 STN-PSTN Pitx2 Glut,14 HY Glut,Glut,2,5.745085,5.745085,1.0
2228,2438 STN-PSTN Pitx2 Glut_2,0599 STN-PSTN Pitx2 Glut_2,135 STN-PSTN Pitx2 Glut,14 HY Glut,Glut,7,3.7466877,5.0786667,0.7142857142857143
2229,2431 STN-PSTN Pitx2 Glut_1,0598 STN-PSTN Pitx2 Glut_1,135 STN-PSTN Pitx2 Glut,14 HY Glut,Glut,8,4.6998787,4.8684635,0.875
2230,2456 STN-PSTN Pitx2 Glut_5,0602 STN-PSTN Pitx2 Glut_5,135 STN-PSTN Pitx2 Glut,14 HY Glut,Glut,9,5.298949,5.8670096,0.8888888888888888
2231,2432 STN-PSTN Pitx2 Glut_1,0598 STN-PSTN Pitx2 Glut_1,135 STN-PSTN Pitx2 Glut,14 HY Glut,Glut,21,6.1178765,6.6480045,0.9523809523809523
2232,2433 STN-PSTN Pitx2 Glut_1,0598 STN-PSTN Pitx2 Glut_1,135 STN-PSTN Pitx2 Glut,14 HY Glut,Glut,5,6.245284,6.7773623,1.0
2233,2434 STN-PSTN Pitx2 Glut_1,0598 STN-PSTN Pitx2 Glut_1,135 STN-PSTN Pitx2 Glut,14 HY Glut,Glut,22,5.015973,5.973526,0.8181818181818182
2234,2435 STN-PSTN Pitx2 Glut_1,0598 STN-PSTN Pitx2 Glut_1,135 STN-PSTN Pitx2 Glut,14 HY Glut,Glut,4,6.1782727,6.229859,1.0
2235,2447 STN-PSTN Pitx2 Glut_3,0600 STN-PSTN Pitx2 Glut_3,135 STN-PSTN Pitx2 Glut,14 HY Glut,Glut,7,3.185569,4.988591,0.5714285714285714
2236,2439 STN-PSTN Pitx2 Glut_2,0599 STN-PSTN Pitx2 Glut_2,135 STN-PSTN Pitx2 Glut,14 HY Glut,Glut,37,4.510262,5.493547,0.7567567567567568
2237,2440 STN-PSTN Pitx2 Glut_2,0599 STN-PSTN Pitx2 Glut_2,135 STN-PSTN Pitx2 Glut,14 HY Glut,Glut,14,4.323684,4.9482727,0.7857142857142857
2238,2441 STN-PSTN Pitx2 Glut_2,0599 STN-PSTN Pitx2 Glut_2,135 STN-PSTN Pitx2 Glut,14 HY Glut,Glut,13,4.4398274,6.047502,0.7692307692307693
2241,2450 STN-PSTN Pitx2 Glut_4,0601 STN-PSTN Pitx2 Glut_4,135 STN-PSTN Pitx2 Glut,14 HY Glut,Glut,1,0.0,0.0,0.0
2244,2459 STN-PSTN Pitx2 Glut_7,0604 STN-PSTN Pitx2 Glut_7,135 STN-PSTN Pitx2 Glut,14 HY Glut,Glut,5,4.236728,4.467003,0.8
2289,2107 LHA Barhl2 Glut_2,0525 LHA Barhl2 Glut_2,117 LHA Barhl2 Glut,13 CNU-HYa Glut,Glut,1,5.2383986,5.2383986,1.0
2297,2749 PRC-PAG Pax6 Glut_4,0679 PRC-PAG Pax6 Glut_4,155 PRC-PAG Pax6 Glut,19 MB Glut,Glut,101,4.10022,5.5967374,0.6435643564356436
2301,2738 PRC-PAG Pax6 Glut_2,0677 PRC-PAG Pax6 Glut_2,155 PRC-PAG Pax6 Glut,19 MB Glut,Glut,84,4.84366,5.7416177,0.7857142857142857
2302,2733 PRC-PAG Pax6 Glut_2,0677 PRC-PAG Pax6 Glut_2,155 PRC-PAG Pax6 Glut,19 MB Glut,Glut,39,4.617542,5.559347,0.7435897435897436
2303,2739 PRC-PAG Pax6 Glut_2,0677 PRC-PAG Pax6 Glut_2,155 PRC-PAG Pax6 Glut,19 MB Glut,Glut,190,4.5672975,5.708539,0.7526315789473684
2304,2734 PRC-PAG Pax6 Glut_2,0677 PRC-PAG Pax6 Glut_2,155 PRC-PAG Pax6 Glut,19 MB Glut,Glut,72,4.9698954,5.864728,0.8055555555555556
2305,2730 PRC-PAG Pax6 Glut_1,0676 PRC-PAG Pax6 Glut_1,155 PRC-PAG Pax6 Glut,19 MB Glut,Glut,206,4.421832,5.737262,0.7184466019417476
2306,2731 PRC-PAG Pax6 Glut_1,0676 PRC-PAG Pax6 Glut_1,155 PRC-PAG Pax6 Glut,19 MB Glut,Glut,69,3.569035,4.795837,0.6231884057971014
2307,2732 PRC-PAG Pax6 Glut_1,0676 PRC-PAG Pax6 Glut_1,155 PRC-PAG Pax6 Glut,19 MB Glut,Glut,53,4.9082727,5.7248154,0.8301886792452831
2308,2740 PRC-PAG Pax6 Glut_2,0677 PRC-PAG Pax6 Glut_2,155 PRC-PAG Pax6 Glut,19 MB Glut,Glut,69,4.3711224,5.6590533,0.7101449275362319
2309,2735 PRC-PAG Pax6 Glut_2,0677 PRC-PAG Pax6 Glut_2,155 PRC-PAG Pax6 Glut,19 MB Glut,Glut,18,4.2239566,5.586273,0.6666666666666666
2310,2736 PRC-PAG Pax6 Glut_2,0677 PRC-PAG Pax6 Glut_2,155 PRC-PAG Pax6 Glut,19 MB Glut,Glut,70,3.4422617,4.9859223,0.5714285714285714
2311,2737 PRC-PAG Pax6 Glut_2,0677 PRC-PAG Pax6 Glut_2,155 PRC-PAG Pax6 Glut,19 MB Glut,Glut,42,5.47475,5.5203276,0.9523809523809523
2312,2748 PRC-PAG Pax6 Glut_4,0679 PRC-PAG Pax6 Glut_4,155 PRC-PAG Pax6 Glut,19 MB Glut,Glut,27,5.2661643,6.188738,0.8148148148148148
2328,2420 PH-ant-LHA Otp Bsx Glut_6,0596 PH-ant-LHA Otp Bsx Glut_6,134 PH-ant-LHA Otp Bsx Glut,14 HY Glut,Glut,1,5.222389,5.222389,1.0
2334,2536 PH-SUM Foxa1 Glut_1,0622 PH-SUM Foxa1 Glut_1,141 PH-SUM Foxa1 Glut,14 HY Glut,Glut,3,7.056741,6.727842,1.0
2337,2540 PH-SUM Foxa1 Glut_2,0623 PH-SUM Foxa1 Glut_2,141 PH-SUM Foxa1 Glut,14 HY Glut,Glut-GABA,2,5.054159,5.054159,1.0
2338,2554 PH-SUM Foxa1 Glut_5,0626 PH-SUM Foxa1 Glut_5,141 PH-SUM Foxa1 Glut,14 HY Glut,Glut,9,3.8695831,5.3307076,0.6666666666666666
2339,2537 PH-SUM Foxa1 Glut_1,0622 PH-SUM Foxa1 Glut_1,141 PH-SUM Foxa1 Glut,14 HY Glut,Glut,12,6.0457625,6.411416,0.9166666666666666
2340,2538 PH-SUM Foxa1 Glut_1,0622 PH-SUM Foxa1 Glut_1,141 PH-SUM Foxa1 Glut,14 HY Glut,Glut,2,2.632963,2.632963,0.5
2344,2772 IF-RL-CLI-PAG Foxa1 Glut_2,0686 IF-RL-CLI-PAG Foxa1 Glut_2,159 IF-RL-CLI-PAG Foxa1 Glut,19 MB Glut,Glut,117,5.4015045,6.2697,0.8376068376068376
2345,2767 IF-RL-CLI-PAG Foxa1 Glut_1,0685 IF-RL-CLI-PAG Foxa1 Glut_1,159 IF-RL-CLI-PAG Foxa1 Glut,19 MB Glut,Glut,8,2.0906343,0.0,0.375
2347,2539 PH-SUM Foxa1 Glut_1,0622 PH-SUM Foxa1 Glut_1,141 PH-SUM Foxa1 Glut,14 HY Glut,Glut,13,5.4371676,6.3186936,0.8461538461538461
2348,2775 IF-RL-CLI-PAG Foxa1 Glut_3,0687 IF-RL-CLI-PAG Foxa1 Glut_3,159 IF-RL-CLI-PAG Foxa1 Glut,19 MB Glut,Glut,53,4.214164,5.834569,0.660377358490566
2349,2773 IF-RL-CLI-PAG Foxa1 Glut_2,0686 IF-RL-CLI-PAG Foxa1 Glut_2,159 IF-RL-CLI-PAG Foxa1 Glut,19 MB Glut,Glut,68,4.5858774,6.00764,0.7205882352941176
2350,2776 IF-RL-CLI-PAG Foxa1 Glut_3,0687 IF-RL-CLI-PAG Foxa1 Glut_3,159 IF-RL-CLI-PAG Foxa1 Glut,19 MB Glut,Glut,168,3.5986195,4.994035,0.6130952380952381
2351,2768 IF-RL-CLI-PAG Foxa1 Glut_1,0685 IF-RL-CLI-PAG Foxa1 Glut_1,159 IF-RL-CLI-PAG Foxa1 Glut,19 MB Glut,Glut,45,5.3529315,5.839744,0.8888888888888888
2352,2769 IF-RL-CLI-PAG Foxa1 Glut_1,0685 IF-RL-CLI-PAG Foxa1 Glut_1,159 IF-RL-CLI-PAG Foxa1 Glut,19 MB Glut,Glut,76,4.6236377,5.765766,0.75
2353,2778 IF-RL-CLI-PAG Foxa1 Glut_4,0688 IF-RL-CLI-PAG Foxa1 Glut_4,159 IF-RL-CLI-PAG Foxa1 Glut,19 MB Glut,Dopa,474,4.5045314,5.789552,0.7151898734177216
2354,2777 IF-RL-CLI-PAG Foxa1 Glut_3,0687 IF-RL-CLI-PAG Foxa1 Glut_3,159 IF-RL-CLI-PAG Foxa1 Glut,19 MB Glut,Glut,32,2.878811,2.1783085,0.5
2355,2770 IF-RL-CLI-PAG Foxa1 Glut_1,0685 IF-RL-CLI-PAG Foxa1 Glut_1,159 IF-RL-CLI-PAG Foxa1 Glut,19 MB Glut,Dopa,42,4.1350355,5.510803,0.7142857142857143
2356,2774 IF-RL-CLI-PAG Foxa1 Glut_2,0686 IF-RL-CLI-PAG Foxa1 Glut_2,159 IF-RL-CLI-PAG Foxa1 Glut,19 MB Glut,Glut,252,4.9898586,6.0081053,0.7857142857142857
2357,2779 IF-RL-CLI-PAG Foxa1 Glut_4,0688 IF-RL-CLI-PAG Foxa1 Glut_4,159 IF-RL-CLI-PAG Foxa1 Glut,19 MB Glut,Glut,54,4.248929,5.4833813,0.6851851851851852
2359,2556 PH-SUM Foxa1 Glut_5,0626 PH-SUM Foxa1 Glut_5,141 PH-SUM Foxa1 Glut,14 HY Glut,Glut-GABA,2,1.9860705,1.9860705,0.5
2360,2546 PH-SUM Foxa1 Glut_3,0624 PH-SUM Foxa1 Glut_3,141 PH-SUM Foxa1 Glut,14 HY Glut,Glut,14,3.9088604,4.9662952,0.7142857142857143
2361,2547 PH-SUM Foxa1 Glut_3,0624 PH-SUM Foxa1 Glut_3,141 PH-SUM Foxa1 Glut,14 HY Glut,Glut,45,4.412032,5.5966706,0.7555555555555555
2362,2780 IF-RL-CLI-PAG Foxa1 Glut_5,0689 IF-RL-CLI-PAG Foxa1 Glut_5,159 IF-RL-CLI-PAG Foxa1 Glut,19 MB Glut,Glut,41,5.478407,5.8133154,0.9512195121951219
2363,2478 PH-an Pitx2 Glut_2,0609 PH-an Pitx2 Glut_2,137 PH-an Pitx2 Glut,14 HY Glut,Glut,1,6.667419,6.667419,1.0
2364,3006 SPA-SPFm-SPFp-POL-PIL-PoT Sp9 Glut_12,0729 SPA-SPFm-SPFp-POL-PIL-PoT Sp9 Glut_12,168 SPA-SPFm-SPFp-POL-PIL-PoT Sp9 Glut,19 MB Glut,Glut,4,3.1226156,2.860501,0.5
2365,2542 PH-SUM Foxa1 Glut_2,0623 PH-SUM Foxa1 Glut_2,141 PH-SUM Foxa1 Glut,14 HY Glut,Glut,1,0.0,0.0,0.0
2369,2557 PH-SUM Foxa1 Glut_5,0626 PH-SUM Foxa1 Glut_5,141 PH-SUM Foxa1 Glut,14 HY Glut,Glut,1,7.342294,7.342294,1.0
2372,2563 PH-SUM Foxa1 Glut_6,0627 PH-SUM Foxa1 Glut_6,141 PH-SUM Foxa1 Glut,14 HY Glut,Glut,2,5.5562553,5.5562553,1.0
2377,2553 PH-SUM Foxa1 Glut_5,0626 PH-SUM Foxa1 Glut_5,141 PH-SUM Foxa1 Glut,14 HY Glut,Glut-GABA,1,0.0,0.0,0.0
2379,2550 PH-SUM Foxa1 Glut_4,0625 PH-SUM Foxa1 Glut_4,141 PH-SUM Foxa1 Glut,14 HY Glut,Glut,5,5.1526065,6.0285025,0.8
2380,2551 PH-SUM Foxa1 Glut_4,0625 PH-SUM Foxa1 Glut_4,141 PH-SUM Foxa1 Glut,14 HY Glut,Glut,5,4.6529465,5.585135,0.8
2381,2545 PH-SUM Foxa1 Glut_3,0624 PH-SUM Foxa1 Glut_3,141 PH-SUM Foxa1 Glut,14 HY Glut,Glut,2,4.7430716,4.7430716,1.0
2382,2771 IF-RL-CLI-PAG Foxa1 Glut_1,0685 IF-RL-CLI-PAG Foxa1 Glut_1,159 IF-RL-CLI-PAG Foxa1 Glut,19 MB Glut,Glut,34,4.0489416,5.4508424,0.6764705882352942
2383,3853 SNc-VTA-RAmb Foxa1 Dopa_3,0882 SNc-VTA-RAmb Foxa1 Dopa_3,215 SNc-VTA-RAmb Foxa1 Dopa,21 MB Dopa,Dopa,150,3.5630684,4.24371,0.7733333333333333
2384,3875 SNc-VTA-RAmb Foxa1 Dopa_7,0886 SNc-VTA-RAmb Foxa1 Dopa_7,215 SNc-VTA-RAmb Foxa1 Dopa,21 MB Dopa,Dopa,68,4.6652975,5.3264008,0.8529411764705882
2385,3845 SNc-VTA-RAmb Foxa1 Dopa_2,0881 SNc-VTA-RAmb Foxa1 Dopa_2,215 SNc-VTA-RAmb Foxa1 Dopa,21 MB Dopa,Dopa,34,2.6451187,2.1459892,0.5
2386,3871 SNc-VTA-RAmb Foxa1 Dopa_6,0885 SNc-VTA-RAmb Foxa1 Dopa_6,215 SNc-VTA-RAmb Foxa1 Dopa,21 MB Dopa,Dopa,95,3.8240552,4.745028,0.7789473684210526
2387,3846 SNc-VTA-RAmb Foxa1 Dopa_2,0881 SNc-VTA-RAmb Foxa1 Dopa_2,215 SNc-VTA-RAmb Foxa1 Dopa,21 MB Dopa,Dopa,81,3.9192977,4.6357265,0.7777777777777778
2388,3847 SNc-VTA-RAmb Foxa1 Dopa_2,0881 SNc-VTA-RAmb Foxa1 Dopa_2,215 SNc-VTA-RAmb Foxa1 Dopa,21 MB Dopa,Dopa,43,3.7964427,4.5399213,0.7906976744186046
2389,3848 SNc-VTA-RAmb Foxa1 Dopa_2,0881 SNc-VTA-RAmb Foxa1 Dopa_2,215 SNc-VTA-RAmb Foxa1 Dopa,21 MB Dopa,Dopa,39,4.8121734,5.2371607,0.9487179487179487
2390,3849 SNc-VTA-RAmb Foxa1 Dopa_2,0881 SNc-VTA-RAmb Foxa1 Dopa_2,215 SNc-VTA-RAmb Foxa1 Dopa,21 MB Dopa,Dopa,116,3.172592,4.3361626,0.6120689655172413
2391,3850 SNc-VTA-RAmb Foxa1 Dopa_2,0881 SNc-VTA-RAmb Foxa1 Dopa_2,215 SNc-VTA-RAmb Foxa1 Dopa,21 MB Dopa,Dopa,25,4.421547,4.5743446,0.92
2392,3872 SNc-VTA-RAmb Foxa1 Dopa_6,0885 SNc-VTA-RAmb Foxa1 Dopa_6,215 SNc-VTA-RAmb Foxa1 Dopa,21 MB Dopa,Dopa,74,4.8483505,5.2635593,0.8783783783783784
2393,3873 SNc-VTA-RAmb Foxa1 Dopa_6,0885 SNc-VTA-RAmb Foxa1 Dopa_6,215 SNc-VTA-RAmb Foxa1 Dopa,21 MB Dopa,Dopa,28,4.13756,4.5443954,0.8214285714285714
2394,3878 SNc-VTA-RAmb Foxa1 Dopa_8,0887 SNc-VTA-RAmb Foxa1 Dopa_8,215 SNc-VTA-RAmb Foxa1 Dopa,21 MB Dopa,Dopa,45,4.940806,6.3226857,0.7555555555555555
2395,3860 SNc-VTA-RAmb Foxa1 Dopa_4,0883 SNc-VTA-RAmb Foxa1 Dopa_4,215 SNc-VTA-RAmb Foxa1 Dopa,21 MB Dopa,Dopa,124,3.5834985,4.9227057,0.6209677419354839
2396,3867 SNc-VTA-RAmb Foxa1 Dopa_5,0884 SNc-VTA-RAmb Foxa1 Dopa_5,215 SNc-VTA-RAmb Foxa1 Dopa,21 MB Dopa,Dopa,57,4.718318,5.472486,0.8421052631578947
2397,3861 SNc-VTA-RAmb Foxa1 Dopa_4,0883 SNc-VTA-RAmb Foxa1 Dopa_4,215 SNc-VTA-RAmb Foxa1 Dopa,21 MB Dopa,Dopa,176,4.2168097,5.504591,0.6931818181818182
2398,3862 SNc-VTA-RAmb Foxa1 Dopa_4,0883 SNc-VTA-RAmb Foxa1 Dopa_4,215 SNc-VTA-RAmb Foxa1 Dopa,21 MB Dopa,Dopa,195,4.4002466,5.6067505,0.7230769230769231
2399,3863 SNc-VTA-RAmb Foxa1 Dopa_4,0883 SNc-VTA-RAmb Foxa1 Dopa_4,215 SNc-VTA-RAmb Foxa1 Dopa,21 MB Dopa,Dopa,288,4.0580482,5.398614,0.6666666666666666
2400,3864 SNc-VTA-RAmb Foxa1 Dopa_4,0883 SNc-VTA-RAmb Foxa1 Dopa_4,215 SNc-VTA-RAmb Foxa1 Dopa,21 MB Dopa,Dopa,291,4.5364747,5.731736,0.7353951890034365
2401,3876 SNc-VTA-RAmb Foxa1 Dopa_7,0886 SNc-VTA-RAmb Foxa1 Dopa_7,215 SNc-VTA-RAmb Foxa1 Dopa,21 MB Dopa,Dopa,51,3.521516,4.625229,0.6470588235294118
2402,3868 SNc-VTA-RAmb Foxa1 Dopa_5,0884 SNc-VTA-RAmb Foxa1 Dopa_5,215 SNc-VTA-RAmb Foxa1 Dopa,21 MB Dopa,Dopa,72,4.3568425,5.0386944,0.7916666666666666
2403,3865 SNc-VTA-RAmb Foxa1 Dopa_4,0883 SNc-VTA-RAmb Foxa1 Dopa_4,215 SNc-VTA-RAmb Foxa1 Dopa,21 MB Dopa,Dopa,75,4.459265,5.5333915,0.76
2404,3866 SNc-VTA-RAmb Foxa1 Dopa_4,0883 SNc-VTA-RAmb Foxa1 Dopa_4,215 SNc-VTA-RAmb Foxa1 Dopa,21 MB Dopa,Dopa,77,4.109957,5.357158,0.6753246753246753
2405,3854 SNc-VTA-RAmb Foxa1 Dopa_3,0882 SNc-VTA-RAmb Foxa1 Dopa_3,215 SNc-VTA-RAmb Foxa1 Dopa,21 MB Dopa,Dopa,66,3.670811,4.4311113,0.8181818181818182
2406,3855 SNc-VTA-RAmb Foxa1 Dopa_3,0882 SNc-VTA-RAmb Foxa1 Dopa_3,215 SNc-VTA-RAmb Foxa1 Dopa,21 MB Dopa,Dopa,197,3.118159,3.960445,0.6751269035532995
2407,3856 SNc-VTA-RAmb Foxa1 Dopa_3,0882 SNc-VTA-RAmb Foxa1 Dopa_3,215 SNc-VTA-RAmb Foxa1 Dopa,21 MB Dopa,Dopa,116,3.2427897,3.9049811,0.6810344827586207
2408,3857 SNc-VTA-RAmb Foxa1 Dopa_3,0882 SNc-VTA-RAmb Foxa1 Dopa_3,215 SNc-VTA-RAmb Foxa1 Dopa,21 MB Dopa,Dopa,174,3.1337316,4.042469,0.6781609195402298
2409,3874 SNc-VTA-RAmb Foxa1 Dopa_6,0885 SNc-VTA-RAmb Foxa1 Dopa_6,215 SNc-VTA-RAmb Foxa1 Dopa,21 MB Dopa,Dopa,59,4.8805866,5.604998,0.847457627118644
2410,3869 SNc-VTA-RAmb Foxa1 Dopa_5,0884 SNc-VTA-RAmb Foxa1 Dopa_5,215 SNc-VTA-RAmb Foxa1 Dopa,21 MB Dopa,Dopa,111,4.652602,5.4899473,0.7837837837837838
2411,3858 SNc-VTA-RAmb Foxa1 Dopa_3,0882 SNc-VTA-RAmb Foxa1 Dopa_3,215 SNc-VTA-RAmb Foxa1 Dopa,21 MB Dopa,Dopa,152,3.6391633,4.1808987,0.7960526315789473
2412,3851 SNc-VTA-RAmb Foxa1 Dopa_2,0881 SNc-VTA-RAmb Foxa1 Dopa_2,215 SNc-VTA-RAmb Foxa1 Dopa,21 MB Dopa,Dopa,62,3.459461,4.8488283,0.6290322580645161
2413,3852 SNc-VTA-RAmb Foxa1 Dopa_2,0881 SNc-VTA-RAmb Foxa1 Dopa_2,215 SNc-VTA-RAmb Foxa1 Dopa,21 MB Dopa,Dopa,63,3.89696,5.1029863,0.6825396825396826
2414,3870 SNc-VTA-RAmb Foxa1 Dopa_5,0884 SNc-VTA-RAmb Foxa1 Dopa_5,215 SNc-VTA-RAmb Foxa1 Dopa,21 MB Dopa,Dopa,50,4.9175386,5.3461556,0.9
2415,3859 SNc-VTA-RAmb Foxa1 Dopa_3,0882 SNc-VTA-RAmb Foxa1 Dopa_3,215 SNc-VTA-RAmb Foxa1 Dopa,21 MB Dopa,Dopa,41,3.135908,4.379628,0.5853658536585366
2416,3837 SNc-VTA-RAmb Foxa1 Dopa_1,0880 SNc-VTA-RAmb Foxa1 Dopa_1,215 SNc-VTA-RAmb Foxa1 Dopa,21 MB Dopa,Glut-GABA,56,4.9392934,5.422763,0.8392857142857143
2417,3879 SNc-VTA-RAmb Foxa1 Dopa_8,0887 SNc-VTA-RAmb Foxa1 Dopa_8,215 SNc-VTA-RAmb Foxa1 Dopa,21 MB Dopa,Glut-GABA,171,4.8533,5.84166,0.8011695906432749
2418,3838 SNc-VTA-RAmb Foxa1 Dopa_1,0880 SNc-VTA-RAmb Foxa1 Dopa_1,215 SNc-VTA-RAmb Foxa1 Dopa,21 MB Dopa,Dopa,52,4.893152,6.2565947,0.7692307692307693
2419,3839 SNc-VTA-RAmb Foxa1 Dopa_1,0880 SNc-VTA-RAmb Foxa1 Dopa_1,215 SNc-VTA-RAmb Foxa1 Dopa,21 MB Dopa,Dopa,40,4.0555444,5.1502037,0.7
2420,3840 SNc-VTA-RAmb Foxa1 Dopa_1,0880 SNc-VTA-RAmb Foxa1 Dopa_1,215 SNc-VTA-RAmb Foxa1 Dopa,21 MB Dopa,Dopa,83,4.6266017,5.669858,0.7831325301204819
2421,3841 SNc-VTA-RAmb Foxa1 Dopa_1,0880 SNc-VTA-RAmb Foxa1 Dopa_1,215 SNc-VTA-RAmb Foxa1 Dopa,21 MB Dopa,Dopa,89,4.3880534,5.5660763,0.7303370786516854
2422,3842 SNc-VTA-RAmb Foxa1 Dopa_1,0880 SNc-VTA-RAmb Foxa1 Dopa_1,215 SNc-VTA-RAmb Foxa1 Dopa,21 MB Dopa,Dopa,94,4.3749824,5.680874,0.7127659574468085
2423,3877 SNc-VTA-RAmb Foxa1 Dopa_8,0887 SNc-VTA-RAmb Foxa1 Dopa_8,215 SNc-VTA-RAmb Foxa1 Dopa,21 MB Dopa,Glut-GABA,82,5.1046352,5.804771,0.8658536585365854
2424,3843 SNc-VTA-RAmb Foxa1 Dopa_1,0880 SNc-VTA-RAmb Foxa1 Dopa_1,215 SNc-VTA-RAmb Foxa1 Dopa,21 MB Dopa,Dopa,51,4.3735037,5.346673,0.7450980392156863
2425,3844 SNc-VTA-RAmb Foxa1 Dopa_1,0880 SNc-VTA-RAmb Foxa1 Dopa_1,215 SNc-VTA-RAmb Foxa1 Dopa,21 MB Dopa,Glut-GABA,141,4.4518147,5.501587,0.7446808510638298
2444,2400 PH-ant-LHA Otp Bsx Glut_2,0592 PH-ant-LHA Otp Bsx Glut_2,134 PH-ant-LHA Otp Bsx Glut,14 HY Glut,Glut,1,5.4573607,5.4573607,1.0
2447,2422 PH-ant-LHA Otp Bsx Glut_6,0596 PH-ant-LHA Otp Bsx Glut_6,134 PH-ant-LHA Otp Bsx Glut,14 HY Glut,Glut,1,7.295036,7.295036,1.0
2460,2377 PVH-SO-PVa Otp Glut_3,0587 PVH-SO-PVa Otp Glut_3,133 PVH-SO-PVa Otp Glut,14 HY Glut,Glut,1,5.9990625,5.9990625,1.0
2504,2334 LHA-AHN-PVH Otp Trh Glut_3,0576 LHA-AHN-PVH Otp Trh Glut_3,131 LHA-AHN-PVH Otp Trh Glut,14 HY Glut,Glut,1,3.782407,3.782407,1.0
2507,2340 AHN-RCH-LHA Otp Fezf1 Glut_1,0579 AHN-RCH-LHA Otp Fezf1 Glut_1,132 AHN-RCH-LHA Otp Fezf1 Glut,14 HY Glut,Glut,1,6.076809,6.076809,1.0
2509,2345 AHN-RCH-LHA Otp Fezf1 Glut_2,0580 AHN-RCH-LHA Otp Fezf1 Glut_2,132 AHN-RCH-LHA Otp Fezf1 Glut,14 HY Glut,Glut,1,6.9664083,6.9664083,1.0
2513,2347 AHN-RCH-LHA Otp Fezf1 Glut_2,0580 AHN-RCH-LHA Otp Fezf1 Glut_2,132 AHN-RCH-LHA Otp Fezf1 Glut,14 HY Glut,Glut,1,0.0,0.0,0.0
2534,2042 COAa-PAA-MEA Barhl2 Glut_7,0515 COAa-PAA-MEA Barhl2 Glut_7,114 COAa-PAA-MEA Barhl2 Glut,13 CNU-HYa Glut,Glut,1,5.107035,5.107035,1.0
2595,4037 PB Evx2 Glut_3,0916 PB Evx2 Glut_3,222 PB Evx2 Glut,23 P Glut,Glut,24,3.9108837,5.255334,0.7083333333333334
2596,4045 PB Evx2 Glut_3,0916 PB Evx2 Glut_3,222 PB Evx2 Glut,23 P Glut,Glut,57,3.7319415,4.7218695,0.6491228070175439
2597,4036 PB Evx2 Glut_3,0916 PB Evx2 Glut_3,222 PB Evx2 Glut,23 P Glut,Glut-GABA,21,4.8675222,5.450507,0.8095238095238095
2598,4043 PB Evx2 Glut_3,0916 PB Evx2 Glut_3,222 PB Evx2 Glut,23 P Glut,Glut,44,4.35985,5.004964,0.7727272727272727
2599,4027 PB Evx2 Glut_2,0915 PB Evx2 Glut_2,222 PB Evx2 Glut,23 P Glut,Glut,42,4.296818,5.095769,0.7619047619047619
2600,4028 PB Evx2 Glut_2,0915 PB Evx2 Glut_2,222 PB Evx2 Glut,23 P Glut,Glut,36,4.8682346,5.710286,0.8333333333333334
2603,4026 PB Evx2 Glut_2,0915 PB Evx2 Glut_2,222 PB Evx2 Glut,23 P Glut,Glut,2,0.0,0.0,0.0
2604,4055 PB Evx2 Glut_5,0918 PB Evx2 Glut_5,222 PB Evx2 Glut,23 P Glut,Glut,1,6.331974,6.331974,1.0
2605,4038 PB Evx2 Glut_3,0916 PB Evx2 Glut_3,222 PB Evx2 Glut,23 P Glut,Glut,7,5.2571187,6.176084,0.8571428571428571
2607,4021 PB Evx2 Glut_1,0914 PB Evx2 Glut_1,222 PB Evx2 Glut,23 P Glut,Glut,37,3.5296032,4.89316,0.5945945945945946
2611,4039 PB Evx2 Glut_3,0916 PB Evx2 Glut_3,222 PB Evx2 Glut,23 P Glut,Glut,11,4.2862225,5.395511,0.7272727272727273
2614,4029 PB Evx2 Glut_2,0915 PB Evx2 Glut_2,222 PB Evx2 Glut,23 P Glut,Glut,13,4.0959096,5.139315,0.6923076923076923
2615,4024 PB Evx2 Glut_2,0915 PB Evx2 Glut_2,222 PB Evx2 Glut,23 P Glut,Glut,9,3.0159123,4.374549,0.5555555555555556
2617,4030 PB Evx2 Glut_2,0915 PB Evx2 Glut_2,222 PB Evx2 Glut,23 P Glut,Glut,9,5.6793537,6.210584,0.8888888888888888
2618,4018 PB Evx2 Glut_1,0914 PB Evx2 Glut_1,222 PB Evx2 Glut,23 P Glut,Glut,1,7.0041537,7.0041537,1.0
2621,4063 PB Evx2 Glut_6,0919 PB Evx2 Glut_6,222 PB Evx2 Glut,23 P Glut,Glut,13,3.9204314,5.3722687,0.6923076923076923
2622,4033 PB Evx2 Glut_3,0916 PB Evx2 Glut_3,222 PB Evx2 Glut,23 P Glut,Glut,22,5.580086,6.187962,0.9545454545454546
2624,4031 PB Evx2 Glut_2,0915 PB Evx2 Glut_2,222 PB Evx2 Glut,23 P Glut,Glut,40,3.8027015,4.9436436,0.675
2627,4023 PB Evx2 Glut_1,0914 PB Evx2 Glut_1,222 PB Evx2 Glut,23 P Glut,Glut,2,6.7166295,6.7166295,1.0
2629,4041 PB Evx2 Glut_3,0916 PB Evx2 Glut_3,222 PB Evx2 Glut,23 P Glut,Glut,7,4.35939,5.1794043,0.7142857142857143
2630,4034 PB Evx2 Glut_3,0916 PB Evx2 Glut_3,222 PB Evx2 Glut,23 P Glut,Glut,1,0.0,0.0,0.0
2631,4035 PB Evx2 Glut_3,0916 PB Evx2 Glut_3,222 PB Evx2 Glut,23 P Glut,Glut,17,5.736674,5.7402005,1.0
2632,4042 PB Evx2 Glut_3,0916 PB Evx2 Glut_3,222 PB Evx2 Glut,23 P Glut,Glut,4,5.424137,5.36331,1.0
2633,4020 PB Evx2 Glut_1,0914 PB Evx2 Glut_1,222 PB Evx2 Glut,23 P Glut,Glut,5,6.0035505,5.7778854,1.0
2634,4048 PB Evx2 Glut_3,0916 PB Evx2 Glut_3,222 PB Evx2 Glut,23 P Glut,Glut,27,4.365295,5.430415,0.7407407407407407
2635,4046 PB Evx2 Glut_3,0916 PB Evx2 Glut_3,222 PB Evx2 Glut,23 P Glut,Glut,47,3.7869728,5.110297,0.6595744680851063
2636,4047 PB Evx2 Glut_3,0916 PB Evx2 Glut_3,222 PB Evx2 Glut,23 P Glut,Glut,30,3.7791662,5.0236154,0.6666666666666666
2638,4044 PB Evx2 Glut_3,0916 PB Evx2 Glut_3,222 PB Evx2 Glut,23 P Glut,Glut,36,3.6431372,5.2470865,0.6111111111111112
2640,3341 CUN-PPN Evx2 Meis2 Glut_3,0778 CUN-PPN Evx2 Meis2 Glut_3,182 CUN-PPN Evx2 Meis2 Glut,19 MB Glut,Chol,32,4.5515513,5.576649,0.75
2641,3352 PBG Mtnr1a Glut-Chol_1,0781 PBG Mtnr1a Glut-Chol_1,183 PBG Mtnr1a Glut-Chol,19 MB Glut,Chol,17,4.1311107,5.259359,0.7647058823529411
2642,3321 CUN-PPN Evx2 Meis2 Glut_1,0776 CUN-PPN Evx2 Meis2 Glut_1,182 CUN-PPN Evx2 Meis2 Glut,19 MB Glut,Glut,178,4.0801215,5.157667,0.7191011235955056
2643,3343 CUN-PPN Evx2 Meis2 Glut_4,0779 CUN-PPN Evx2 Meis2 Glut_4,182 CUN-PPN Evx2 Meis2 Glut,19 MB Glut,Glut,52,5.0830283,5.83232,0.8461538461538461
2644,3330 CUN-PPN Evx2 Meis2 Glut_1,0776 CUN-PPN Evx2 Meis2 Glut_1,182 CUN-PPN Evx2 Meis2 Glut,19 MB Glut,Glut,117,3.9660068,5.1094046,0.7008547008547008
2645,3331 CUN-PPN Evx2 Meis2 Glut_1,0776 CUN-PPN Evx2 Meis2 Glut_1,182 CUN-PPN Evx2 Meis2 Glut,19 MB Glut,Glut,275,3.8135738,5.292487,0.6327272727272727
2646,3335 CUN-PPN Evx2 Meis2 Glut_1,0776 CUN-PPN Evx2 Meis2 Glut_1,182 CUN-PPN Evx2 Meis2 Glut,19 MB Glut,Glut,211,3.8696847,5.1133547,0.6635071090047393
2647,3329 CUN-PPN Evx2 Meis2 Glut_1,0776 CUN-PPN Evx2 Meis2 Glut_1,182 CUN-PPN Evx2 Meis2 Glut,19 MB Glut,Glut,37,4.9256973,5.8403425,0.7837837837837838
2648,3322 CUN-PPN Evx2 Meis2 Glut_1,0776 CUN-PPN Evx2 Meis2 Glut_1,182 CUN-PPN Evx2 Meis2 Glut,19 MB Glut,Glut,132,4.287728,5.6072865,0.6893939393939394
2649,3323 CUN-PPN Evx2 Meis2 Glut_1,0776 CUN-PPN Evx2 Meis2 Glut_1,182 CUN-PPN Evx2 Meis2 Glut,19 MB Glut,Glut,48,5.1583304,6.035826,0.8333333333333334
2650,3332 CUN-PPN Evx2 Meis2 Glut_1,0776 CUN-PPN Evx2 Meis2 Glut_1,182 CUN-PPN Evx2 Meis2 Glut,19 MB Glut,Glut,127,3.6068408,5.225147,0.5905511811023622
2651,3324 CUN-PPN Evx2 Meis2 Glut_1,0776 CUN-PPN Evx2 Meis2 Glut_1,182 CUN-PPN Evx2 Meis2 Glut,19 MB Glut,Glut,112,4.1391907,5.3159647,0.7142857142857143
2652,3325 CUN-PPN Evx2 Meis2 Glut_1,0776 CUN-PPN Evx2 Meis2 Glut_1,182 CUN-PPN Evx2 Meis2 Glut,19 MB Glut,Glut,122,4.5051723,5.548337,0.7622950819672131
2653,3336 CUN-PPN Evx2 Meis2 Glut_2,0777 CUN-PPN Evx2 Meis2 Glut_2,182 CUN-PPN Evx2 Meis2 Glut,19 MB Glut,Glut,69,4.2012672,5.8106565,0.6666666666666666
2654,3349 CUN-PPN Evx2 Meis2 Glut_5,0780 CUN-PPN Evx2 Meis2 Glut_5,182 CUN-PPN Evx2 Meis2 Glut,19 MB Glut,Glut,63,4.785746,6.1533575,0.746031746031746
2655,3326 CUN-PPN Evx2 Meis2 Glut_1,0776 CUN-PPN Evx2 Meis2 Glut_1,182 CUN-PPN Evx2 Meis2 Glut,19 MB Glut,Glut,108,4.4969945,5.310644,0.8055555555555556
2656,3337 CUN-PPN Evx2 Meis2 Glut_2,0777 CUN-PPN Evx2 Meis2 Glut_2,182 CUN-PPN Evx2 Meis2 Glut,19 MB Glut,Glut,223,4.6299486,5.7533817,0.7488789237668162
2657,3327 CUN-PPN Evx2 Meis2 Glut_1,0776 CUN-PPN Evx2 Meis2 Glut_1,182 CUN-PPN Evx2 Meis2 Glut,19 MB Glut,Glut,44,4.767857,5.7991323,0.7954545454545454
2658,3328 CUN-PPN Evx2 Meis2 Glut_1,0776 CUN-PPN Evx2 Meis2 Glut_1,182 CUN-PPN Evx2 Meis2 Glut,19 MB Glut,Glut,18,3.9578404,6.019561,0.6111111111111112
2659,3350 CUN-PPN Evx2 Meis2 Glut_5,0780 CUN-PPN Evx2 Meis2 Glut_5,182 CUN-PPN Evx2 Meis2 Glut,19 MB Glut,Glut,35,4.6772127,6.0605206,0.7428571428571429
2660,3351 CUN-PPN Evx2 Meis2 Glut_5,0780 CUN-PPN Evx2 Meis2 Glut_5,182 CUN-PPN Evx2 Meis2 Glut,19 MB Glut,Glut,24,5.1308494,5.979882,0.8333333333333334
2661,3338 CUN-PPN Evx2 Meis2 Glut_3,0778 CUN-PPN Evx2 Meis2 Glut_3,182 CUN-PPN Evx2 Meis2 Glut,19 MB Glut,Chol,47,4.9965644,5.4805274,0.8936170212765957
2662,3339 CUN-PPN Evx2 Meis2 Glut_3,0778 CUN-PPN Evx2 Meis2 Glut_3,182 CUN-PPN Evx2 Meis2 Glut,19 MB Glut,Chol,69,4.1752796,5.198157,0.7536231884057971
2663,3340 CUN-PPN Evx2 Meis2 Glut_3,0778 CUN-PPN Evx2 Meis2 Glut_3,182 CUN-PPN Evx2 Meis2 Glut,19 MB Glut,Chol,24,4.6423774,5.8658953,0.7916666666666666
2664,3344 CUN-PPN Evx2 Meis2 Glut_4,0779 CUN-PPN Evx2 Meis2 Glut_4,182 CUN-PPN Evx2 Meis2 Glut,19 MB Glut,Glut,106,5.5978813,6.1737223,0.9056603773584906
2665,3345 CUN-PPN Evx2 Meis2 Glut_4,0779 CUN-PPN Evx2 Meis2 Glut_4,182 CUN-PPN Evx2 Meis2 Glut,19 MB Glut,Glut,61,5.6360326,6.5355988,0.8852459016393442
2666,3347 CUN-PPN Evx2 Meis2 Glut_4,0779 CUN-PPN Evx2 Meis2 Glut_4,182 CUN-PPN Evx2 Meis2 Glut,19 MB Glut,Glut,160,4.3970294,5.33814,0.76875
2667,4084 PB Evx2 Glut_9,0922 PB Evx2 Glut_9,222 PB Evx2 Glut,23 P Glut,Glut,27,5.1213713,6.3667216,0.7777777777777778
2668,4085 PB Evx2 Glut_9,0922 PB Evx2 Glut_9,222 PB Evx2 Glut,23 P Glut,Glut,96,4.5986886,5.774329,0.75
2669,3348 CUN-PPN Evx2 Meis2 Glut_4,0779 CUN-PPN Evx2 Meis2 Glut_4,182 CUN-PPN Evx2 Meis2 Glut,19 MB Glut,Glut,48,4.387943,5.5567436,0.7083333333333334
2671,3346 CUN-PPN Evx2 Meis2 Glut_4,0779 CUN-PPN Evx2 Meis2 Glut_4,182 CUN-PPN Evx2 Meis2 Glut,19 MB Glut,Dopa,31,4.268594,5.3741193,0.7419354838709677
2672,3333 CUN-PPN Evx2 Meis2 Glut_1,0776 CUN-PPN Evx2 Meis2 Glut_1,182 CUN-PPN Evx2 Meis2 Glut,19 MB Glut,Glut,202,4.2745905,5.400447,0.7178217821782178
2673,3334 CUN-PPN Evx2 Meis2 Glut_1,0776 CUN-PPN Evx2 Meis2 Glut_1,182 CUN-PPN Evx2 Meis2 Glut,19 MB Glut,Glut,151,4.3060746,5.52991,0.7218543046357616
2732,1995 GPi Tbr1 Cngb3 Gaba-Glut_1,0504 GPi Tbr1 Cngb3 Gaba-Glut_1,112 GPi Tbr1 Cngb3 Gaba-Glut,13 CNU-HYa Glut,Glut-GABA,2,2.7417119,2.7417119,0.5
2762,0497 HPF CR Glut_1,0135 HPF CR Glut_1,036 HPF CR Glut,03 OB-CR Glut,Glut,10,2.2504447,0.0,0.3
2768,3927 PB Lmx1a Glut_3,0897 PB Lmx1a Glut_3,217 PB Lmx1a Glut,23 P Glut,Glut,2,3.266799,3.266799,0.5
2770,3912 PB Lmx1a Glut_1,0895 PB Lmx1a Glut_1,217 PB Lmx1a Glut,23 P Glut,Glut,1,5.4254084,5.4254084,1.0
2773,3918 PB Lmx1a Glut_1,0895 PB Lmx1a Glut_1,217 PB Lmx1a Glut,23 P Glut,Glut,3,2.2821252,0.0,0.3333333333333333
2774,3919 PB Lmx1a Glut_1,0895 PB Lmx1a Glut_1,217 PB Lmx1a Glut,23 P Glut,Glut,1,4.923852,4.923852,1.0
2776,3921 PB Lmx1a Glut_1,0895 PB Lmx1a Glut_1,217 PB Lmx1a Glut,23 P Glut,Glut,2,6.3282957,6.3282957,1.0
2780,4547 NTS Dbh Glut_4,1007 NTS Dbh Glut_4,251 NTS Dbh Glut,24 MY Glut,Glut,4,5.836976,5.7017746,1.0
2785,3915 PB Lmx1a Glut_1,0895 PB Lmx1a Glut_1,217 PB Lmx1a Glut,23 P Glut,Glut,2,5.4663677,5.4663677,1.0
2786,3916 PB Lmx1a Glut_1,0895 PB Lmx1a Glut_1,217 PB Lmx1a Glut,23 P Glut,Glut,9,5.709313,6.259148,0.8888888888888888
2788,3925 PB Lmx1a Glut_1,0895 PB Lmx1a Glut_1,217 PB Lmx1a Glut,23 P Glut,Glut,10,1.8169959,0.0,0.3
2789,3930 PB Lmx1a Glut_3,0897 PB Lmx1a Glut_3,217 PB Lmx1a Glut,23 P Glut,Glut,2,5.4795904,5.4795904,1.0
2790,3931 PB Lmx1a Glut_3,0897 PB Lmx1a Glut_3,217 PB Lmx1a Glut,23 P Glut,Glut,5,2.4569714,0.0,0.4
2791,3932 PB Lmx1a Glut_3,0897 PB Lmx1a Glut_3,217 PB Lmx1a Glut,23 P Glut,Glut,4,4.7043953,6.120446,0.75
2792,3933 PB Lmx1a Glut_3,0897 PB Lmx1a Glut_3,217 PB Lmx1a Glut,23 P Glut,Glut,1,5.3467007,5.3467007,1.0
2793,3934 PB Lmx1a Glut_3,0897 PB Lmx1a Glut_3,217 PB Lmx1a Glut,23 P Glut,Glut,9,2.2840624,0.0,0.4444444444444444
2794,3935 PB Lmx1a Glut_3,0897 PB Lmx1a Glut_3,217 PB Lmx1a Glut,23 P Glut,Glut,1,0.0,0.0,0.0
2797,3944 PB Lmx1a Glut_5,0899 PB Lmx1a Glut_5,217 PB Lmx1a Glut,23 P Glut,Glut,1,0.0,0.0,0.0
2798,3937 PB Lmx1a Glut_4,0898 PB Lmx1a Glut_4,217 PB Lmx1a Glut,23 P Glut,Glut,1,5.695602,5.695602,1.0
2816,3943 PB Lmx1a Glut_4,0898 PB Lmx1a Glut_4,217 PB Lmx1a Glut,23 P Glut,Glut,1,5.3995686,5.3995686,1.0
2836,3880 MB-MY Tph2 Glut-Sero_1,0888 MB-MY Tph2 Glut-Sero_1,216 MB-MY Tph2 Glut-Sero,22 MB-HB Sero,Sero,77,3.4113777,4.2694483,0.7272727272727273
2837,3889 MB-MY Tph2 Glut-Sero_2,0889 MB-MY Tph2 Glut-Sero_2,216 MB-MY Tph2 Glut-Sero,22 MB-HB Sero,Sero,87,3.0897446,4.6021256,0.5402298850574713
2838,3881 MB-MY Tph2 Glut-Sero_1,0888 MB-MY Tph2 Glut-Sero_1,216 MB-MY Tph2 Glut-Sero,22 MB-HB Sero,Sero,67,3.256028,4.232315,0.6417910447761194
2839,3882 MB-MY Tph2 Glut-Sero_1,0888 MB-MY Tph2 Glut-Sero_1,216 MB-MY Tph2 Glut-Sero,22 MB-HB Sero,Sero,73,4.898846,5.714256,0.8493150684931506
2840,3888 MB-MY Tph2 Glut-Sero_2,0889 MB-MY Tph2 Glut-Sero_2,216 MB-MY Tph2 Glut-Sero,22 MB-HB Sero,Sero,43,4.2973013,4.650827,0.8372093023255814
2841,3883 MB-MY Tph2 Glut-Sero_1,0888 MB-MY Tph2 Glut-Sero_1,216 MB-MY Tph2 Glut-Sero,22 MB-HB Sero,Sero,82,4.0092783,4.599613,0.7926829268292683
2843,3910 MB-MY Tph2 Glut-Sero_6,0893 MB-MY Tph2 Glut-Sero_6,216 MB-MY Tph2 Glut-Sero,22 MB-HB Sero,Sero,91,3.552402,4.498349,0.6813186813186813
2844,3911 MB-MY Tph2 Glut-Sero_7,0894 MB-MY Tph2 Glut-Sero_7,216 MB-MY Tph2 Glut-Sero,22 MB-HB Sero,Sero,4,5.682516,5.773614,1.0
2845,3884 MB-MY Tph2 Glut-Sero_1,0888 MB-MY Tph2 Glut-Sero_1,216 MB-MY Tph2 Glut-Sero,22 MB-HB Sero,Sero,92,4.274931,4.8652225,0.8586956521739131
2846,3902 MB-MY Tph2 Glut-Sero_4,0891 MB-MY Tph2 Glut-Sero_4,216 MB-MY Tph2 Glut-Sero,22 MB-HB Sero,Sero,64,4.065243,4.9512644,0.765625
2847,3885 MB-MY Tph2 Glut-Sero_1,0888 MB-MY Tph2 Glut-Sero_1,216 MB-MY Tph2 Glut-Sero,22 MB-HB Sero,Sero,133,3.1252604,4.113735,0.6466165413533834
2848,3903 MB-MY Tph2 Glut-Sero_4,0891 MB-MY Tph2 Glut-Sero_4,216 MB-MY Tph2 Glut-Sero,22 MB-HB Sero,Sero,1,5.615207,5.615207,1.0
2849,3887 MB-MY Tph2 Glut-Sero_1,0888 MB-MY Tph2 Glut-Sero_1,216 MB-MY Tph2 Glut-Sero,22 MB-HB Sero,Sero,32,3.5906043,4.5312004,0.6875
2850,3904 MB-MY Tph2 Glut-Sero_4,0891 MB-MY Tph2 Glut-Sero_4,216 MB-MY Tph2 Glut-Sero,22 MB-HB Sero,Sero,14,4.5756307,5.174017,0.8571428571428571
2851,3905 MB-MY Tph2 Glut-Sero_4,0891 MB-MY Tph2 Glut-Sero_4,216 MB-MY Tph2 Glut-Sero,22 MB-HB Sero,Sero,3,3.8425477,5.632575,0.6666666666666666
2853,3897 MB-MY Tph2 Glut-Sero_3,0890 MB-MY Tph2 Glut-Sero_3,216 MB-MY Tph2 Glut-Sero,22 MB-HB Sero,Glut,96,4.5190854,5.7988663,0.7395833333333334
2854,3898 MB-MY Tph2 Glut-Sero_3,0890 MB-MY Tph2 Glut-Sero_3,216 MB-MY Tph2 Glut-Sero,22 MB-HB Sero,Glut,190,3.5138307,4.948088,0.5947368421052631
2855,3899 MB-MY Tph2 Glut-Sero_3,0890 MB-MY Tph2 Glut-Sero_3,216 MB-MY Tph2 Glut-Sero,22 MB-HB Sero,Glut,51,4.288679,5.642829,0.7058823529411765
2857,3890 MB-MY Tph2 Glut-Sero_2,0889 MB-MY Tph2 Glut-Sero_2,216 MB-MY Tph2 Glut-Sero,22 MB-HB Sero,Glut,7,3.2687564,4.4794226,0.5714285714285714
2858,3891 MB-MY Tph2 Glut-Sero_2,0889 MB-MY Tph2 Glut-Sero_2,216 MB-MY Tph2 Glut-Sero,22 MB-HB Sero,Glut,73,4.195755,5.432435,0.726027397260274
2859,3892 MB-MY Tph2 Glut-Sero_2,0889 MB-MY Tph2 Glut-Sero_2,216 MB-MY Tph2 Glut-Sero,22 MB-HB Sero,Glut,42,5.230728,5.907023,0.8571428571428571
2860,3893 MB-MY Tph2 Glut-Sero_2,0889 MB-MY Tph2 Glut-Sero_2,216 MB-MY Tph2 Glut-Sero,22 MB-HB Sero,Glut,37,3.7434347,5.4136295,0.5945945945945946
2861,3894 MB-MY Tph2 Glut-Sero_2,0889 MB-MY Tph2 Glut-Sero_2,216 MB-MY Tph2 Glut-Sero,22 MB-HB Sero,Glut,19,3.6365373,4.9586573,0.631578947368421
2862,3900 MB-MY Tph2 Glut-Sero_3,0890 MB-MY Tph2 Glut-Sero_3,216 MB-MY Tph2 Glut-Sero,22 MB-HB Sero,Glut,27,5.0575705,5.7695556,0.8518518518518519
2863,3901 MB-MY Tph2 Glut-Sero_3,0890 MB-MY Tph2 Glut-Sero_3,216 MB-MY Tph2 Glut-Sero,22 MB-HB Sero,Glut,51,4.3604627,5.4073396,0.7450980392156863
2864,3895 MB-MY Tph2 Glut-Sero_2,0889 MB-MY Tph2 Glut-Sero_2,216 MB-MY Tph2 Glut-Sero,22 MB-HB Sero,Glut,2,0.0,0.0,0.0
2865,3896 MB-MY Tph2 Glut-Sero_3,0890 MB-MY Tph2 Glut-Sero_3,216 MB-MY Tph2 Glut-Sero,22 MB-HB Sero,Sero,50,3.8510098,4.9777527,0.68
2878,2587 MH Tac2 Glut_3,0634 MH Tac2 Glut_3,145 MH Tac2 Glut,17 MH-LH Glut,Chol,1,6.9329543,6.9329543,1.0
2880,2589 MH Tac2 Glut_3,0634 MH Tac2 Glut_3,145 MH Tac2 Glut,17 MH-LH Glut,Chol,5,7.4000216,7.8692255,1.0
2884,2590 MH Tac2 Glut_3,0634 MH Tac2 Glut_3,145 MH Tac2 Glut,17 MH-LH Glut,Glut,2,6.5728436,6.5728436,1.0
2888,2585 MH Tac2 Glut_2,0633 MH Tac2 Glut_2,145 MH Tac2 Glut,17 MH-LH Glut,Glut,3,7.8799515,7.719162,1.0
2889,2586 MH Tac2 Glut_2,0633 MH Tac2 Glut_2,145 MH Tac2 Glut,17 MH-LH Glut,Glut,3,8.102683,8.429205,1.0
2892,2578 MH Tac2 Glut_1,0632 MH Tac2 Glut_1,145 MH Tac2 Glut,17 MH-LH Glut,Chol,1,7.835641,7.835641,1.0
2893,2579 MH Tac2 Glut_1,0632 MH Tac2 Glut_1,145 MH Tac2 Glut,17 MH-LH Glut,Chol,6,8.079221,7.720638,1.0
2894,2580 MH Tac2 Glut_1,0632 MH Tac2 Glut_1,145 MH Tac2 Glut,17 MH-LH Glut,Chol,3,5.059297,7.451201,0.6666666666666666
2906,2609 LH Pou4f1 Sox1 Glut_4,0640 LH Pou4f1 Sox1 Glut_4,146 LH Pou4f1 Sox1 Glut,17 MH-LH Glut,Glut,6,3.7274637,5.1814966,0.6666666666666666
2912,2610 LH Pou4f1 Sox1 Glut_4,0640 LH Pou4f1 Sox1 Glut_4,146 LH Pou4f1 Sox1 Glut,17 MH-LH Glut,Glut,2,6.8194203,6.8194203,1.0
2913,2611 LH Pou4f1 Sox1 Glut_4,0640 LH Pou4f1 Sox1 Glut_4,146 LH Pou4f1 Sox1 Glut,17 MH-LH Glut,Glut,2,3.2480378,3.2480378,0.5
2914,3395 PPN-CUN-PCG Otp En1 Gaba_2,0793 PPN-CUN-PCG Otp En1 Gaba_2,192 PPN-CUN-PCG Otp En1 Gaba,20 MB GABA,Glut-GABA,21,3.7204902,5.5583696,0.5714285714285714
2915,3396 PPN-CUN-PCG Otp En1 Gaba_2,0793 PPN-CUN-PCG Otp En1 Gaba_2,192 PPN-CUN-PCG Otp En1 Gaba,20 MB GABA,GABA,25,5.548726,6.43991,0.84
2916,3402 PPN-CUN-PCG Otp En1 Gaba_3,0794 PPN-CUN-PCG Otp En1 Gaba_3,192 PPN-CUN-PCG Otp En1 Gaba,20 MB GABA,GABA,89,4.114867,5.4167705,0.6966292134831461
2917,3403 PPN-CUN-PCG Otp En1 Gaba_3,0794 PPN-CUN-PCG Otp En1 Gaba_3,192 PPN-CUN-PCG Otp En1 Gaba,20 MB GABA,GABA,47,5.3696833,6.300065,0.851063829787234
2918,4686 CS-PRNr-PCG Tmem163 Otp Gaba_3,1046 CS-PRNr-PCG Tmem163 Otp Gaba_3,267 CS-PRNr-PCG Tmem163 Otp Gaba,26 P GABA,GABA,1,7.31172,7.31172,1.0
2919,3418 MRN-PPN-CUN Pax8 Gaba_3,0797 MRN-PPN-CUN Pax8 Gaba_3,193 MRN-PPN-CUN Pax8 Gaba,20 MB GABA,GABA-Glyc,44,4.524123,6.027169,0.7045454545454546
2920,3408 MRN-PPN-CUN Pax8 Gaba_1,0795 MRN-PPN-CUN Pax8 Gaba_1,193 MRN-PPN-CUN Pax8 Gaba,20 MB GABA,GABA,41,4.3813524,5.818726,0.7317073170731707
2921,3411 MRN-PPN-CUN Pax8 Gaba_1,0795 MRN-PPN-CUN Pax8 Gaba_1,193 MRN-PPN-CUN Pax8 Gaba,20 MB GABA,GABA-Glyc,34,4.625331,5.7940593,0.7647058823529411
2922,3409 MRN-PPN-CUN Pax8 Gaba_1,0795 MRN-PPN-CUN Pax8 Gaba_1,193 MRN-PPN-CUN Pax8 Gaba,20 MB GABA,GABA,91,4.3260007,5.591791,0.7252747252747253
2923,4670 CS-PRNr-PCG Tmem163 Otp Gaba_1,1044 CS-PRNr-PCG Tmem163 Otp Gaba_1,267 CS-PRNr-PCG Tmem163 Otp Gaba,26 P GABA,GABA,5,5.552561,6.1674533,0.8
2924,3389 PPN-CUN-PCG Otp En1 Gaba_1,0792 PPN-CUN-PCG Otp En1 Gaba_1,192 PPN-CUN-PCG Otp En1 Gaba,20 MB GABA,GABA,18,4.242378,5.090866,0.7222222222222222
2925,4790 DTN-LDT-IPN Otp Pax3 Gaba_4,1072 DTN-LDT-IPN Otp Pax3 Gaba_4,277 DTN-LDT-IPN Otp Pax3 Gaba,26 P GABA,GABA,21,5.3024964,6.148823,0.8095238095238095
2926,3390 PPN-CUN-PCG Otp En1 Gaba_1,0792 PPN-CUN-PCG Otp En1 Gaba_1,192 PPN-CUN-PCG Otp En1 Gaba,20 MB GABA,GABA,19,4.1143107,6.1606636,0.631578947368421
2927,4785 DTN-LDT-IPN Otp Pax3 Gaba_3,1071 DTN-LDT-IPN Otp Pax3 Gaba_3,277 DTN-LDT-IPN Otp Pax3 Gaba,26 P GABA,GABA,11,6.1270976,6.7252235,0.9090909090909091
2928,4792 DTN-LDT-IPN Otp Pax3 Gaba_4,1072 DTN-LDT-IPN Otp Pax3 Gaba_4,277 DTN-LDT-IPN Otp Pax3 Gaba,26 P GABA,GABA,3,4.073665,5.6774554,0.6666666666666666
2929,4793 DTN-LDT-IPN Otp Pax3 Gaba_4,1072 DTN-LDT-IPN Otp Pax3 Gaba_4,277 DTN-LDT-IPN Otp Pax3 Gaba,26 P GABA,GABA,28,5.1236467,6.310492,0.7857142857142857
2930,3391 PPN-CUN-PCG Otp En1 Gaba_1,0792 PPN-CUN-PCG Otp En1 Gaba_1,192 PPN-CUN-PCG Otp En1 Gaba,20 MB GABA,GABA,19,4.729386,5.64744,0.7894736842105263
2931,4794 DTN-LDT-IPN Otp Pax3 Gaba_4,1072 DTN-LDT-IPN Otp Pax3 Gaba_4,277 DTN-LDT-IPN Otp Pax3 Gaba,26 P GABA,GABA,8,5.148464,6.415767,0.75
2932,4679 CS-PRNr-PCG Tmem163 Otp Gaba_1,1044 CS-PRNr-PCG Tmem163 Otp Gaba_1,267 CS-PRNr-PCG Tmem163 Otp Gaba,26 P GABA,GABA,55,5.029615,5.90164,0.8181818181818182
2933,4772 LDT-PCG St18 Gaba_2,1068 LDT-PCG St18 Gaba_2,276 LDT-PCG St18 Gaba,26 P GABA,GABA,27,5.3627357,6.0691895,0.8518518518518519
2934,4773 LDT-PCG St18 Gaba_2,1068 LDT-PCG St18 Gaba_2,276 LDT-PCG St18 Gaba,26 P GABA,GABA,13,5.0665917,6.6141944,0.7692307692307693
2935,4771 LDT-PCG St18 Gaba_1,1067 LDT-PCG St18 Gaba_1,276 LDT-PCG St18 Gaba,26 P GABA,GABA-Glyc,34,5.0451264,6.1034317,0.7941176470588235
2936,3404 PPN-CUN-PCG Otp En1 Gaba_3,0794 PPN-CUN-PCG Otp En1 Gaba_3,192 PPN-CUN-PCG Otp En1 Gaba,20 MB GABA,GABA,42,4.6880636,5.8956156,0.7619047619047619
2937,3393 PPN-CUN-PCG Otp En1 Gaba_2,0793 PPN-CUN-PCG Otp En1 Gaba_2,192 PPN-CUN-PCG Otp En1 Gaba,20 MB GABA,GABA,20,5.028044,5.914537,0.85
2938,4683 CS-PRNr-PCG Tmem163 Otp Gaba_2,1045 CS-PRNr-PCG Tmem163 Otp Gaba_2,267 CS-PRNr-PCG Tmem163 Otp Gaba,26 P GABA,GABA,2,7.3196316,7.3196316,1.0
2939,4684 CS-PRNr-PCG Tmem163 Otp Gaba_2,1045 CS-PRNr-PCG Tmem163 Otp Gaba_2,267 CS-PRNr-PCG Tmem163 Otp Gaba,26 P GABA,GABA,25,3.8578176,4.781686,0.68
2940,4685 CS-PRNr-PCG Tmem163 Otp Gaba_2,1045 CS-PRNr-PCG Tmem163 Otp Gaba_2,267 CS-PRNr-PCG Tmem163 Otp Gaba,26 P GABA,GABA,13,4.2081156,5.6065145,0.6923076923076923
2941,3410 MRN-PPN-CUN Pax8 Gaba_1,0795 MRN-PPN-CUN Pax8 Gaba_1,193 MRN-PPN-CUN Pax8 Gaba,20 MB GABA,GABA,92,5.179161,6.218755,0.8152173913043478
2942,3401 PPN-CUN-PCG Otp En1 Gaba_3,0794 PPN-CUN-PCG Otp En1 Gaba_3,192 PPN-CUN-PCG Otp En1 Gaba,20 MB GABA,GABA,9,4.644394,6.665889,0.6666666666666666
2943,3394 PPN-CUN-PCG Otp En1 Gaba_2,0793 PPN-CUN-PCG Otp En1 Gaba_2,192 PPN-CUN-PCG Otp En1 Gaba,20 MB GABA,GABA,16,4.843589,5.4571877,0.8125
2944,3398 PPN-CUN-PCG Otp En1 Gaba_2,0793 PPN-CUN-PCG Otp En1 Gaba_2,192 PPN-CUN-PCG Otp En1 Gaba,20 MB GABA,GABA,15,3.7529113,5.1993227,0.6
2945,3399 PPN-CUN-PCG Otp En1 Gaba_2,0793 PPN-CUN-PCG Otp En1 Gaba_2,192 PPN-CUN-PCG Otp En1 Gaba,20 MB GABA,GABA,29,4.461424,5.566044,0.7586206896551724
2946,3392 PPN-CUN-PCG Otp En1 Gaba_1,0792 PPN-CUN-PCG Otp En1 Gaba_1,192 PPN-CUN-PCG Otp En1 Gaba,20 MB GABA,GABA,85,4.746596,5.63434,0.7647058823529411
2947,3397 PPN-CUN-PCG Otp En1 Gaba_2,0793 PPN-CUN-PCG Otp En1 Gaba_2,192 PPN-CUN-PCG Otp En1 Gaba,20 MB GABA,GABA,26,5.3000607,5.493223,0.9230769230769231
2948,4791 DTN-LDT-IPN Otp Pax3 Gaba_4,1072 DTN-LDT-IPN Otp Pax3 Gaba_4,277 DTN-LDT-IPN Otp Pax3 Gaba,26 P GABA,GABA,37,4.9839444,5.84158,0.7837837837837838
2950,4675 CS-PRNr-PCG Tmem163 Otp Gaba_1,1044 CS-PRNr-PCG Tmem163 Otp Gaba_1,267 CS-PRNr-PCG Tmem163 Otp Gaba,26 P GABA,GABA,24,6.3222613,6.6518197,0.9583333333333334
2951,4676 CS-PRNr-PCG Tmem163 Otp Gaba_1,1044 CS-PRNr-PCG Tmem163 Otp Gaba_1,267 CS-PRNr-PCG Tmem163 Otp Gaba,26 P GABA,GABA,19,4.811006,6.490578,0.7368421052631579
2953,4677 CS-PRNr-PCG Tmem163 Otp Gaba_1,1044 CS-PRNr-PCG Tmem163 Otp Gaba_1,267 CS-PRNr-PCG Tmem163 Otp Gaba,26 P GABA,GABA,10,5.942758,6.3054075,0.9
2954,4672 CS-PRNr-PCG Tmem163 Otp Gaba_1,1044 CS-PRNr-PCG Tmem163 Otp Gaba_1,267 CS-PRNr-PCG Tmem163 Otp Gaba,26 P GABA,GABA,3,6.200411,6.1807246,1.0
2955,4678 CS-PRNr-PCG Tmem163 Otp Gaba_1,1044 CS-PRNr-PCG Tmem163 Otp Gaba_1,267 CS-PRNr-PCG Tmem163 Otp Gaba,26 P GABA,GABA,3,0.0,0.0,0.0
2956,4673 CS-PRNr-PCG Tmem163 Otp Gaba_1,1044 CS-PRNr-PCG Tmem163 Otp Gaba_1,267 CS-PRNr-PCG Tmem163 Otp Gaba,26 P GABA,GABA,7,3.6523356,5.6250825,0.5714285714285714
2957,4682 CS-PRNr-PCG Tmem163 Otp Gaba_1,1044 CS-PRNr-PCG Tmem163 Otp Gaba_1,267 CS-PRNr-PCG Tmem163 Otp Gaba,26 P GABA,GABA,20,5.758519,6.624591,0.85
2958,4680 CS-PRNr-PCG Tmem163 Otp Gaba_1,1044 CS-PRNr-PCG Tmem163 Otp Gaba_1,267 CS-PRNr-PCG Tmem163 Otp Gaba,26 P GABA,GABA,34,4.534437,5.6301413,0.7352941176470589
2960,4774 LDT-PCG St18 Gaba_2,1068 LDT-PCG St18 Gaba_2,276 LDT-PCG St18 Gaba,26 P GABA,GABA,3,6.475695,6.3084006,1.0
2963,4770 LDT-PCG St18 Gaba_1,1067 LDT-PCG St18 Gaba_1,276 LDT-PCG St18 Gaba,26 P GABA,GABA-Glyc,49,5.943231,6.331893,0.9183673469387755
2964,4765 LDT-PCG St18 Gaba_1,1067 LDT-PCG St18 Gaba_1,276 LDT-PCG St18 Gaba,26 P GABA,GABA,20,4.3024793,5.0482855,0.7
2965,3400 PPN-CUN-PCG Otp En1 Gaba_2,0793 PPN-CUN-PCG Otp En1 Gaba_2,192 PPN-CUN-PCG Otp En1 Gaba,20 MB GABA,GABA,18,4.624563,5.121662,0.7777777777777778
2966,3417 MRN-PPN-CUN Pax8 Gaba_2,0796 MRN-PPN-CUN Pax8 Gaba_2,193 MRN-PPN-CUN Pax8 Gaba,20 MB GABA,GABA,57,5.1415086,6.1923084,0.8070175438596491
2967,3413 MRN-PPN-CUN Pax8 Gaba_2,0796 MRN-PPN-CUN Pax8 Gaba_2,193 MRN-PPN-CUN Pax8 Gaba,20 MB GABA,Glut-GABA,58,4.633921,5.896736,0.7413793103448276
2968,3405 PPN-CUN-PCG Otp En1 Gaba_3,0794 PPN-CUN-PCG Otp En1 Gaba_3,192 PPN-CUN-PCG Otp En1 Gaba,20 MB GABA,GABA,35,5.1516657,6.215141,0.8
2969,3412 MRN-PPN-CUN Pax8 Gaba_1,0795 MRN-PPN-CUN Pax8 Gaba_1,193 MRN-PPN-CUN Pax8 Gaba,20 MB GABA,GABA,152,4.0997634,5.355112,0.6907894736842105
2970,3406 PPN-CUN-PCG Otp En1 Gaba_3,0794 PPN-CUN-PCG Otp En1 Gaba_3,192 PPN-CUN-PCG Otp En1 Gaba,20 MB GABA,GABA,50,5.4472566,6.2583303,0.82
2971,3407 PPN-CUN-PCG Otp En1 Gaba_3,0794 PPN-CUN-PCG Otp En1 Gaba_3,192 PPN-CUN-PCG Otp En1 Gaba,20 MB GABA,GABA,139,6.2161474,6.9197793,0.8633093525179856
2972,3414 MRN-PPN-CUN Pax8 Gaba_2,0796 MRN-PPN-CUN Pax8 Gaba_2,193 MRN-PPN-CUN Pax8 Gaba,20 MB GABA,GABA,226,5.8302784,6.665181,0.8495575221238938
2973,3415 MRN-PPN-CUN Pax8 Gaba_2,0796 MRN-PPN-CUN Pax8 Gaba_2,193 MRN-PPN-CUN Pax8 Gaba,20 MB GABA,GABA,51,5.019094,6.252562,0.7843137254901961
2974,3416 MRN-PPN-CUN Pax8 Gaba_2,0796 MRN-PPN-CUN Pax8 Gaba_2,193 MRN-PPN-CUN Pax8 Gaba,20 MB GABA,GABA,37,4.620843,5.816724,0.7297297297297297
2975,4766 LDT-PCG St18 Gaba_1,1067 LDT-PCG St18 Gaba_1,276 LDT-PCG St18 Gaba,26 P GABA,GABA,8,4.7321873,6.0572925,0.75
2976,4763 LDT-PCG St18 Gaba_1,1067 LDT-PCG St18 Gaba_1,276 LDT-PCG St18 Gaba,26 P GABA,GABA,1,3.9760373,3.9760373,1.0
2977,4775 DTN-LDT-IPN Otp Pax3 Gaba_1,1069 DTN-LDT-IPN Otp Pax3 Gaba_1,277 DTN-LDT-IPN Otp Pax3 Gaba,26 P GABA,GABA,18,4.675213,5.9597635,0.7222222222222222
2978,4760 PDTg Otp Olig3 Gaba_1,1066 PDTg Otp Olig3 Gaba_1,275 PDTg Otp Olig3 Gaba,26 P GABA,GABA,1,7.482789,7.482789,1.0
2980,4762 PDTg Otp Olig3 Gaba_1,1066 PDTg Otp Olig3 Gaba_1,275 PDTg Otp Olig3 Gaba,26 P GABA,GABA,1,7.1566715,7.1566715,1.0
2981,4776 DTN-LDT-IPN Otp Pax3 Gaba_1,1069 DTN-LDT-IPN Otp Pax3 Gaba_1,277 DTN-LDT-IPN Otp Pax3 Gaba,26 P GABA,GABA,20,5.622549,6.3662567,0.9
2982,4777 DTN-LDT-IPN Otp Pax3 Gaba_1,1069 DTN-LDT-IPN Otp Pax3 Gaba_1,277 DTN-LDT-IPN Otp Pax3 Gaba,26 P GABA,GABA,6,4.114006,5.647893,0.6666666666666666
2983,3828 IPN Otp Crisp1 Gaba_1,0877 IPN Otp Crisp1 Gaba_1,214 IPN Otp Crisp1 Gaba,20 MB GABA,Glut-GABA,59,4.8387947,5.846167,0.7796610169491526
2984,4795 DTN-LDT-IPN Otp Pax3 Gaba_5,1073 DTN-LDT-IPN Otp Pax3 Gaba_5,277 DTN-LDT-IPN Otp Pax3 Gaba,26 P GABA,GABA,176,4.217078,5.2345777,0.7272727272727273
2985,4779 DTN-LDT-IPN Otp Pax3 Gaba_2,1070 DTN-LDT-IPN Otp Pax3 Gaba_2,277 DTN-LDT-IPN Otp Pax3 Gaba,26 P GABA,GABA,284,5.004098,6.112241,0.7746478873239436
2986,4796 DTN-LDT-IPN Otp Pax3 Gaba_5,1073 DTN-LDT-IPN Otp Pax3 Gaba_5,277 DTN-LDT-IPN Otp Pax3 Gaba,26 P GABA,GABA,217,3.4618478,5.1577277,0.5622119815668203
2987,4797 DTN-LDT-IPN Otp Pax3 Gaba_5,1073 DTN-LDT-IPN Otp Pax3 Gaba_5,277 DTN-LDT-IPN Otp Pax3 Gaba,26 P GABA,GABA,39,3.0448508,0.0,0.48717948717948717
2988,4798 DTN-LDT-IPN Otp Pax3 Gaba_5,1073 DTN-LDT-IPN Otp Pax3 Gaba_5,277 DTN-LDT-IPN Otp Pax3 Gaba,26 P GABA,GABA,77,4.333276,5.7781143,0.6883116883116883
2989,4799 DTN-LDT-IPN Otp Pax3 Gaba_5,1073 DTN-LDT-IPN Otp Pax3 Gaba_5,277 DTN-LDT-IPN Otp Pax3 Gaba,26 P GABA,GABA,42,3.880862,5.337259,0.6666666666666666
2990,4780 DTN-LDT-IPN Otp Pax3 Gaba_2,1070 DTN-LDT-IPN Otp Pax3 Gaba_2,277 DTN-LDT-IPN Otp Pax3 Gaba,26 P GABA,GABA,273,5.5900784,6.6434336,0.8241758241758241
2991,4781 DTN-LDT-IPN Otp Pax3 Gaba_2,1070 DTN-LDT-IPN Otp Pax3 Gaba_2,277 DTN-LDT-IPN Otp Pax3 Gaba,26 P GABA,GABA,13,5.8920665,6.479459,0.8461538461538461
2992,4767 LDT-PCG St18 Gaba_1,1067 LDT-PCG St18 Gaba_1,276 LDT-PCG St18 Gaba,26 P GABA,GABA,9,4.3538647,5.3809457,0.7777777777777778
2993,4786 DTN-LDT-IPN Otp Pax3 Gaba_3,1071 DTN-LDT-IPN Otp Pax3 Gaba_3,277 DTN-LDT-IPN Otp Pax3 Gaba,26 P GABA,GABA,51,5.1947,6.1601453,0.8235294117647058
2994,4784 DTN-LDT-IPN Otp Pax3 Gaba_3,1071 DTN-LDT-IPN Otp Pax3 Gaba_3,277 DTN-LDT-IPN Otp Pax3 Gaba,26 P GABA,GABA,19,5.910086,6.076242,0.9473684210526315
2995,4787 DTN-LDT-IPN Otp Pax3 Gaba_3,1071 DTN-LDT-IPN Otp Pax3 Gaba_3,277 DTN-LDT-IPN Otp Pax3 Gaba,26 P GABA,GABA,60,5.211653,6.0584755,0.8333333333333334
2996,4778 DTN-LDT-IPN Otp Pax3 Gaba_1,1069 DTN-LDT-IPN Otp Pax3 Gaba_1,277 DTN-LDT-IPN Otp Pax3 Gaba,26 P GABA,GABA,27,5.314478,5.952792,0.8518518518518519
2997,4788 DTN-LDT-IPN Otp Pax3 Gaba_3,1071 DTN-LDT-IPN Otp Pax3 Gaba_3,277 DTN-LDT-IPN Otp Pax3 Gaba,26 P GABA,GABA,14,6.2569933,6.8320513,0.9285714285714286
2998,4782 DTN-LDT-IPN Otp Pax3 Gaba_2,1070 DTN-LDT-IPN Otp Pax3 Gaba_2,277 DTN-LDT-IPN Otp Pax3 Gaba,26 P GABA,GABA,14,5.928357,6.1927958,0.9285714285714286
2999,4783 DTN-LDT-IPN Otp Pax3 Gaba_2,1070 DTN-LDT-IPN Otp Pax3 Gaba_2,277 DTN-LDT-IPN Otp Pax3 Gaba,26 P GABA,GABA,17,5.8191214,6.401123,0.8823529411764706
3000,4769 LDT-PCG St18 Gaba_1,1067 LDT-PCG St18 Gaba_1,276 LDT-PCG St18 Gaba,26 P GABA,GABA,96,4.861699,5.940469,0.7708333333333334
3001,4619 CS-RPO Meis2 Gaba_3,1033 CS-RPO Meis2 Gaba_3,263 CS-RPO Meis2 Gaba,26 P GABA,Glut-GABA,13,3.5827577,5.0945525,0.5384615384615384
3002,4764 LDT-PCG St18 Gaba_1,1067 LDT-PCG St18 Gaba_1,276 LDT-PCG St18 Gaba,26 P GABA,GABA,1,6.4928126,6.4928126,1.0
3003,4768 LDT-PCG St18 Gaba_1,1067 LDT-PCG St18 Gaba_1,276 LDT-PCG St18 Gaba,26 P GABA,GABA,6,5.2696824,6.1367145,0.8333333333333334
3004,4620 CS-RPO Meis2 Gaba_3,1033 CS-RPO Meis2 Gaba_3,263 CS-RPO Meis2 Gaba,26 P GABA,GABA,8,5.513839,6.142838,0.875
3005,4621 CS-RPO Meis2 Gaba_3,1033 CS-RPO Meis2 Gaba_3,263 CS-RPO Meis2 Gaba,26 P GABA,Glut-GABA,3,6.3734055,6.5961027,1.0
3006,4789 DTN-LDT-IPN Otp Pax3 Gaba_3,1071 DTN-LDT-IPN Otp Pax3 Gaba_3,277 DTN-LDT-IPN Otp Pax3 Gaba,26 P GABA,GABA,149,4.749184,5.736098,0.7986577181208053
3007,3829 IPN Otp Crisp1 Gaba_1,0877 IPN Otp Crisp1 Gaba_1,214 IPN Otp Crisp1 Gaba,20 MB GABA,GABA,354,5.4238153,6.2070127,0.8502824858757062
3008,3832 IPN Otp Crisp1 Gaba_2,0878 IPN Otp Crisp1 Gaba_2,214 IPN Otp Crisp1 Gaba,20 MB GABA,GABA,177,5.5499015,6.294094,0.8531073446327684
3009,3833 IPN Otp Crisp1 Gaba_2,0878 IPN Otp Crisp1 Gaba_2,214 IPN Otp Crisp1 Gaba,20 MB GABA,GABA,565,5.2034683,6.1886187,0.8141592920353983
3010,3834 IPN Otp Crisp1 Gaba_2,0878 IPN Otp Crisp1 Gaba_2,214 IPN Otp Crisp1 Gaba,20 MB GABA,GABA,662,5.3951473,6.274643,0.8308157099697885
3011,3835 IPN Otp Crisp1 Gaba_2,0878 IPN Otp Crisp1 Gaba_2,214 IPN Otp Crisp1 Gaba,20 MB GABA,GABA,125,5.364305,6.3050604,0.832
3012,3830 IPN Otp Crisp1 Gaba_1,0877 IPN Otp Crisp1 Gaba_1,214 IPN Otp Crisp1 Gaba,20 MB GABA,GABA,125,4.6357436,5.8827567,0.72
3013,3836 IPN Otp Crisp1 Gaba_3,0879 IPN Otp Crisp1 Gaba_3,214 IPN Otp Crisp1 Gaba,20 MB GABA,GABA,87,5.5743523,6.2643695,0.896551724137931
3014,3831 IPN Otp Crisp1 Gaba_2,0878 IPN Otp Crisp1 Gaba_2,214 IPN Otp Crisp1 Gaba,20 MB GABA,GABA,842,4.7013564,6.0928907,0.7185273159144893
3016,3992 LDT-PCG Vsx2 Lhx4 Glut_4,0909 LDT-PCG Vsx2 Lhx4 Glut_4,221 LDT-PCG Vsx2 Lhx4 Glut,23 P Glut,Glut,94,4.125324,5.551284,0.6595744680851063
3017,3993 LDT-PCG Vsx2 Lhx4 Glut_4,0909 LDT-PCG Vsx2 Lhx4 Glut_4,221 LDT-PCG Vsx2 Lhx4 Glut,23 P Glut,Glut,208,3.7672389,5.1354833,0.6394230769230769
3019,3980 LDT-PCG Vsx2 Lhx4 Glut_2,0907 LDT-PCG Vsx2 Lhx4 Glut_2,221 LDT-PCG Vsx2 Lhx4 Glut,23 P Glut,Glut,1,6.0482736,6.0482736,1.0
3020,3981 LDT-PCG Vsx2 Lhx4 Glut_2,0907 LDT-PCG Vsx2 Lhx4 Glut_2,221 LDT-PCG Vsx2 Lhx4 Glut,23 P Glut,Glut,9,5.193674,5.846942,0.8888888888888888
3022,3988 LDT-PCG Vsx2 Lhx4 Glut_3,0908 LDT-PCG Vsx2 Lhx4 Glut_3,221 LDT-PCG Vsx2 Lhx4 Glut,23 P Glut,Glut,1,7.1147127,7.1147127,1.0
3027,3994 LDT-PCG Vsx2 Lhx4 Glut_4,0909 LDT-PCG Vsx2 Lhx4 Glut_4,221 LDT-PCG Vsx2 Lhx4 Glut,23 P Glut,Glut,66,3.9495983,5.092015,0.6818181818181818
3028,3995 LDT-PCG Vsx2 Lhx4 Glut_4,0909 LDT-PCG Vsx2 Lhx4 Glut_4,221 LDT-PCG Vsx2 Lhx4 Glut,23 P Glut,Glut,273,3.5700893,5.038765,0.5860805860805861
3029,3996 LDT-PCG Vsx2 Lhx4 Glut_4,0909 LDT-PCG Vsx2 Lhx4 Glut_4,221 LDT-PCG Vsx2 Lhx4 Glut,23 P Glut,Glut,126,4.62704,5.527197,0.7777777777777778
3030,3997 LDT-PCG Vsx2 Lhx4 Glut_4,0909 LDT-PCG Vsx2 Lhx4 Glut_4,221 LDT-PCG Vsx2 Lhx4 Glut,23 P Glut,Glut,67,3.8534606,5.302051,0.6417910447761194
3031,3974 LDT-PCG Vsx2 Lhx4 Glut_1,0906 LDT-PCG Vsx2 Lhx4 Glut_1,221 LDT-PCG Vsx2 Lhx4 Glut,23 P Glut,Glut,67,4.9305363,5.826171,0.7910447761194029
3032,3975 LDT-PCG Vsx2 Lhx4 Glut_1,0906 LDT-PCG Vsx2 Lhx4 Glut_1,221 LDT-PCG Vsx2 Lhx4 Glut,23 P Glut,Glut,47,4.02574,5.7232375,0.6595744680851063
3033,3976 LDT-PCG Vsx2 Lhx4 Glut_1,0906 LDT-PCG Vsx2 Lhx4 Glut_1,221 LDT-PCG Vsx2 Lhx4 Glut,23 P Glut,Glut,22,5.948619,6.225696,0.9545454545454546
3034,4005 LDT-PCG Vsx2 Lhx4 Glut_6,0911 LDT-PCG Vsx2 Lhx4 Glut_6,221 LDT-PCG Vsx2 Lhx4 Glut,23 P Glut,Glut,95,5.1008015,6.194431,0.7789473684210526
3035,4009 LDT-PCG Vsx2 Lhx4 Glut_7,0912 LDT-PCG Vsx2 Lhx4 Glut_7,221 LDT-PCG Vsx2 Lhx4 Glut,23 P Glut,Glut,3,6.222412,6.2331634,1.0
3036,4010 LDT-PCG Vsx2 Lhx4 Glut_7,0912 LDT-PCG Vsx2 Lhx4 Glut_7,221 LDT-PCG Vsx2 Lhx4 Glut,23 P Glut,Glut,21,3.2719476,5.310947,0.5238095238095238
3037,3977 LDT-PCG Vsx2 Lhx4 Glut_1,0906 LDT-PCG Vsx2 Lhx4 Glut_1,221 LDT-PCG Vsx2 Lhx4 Glut,23 P Glut,Glut,23,5.0356774,6.644494,0.7391304347826086
3038,3983 LDT-PCG Vsx2 Lhx4 Glut_2,0907 LDT-PCG Vsx2 Lhx4 Glut_2,221 LDT-PCG Vsx2 Lhx4 Glut,23 P Glut,Glut,28,3.4060721,4.9240522,0.5714285714285714
3039,4006 LDT-PCG Vsx2 Lhx4 Glut_6,0911 LDT-PCG Vsx2 Lhx4 Glut_6,221 LDT-PCG Vsx2 Lhx4 Glut,23 P Glut,Glut,125,4.340451,5.8639627,0.656
3040,4007 LDT-PCG Vsx2 Lhx4 Glut_6,0911 LDT-PCG Vsx2 Lhx4 Glut_6,221 LDT-PCG Vsx2 Lhx4 Glut,23 P Glut,Glut,133,5.6575537,6.4996142,0.849624060150376
3041,4011 LDT-PCG Vsx2 Lhx4 Glut_7,0912 LDT-PCG Vsx2 Lhx4 Glut_7,221 LDT-PCG Vsx2 Lhx4 Glut,23 P Glut,Glut,158,5.488846,6.2576613,0.8481012658227848
3042,4012 LDT-PCG Vsx2 Lhx4 Glut_7,0912 LDT-PCG Vsx2 Lhx4 Glut_7,221 LDT-PCG Vsx2 Lhx4 Glut,23 P Glut,Glut,9,5.812256,6.4535604,0.8888888888888888
3043,4013 LDT-PCG Vsx2 Lhx4 Glut_7,0912 LDT-PCG Vsx2 Lhx4 Glut_7,221 LDT-PCG Vsx2 Lhx4 Glut,23 P Glut,Glut,2,6.4844365,6.4844365,1.0
3044,3998 LDT-PCG Vsx2 Lhx4 Glut_4,0909 LDT-PCG Vsx2 Lhx4 Glut_4,221 LDT-PCG Vsx2 Lhx4 Glut,23 P Glut,Glut,33,5.1043262,5.8266845,0.8484848484848485
3045,3978 LDT-PCG Vsx2 Lhx4 Glut_1,0906 LDT-PCG Vsx2 Lhx4 Glut_1,221 LDT-PCG Vsx2 Lhx4 Glut,23 P Glut,Glut,134,5.0382624,6.146675,0.7835820895522388
3046,3991 LDT-PCG Vsx2 Lhx4 Glut_3,0908 LDT-PCG Vsx2 Lhx4 Glut_3,221 LDT-PCG Vsx2 Lhx4 Glut,23 P Glut,Glut,3,4.1245856,4.887327,0.6666666666666666
3047,4015 LDT-PCG Vsx2 Lhx4 Glut_8,0913 LDT-PCG Vsx2 Lhx4 Glut_8,221 LDT-PCG Vsx2 Lhx4 Glut,23 P Glut,Glut,151,4.8851748,5.9978113,0.7880794701986755
3048,4001 LDT-PCG Vsx2 Lhx4 Glut_5,0910 LDT-PCG Vsx2 Lhx4 Glut_5,221 LDT-PCG Vsx2 Lhx4 Glut,23 P Glut,Glut,1,5.985582,5.985582,1.0
3052,4014 LDT-PCG Vsx2 Lhx4 Glut_7,0912 LDT-PCG Vsx2 Lhx4 Glut_7,221 LDT-PCG Vsx2 Lhx4 Glut,23 P Glut,Glut,10,5.301632,6.1289377,0.9
3053,4008 LDT-PCG Vsx2 Lhx4 Glut_6,0911 LDT-PCG Vsx2 Lhx4 Glut_6,221 LDT-PCG Vsx2 Lhx4 Glut,23 P Glut,Glut,59,4.6282454,5.970959,0.6949152542372882
3054,3984 LDT-PCG Vsx2 Lhx4 Glut_2,0907 LDT-PCG Vsx2 Lhx4 Glut_2,221 LDT-PCG Vsx2 Lhx4 Glut,23 P Glut,Glut,1,6.3230796,6.3230796,1.0
3055,3979 LDT-PCG Vsx2 Lhx4 Glut_1,0906 LDT-PCG Vsx2 Lhx4 Glut_1,221 LDT-PCG Vsx2 Lhx4 Glut,23 P Glut,Glut,69,5.4189215,6.195528,0.855072463768116
3057,4110 PCG-PRNr Vsx2 Nkx6-1 Glut_3,0927 PCG-PRNr Vsx2 Nkx6-1 Glut_3,224 PCG-PRNr Vsx2 Nkx6-1 Glut,23 P Glut,Glut,8,5.5437756,5.9550095,0.875
3058,4174 IPN-LDT Vsx2 Nkx6-1 Glut_1,0946 IPN-LDT Vsx2 Nkx6-1 Glut_1,231 IPN-LDT Vsx2 Nkx6-1 Glut,23 P Glut,Glut,32,4.2776337,5.2293797,0.75
3059,4111 PCG-PRNr Vsx2 Nkx6-1 Glut_3,0927 PCG-PRNr Vsx2 Nkx6-1 Glut_3,224 PCG-PRNr Vsx2 Nkx6-1 Glut,23 P Glut,Glut,7,4.1275706,5.1585064,0.7142857142857143
3060,4112 PCG-PRNr Vsx2 Nkx6-1 Glut_3,0927 PCG-PRNr Vsx2 Nkx6-1 Glut_3,224 PCG-PRNr Vsx2 Nkx6-1 Glut,23 P Glut,Glut,16,4.651021,5.591528,0.75
3061,4116 PCG-PRNr Vsx2 Nkx6-1 Glut_4,0928 PCG-PRNr Vsx2 Nkx6-1 Glut_4,224 PCG-PRNr Vsx2 Nkx6-1 Glut,23 P Glut,Glut,8,4.268372,5.2970257,0.75
3062,4175 IPN-LDT Vsx2 Nkx6-1 Glut_1,0946 IPN-LDT Vsx2 Nkx6-1 Glut_1,231 IPN-LDT Vsx2 Nkx6-1 Glut,23 P Glut,Glut,55,4.998593,5.6261077,0.8545454545454545
3063,4181 IPN-LDT Vsx2 Nkx6-1 Glut_2,0947 IPN-LDT Vsx2 Nkx6-1 Glut_2,231 IPN-LDT Vsx2 Nkx6-1 Glut,23 P Glut,Glut,220,3.8702276,5.2086506,0.6363636363636364
3064,4179 IPN-LDT Vsx2 Nkx6-1 Glut_1,0946 IPN-LDT Vsx2 Nkx6-1 Glut_1,231 IPN-LDT Vsx2 Nkx6-1 Glut,23 P Glut,Glut,46,2.9795725,4.59954,0.5217391304347826
3065,4180 IPN-LDT Vsx2 Nkx6-1 Glut_1,0946 IPN-LDT Vsx2 Nkx6-1 Glut_1,231 IPN-LDT Vsx2 Nkx6-1 Glut,23 P Glut,Glut,18,4.04759,5.3035574,0.6111111111111112
3066,4182 IPN-LDT Vsx2 Nkx6-1 Glut_2,0947 IPN-LDT Vsx2 Nkx6-1 Glut_2,231 IPN-LDT Vsx2 Nkx6-1 Glut,23 P Glut,Glut,118,4.2282953,5.357173,0.6949152542372882
3067,4016 LDT-PCG Vsx2 Lhx4 Glut_8,0913 LDT-PCG Vsx2 Lhx4 Glut_8,221 LDT-PCG Vsx2 Lhx4 Glut,23 P Glut,Glut,51,4.6635957,5.5573716,0.7647058823529411
3068,4183 IPN-LDT Vsx2 Nkx6-1 Glut_2,0947 IPN-LDT Vsx2 Nkx6-1 Glut_2,231 IPN-LDT Vsx2 Nkx6-1 Glut,23 P Glut,Glut,165,4.733038,5.638336,0.7696969696969697
3069,4184 IPN-LDT Vsx2 Nkx6-1 Glut_2,0947 IPN-LDT Vsx2 Nkx6-1 Glut_2,231 IPN-LDT Vsx2 Nkx6-1 Glut,23 P Glut,Glut,71,4.3575644,5.5726414,0.7464788732394366
3070,4103 PCG-PRNr Vsx2 Nkx6-1 Glut_2,0926 PCG-PRNr Vsx2 Nkx6-1 Glut_2,224 PCG-PRNr Vsx2 Nkx6-1 Glut,23 P Glut,Glut,55,4.9088497,5.7566466,0.8181818181818182
3071,4104 PCG-PRNr Vsx2 Nkx6-1 Glut_2,0926 PCG-PRNr Vsx2 Nkx6-1 Glut_2,224 PCG-PRNr Vsx2 Nkx6-1 Glut,23 P Glut,Glut,10,4.614773,6.2435427,0.7
3072,4105 PCG-PRNr Vsx2 Nkx6-1 Glut_2,0926 PCG-PRNr Vsx2 Nkx6-1 Glut_2,224 PCG-PRNr Vsx2 Nkx6-1 Glut,23 P Glut,Glut,7,4.6704993,6.069926,0.7142857142857143
3073,4113 PCG-PRNr Vsx2 Nkx6-1 Glut_3,0927 PCG-PRNr Vsx2 Nkx6-1 Glut_3,224 PCG-PRNr Vsx2 Nkx6-1 Glut,23 P Glut,Glut,18,4.8588166,5.6768675,0.7777777777777778
3074,4176 IPN-LDT Vsx2 Nkx6-1 Glut_1,0946 IPN-LDT Vsx2 Nkx6-1 Glut_1,231 IPN-LDT Vsx2 Nkx6-1 Glut,23 P Glut,Glut,50,4.238227,5.3986316,0.7
3075,4177 IPN-LDT Vsx2 Nkx6-1 Glut_1,0946 IPN-LDT Vsx2 Nkx6-1 Glut_1,231 IPN-LDT Vsx2 Nkx6-1 Glut,23 P Glut,Glut,98,5.0288863,5.868556,0.8163265306122449
3076,4178 IPN-LDT Vsx2 Nkx6-1 Glut_1,0946 IPN-LDT Vsx2 Nkx6-1 Glut_1,231 IPN-LDT Vsx2 Nkx6-1 Glut,23 P Glut,Glut,87,4.1393228,5.6023064,0.6781609195402298
3077,4114 PCG-PRNr Vsx2 Nkx6-1 Glut_3,0927 PCG-PRNr Vsx2 Nkx6-1 Glut_3,224 PCG-PRNr Vsx2 Nkx6-1 Glut,23 P Glut,Glut,16,4.2578254,5.878415,0.6875
3078,4106 PCG-PRNr Vsx2 Nkx6-1 Glut_2,0926 PCG-PRNr Vsx2 Nkx6-1 Glut_2,224 PCG-PRNr Vsx2 Nkx6-1 Glut,23 P Glut,Glut,17,6.1021576,6.186164,1.0
3081,4102 PCG-PRNr Vsx2 Nkx6-1 Glut_2,0926 PCG-PRNr Vsx2 Nkx6-1 Glut_2,224 PCG-PRNr Vsx2 Nkx6-1 Glut,23 P Glut,Glut,15,3.8171957,4.8499427,0.6666666666666666
3082,4115 PCG-PRNr Vsx2 Nkx6-1 Glut_3,0927 PCG-PRNr Vsx2 Nkx6-1 Glut_3,224 PCG-PRNr Vsx2 Nkx6-1 Glut,23 P Glut,Glut,2,5.2947016,5.2947016,1.0
3083,4107 PCG-PRNr Vsx2 Nkx6-1 Glut_2,0926 PCG-PRNr Vsx2 Nkx6-1 Glut_2,224 PCG-PRNr Vsx2 Nkx6-1 Glut,23 P Glut,Glut,41,4.832708,5.8821807,0.7804878048780488
3085,4185 IPN-LDT Vsx2 Nkx6-1 Glut_2,0947 IPN-LDT Vsx2 Nkx6-1 Glut_2,231 IPN-LDT Vsx2 Nkx6-1 Glut,23 P Glut,Glut,36,4.395587,5.3425827,0.7222222222222222
3086,4188 LDT Vsx2 Nkx6-1 Nfib Glut_1,0948 LDT Vsx2 Nkx6-1 Nfib Glut_1,232 LDT Vsx2 Nkx6-1 Nfib Glut,23 P Glut,Glut,72,3.7470808,5.3995457,0.6111111111111112
3087,4186 LDT Vsx2 Nkx6-1 Nfib Glut_1,0948 LDT Vsx2 Nkx6-1 Nfib Glut_1,232 LDT Vsx2 Nkx6-1 Nfib Glut,23 P Glut,Glut,226,3.996659,5.45387,0.6548672566371682
3088,4189 LDT Vsx2 Nkx6-1 Nfib Glut_1,0948 LDT Vsx2 Nkx6-1 Nfib Glut_1,232 LDT Vsx2 Nkx6-1 Nfib Glut,23 P Glut,Glut,155,4.3804684,5.4734354,0.7225806451612903
3089,4192 LDT Vsx2 Nkx6-1 Nfib Glut_1,0948 LDT Vsx2 Nkx6-1 Nfib Glut_1,232 LDT Vsx2 Nkx6-1 Nfib Glut,23 P Glut,Glut,106,4.0570946,5.327256,0.6792452830188679
3090,4190 LDT Vsx2 Nkx6-1 Nfib Glut_1,0948 LDT Vsx2 Nkx6-1 Nfib Glut_1,232 LDT Vsx2 Nkx6-1 Nfib Glut,23 P Glut,Glut,33,3.5790217,4.8403616,0.6060606060606061
3091,4193 LDT Vsx2 Nkx6-1 Nfib Glut_1,0948 LDT Vsx2 Nkx6-1 Nfib Glut_1,232 LDT Vsx2 Nkx6-1 Nfib Glut,23 P Glut,Glut,81,3.9391835,5.136582,0.654320987654321
3092,4187 LDT Vsx2 Nkx6-1 Nfib Glut_1,0948 LDT Vsx2 Nkx6-1 Nfib Glut_1,232 LDT Vsx2 Nkx6-1 Nfib Glut,23 P Glut,Glut,293,4.329599,5.7510595,0.6962457337883959
3093,4191 LDT Vsx2 Nkx6-1 Nfib Glut_1,0948 LDT Vsx2 Nkx6-1 Nfib Glut_1,232 LDT Vsx2 Nkx6-1 Nfib Glut,23 P Glut,Glut,202,3.4989557,4.7731647,0.6089108910891089
3095,4132 PRNc-NI-SG-RPO Vsx2 Nr4a2 Glut_3,0933 PRNc-NI-SG-RPO Vsx2 Nr4a2 Glut_3,225 PRNc-NI-SG-RPO Vsx2 Nr4a2 Glut,23 P Glut,Glut,1,4.841132,4.841132,1.0
3100,4100 PCG-PRNr Vsx2 Nkx6-1 Glut_1,0925 PCG-PRNr Vsx2 Nkx6-1 Glut_1,224 PCG-PRNr Vsx2 Nkx6-1 Glut,23 P Glut,Glut,1,0.0,0.0,0.0
3114,3532 PAG-ND-PCG Onecut1 Gaba_1,0818 PAG-ND-PCG Onecut1 Gaba_1,200 PAG-ND-PCG Onecut1 Gaba,20 MB GABA,GABA,15,3.4946082,4.7018104,0.6666666666666666
3115,3525 PAG-MRN-RN Foxa2 Gaba_4,0817 PAG-MRN-RN Foxa2 Gaba_4,199 PAG-MRN-RN Foxa2 Gaba,20 MB GABA,GABA,52,6.1331577,6.5946517,0.9230769230769231
3116,4948 MV-SPIV-PRP Dmbx1 Gly-Gaba_3,1101 MV-SPIV-PRP Dmbx1 Gly-Gaba_3,287 MV-SPIV-PRP Dmbx1 Gly-Gaba,27 MY GABA,GABA-Glyc,1,5.6197615,5.6197615,1.0
3117,3521 PAG-MRN-RN Foxa2 Gaba_3,0816 PAG-MRN-RN Foxa2 Gaba_3,199 PAG-MRN-RN Foxa2 Gaba,20 MB GABA,GABA,43,4.942955,5.7576237,0.8372093023255814
3118,3526 PAG-MRN-RN Foxa2 Gaba_4,0817 PAG-MRN-RN Foxa2 Gaba_4,199 PAG-MRN-RN Foxa2 Gaba,20 MB GABA,GABA,132,5.4292774,6.0546637,0.8863636363636364
3119,3529 PAG-MRN-RN Foxa2 Gaba_4,0817 PAG-MRN-RN Foxa2 Gaba_4,199 PAG-MRN-RN Foxa2 Gaba,20 MB GABA,GABA,40,4.522246,5.796506,0.725
3120,3527 PAG-MRN-RN Foxa2 Gaba_4,0817 PAG-MRN-RN Foxa2 Gaba_4,199 PAG-MRN-RN Foxa2 Gaba,20 MB GABA,GABA,43,4.5784435,5.7611246,0.7441860465116279
3121,3530 PAG-MRN-RN Foxa2 Gaba_4,0817 PAG-MRN-RN Foxa2 Gaba_4,199 PAG-MRN-RN Foxa2 Gaba,20 MB GABA,GABA,166,5.018209,5.976624,0.8192771084337349
3122,3550 PAG-ND-PCG Onecut1 Gaba_3,0820 PAG-ND-PCG Onecut1 Gaba_3,200 PAG-ND-PCG Onecut1 Gaba,20 MB GABA,GABA,2,5.8201656,5.8201656,1.0
3123,3547 PAG-ND-PCG Onecut1 Gaba_2,0819 PAG-ND-PCG Onecut1 Gaba_2,200 PAG-ND-PCG Onecut1 Gaba,20 MB GABA,GABA,6,3.4867163,3.2334018,0.5
3124,3551 PAG-ND-PCG Onecut1 Gaba_3,0820 PAG-ND-PCG Onecut1 Gaba_3,200 PAG-ND-PCG Onecut1 Gaba,20 MB GABA,GABA,4,5.9776816,6.3167896,1.0
3125,3543 PAG-ND-PCG Onecut1 Gaba_2,0819 PAG-ND-PCG Onecut1 Gaba_2,200 PAG-ND-PCG Onecut1 Gaba,20 MB GABA,GABA,36,4.4327393,5.7631903,0.75
3126,3548 PAG-ND-PCG Onecut1 Gaba_2,0819 PAG-ND-PCG Onecut1 Gaba_2,200 PAG-ND-PCG Onecut1 Gaba,20 MB GABA,GABA,22,5.0064654,5.6010523,0.8181818181818182
3127,3549 PAG-ND-PCG Onecut1 Gaba_2,0819 PAG-ND-PCG Onecut1 Gaba_2,200 PAG-ND-PCG Onecut1 Gaba,20 MB GABA,GABA,46,5.1172857,5.904116,0.8260869565217391
3128,3538 PAG-ND-PCG Onecut1 Gaba_1,0818 PAG-ND-PCG Onecut1 Gaba_1,200 PAG-ND-PCG Onecut1 Gaba,20 MB GABA,GABA,86,4.834303,5.6890497,0.813953488372093
3129,3541 PAG-ND-PCG Onecut1 Gaba_1,0818 PAG-ND-PCG Onecut1 Gaba_1,200 PAG-ND-PCG Onecut1 Gaba,20 MB GABA,GABA,44,5.2770915,5.927126,0.9090909090909091
3130,3535 PAG-ND-PCG Onecut1 Gaba_1,0818 PAG-ND-PCG Onecut1 Gaba_1,200 PAG-ND-PCG Onecut1 Gaba,20 MB GABA,GABA,87,5.5703044,6.289522,0.8850574712643678
3131,3542 PAG-ND-PCG Onecut1 Gaba_1,0818 PAG-ND-PCG Onecut1 Gaba_1,200 PAG-ND-PCG Onecut1 Gaba,20 MB GABA,GABA,59,4.3178043,5.2022347,0.7457627118644068
3132,3552 PAG-ND-PCG Onecut1 Gaba_3,0820 PAG-ND-PCG Onecut1 Gaba_3,200 PAG-ND-PCG Onecut1 Gaba,20 MB GABA,GABA,2,6.4006686,6.4006686,1.0
3134,4746 LDT-PCG-CS Gata3 Lhx1 Gaba_5,1060 LDT-PCG-CS Gata3 Lhx1 Gaba_5,272 LDT-PCG-CS Gata3 Lhx1 Gaba,26 P GABA,GABA,4,4.433787,5.5407853,0.75
3135,3544 PAG-ND-PCG Onecut1 Gaba_2,0819 PAG-ND-PCG Onecut1 Gaba_2,200 PAG-ND-PCG Onecut1 Gaba,20 MB GABA,GABA,12,3.4855735,5.0231586,0.5833333333333334
3136,3545 PAG-ND-PCG Onecut1 Gaba_2,0819 PAG-ND-PCG Onecut1 Gaba_2,200 PAG-ND-PCG Onecut1 Gaba,20 MB GABA,GABA,6,4.5952287,6.267277,0.6666666666666666
3137,3461 SNr Six3 Gaba_1,0806 SNr Six3 Gaba_1,197 SNr Six3 Gaba,20 MB GABA,GABA,270,5.4978604,5.964101,0.9111111111111111
3138,3528 PAG-MRN-RN Foxa2 Gaba_4,0817 PAG-MRN-RN Foxa2 Gaba_4,199 PAG-MRN-RN Foxa2 Gaba,20 MB GABA,GABA,61,4.996291,6.302727,0.7704918032786885
3139,3515 PAG-MRN-RN Foxa2 Gaba_2,0815 PAG-MRN-RN Foxa2 Gaba_2,199 PAG-MRN-RN Foxa2 Gaba,20 MB GABA,GABA,37,5.878166,6.070779,0.972972972972973
3140,3522 PAG-MRN-RN Foxa2 Gaba_3,0816 PAG-MRN-RN Foxa2 Gaba_3,199 PAG-MRN-RN Foxa2 Gaba,20 MB GABA,GABA,41,4.3222523,5.5340314,0.7560975609756098
3141,3523 PAG-MRN-RN Foxa2 Gaba_3,0816 PAG-MRN-RN Foxa2 Gaba_3,199 PAG-MRN-RN Foxa2 Gaba,20 MB GABA,Glut-GABA,75,4.295122,5.1853495,0.7466666666666667
3142,3524 PAG-MRN-RN Foxa2 Gaba_3,0816 PAG-MRN-RN Foxa2 Gaba_3,199 PAG-MRN-RN Foxa2 Gaba,20 MB GABA,GABA,79,4.849694,5.874268,0.8227848101265823
3143,3516 PAG-MRN-RN Foxa2 Gaba_2,0815 PAG-MRN-RN Foxa2 Gaba_2,199 PAG-MRN-RN Foxa2 Gaba,20 MB GABA,GABA,27,5.050398,5.4599357,0.8888888888888888
3144,3758 SCs Pax7 Nfia Gaba_4,0862 SCs Pax7 Nfia Gaba_4,209 SCs Pax7 Nfia Gaba,20 MB GABA,GABA,96,4.823361,6.030129,0.7708333333333334
3145,3553 PAG-ND-PCG Onecut1 Gaba_4,0821 PAG-ND-PCG Onecut1 Gaba_4,200 PAG-ND-PCG Onecut1 Gaba,20 MB GABA,GABA,111,5.1176257,6.006638,0.8288288288288288
3146,4730 NI-RPO Gata3 Nr4a2 Gaba_4,1055 NI-RPO Gata3 Nr4a2 Gaba_4,271 NI-RPO Gata3 Nr4a2 Gaba,26 P GABA,GABA,1,4.743111,4.743111,1.0
3148,3597 PRT Tcf7l2 Gaba_1,0829 PRT Tcf7l2 Gaba_1,202 PRT Tcf7l2 Gaba,20 MB GABA,GABA,160,5.169946,6.1000423,0.8125
3149,3517 PAG-MRN-RN Foxa2 Gaba_2,0815 PAG-MRN-RN Foxa2 Gaba_2,199 PAG-MRN-RN Foxa2 Gaba,20 MB GABA,GABA,38,4.4484277,5.6105022,0.7631578947368421
3150,3474 IC Six3 En2 Gaba_1,0807 IC Six3 En2 Gaba_1,198 IC Six3 En2 Gaba,20 MB GABA,GABA,88,4.1037173,5.311181,0.7159090909090909
3151,3533 PAG-ND-PCG Onecut1 Gaba_1,0818 PAG-ND-PCG Onecut1 Gaba_1,200 PAG-ND-PCG Onecut1 Gaba,20 MB GABA,GABA,53,5.1037574,5.918024,0.8113207547169812
3152,3536 PAG-ND-PCG Onecut1 Gaba_1,0818 PAG-ND-PCG Onecut1 Gaba_1,200 PAG-ND-PCG Onecut1 Gaba,20 MB GABA,GABA,42,5.7214627,6.015974,0.9285714285714286
3153,3518 PAG-MRN-RN Foxa2 Gaba_2,0815 PAG-MRN-RN Foxa2 Gaba_2,199 PAG-MRN-RN Foxa2 Gaba,20 MB GABA,GABA,24,4.323075,5.2914753,0.7083333333333334
3154,3534 PAG-ND-PCG Onecut1 Gaba_1,0818 PAG-ND-PCG Onecut1 Gaba_1,200 PAG-ND-PCG Onecut1 Gaba,20 MB GABA,GABA,37,5.2166753,6.157306,0.8648648648648649
3155,3464 SNr Six3 Gaba_1,0806 SNr Six3 Gaba_1,197 SNr Six3 Gaba,20 MB GABA,GABA,20,3.8147779,4.769516,0.7
3156,3537 PAG-ND-PCG Onecut1 Gaba_1,0818 PAG-ND-PCG Onecut1 Gaba_1,200 PAG-ND-PCG Onecut1 Gaba,20 MB GABA,GABA,72,4.2909236,5.577916,0.7083333333333334
3157,3540 PAG-ND-PCG Onecut1 Gaba_1,0818 PAG-ND-PCG Onecut1 Gaba_1,200 PAG-ND-PCG Onecut1 Gaba,20 MB GABA,GABA,48,5.409905,6.4098644,0.8541666666666666
3159,3598 PRT Tcf7l2 Gaba_1,0829 PRT Tcf7l2 Gaba_1,202 PRT Tcf7l2 Gaba,20 MB GABA,GABA,178,4.701287,5.5743704,0.8089887640449438
3160,3599 PRT Tcf7l2 Gaba_1,0829 PRT Tcf7l2 Gaba_1,202 PRT Tcf7l2 Gaba,20 MB GABA,GABA,74,4.3729744,5.835308,0.7162162162162162
3161,3600 PRT Tcf7l2 Gaba_1,0829 PRT Tcf7l2 Gaba_1,202 PRT Tcf7l2 Gaba,20 MB GABA,GABA,66,4.9812217,5.763029,0.8333333333333334
3162,3475 IC Six3 En2 Gaba_1,0807 IC Six3 En2 Gaba_1,198 IC Six3 En2 Gaba,20 MB GABA,GABA,69,4.6579123,5.5619564,0.8115942028985508
3163,3588 PAG-RN Nkx2-2 Otx1 Gaba_5,0827 PAG-RN Nkx2-2 Otx1 Gaba_5,201 PAG-RN Nkx2-2 Otx1 Gaba,20 MB GABA,GABA,121,5.042259,5.9834876,0.8181818181818182
3165,3633 LGv-SPFp-SPFm Nkx2-2 Tcf7l2 Gaba_1,0834 LGv-SPFp-SPFm Nkx2-2 Tcf7l2 Gaba_1,203 LGv-SPFp-SPFm Nkx2-2 Tcf7l2 Gaba,20 MB GABA,GABA,60,4.5018077,4.795759,0.85
3169,3480 IC Six3 En2 Gaba_3,0809 IC Six3 En2 Gaba_3,198 IC Six3 En2 Gaba,20 MB GABA,GABA,56,3.9378123,5.1475296,0.6785714285714286
3170,3631 PRT Tcf7l2 Gaba_5,0833 PRT Tcf7l2 Gaba_5,202 PRT Tcf7l2 Gaba,20 MB GABA,GABA,125,4.5372114,5.2628226,0.792
3171,3601 PRT Tcf7l2 Gaba_1,0829 PRT Tcf7l2 Gaba_1,202 PRT Tcf7l2 Gaba,20 MB GABA,GABA,360,4.502766,5.548189,0.7472222222222222
3172,3602 PRT Tcf7l2 Gaba_1,0829 PRT Tcf7l2 Gaba_1,202 PRT Tcf7l2 Gaba,20 MB GABA,GABA,190,4.102055,5.421466,0.6842105263157895
3173,3626 PRT Tcf7l2 Gaba_4,0832 PRT Tcf7l2 Gaba_4,202 PRT Tcf7l2 Gaba,20 MB GABA,GABA,155,4.8343587,6.1193833,0.7419354838709677
3174,3720 SCm-PAG Cdh23 Gaba_4,0851 SCm-PAG Cdh23 Gaba_4,206 SCm-PAG Cdh23 Gaba,20 MB GABA,GABA,387,5.014619,5.9837236,0.8087855297157622
3175,3585 PAG-RN Nkx2-2 Otx1 Gaba_4,0826 PAG-RN Nkx2-2 Otx1 Gaba_4,201 PAG-RN Nkx2-2 Otx1 Gaba,20 MB GABA,GABA-Glyc,117,3.8608387,5.25358,0.6581196581196581
3176,3589 PAG-RN Nkx2-2 Otx1 Gaba_5,0827 PAG-RN Nkx2-2 Otx1 Gaba_5,201 PAG-RN Nkx2-2 Otx1 Gaba,20 MB GABA,GABA,68,4.8544693,6.0165973,0.7794117647058824
3177,3590 PAG-RN Nkx2-2 Otx1 Gaba_5,0827 PAG-RN Nkx2-2 Otx1 Gaba_5,201 PAG-RN Nkx2-2 Otx1 Gaba,20 MB GABA,GABA,72,5.5195065,6.0789137,0.875
3178,3519 PAG-MRN-RN Foxa2 Gaba_2,0815 PAG-MRN-RN Foxa2 Gaba_2,199 PAG-MRN-RN Foxa2 Gaba,20 MB GABA,GABA,176,4.152369,5.344927,0.6931818181818182
3179,3520 PAG-MRN-RN Foxa2 Gaba_2,0815 PAG-MRN-RN Foxa2 Gaba_2,199 PAG-MRN-RN Foxa2 Gaba,20 MB GABA,GABA,43,4.3513317,4.7836404,0.813953488372093
3180,3603 PRT Tcf7l2 Gaba_1,0829 PRT Tcf7l2 Gaba_1,202 PRT Tcf7l2 Gaba,20 MB GABA,GABA,139,4.8095155,5.6025305,0.8273381294964028
3181,3632 PRT Tcf7l2 Gaba_5,0833 PRT Tcf7l2 Gaba_5,202 PRT Tcf7l2 Gaba,20 MB GABA,GABA,73,4.7776346,5.8486266,0.7671232876712328
3182,3604 PRT Tcf7l2 Gaba_1,0829 PRT Tcf7l2 Gaba_1,202 PRT Tcf7l2 Gaba,20 MB GABA,GABA,19,5.237837,6.0421133,0.8947368421052632
3183,3605 PRT Tcf7l2 Gaba_1,0829 PRT Tcf7l2 Gaba_1,202 PRT Tcf7l2 Gaba,20 MB GABA,GABA,41,4.907337,5.814581,0.8292682926829268
3184,3481 IC Six3 En2 Gaba_3,0809 IC Six3 En2 Gaba_3,198 IC Six3 En2 Gaba,20 MB GABA,GABA,24,4.101003,5.7568836,0.6666666666666666
3185,3476 IC Six3 En2 Gaba_1,0807 IC Six3 En2 Gaba_1,198 IC Six3 En2 Gaba,20 MB GABA,GABA,42,4.3717117,5.3865395,0.7857142857142857
3186,3596 PRT Tcf7l2 Gaba_1,0829 PRT Tcf7l2 Gaba_1,202 PRT Tcf7l2 Gaba,20 MB GABA,GABA,27,4.4854255,5.28662,0.8148148148148148
3187,3591 PAG-RN Nkx2-2 Otx1 Gaba_5,0827 PAG-RN Nkx2-2 Otx1 Gaba_5,201 PAG-RN Nkx2-2 Otx1 Gaba,20 MB GABA,GABA,35,4.571564,5.4703155,0.7714285714285715
3188,4699 CS-PRNr-DR En1 Sox2 Gaba_2,1048 CS-PRNr-DR En1 Sox2 Gaba_2,268 CS-PRNr-DR En1 Sox2 Gaba,26 P GABA,GABA,3,3.4555786,5.148998,0.6666666666666666
3189,3573 PAG-RN Nkx2-2 Otx1 Gaba_3,0825 PAG-RN Nkx2-2 Otx1 Gaba_3,201 PAG-RN Nkx2-2 Otx1 Gaba,20 MB GABA,GABA-Glyc,53,4.921234,5.637646,0.8301886792452831
3190,4700 CS-PRNr-DR En1 Sox2 Gaba_2,1048 CS-PRNr-DR En1 Sox2 Gaba_2,268 CS-PRNr-DR En1 Sox2 Gaba,26 P GABA,GABA,15,3.7336223,5.469704,0.6
3192,4745 LDT-PCG-CS Gata3 Lhx1 Gaba_4,1059 LDT-PCG-CS Gata3 Lhx1 Gaba_4,272 LDT-PCG-CS Gata3 Lhx1 Gaba,26 P GABA,Glut-GABA,71,4.579088,5.943969,0.7323943661971831
3193,4737 LDT-PCG-CS Gata3 Lhx1 Gaba_1,1056 LDT-PCG-CS Gata3 Lhx1 Gaba_1,272 LDT-PCG-CS Gata3 Lhx1 Gaba,26 P GABA,GABA,52,4.2779617,5.226229,0.7115384615384616
3194,4738 LDT-PCG-CS Gata3 Lhx1 Gaba_1,1056 LDT-PCG-CS Gata3 Lhx1 Gaba_1,272 LDT-PCG-CS Gata3 Lhx1 Gaba,26 P GABA,Glut-GABA,8,4.1982336,4.247013,0.75
3195,4739 LDT-PCG-CS Gata3 Lhx1 Gaba_2,1057 LDT-PCG-CS Gata3 Lhx1 Gaba_2,272 LDT-PCG-CS Gata3 Lhx1 Gaba,26 P GABA,GABA,5,4.7502894,5.5966034,0.8
3196,4740 LDT-PCG-CS Gata3 Lhx1 Gaba_2,1057 LDT-PCG-CS Gata3 Lhx1 Gaba_2,272 LDT-PCG-CS Gata3 Lhx1 Gaba,26 P GABA,GABA,1,7.1921225,7.1921225,1.0
3197,4735 LDT-PCG-CS Gata3 Lhx1 Gaba_1,1056 LDT-PCG-CS Gata3 Lhx1 Gaba_1,272 LDT-PCG-CS Gata3 Lhx1 Gaba,26 P GABA,GABA,21,4.3098197,5.676143,0.6666666666666666
3198,4736 LDT-PCG-CS Gata3 Lhx1 Gaba_1,1056 LDT-PCG-CS Gata3 Lhx1 Gaba_1,272 LDT-PCG-CS Gata3 Lhx1 Gaba,26 P GABA,GABA,52,5.564944,6.1903505,0.8846153846153846
3199,4743 LDT-PCG-CS Gata3 Lhx1 Gaba_3,1058 LDT-PCG-CS Gata3 Lhx1 Gaba_3,272 LDT-PCG-CS Gata3 Lhx1 Gaba,26 P GABA,GABA,25,3.3671217,4.6609735,0.6
3200,4744 LDT-PCG-CS Gata3 Lhx1 Gaba_3,1058 LDT-PCG-CS Gata3 Lhx1 Gaba_3,272 LDT-PCG-CS Gata3 Lhx1 Gaba,26 P GABA,Glut-GABA,59,4.9554768,5.580759,0.8305084745762712
3202,4747 LDT-PCG-CS Gata3 Lhx1 Gaba_5,1060 LDT-PCG-CS Gata3 Lhx1 Gaba_5,272 LDT-PCG-CS Gata3 Lhx1 Gaba,26 P GABA,GABA,2,6.3792267,6.3792267,1.0
3206,4729 NI-RPO Gata3 Nr4a2 Gaba_3,1054 NI-RPO Gata3 Nr4a2 Gaba_3,271 NI-RPO Gata3 Nr4a2 Gaba,26 P GABA,GABA,2,2.9578319,2.9578319,0.5
3213,4748 LDT-PCG-CS Gata3 Lhx1 Gaba_5,1060 LDT-PCG-CS Gata3 Lhx1 Gaba_5,272 LDT-PCG-CS Gata3 Lhx1 Gaba,26 P GABA,GABA,5,5.5087976,6.759912,0.8
3216,4727 NI-RPO Gata3 Nr4a2 Gaba_2,1053 NI-RPO Gata3 Nr4a2 Gaba_2,271 NI-RPO Gata3 Nr4a2 Gaba,26 P GABA,Glut,1,4.629201,4.629201,1.0
3219,4749 PDTg-PCG Pax6 Gaba_1,1061 PDTg-PCG Pax6 Gaba_1,273 PDTg-PCG Pax6 Gaba,26 P GABA,GABA,118,4.990974,5.8012624,0.8305084745762712
3220,4708 LDT-DTN Gata3 Nfix Gaba_1,1050 LDT-DTN Gata3 Nfix Gaba_1,270 LDT-DTN Gata3 Nfix Gaba,26 P GABA,GABA,21,4.980842,5.2929435,0.8571428571428571
3221,4709 LDT-DTN Gata3 Nfix Gaba_1,1050 LDT-DTN Gata3 Nfix Gaba_1,270 LDT-DTN Gata3 Nfix Gaba,26 P GABA,GABA,3,6.316561,6.369248,1.0
3222,4712 LDT-DTN Gata3 Nfix Gaba_2,1051 LDT-DTN Gata3 Nfix Gaba_2,270 LDT-DTN Gata3 Nfix Gaba,26 P GABA,GABA,9,5.7082953,5.821085,1.0
3223,4710 LDT-DTN Gata3 Nfix Gaba_1,1050 LDT-DTN Gata3 Nfix Gaba_1,270 LDT-DTN Gata3 Nfix Gaba,26 P GABA,GABA,24,4.990772,5.6016045,0.875
3224,4713 LDT-DTN Gata3 Nfix Gaba_2,1051 LDT-DTN Gata3 Nfix Gaba_2,270 LDT-DTN Gata3 Nfix Gaba,26 P GABA,GABA,18,4.4298296,5.588397,0.7222222222222222
3225,4711 LDT-DTN Gata3 Nfix Gaba_1,1050 LDT-DTN Gata3 Nfix Gaba_1,270 LDT-DTN Gata3 Nfix Gaba,26 P GABA,GABA,9,5.6095567,6.199889,0.8888888888888888
3226,4742 LDT-PCG-CS Gata3 Lhx1 Gaba_2,1057 LDT-PCG-CS Gata3 Lhx1 Gaba_2,272 LDT-PCG-CS Gata3 Lhx1 Gaba,26 P GABA,GABA,3,4.071541,5.7488165,0.6666666666666666
3227,4750 PDTg-PCG Pax6 Gaba_1,1061 PDTg-PCG Pax6 Gaba_1,273 PDTg-PCG Pax6 Gaba,26 P GABA,GABA,22,4.5668454,6.088528,0.7272727272727273
3228,4734 LDT-PCG-CS Gata3 Lhx1 Gaba_1,1056 LDT-PCG-CS Gata3 Lhx1 Gaba_1,272 LDT-PCG-CS Gata3 Lhx1 Gaba,26 P GABA,GABA,15,5.6588416,6.5831757,0.8666666666666667
3229,4714 LDT-DTN Gata3 Nfix Gaba_2,1051 LDT-DTN Gata3 Nfix Gaba_2,270 LDT-DTN Gata3 Nfix Gaba,26 P GABA,GABA,27,6.0397825,6.287434,0.9259259259259259
3230,4715 LDT-DTN Gata3 Nfix Gaba_2,1051 LDT-DTN Gata3 Nfix Gaba_2,270 LDT-DTN Gata3 Nfix Gaba,26 P GABA,GABA,9,5.171653,6.153457,0.7777777777777778
3231,4716 LDT-DTN Gata3 Nfix Gaba_2,1051 LDT-DTN Gata3 Nfix Gaba_2,270 LDT-DTN Gata3 Nfix Gaba,26 P GABA,GABA,20,5.5783477,5.846495,0.9
3232,4751 PDTg-PCG Pax6 Gaba_1,1061 PDTg-PCG Pax6 Gaba_1,273 PDTg-PCG Pax6 Gaba,26 P GABA,GABA,150,5.2334275,6.0373178,0.8466666666666667
3234,4752 PDTg-PCG Pax6 Gaba_1,1061 PDTg-PCG Pax6 Gaba_1,273 PDTg-PCG Pax6 Gaba,26 P GABA,GABA,21,4.640046,5.9169416,0.7619047619047619
3235,4753 PDTg-PCG Pax6 Gaba_2,1062 PDTg-PCG Pax6 Gaba_2,273 PDTg-PCG Pax6 Gaba,26 P GABA,Glut-GABA,51,5.0406704,5.828147,0.803921568627451
3238,3506 IC Six3 En2 Gaba_7,0813 IC Six3 En2 Gaba_7,198 IC Six3 En2 Gaba,20 MB GABA,GABA,70,4.101101,5.277776,0.7
3240,4721 NI-RPO Gata3 Nr4a2 Gaba_1,1052 NI-RPO Gata3 Nr4a2 Gaba_1,271 NI-RPO Gata3 Nr4a2 Gaba,26 P GABA,Glut-GABA,18,3.8858168,5.808432,0.6111111111111112
3250,3627 PRT Tcf7l2 Gaba_4,0832 PRT Tcf7l2 Gaba_4,202 PRT Tcf7l2 Gaba,20 MB GABA,GABA,160,3.9368641,4.974514,0.7125
3251,3776 PRT Mecom Gaba_3,0866 PRT Mecom Gaba_3,210 PRT Mecom Gaba,20 MB GABA,GABA,16,4.3999643,5.4814568,0.75
3252,3777 PRT Mecom Gaba_3,0866 PRT Mecom Gaba_3,210 PRT Mecom Gaba,20 MB GABA,GABA,155,5.160455,6.273392,0.7741935483870968
3253,3779 PRT Mecom Gaba_3,0866 PRT Mecom Gaba_3,210 PRT Mecom Gaba,20 MB GABA,GABA,57,4.5878935,5.853894,0.7192982456140351
3254,3780 PRT Mecom Gaba_3,0866 PRT Mecom Gaba_3,210 PRT Mecom Gaba,20 MB GABA,GABA,75,3.8845642,5.802673,0.6
3255,3584 PAG-RN Nkx2-2 Otx1 Gaba_3,0825 PAG-RN Nkx2-2 Otx1 Gaba_3,201 PAG-RN Nkx2-2 Otx1 Gaba,20 MB GABA,GABA-Glyc,59,5.5169253,6.261698,0.864406779661017
3256,3746 SCs Pax7 Nfia Gaba_1,0859 SCs Pax7 Nfia Gaba_1,209 SCs Pax7 Nfia Gaba,20 MB GABA,GABA,67,4.4302487,6.1401434,0.6716417910447762
3258,3754 SCs Pax7 Nfia Gaba_2,0860 SCs Pax7 Nfia Gaba_2,209 SCs Pax7 Nfia Gaba,20 MB GABA,GABA,78,4.3745427,6.1823854,0.6538461538461539
3259,3757 SCs Pax7 Nfia Gaba_3,0861 SCs Pax7 Nfia Gaba_3,209 SCs Pax7 Nfia Gaba,20 MB GABA,GABA,208,4.396055,5.7648706,0.6971153846153846
3260,3747 SCs Pax7 Nfia Gaba_1,0859 SCs Pax7 Nfia Gaba_1,209 SCs Pax7 Nfia Gaba,20 MB GABA,GABA,55,4.7176104,6.3182445,0.6909090909090909
3261,3748 SCs Pax7 Nfia Gaba_1,0859 SCs Pax7 Nfia Gaba_1,209 SCs Pax7 Nfia Gaba,20 MB GABA,GABA,127,4.4621634,5.989928,0.6850393700787402
3262,3751 SCs Pax7 Nfia Gaba_2,0860 SCs Pax7 Nfia Gaba_2,209 SCs Pax7 Nfia Gaba,20 MB GABA,GABA,359,4.760122,6.312196,0.6991643454038997
3263,3752 SCs Pax7 Nfia Gaba_2,0860 SCs Pax7 Nfia Gaba_2,209 SCs Pax7 Nfia Gaba,20 MB GABA,GABA,134,4.2236648,6.0777054,0.6417910447761194
3264,3756 SCs Pax7 Nfia Gaba_3,0861 SCs Pax7 Nfia Gaba_3,209 SCs Pax7 Nfia Gaba,20 MB GABA,GABA,279,3.9976308,5.597742,0.6308243727598566
3265,3753 SCs Pax7 Nfia Gaba_2,0860 SCs Pax7 Nfia Gaba_2,209 SCs Pax7 Nfia Gaba,20 MB GABA,GABA,192,4.3708587,5.9634686,0.65625
3266,3755 SCs Pax7 Nfia Gaba_2,0860 SCs Pax7 Nfia Gaba_2,209 SCs Pax7 Nfia Gaba,20 MB GABA,GABA,241,4.4433546,5.889188,0.6721991701244814
3267,3759 SCs Pax7 Nfia Gaba_5,0863 SCs Pax7 Nfia Gaba_5,209 SCs Pax7 Nfia Gaba,20 MB GABA,GABA,142,4.9961452,6.2048907,0.7535211267605634
3268,3749 SCs Pax7 Nfia Gaba_1,0859 SCs Pax7 Nfia Gaba_1,209 SCs Pax7 Nfia Gaba,20 MB GABA,GABA,99,4.4295325,6.0535316,0.6666666666666666
3269,3586 PAG-RN Nkx2-2 Otx1 Gaba_4,0826 PAG-RN Nkx2-2 Otx1 Gaba_4,201 PAG-RN Nkx2-2 Otx1 Gaba,20 MB GABA,GABA-Glyc,59,4.5423164,5.7182217,0.711864406779661
3270,3783 SC Tnnt1 Gli3 Gaba_2,0868 SC Tnnt1 Gli3 Gaba_2,211 SC Tnnt1 Gli3 Gaba,20 MB GABA,GABA,66,4.074065,5.70675,0.6060606060606061
3271,3750 SCs Pax7 Nfia Gaba_1,0859 SCs Pax7 Nfia Gaba_1,209 SCs Pax7 Nfia Gaba,20 MB GABA,GABA,249,4.992014,6.1517115,0.7389558232931727
3272,3587 PAG-RN Nkx2-2 Otx1 Gaba_4,0826 PAG-RN Nkx2-2 Otx1 Gaba_4,201 PAG-RN Nkx2-2 Otx1 Gaba,20 MB GABA,GABA-Glyc,64,4.418842,5.524894,0.734375
3273,3663 LGv-SPFp-SPFm Nkx2-2 Tcf7l2 Gaba_6,0839 LGv-SPFp-SPFm Nkx2-2 Tcf7l2 Gaba_6,203 LGv-SPFp-SPFm Nkx2-2 Tcf7l2 Gaba,20 MB GABA,GABA,1,7.352024,7.352024,1.0
3274,3778 PRT Mecom Gaba_3,0866 PRT Mecom Gaba_3,210 PRT Mecom Gaba,20 MB GABA,GABA,45,4.62346,5.7085342,0.7111111111111111
3276,3628 PRT Tcf7l2 Gaba_4,0832 PRT Tcf7l2 Gaba_4,202 PRT Tcf7l2 Gaba,20 MB GABA,GABA,49,5.154196,6.0406694,0.8163265306122449
3277,3764 PRT Mecom Gaba_1,0864 PRT Mecom Gaba_1,210 PRT Mecom Gaba,20 MB GABA,GABA-Glyc,41,4.334794,5.540992,0.7317073170731707
3278,3765 PRT Mecom Gaba_1,0864 PRT Mecom Gaba_1,210 PRT Mecom Gaba,20 MB GABA,GABA,92,4.815806,5.790886,0.7717391304347826
3279,3766 PRT Mecom Gaba_1,0864 PRT Mecom Gaba_1,210 PRT Mecom Gaba,20 MB GABA,GABA,136,2.9711454,0.0,0.4852941176470588
3280,3760 PRT Mecom Gaba_1,0864 PRT Mecom Gaba_1,210 PRT Mecom Gaba,20 MB GABA,GABA,64,3.923445,5.128106,0.640625
3281,3767 PRT Mecom Gaba_1,0864 PRT Mecom Gaba_1,210 PRT Mecom Gaba,20 MB GABA,GABA-Glyc,102,3.492989,4.896843,0.5882352941176471
3282,3774 PRT Mecom Gaba_3,0866 PRT Mecom Gaba_3,210 PRT Mecom Gaba,20 MB GABA,GABA-Glyc,152,4.1288695,5.465207,0.6776315789473685
3283,3768 PRT Mecom Gaba_1,0864 PRT Mecom Gaba_1,210 PRT Mecom Gaba,20 MB GABA,GABA,38,4.9521146,5.804281,0.7894736842105263
3284,3769 PRT Mecom Gaba_1,0864 PRT Mecom Gaba_1,210 PRT Mecom Gaba,20 MB GABA,GABA,39,4.474314,5.872021,0.717948717948718
3285,3761 PRT Mecom Gaba_1,0864 PRT Mecom Gaba_1,210 PRT Mecom Gaba,20 MB GABA,GABA,143,4.2572656,5.8032165,0.6573426573426573
3286,3770 PRT Mecom Gaba_1,0864 PRT Mecom Gaba_1,210 PRT Mecom Gaba,20 MB GABA,GABA,71,4.1121883,5.462698,0.676056338028169
3288,3665 LGv-SPFp-SPFm Nkx2-2 Tcf7l2 Gaba_6,0839 LGv-SPFp-SPFm Nkx2-2 Tcf7l2 Gaba_6,203 LGv-SPFp-SPFm Nkx2-2 Tcf7l2 Gaba,20 MB GABA,GABA,54,4.407031,5.357131,0.7407407407407407
3289,3634 LGv-SPFp-SPFm Nkx2-2 Tcf7l2 Gaba_1,0834 LGv-SPFp-SPFm Nkx2-2 Tcf7l2 Gaba_1,203 LGv-SPFp-SPFm Nkx2-2 Tcf7l2 Gaba,20 MB GABA,GABA,47,4.2360415,5.0847635,0.7872340425531915
3290,3762 PRT Mecom Gaba_1,0864 PRT Mecom Gaba_1,210 PRT Mecom Gaba,20 MB GABA,GABA,55,5.0052466,6.073002,0.8
3291,3763 PRT Mecom Gaba_1,0864 PRT Mecom Gaba_1,210 PRT Mecom Gaba,20 MB GABA,GABA,27,3.4789202,5.4204783,0.5555555555555556
3292,3775 PRT Mecom Gaba_3,0866 PRT Mecom Gaba_3,210 PRT Mecom Gaba,20 MB GABA,GABA-Glyc,55,3.7979832,5.343939,0.6545454545454545
3293,3666 LGv-SPFp-SPFm Nkx2-2 Tcf7l2 Gaba_6,0839 LGv-SPFp-SPFm Nkx2-2 Tcf7l2 Gaba_6,203 LGv-SPFp-SPFm Nkx2-2 Tcf7l2 Gaba,20 MB GABA,GABA,8,6.0744524,5.9849663,1.0
3295,3638 LGv-SPFp-SPFm Nkx2-2 Tcf7l2 Gaba_1,0834 LGv-SPFp-SPFm Nkx2-2 Tcf7l2 Gaba_1,203 LGv-SPFp-SPFm Nkx2-2 Tcf7l2 Gaba,20 MB GABA,GABA,3,3.0757492,4.113846,0.6666666666666666
3296,3639 LGv-SPFp-SPFm Nkx2-2 Tcf7l2 Gaba_1,0834 LGv-SPFp-SPFm Nkx2-2 Tcf7l2 Gaba_1,203 LGv-SPFp-SPFm Nkx2-2 Tcf7l2 Gaba,20 MB GABA,GABA,1,5.310566,5.310566,1.0
3297,3647 LGv-SPFp-SPFm Nkx2-2 Tcf7l2 Gaba_3,0836 LGv-SPFp-SPFm Nkx2-2 Tcf7l2 Gaba_3,203 LGv-SPFp-SPFm Nkx2-2 Tcf7l2 Gaba,20 MB GABA,GABA,2,3.0933716,3.0933716,0.5
3298,3640 LGv-SPFp-SPFm Nkx2-2 Tcf7l2 Gaba_1,0834 LGv-SPFp-SPFm Nkx2-2 Tcf7l2 Gaba_1,203 LGv-SPFp-SPFm Nkx2-2 Tcf7l2 Gaba,20 MB GABA,GABA,1,6.499997,6.499997,1.0
3299,3635 LGv-SPFp-SPFm Nkx2-2 Tcf7l2 Gaba_1,0834 LGv-SPFp-SPFm Nkx2-2 Tcf7l2 Gaba_1,203 LGv-SPFp-SPFm Nkx2-2 Tcf7l2 Gaba,20 MB GABA,GABA,18,3.2069867,3.9942427,0.6111111111111112
3300,3629 PRT Tcf7l2 Gaba_4,0832 PRT Tcf7l2 Gaba_4,202 PRT Tcf7l2 Gaba,20 MB GABA,GABA,88,4.5930233,5.8361063,0.7159090909090909
3301,3501 IC Six3 En2 Gaba_6,0812 IC Six3 En2 Gaba_6,198 IC Six3 En2 Gaba,20 MB GABA,GABA,60,3.1829352,4.8102794,0.5666666666666667
3302,3488 IC Six3 En2 Gaba_4,0810 IC Six3 En2 Gaba_4,198 IC Six3 En2 Gaba,20 MB GABA,GABA,72,3.8486302,5.376045,0.6388888888888888
3303,3502 IC Six3 En2 Gaba_6,0812 IC Six3 En2 Gaba_6,198 IC Six3 En2 Gaba,20 MB GABA,GABA,98,4.214789,5.482154,0.7040816326530612
3304,3482 IC Six3 En2 Gaba_3,0809 IC Six3 En2 Gaba_3,198 IC Six3 En2 Gaba,20 MB GABA,GABA,120,4.7065806,5.775853,0.7666666666666667
3305,3495 IC Six3 En2 Gaba_5,0811 IC Six3 En2 Gaba_5,198 IC Six3 En2 Gaba,20 MB GABA,GABA,47,4.476385,5.623204,0.7659574468085106
3306,3496 IC Six3 En2 Gaba_5,0811 IC Six3 En2 Gaba_5,198 IC Six3 En2 Gaba,20 MB GABA,GABA,71,4.777566,5.5144606,0.8169014084507042
3307,3465 IC Six3 En2 Gaba_1,0807 IC Six3 En2 Gaba_1,198 IC Six3 En2 Gaba,20 MB GABA,GABA,124,3.7784326,5.380725,0.6209677419354839
3308,3497 IC Six3 En2 Gaba_5,0811 IC Six3 En2 Gaba_5,198 IC Six3 En2 Gaba,20 MB GABA,GABA,109,4.1549745,5.2637687,0.7155963302752294
3309,3489 IC Six3 En2 Gaba_4,0810 IC Six3 En2 Gaba_4,198 IC Six3 En2 Gaba,20 MB GABA,GABA,61,4.012216,5.2708325,0.6885245901639344
3310,3490 IC Six3 En2 Gaba_4,0810 IC Six3 En2 Gaba_4,198 IC Six3 En2 Gaba,20 MB GABA,GABA,86,2.9756117,4.0696115,0.5116279069767442
3311,3491 IC Six3 En2 Gaba_4,0810 IC Six3 En2 Gaba_4,198 IC Six3 En2 Gaba,20 MB GABA,GABA,14,2.1958153,0.0,0.35714285714285715
3312,3478 IC Six3 En2 Gaba_2,0808 IC Six3 En2 Gaba_2,198 IC Six3 En2 Gaba,20 MB GABA,GABA,368,3.7129002,5.120726,0.6168478260869565
3313,3463 SNr Six3 Gaba_1,0806 SNr Six3 Gaba_1,197 SNr Six3 Gaba,20 MB GABA,GABA,73,5.1091666,5.829176,0.8493150684931506
3314,3462 SNr Six3 Gaba_1,0806 SNr Six3 Gaba_1,197 SNr Six3 Gaba,20 MB GABA,GABA,1052,5.3467216,5.943733,0.8935361216730038
3315,3466 IC Six3 En2 Gaba_1,0807 IC Six3 En2 Gaba_1,198 IC Six3 En2 Gaba,20 MB GABA,GABA,69,3.745708,5.1762443,0.6376811594202898
3316,3483 IC Six3 En2 Gaba_3,0809 IC Six3 En2 Gaba_3,198 IC Six3 En2 Gaba,20 MB GABA,GABA,27,3.2280717,5.3200107,0.5185185185185185
3317,3467 IC Six3 En2 Gaba_1,0807 IC Six3 En2 Gaba_1,198 IC Six3 En2 Gaba,20 MB GABA,GABA,88,4.002564,5.427099,0.6590909090909091
3318,3503 IC Six3 En2 Gaba_6,0812 IC Six3 En2 Gaba_6,198 IC Six3 En2 Gaba,20 MB GABA,GABA,113,4.3536296,5.707881,0.6991150442477876
3319,3504 IC Six3 En2 Gaba_6,0812 IC Six3 En2 Gaba_6,198 IC Six3 En2 Gaba,20 MB GABA,GABA,53,3.8954532,5.519644,0.6415094339622641
3320,3505 IC Six3 En2 Gaba_6,0812 IC Six3 En2 Gaba_6,198 IC Six3 En2 Gaba,20 MB GABA,GABA,81,3.9895117,5.2969236,0.6790123456790124
3321,3479 IC Six3 En2 Gaba_2,0808 IC Six3 En2 Gaba_2,198 IC Six3 En2 Gaba,20 MB GABA,GABA,562,4.5188265,5.7219253,0.708185053380783
3322,3492 IC Six3 En2 Gaba_4,0810 IC Six3 En2 Gaba_4,198 IC Six3 En2 Gaba,20 MB GABA,GABA,86,4.1712475,5.4274135,0.7093023255813954
3323,3484 IC Six3 En2 Gaba_3,0809 IC Six3 En2 Gaba_3,198 IC Six3 En2 Gaba,20 MB GABA,GABA,103,3.9419596,5.282296,0.6407766990291263
3324,3498 IC Six3 En2 Gaba_5,0811 IC Six3 En2 Gaba_5,198 IC Six3 En2 Gaba,20 MB GABA,GABA,42,4.4184275,5.553034,0.7380952380952381
3325,3499 IC Six3 En2 Gaba_5,0811 IC Six3 En2 Gaba_5,198 IC Six3 En2 Gaba,20 MB GABA,GABA,214,3.4322062,4.838193,0.5841121495327103
3326,3509 PAG-MRN-RN Foxa2 Gaba_1,0814 PAG-MRN-RN Foxa2 Gaba_1,199 PAG-MRN-RN Foxa2 Gaba,20 MB GABA,GABA,39,3.3945591,4.835827,0.5897435897435898
3327,3468 IC Six3 En2 Gaba_1,0807 IC Six3 En2 Gaba_1,198 IC Six3 En2 Gaba,20 MB GABA,GABA,101,4.0753956,5.319025,0.6633663366336634
3328,3493 IC Six3 En2 Gaba_4,0810 IC Six3 En2 Gaba_4,198 IC Six3 En2 Gaba,20 MB GABA,GABA,148,4.570013,6.0147543,0.7094594594594594
3329,3469 IC Six3 En2 Gaba_1,0807 IC Six3 En2 Gaba_1,198 IC Six3 En2 Gaba,20 MB GABA,GABA,195,3.3739064,4.9908056,0.5692307692307692
3330,3470 IC Six3 En2 Gaba_1,0807 IC Six3 En2 Gaba_1,198 IC Six3 En2 Gaba,20 MB GABA,GABA,96,3.4333851,4.7777996,0.6145833333333334
3331,3471 IC Six3 En2 Gaba_1,0807 IC Six3 En2 Gaba_1,198 IC Six3 En2 Gaba,20 MB GABA,GABA,138,4.111023,5.547609,0.6739130434782609
3332,3485 IC Six3 En2 Gaba_3,0809 IC Six3 En2 Gaba_3,198 IC Six3 En2 Gaba,20 MB GABA,GABA,24,4.154118,5.139836,0.7083333333333334
3333,3486 IC Six3 En2 Gaba_3,0809 IC Six3 En2 Gaba_3,198 IC Six3 En2 Gaba,20 MB GABA,GABA,67,4.503865,5.6388364,0.7611940298507462
3334,3500 IC Six3 En2 Gaba_5,0811 IC Six3 En2 Gaba_5,198 IC Six3 En2 Gaba,20 MB GABA,GABA,157,5.2105713,5.839465,0.8598726114649682
3335,3472 IC Six3 En2 Gaba_1,0807 IC Six3 En2 Gaba_1,198 IC Six3 En2 Gaba,20 MB GABA,GABA,85,4.2802277,5.4670806,0.6941176470588235
3336,3473 IC Six3 En2 Gaba_1,0807 IC Six3 En2 Gaba_1,198 IC Six3 En2 Gaba,20 MB GABA,GABA,73,4.096244,5.244866,0.6986301369863014
3337,3487 IC Six3 En2 Gaba_3,0809 IC Six3 En2 Gaba_3,198 IC Six3 En2 Gaba,20 MB GABA,GABA,39,4.7331586,6.0194616,0.7435897435897436
3338,3494 IC Six3 En2 Gaba_4,0810 IC Six3 En2 Gaba_4,198 IC Six3 En2 Gaba,20 MB GABA,GABA,88,4.0772624,5.20855,0.7045454545454546
3339,3592 PAG-RN Nkx2-2 Otx1 Gaba_6,0828 PAG-RN Nkx2-2 Otx1 Gaba_6,201 PAG-RN Nkx2-2 Otx1 Gaba,20 MB GABA,GABA-Glyc,45,5.2355833,6.1538067,0.8444444444444444
3340,3477 IC Six3 En2 Gaba_2,0808 IC Six3 En2 Gaba_2,198 IC Six3 En2 Gaba,20 MB GABA,GABA,108,3.4535098,4.8012824,0.5925925925925926
3341,3593 PAG-RN Nkx2-2 Otx1 Gaba_6,0828 PAG-RN Nkx2-2 Otx1 Gaba_6,201 PAG-RN Nkx2-2 Otx1 Gaba,20 MB GABA,GABA,109,4.892211,5.739248,0.8165137614678899
3342,3574 PAG-RN Nkx2-2 Otx1 Gaba_3,0825 PAG-RN Nkx2-2 Otx1 Gaba_3,201 PAG-RN Nkx2-2 Otx1 Gaba,20 MB GABA,GABA-Glyc,157,5.0953927,6.084169,0.802547770700637
3343,3594 PAG-RN Nkx2-2 Otx1 Gaba_6,0828 PAG-RN Nkx2-2 Otx1 Gaba_6,201 PAG-RN Nkx2-2 Otx1 Gaba,20 MB GABA,GABA,60,4.1383314,5.3681936,0.7
3344,3595 PAG-RN Nkx2-2 Otx1 Gaba_6,0828 PAG-RN Nkx2-2 Otx1 Gaba_6,201 PAG-RN Nkx2-2 Otx1 Gaba,20 MB GABA,GABA,108,5.396091,6.3903484,0.8333333333333334
3345,3510 PAG-MRN-RN Foxa2 Gaba_1,0814 PAG-MRN-RN Foxa2 Gaba_1,199 PAG-MRN-RN Foxa2 Gaba,20 MB GABA,GABA,45,5.1151175,5.678769,0.8666666666666667
3346,3507 IC Six3 En2 Gaba_7,0813 IC Six3 En2 Gaba_7,198 IC Six3 En2 Gaba,20 MB GABA,GABA,23,5.2353997,6.17038,0.8260869565217391
3347,3508 IC Six3 En2 Gaba_7,0813 IC Six3 En2 Gaba_7,198 IC Six3 En2 Gaba,20 MB GABA,GABA,33,4.681813,5.597072,0.7575757575757576
3348,3511 PAG-MRN-RN Foxa2 Gaba_1,0814 PAG-MRN-RN Foxa2 Gaba_1,199 PAG-MRN-RN Foxa2 Gaba,20 MB GABA,GABA,9,5.4108286,5.457179,1.0
3349,3512 PAG-MRN-RN Foxa2 Gaba_1,0814 PAG-MRN-RN Foxa2 Gaba_1,199 PAG-MRN-RN Foxa2 Gaba,20 MB GABA,GABA,127,4.4079123,5.309723,0.7637795275590551
3350,3425 MRN-VTN-PPN Pax5 Cdh23 Gaba_2,0799 MRN-VTN-PPN Pax5 Cdh23 Gaba_2,194 MRN-VTN-PPN Pax5 Cdh23 Gaba,20 MB GABA,GABA,104,5.1542816,5.9146376,0.8557692307692307
3351,4687 CS-PRNr-DR En1 Sox2 Gaba_1,1047 CS-PRNr-DR En1 Sox2 Gaba_1,268 CS-PRNr-DR En1 Sox2 Gaba,26 P GABA,GABA,101,4.4704895,5.5750456,0.7623762376237624
3352,4688 CS-PRNr-DR En1 Sox2 Gaba_1,1047 CS-PRNr-DR En1 Sox2 Gaba_1,268 CS-PRNr-DR En1 Sox2 Gaba,26 P GABA,GABA,74,4.3083596,5.076858,0.7432432432432432
3353,3426 MRN-VTN-PPN Pax5 Cdh23 Gaba_2,0799 MRN-VTN-PPN Pax5 Cdh23 Gaba_2,194 MRN-VTN-PPN Pax5 Cdh23 Gaba,20 MB GABA,GABA,77,4.8626513,5.8327823,0.8051948051948052
3354,3427 MRN-VTN-PPN Pax5 Cdh23 Gaba_2,0799 MRN-VTN-PPN Pax5 Cdh23 Gaba_2,194 MRN-VTN-PPN Pax5 Cdh23 Gaba,20 MB GABA,GABA,118,3.5270398,4.804393,0.5932203389830508
3355,3430 MRN-VTN-PPN Pax5 Cdh23 Gaba_2,0799 MRN-VTN-PPN Pax5 Cdh23 Gaba_2,194 MRN-VTN-PPN Pax5 Cdh23 Gaba,20 MB GABA,GABA,88,4.397285,5.404704,0.7727272727272727
3356,4689 CS-PRNr-DR En1 Sox2 Gaba_1,1047 CS-PRNr-DR En1 Sox2 Gaba_1,268 CS-PRNr-DR En1 Sox2 Gaba,26 P GABA,GABA,37,3.812083,5.280592,0.6756756756756757
3357,4690 CS-PRNr-DR En1 Sox2 Gaba_1,1047 CS-PRNr-DR En1 Sox2 Gaba_1,268 CS-PRNr-DR En1 Sox2 Gaba,26 P GABA,GABA,82,4.115643,5.2503934,0.6951219512195121
3358,3428 MRN-VTN-PPN Pax5 Cdh23 Gaba_2,0799 MRN-VTN-PPN Pax5 Cdh23 Gaba_2,194 MRN-VTN-PPN Pax5 Cdh23 Gaba,20 MB GABA,GABA,47,3.4334116,4.834753,0.6382978723404256
3359,3420 MRN-VTN-PPN Pax5 Cdh23 Gaba_1,0798 MRN-VTN-PPN Pax5 Cdh23 Gaba_1,194 MRN-VTN-PPN Pax5 Cdh23 Gaba,20 MB GABA,GABA,90,4.2122307,5.269958,0.7333333333333333
3360,3421 MRN-VTN-PPN Pax5 Cdh23 Gaba_1,0798 MRN-VTN-PPN Pax5 Cdh23 Gaba_1,194 MRN-VTN-PPN Pax5 Cdh23 Gaba,20 MB GABA,GABA,136,4.120772,5.216067,0.7205882352941176
3361,3419 MRN-VTN-PPN Pax5 Cdh23 Gaba_1,0798 MRN-VTN-PPN Pax5 Cdh23 Gaba_1,194 MRN-VTN-PPN Pax5 Cdh23 Gaba,20 MB GABA,GABA,80,3.908656,4.9987416,0.6875
3362,3422 MRN-VTN-PPN Pax5 Cdh23 Gaba_1,0798 MRN-VTN-PPN Pax5 Cdh23 Gaba_1,194 MRN-VTN-PPN Pax5 Cdh23 Gaba,20 MB GABA,GABA,168,4.489184,5.662428,0.7440476190476191
3363,3431 MRN-VTN-PPN Pax5 Cdh23 Gaba_2,0799 MRN-VTN-PPN Pax5 Cdh23 Gaba_2,194 MRN-VTN-PPN Pax5 Cdh23 Gaba,20 MB GABA,GABA,91,4.802294,5.6177545,0.8131868131868132
3364,4701 CS-PRNr-DR En1 Sox2 Gaba_2,1048 CS-PRNr-DR En1 Sox2 Gaba_2,268 CS-PRNr-DR En1 Sox2 Gaba,26 P GABA,GABA,24,5.0714364,5.825414,0.8333333333333334
3365,3432 MRN-VTN-PPN Pax5 Cdh23 Gaba_2,0799 MRN-VTN-PPN Pax5 Cdh23 Gaba_2,194 MRN-VTN-PPN Pax5 Cdh23 Gaba,20 MB GABA,GABA,33,4.970634,5.7394333,0.8484848484848485
3366,4691 CS-PRNr-DR En1 Sox2 Gaba_1,1047 CS-PRNr-DR En1 Sox2 Gaba_1,268 CS-PRNr-DR En1 Sox2 Gaba,26 P GABA,GABA,23,4.746489,5.902766,0.782608695652174
3367,4692 CS-PRNr-DR En1 Sox2 Gaba_1,1047 CS-PRNr-DR En1 Sox2 Gaba_1,268 CS-PRNr-DR En1 Sox2 Gaba,26 P GABA,GABA,65,4.7663426,5.7008615,0.8
3369,4693 CS-PRNr-DR En1 Sox2 Gaba_1,1047 CS-PRNr-DR En1 Sox2 Gaba_1,268 CS-PRNr-DR En1 Sox2 Gaba,26 P GABA,GABA,11,3.3138711,5.011402,0.5454545454545454
3370,3423 MRN-VTN-PPN Pax5 Cdh23 Gaba_1,0798 MRN-VTN-PPN Pax5 Cdh23 Gaba_1,194 MRN-VTN-PPN Pax5 Cdh23 Gaba,20 MB GABA,GABA,70,4.356423,5.4056244,0.7428571428571429
3371,3429 MRN-VTN-PPN Pax5 Cdh23 Gaba_2,0799 MRN-VTN-PPN Pax5 Cdh23 Gaba_2,194 MRN-VTN-PPN Pax5 Cdh23 Gaba,20 MB GABA,GABA,38,5.2688637,5.838619,0.8947368421052632
3372,3457 PAG-PPN Pax5 Sox21 Gaba_4,0805 PAG-PPN Pax5 Sox21 Gaba_4,196 PAG-PPN Pax5 Sox21 Gaba,20 MB GABA,GABA,53,4.5408134,5.2048764,0.8301886792452831
3373,3458 PAG-PPN Pax5 Sox21 Gaba_4,0805 PAG-PPN Pax5 Sox21 Gaba_4,196 PAG-PPN Pax5 Sox21 Gaba,20 MB GABA,GABA,50,3.9781296,4.996434,0.72
3374,3438 SNr-VTA Pax5 Npas1 Gaba_1,0800 SNr-VTA Pax5 Npas1 Gaba_1,195 SNr-VTA Pax5 Npas1 Gaba,20 MB GABA,GABA,25,3.0461645,4.0297346,0.64
3375,3433 SNr-VTA Pax5 Npas1 Gaba_1,0800 SNr-VTA Pax5 Npas1 Gaba_1,195 SNr-VTA Pax5 Npas1 Gaba,20 MB GABA,GABA,56,4.1907616,4.769291,0.8214285714285714
3376,3434 SNr-VTA Pax5 Npas1 Gaba_1,0800 SNr-VTA Pax5 Npas1 Gaba_1,195 SNr-VTA Pax5 Npas1 Gaba,20 MB GABA,GABA,65,5.4424176,5.6253214,0.9384615384615385
3377,3439 SNr-VTA Pax5 Npas1 Gaba_1,0800 SNr-VTA Pax5 Npas1 Gaba_1,195 SNr-VTA Pax5 Npas1 Gaba,20 MB GABA,GABA,222,4.8198667,5.579845,0.8423423423423423
3378,3435 SNr-VTA Pax5 Npas1 Gaba_1,0800 SNr-VTA Pax5 Npas1 Gaba_1,195 SNr-VTA Pax5 Npas1 Gaba,20 MB GABA,GABA,41,4.1440125,5.006604,0.8048780487804879
3379,3436 SNr-VTA Pax5 Npas1 Gaba_1,0800 SNr-VTA Pax5 Npas1 Gaba_1,195 SNr-VTA Pax5 Npas1 Gaba,20 MB GABA,GABA,33,4.4661317,4.9541683,0.8787878787878788
3380,3437 SNr-VTA Pax5 Npas1 Gaba_1,0800 SNr-VTA Pax5 Npas1 Gaba_1,195 SNr-VTA Pax5 Npas1 Gaba,20 MB GABA,GABA,134,4.537367,5.2639685,0.8208955223880597
3381,3440 SNr-VTA Pax5 Npas1 Gaba_1,0800 SNr-VTA Pax5 Npas1 Gaba_1,195 SNr-VTA Pax5 Npas1 Gaba,20 MB GABA,GABA,93,4.8299685,5.3640985,0.8709677419354839
3382,3424 MRN-VTN-PPN Pax5 Cdh23 Gaba_1,0798 MRN-VTN-PPN Pax5 Cdh23 Gaba_1,194 MRN-VTN-PPN Pax5 Cdh23 Gaba,20 MB GABA,GABA,23,3.5862842,4.796321,0.6086956521739131
3383,3386 PAG-MRN Rln3 Gaba_1,0791 PAG-MRN Rln3 Gaba_1,191 PAG-MRN Rln3 Gaba,20 MB GABA,GABA,108,4.69146,5.426755,0.8148148148148148
3384,3387 PAG-MRN Rln3 Gaba_1,0791 PAG-MRN Rln3 Gaba_1,191 PAG-MRN Rln3 Gaba,20 MB GABA,GABA,48,4.054535,5.098824,0.7083333333333334
3385,3388 PAG-MRN Rln3 Gaba_1,0791 PAG-MRN Rln3 Gaba_1,191 PAG-MRN Rln3 Gaba,20 MB GABA,GABA,60,4.6280017,5.653678,0.7666666666666667
3386,3565 PAG-RN Nkx2-2 Otx1 Gaba_2,0824 PAG-RN Nkx2-2 Otx1 Gaba_2,201 PAG-RN Nkx2-2 Otx1 Gaba,20 MB GABA,GABA-Glyc,67,4.5586114,5.475918,0.7910447761194029
3387,3581 PAG-RN Nkx2-2 Otx1 Gaba_3,0825 PAG-RN Nkx2-2 Otx1 Gaba_3,201 PAG-RN Nkx2-2 Otx1 Gaba,20 MB GABA,GABA-Glyc,50,5.2015924,6.173129,0.82
3388,3566 PAG-RN Nkx2-2 Otx1 Gaba_2,0824 PAG-RN Nkx2-2 Otx1 Gaba_2,201 PAG-RN Nkx2-2 Otx1 Gaba,20 MB GABA,GABA-Glyc,60,4.6081996,5.5267553,0.8
3389,3575 PAG-RN Nkx2-2 Otx1 Gaba_3,0825 PAG-RN Nkx2-2 Otx1 Gaba_3,201 PAG-RN Nkx2-2 Otx1 Gaba,20 MB GABA,GABA-Glyc,156,4.3900895,5.557518,0.7243589743589743
3390,3582 PAG-RN Nkx2-2 Otx1 Gaba_3,0825 PAG-RN Nkx2-2 Otx1 Gaba_3,201 PAG-RN Nkx2-2 Otx1 Gaba,20 MB GABA,GABA,72,5.512541,6.183034,0.875
3391,3567 PAG-RN Nkx2-2 Otx1 Gaba_2,0824 PAG-RN Nkx2-2 Otx1 Gaba_2,201 PAG-RN Nkx2-2 Otx1 Gaba,20 MB GABA,GABA-Glyc,70,4.9075065,5.4244223,0.8571428571428571
3392,3568 PAG-RN Nkx2-2 Otx1 Gaba_2,0824 PAG-RN Nkx2-2 Otx1 Gaba_2,201 PAG-RN Nkx2-2 Otx1 Gaba,20 MB GABA,GABA-Glyc,117,4.2838106,5.053062,0.7948717948717948
3393,3558 PAG-RN Nkx2-2 Otx1 Gaba_1,0823 PAG-RN Nkx2-2 Otx1 Gaba_1,201 PAG-RN Nkx2-2 Otx1 Gaba,20 MB GABA,GABA,52,4.4421883,5.852505,0.7115384615384616
3394,3559 PAG-RN Nkx2-2 Otx1 Gaba_1,0823 PAG-RN Nkx2-2 Otx1 Gaba_1,201 PAG-RN Nkx2-2 Otx1 Gaba,20 MB GABA,GABA,54,4.6015964,5.4303904,0.7962962962962963
3395,3576 PAG-RN Nkx2-2 Otx1 Gaba_3,0825 PAG-RN Nkx2-2 Otx1 Gaba_3,201 PAG-RN Nkx2-2 Otx1 Gaba,20 MB GABA,GABA-Glyc,36,4.6575856,6.0096865,0.75
3396,3583 PAG-RN Nkx2-2 Otx1 Gaba_3,0825 PAG-RN Nkx2-2 Otx1 Gaba_3,201 PAG-RN Nkx2-2 Otx1 Gaba,20 MB GABA,GABA-Glyc,150,5.31206,6.4327593,0.8066666666666666
3397,3577 PAG-RN Nkx2-2 Otx1 Gaba_3,0825 PAG-RN Nkx2-2 Otx1 Gaba_3,201 PAG-RN Nkx2-2 Otx1 Gaba,20 MB GABA,GABA-Glyc,161,4.300414,5.7243013,0.6832298136645962
3398,3578 PAG-RN Nkx2-2 Otx1 Gaba_3,0825 PAG-RN Nkx2-2 Otx1 Gaba_3,201 PAG-RN Nkx2-2 Otx1 Gaba,20 MB GABA,GABA-Glyc,178,4.871607,6.253372,0.7415730337078652
3399,3560 PAG-RN Nkx2-2 Otx1 Gaba_1,0823 PAG-RN Nkx2-2 Otx1 Gaba_1,201 PAG-RN Nkx2-2 Otx1 Gaba,20 MB GABA,GABA,135,4.4406466,5.498465,0.7333333333333333
3400,3572 PAG-RN Nkx2-2 Otx1 Gaba_3,0825 PAG-RN Nkx2-2 Otx1 Gaba_3,201 PAG-RN Nkx2-2 Otx1 Gaba,20 MB GABA,GABA-Glyc,172,4.203915,5.3799744,0.7034883720930233
3401,3561 PAG-RN Nkx2-2 Otx1 Gaba_1,0823 PAG-RN Nkx2-2 Otx1 Gaba_1,201 PAG-RN Nkx2-2 Otx1 Gaba,20 MB GABA,GABA,125,5.1883025,6.0930014,0.832
3402,3579 PAG-RN Nkx2-2 Otx1 Gaba_3,0825 PAG-RN Nkx2-2 Otx1 Gaba_3,201 PAG-RN Nkx2-2 Otx1 Gaba,20 MB GABA,GABA-Glyc,116,4.642283,5.9298577,0.7327586206896551
3403,3580 PAG-RN Nkx2-2 Otx1 Gaba_3,0825 PAG-RN Nkx2-2 Otx1 Gaba_3,201 PAG-RN Nkx2-2 Otx1 Gaba,20 MB GABA,GABA-Glyc,59,4.599166,5.4776673,0.8305084745762712
3404,3569 PAG-RN Nkx2-2 Otx1 Gaba_2,0824 PAG-RN Nkx2-2 Otx1 Gaba_2,201 PAG-RN Nkx2-2 Otx1 Gaba,20 MB GABA,GABA,120,4.430262,5.475584,0.75
3405,3570 PAG-RN Nkx2-2 Otx1 Gaba_2,0824 PAG-RN Nkx2-2 Otx1 Gaba_2,201 PAG-RN Nkx2-2 Otx1 Gaba,20 MB GABA,GABA,128,4.440411,5.2191987,0.78125
3406,3562 PAG-RN Nkx2-2 Otx1 Gaba_1,0823 PAG-RN Nkx2-2 Otx1 Gaba_1,201 PAG-RN Nkx2-2 Otx1 Gaba,20 MB GABA,GABA,28,3.8142946,4.832119,0.7142857142857143
3407,3563 PAG-RN Nkx2-2 Otx1 Gaba_1,0823 PAG-RN Nkx2-2 Otx1 Gaba_1,201 PAG-RN Nkx2-2 Otx1 Gaba,20 MB GABA,GABA,100,4.6989512,5.5940695,0.78
3408,3564 PAG-RN Nkx2-2 Otx1 Gaba_1,0823 PAG-RN Nkx2-2 Otx1 Gaba_1,201 PAG-RN Nkx2-2 Otx1 Gaba,20 MB GABA,GABA,37,3.8984098,5.154812,0.6756756756756757
3409,3571 PAG-RN Nkx2-2 Otx1 Gaba_2,0824 PAG-RN Nkx2-2 Otx1 Gaba_2,201 PAG-RN Nkx2-2 Otx1 Gaba,20 MB GABA,GABA-Glyc,42,4.111,4.993009,0.7619047619047619
3410,2751 PRC-PAG Pax6 Glut_5,0680 PRC-PAG Pax6 Glut_5,155 PRC-PAG Pax6 Glut,19 MB Glut,Glut,306,4.0926533,5.5804963,0.6503267973856209
3411,3607 PRT Tcf7l2 Gaba_2,0830 PRT Tcf7l2 Gaba_2,202 PRT Tcf7l2 Gaba,20 MB GABA,GABA,145,3.6251974,5.1052785,0.6137931034482759
3412,3608 PRT Tcf7l2 Gaba_2,0830 PRT Tcf7l2 Gaba_2,202 PRT Tcf7l2 Gaba,20 MB GABA,GABA,87,3.512073,5.3723254,0.5747126436781609
3413,3609 PRT Tcf7l2 Gaba_2,0830 PRT Tcf7l2 Gaba_2,202 PRT Tcf7l2 Gaba,20 MB GABA,GABA,39,4.0044937,5.6347184,0.6410256410256411
3414,3610 PRT Tcf7l2 Gaba_2,0830 PRT Tcf7l2 Gaba_2,202 PRT Tcf7l2 Gaba,20 MB GABA,GABA,454,3.82589,5.2493343,0.6365638766519823
3415,3611 PRT Tcf7l2 Gaba_2,0830 PRT Tcf7l2 Gaba_2,202 PRT Tcf7l2 Gaba,20 MB GABA,GABA,71,4.1941853,5.788762,0.6619718309859155
3416,3622 PRT Tcf7l2 Gaba_4,0832 PRT Tcf7l2 Gaba_4,202 PRT Tcf7l2 Gaba,20 MB GABA,GABA,88,4.6473823,5.8326235,0.75
3417,3771 PRT Mecom Gaba_2,0865 PRT Mecom Gaba_2,210 PRT Mecom Gaba,20 MB GABA,GABA,455,4.749519,5.931305,0.756043956043956
3418,3623 PRT Tcf7l2 Gaba_4,0832 PRT Tcf7l2 Gaba_4,202 PRT Tcf7l2 Gaba,20 MB GABA,GABA,124,4.2237,5.775792,0.6774193548387096
3419,3613 PRT Tcf7l2 Gaba_3,0831 PRT Tcf7l2 Gaba_3,202 PRT Tcf7l2 Gaba,20 MB GABA,GABA,110,4.548879,6.033412,0.6818181818181818
3420,3624 PRT Tcf7l2 Gaba_4,0832 PRT Tcf7l2 Gaba_4,202 PRT Tcf7l2 Gaba,20 MB GABA,GABA,16,4.062084,5.5057282,0.6875
3421,3614 PRT Tcf7l2 Gaba_3,0831 PRT Tcf7l2 Gaba_3,202 PRT Tcf7l2 Gaba,20 MB GABA,GABA,179,3.903693,5.453009,0.6201117318435754
3422,3630 PRT Tcf7l2 Gaba_4,0832 PRT Tcf7l2 Gaba_4,202 PRT Tcf7l2 Gaba,20 MB GABA,GABA,115,4.605195,5.861692,0.7130434782608696
3423,3612 PRT Tcf7l2 Gaba_2,0830 PRT Tcf7l2 Gaba_2,202 PRT Tcf7l2 Gaba,20 MB GABA,GABA,60,5.1773076,5.718137,0.8666666666666667
3424,3625 PRT Tcf7l2 Gaba_4,0832 PRT Tcf7l2 Gaba_4,202 PRT Tcf7l2 Gaba,20 MB GABA,GABA,64,4.211194,5.419497,0.71875
3425,3618 PRT Tcf7l2 Gaba_3,0831 PRT Tcf7l2 Gaba_3,202 PRT Tcf7l2 Gaba,20 MB GABA,GABA,36,4.956453,5.717932,0.8333333333333334
3426,3615 PRT Tcf7l2 Gaba_3,0831 PRT Tcf7l2 Gaba_3,202 PRT Tcf7l2 Gaba,20 MB GABA,GABA,157,3.8390958,5.39893,0.6114649681528662
3427,3606 PRT Tcf7l2 Gaba_1,0829 PRT Tcf7l2 Gaba_1,202 PRT Tcf7l2 Gaba,20 MB GABA,GABA,215,4.8750587,5.9198956,0.786046511627907
3428,3621 PRT Tcf7l2 Gaba_3,0831 PRT Tcf7l2 Gaba_3,202 PRT Tcf7l2 Gaba,20 MB GABA,GABA,45,4.516741,5.6906967,0.7111111111111111
3429,3619 PRT Tcf7l2 Gaba_3,0831 PRT Tcf7l2 Gaba_3,202 PRT Tcf7l2 Gaba,20 MB GABA,GABA,101,5.1941757,6.27169,0.8217821782178217
3430,3772 PRT Mecom Gaba_2,0865 PRT Mecom Gaba_2,210 PRT Mecom Gaba,20 MB GABA,GABA,96,4.2828255,5.7860003,0.6770833333333334
3431,3773 PRT Mecom Gaba_2,0865 PRT Mecom Gaba_2,210 PRT Mecom Gaba,20 MB GABA,GABA,129,4.0921535,5.717272,0.6434108527131783
3432,3616 PRT Tcf7l2 Gaba_3,0831 PRT Tcf7l2 Gaba_3,202 PRT Tcf7l2 Gaba,20 MB GABA,GABA,69,4.731391,5.968508,0.7391304347826086
3433,3617 PRT Tcf7l2 Gaba_3,0831 PRT Tcf7l2 Gaba_3,202 PRT Tcf7l2 Gaba,20 MB GABA,GABA,124,3.9863217,5.5597057,0.6129032258064516
3434,3620 PRT Tcf7l2 Gaba_3,0831 PRT Tcf7l2 Gaba_3,202 PRT Tcf7l2 Gaba,20 MB GABA,GABA,45,4.1291595,5.9386497,0.6444444444444445
3435,3531 PAG-MRN-RN Foxa2 Gaba_4,0817 PAG-MRN-RN Foxa2 Gaba_4,199 PAG-MRN-RN Foxa2 Gaba,20 MB GABA,GABA,96,4.6462517,5.67066,0.7604166666666666
3436,3452 PAG-PPN Pax5 Sox21 Gaba_3,0804 PAG-PPN Pax5 Sox21 Gaba_3,196 PAG-PPN Pax5 Sox21 Gaba,20 MB GABA,GABA,172,4.962837,5.7977123,0.8197674418604651
3437,3459 PAG-PPN Pax5 Sox21 Gaba_4,0805 PAG-PPN Pax5 Sox21 Gaba_4,196 PAG-PPN Pax5 Sox21 Gaba,20 MB GABA,GABA,66,4.521427,5.353506,0.8333333333333334
3438,3453 PAG-PPN Pax5 Sox21 Gaba_3,0804 PAG-PPN Pax5 Sox21 Gaba_3,196 PAG-PPN Pax5 Sox21 Gaba,20 MB GABA,GABA,31,4.287878,5.060154,0.8064516129032258
3439,3454 PAG-PPN Pax5 Sox21 Gaba_3,0804 PAG-PPN Pax5 Sox21 Gaba_3,196 PAG-PPN Pax5 Sox21 Gaba,20 MB GABA,GABA,102,4.200911,5.3009434,0.7156862745098039
3440,3460 PAG-PPN Pax5 Sox21 Gaba_4,0805 PAG-PPN Pax5 Sox21 Gaba_4,196 PAG-PPN Pax5 Sox21 Gaba,20 MB GABA,GABA,77,4.1469903,5.269142,0.7402597402597403
3441,3442 PAG-PPN Pax5 Sox21 Gaba_1,0802 PAG-PPN Pax5 Sox21 Gaba_1,196 PAG-PPN Pax5 Sox21 Gaba,20 MB GABA,GABA,38,3.9165514,5.2167497,0.6578947368421053
3442,3443 PAG-PPN Pax5 Sox21 Gaba_1,0802 PAG-PPN Pax5 Sox21 Gaba_1,196 PAG-PPN Pax5 Sox21 Gaba,20 MB GABA,GABA,378,3.9695919,5.410437,0.6481481481481481
3443,3455 PAG-PPN Pax5 Sox21 Gaba_3,0804 PAG-PPN Pax5 Sox21 Gaba_3,196 PAG-PPN Pax5 Sox21 Gaba,20 MB GABA,GABA,37,4.6400647,5.439498,0.7567567567567568
3444,3456 PAG-PPN Pax5 Sox21 Gaba_3,0804 PAG-PPN Pax5 Sox21 Gaba_3,196 PAG-PPN Pax5 Sox21 Gaba,20 MB GABA,GABA,65,4.3342285,5.1277957,0.7692307692307693
3445,3441 SNr-VTA Pax5 Npas1 Gaba_2,0801 SNr-VTA Pax5 Npas1 Gaba_2,195 SNr-VTA Pax5 Npas1 Gaba,20 MB GABA,GABA,75,4.5580974,5.2580495,0.8533333333333334
3446,3444 PAG-PPN Pax5 Sox21 Gaba_1,0802 PAG-PPN Pax5 Sox21 Gaba_1,196 PAG-PPN Pax5 Sox21 Gaba,20 MB GABA,GABA,133,3.6728542,5.2081795,0.6015037593984962
3447,3445 PAG-PPN Pax5 Sox21 Gaba_1,0802 PAG-PPN Pax5 Sox21 Gaba_1,196 PAG-PPN Pax5 Sox21 Gaba,20 MB GABA,GABA,67,4.5887146,5.7497134,0.746268656716418
3448,3446 PAG-PPN Pax5 Sox21 Gaba_1,0802 PAG-PPN Pax5 Sox21 Gaba_1,196 PAG-PPN Pax5 Sox21 Gaba,20 MB GABA,GABA,206,4.3023224,5.637388,0.6990291262135923
3449,3513 PAG-MRN-RN Foxa2 Gaba_1,0814 PAG-MRN-RN Foxa2 Gaba_1,199 PAG-MRN-RN Foxa2 Gaba,20 MB GABA,GABA,79,4.859828,5.6197615,0.8354430379746836
3450,3447 PAG-PPN Pax5 Sox21 Gaba_2,0803 PAG-PPN Pax5 Sox21 Gaba_2,196 PAG-PPN Pax5 Sox21 Gaba,20 MB GABA,GABA,55,5.5942645,6.157206,0.9090909090909091
3451,4705 LDT Fgf7 Gaba_1,1049 LDT Fgf7 Gaba_1,269 LDT Fgf7 Gaba,26 P GABA,GABA,110,4.510862,5.4903193,0.7545454545454545
3452,3514 PAG-MRN-RN Foxa2 Gaba_1,0814 PAG-MRN-RN Foxa2 Gaba_1,199 PAG-MRN-RN Foxa2 Gaba,20 MB GABA,GABA,117,4.364903,5.5523257,0.7264957264957265
3453,3448 PAG-PPN Pax5 Sox21 Gaba_2,0803 PAG-PPN Pax5 Sox21 Gaba_2,196 PAG-PPN Pax5 Sox21 Gaba,20 MB GABA,GABA,90,4.6980286,5.734713,0.7777777777777778
3454,4706 LDT Fgf7 Gaba_1,1049 LDT Fgf7 Gaba_1,269 LDT Fgf7 Gaba,26 P GABA,GABA,141,5.2813807,5.933095,0.8652482269503546
3455,4707 LDT Fgf7 Gaba_1,1049 LDT Fgf7 Gaba_1,269 LDT Fgf7 Gaba,26 P GABA,GABA,108,4.5187736,5.58134,0.75
3456,3449 PAG-PPN Pax5 Sox21 Gaba_2,0803 PAG-PPN Pax5 Sox21 Gaba_2,196 PAG-PPN Pax5 Sox21 Gaba,20 MB GABA,GABA,127,4.636389,5.8929534,0.7559055118110236
3457,3450 PAG-PPN Pax5 Sox21 Gaba_2,0803 PAG-PPN Pax5 Sox21 Gaba_2,196 PAG-PPN Pax5 Sox21 Gaba,20 MB GABA,GABA,36,4.699724,5.7257056,0.7777777777777778
3458,3451 PAG-PPN Pax5 Sox21 Gaba_2,0803 PAG-PPN Pax5 Sox21 Gaba_2,196 PAG-PPN Pax5 Sox21 Gaba,20 MB GABA,GABA,229,4.7847643,5.8137064,0.7685589519650655
3459,4702 CS-PRNr-DR En1 Sox2 Gaba_2,1048 CS-PRNr-DR En1 Sox2 Gaba_2,268 CS-PRNr-DR En1 Sox2 Gaba,26 P GABA,GABA,7,3.0294774,4.4770756,0.5714285714285714
3460,4694 CS-PRNr-DR En1 Sox2 Gaba_2,1048 CS-PRNr-DR En1 Sox2 Gaba_2,268 CS-PRNr-DR En1 Sox2 Gaba,26 P GABA,GABA,43,4.3131175,5.649908,0.7209302325581395
3461,4703 CS-PRNr-DR En1 Sox2 Gaba_2,1048 CS-PRNr-DR En1 Sox2 Gaba_2,268 CS-PRNr-DR En1 Sox2 Gaba,26 P GABA,GABA,58,4.79482,5.5719414,0.8103448275862069
3462,4695 CS-PRNr-DR En1 Sox2 Gaba_2,1048 CS-PRNr-DR En1 Sox2 Gaba_2,268 CS-PRNr-DR En1 Sox2 Gaba,26 P GABA,GABA,26,5.271685,6.0275555,0.8461538461538461
3463,4696 CS-PRNr-DR En1 Sox2 Gaba_2,1048 CS-PRNr-DR En1 Sox2 Gaba_2,268 CS-PRNr-DR En1 Sox2 Gaba,26 P GABA,GABA,48,3.946347,5.480817,0.6458333333333334
3464,4697 CS-PRNr-DR En1 Sox2 Gaba_2,1048 CS-PRNr-DR En1 Sox2 Gaba_2,268 CS-PRNr-DR En1 Sox2 Gaba,26 P GABA,GABA,86,3.9577572,5.227225,0.6511627906976745
3465,4698 CS-PRNr-DR En1 Sox2 Gaba_2,1048 CS-PRNr-DR En1 Sox2 Gaba_2,268 CS-PRNr-DR En1 Sox2 Gaba,26 P GABA,GABA,28,3.4307077,4.72219,0.6071428571428571
3467,4704 CS-PRNr-DR En1 Sox2 Gaba_2,1048 CS-PRNr-DR En1 Sox2 Gaba_2,268 CS-PRNr-DR En1 Sox2 Gaba,26 P GABA,GABA,7,4.150741,4.704573,0.7142857142857143
3468,3784 SC Tnnt1 Gli3 Gaba_2,0868 SC Tnnt1 Gli3 Gaba_2,211 SC Tnnt1 Gli3 Gaba,20 MB GABA,GABA,71,4.4442644,6.049262,0.676056338028169
3469,3788 SC Tnnt1 Gli3 Gaba_2,0868 SC Tnnt1 Gli3 Gaba_2,211 SC Tnnt1 Gli3 Gaba,20 MB GABA,GABA,124,4.343654,5.816043,0.6935483870967742
3470,3781 SC Tnnt1 Gli3 Gaba_1,0867 SC Tnnt1 Gli3 Gaba_1,211 SC Tnnt1 Gli3 Gaba,20 MB GABA,GABA,389,4.575026,5.9890842,0.7069408740359897
3471,3782 SC Tnnt1 Gli3 Gaba_1,0867 SC Tnnt1 Gli3 Gaba_1,211 SC Tnnt1 Gli3 Gaba,20 MB GABA,GABA,16,5.706257,6.075416,0.9375
3472,3785 SC Tnnt1 Gli3 Gaba_2,0868 SC Tnnt1 Gli3 Gaba_2,211 SC Tnnt1 Gli3 Gaba,20 MB GABA,GABA,44,3.233182,2.711788,0.5
3473,3786 SC Tnnt1 Gli3 Gaba_2,0868 SC Tnnt1 Gli3 Gaba_2,211 SC Tnnt1 Gli3 Gaba,20 MB GABA,GABA,157,3.915025,5.6816497,0.5987261146496815
3474,3787 SC Tnnt1 Gli3 Gaba_2,0868 SC Tnnt1 Gli3 Gaba_2,211 SC Tnnt1 Gli3 Gaba,20 MB GABA,GABA,263,4.128709,5.5097995,0.6539923954372624
3475,3641 LGv-SPFp-SPFm Nkx2-2 Tcf7l2 Gaba_2,0835 LGv-SPFp-SPFm Nkx2-2 Tcf7l2 Gaba_2,203 LGv-SPFp-SPFm Nkx2-2 Tcf7l2 Gaba,20 MB GABA,GABA,3,5.989183,6.151761,1.0
3479,3658 LGv-SPFp-SPFm Nkx2-2 Tcf7l2 Gaba_5,0838 LGv-SPFp-SPFm Nkx2-2 Tcf7l2 Gaba_5,203 LGv-SPFp-SPFm Nkx2-2 Tcf7l2 Gaba,20 MB GABA,GABA,6,3.4445374,3.0755565,0.5
3480,3653 LGv-SPFp-SPFm Nkx2-2 Tcf7l2 Gaba_4,0837 LGv-SPFp-SPFm Nkx2-2 Tcf7l2 Gaba_4,203 LGv-SPFp-SPFm Nkx2-2 Tcf7l2 Gaba,20 MB GABA,GABA,2,6.642957,6.642957,1.0
3482,3659 LGv-SPFp-SPFm Nkx2-2 Tcf7l2 Gaba_5,0838 LGv-SPFp-SPFm Nkx2-2 Tcf7l2 Gaba_5,203 LGv-SPFp-SPFm Nkx2-2 Tcf7l2 Gaba,20 MB GABA,GABA,5,5.1901946,6.258144,0.8
3483,3660 LGv-SPFp-SPFm Nkx2-2 Tcf7l2 Gaba_5,0838 LGv-SPFp-SPFm Nkx2-2 Tcf7l2 Gaba_5,203 LGv-SPFp-SPFm Nkx2-2 Tcf7l2 Gaba,20 MB GABA,GABA,1,5.5673213,5.5673213,1.0
3485,3661 LGv-SPFp-SPFm Nkx2-2 Tcf7l2 Gaba_5,0838 LGv-SPFp-SPFm Nkx2-2 Tcf7l2 Gaba_5,203 LGv-SPFp-SPFm Nkx2-2 Tcf7l2 Gaba,20 MB GABA,GABA,1,0.0,0.0,0.0
3489,3667 LGv-SPFp-SPFm Nkx2-2 Tcf7l2 Gaba_7,0840 LGv-SPFp-SPFm Nkx2-2 Tcf7l2 Gaba_7,203 LGv-SPFp-SPFm Nkx2-2 Tcf7l2 Gaba,20 MB GABA,GABA,1,0.0,0.0,0.0
3490,3662 LGv-SPFp-SPFm Nkx2-2 Tcf7l2 Gaba_5,0838 LGv-SPFp-SPFm Nkx2-2 Tcf7l2 Gaba_5,203 LGv-SPFp-SPFm Nkx2-2 Tcf7l2 Gaba,20 MB GABA,GABA,6,5.360123,6.3797827,0.8333333333333334
3491,3645 LGv-SPFp-SPFm Nkx2-2 Tcf7l2 Gaba_2,0835 LGv-SPFp-SPFm Nkx2-2 Tcf7l2 Gaba_2,203 LGv-SPFp-SPFm Nkx2-2 Tcf7l2 Gaba,20 MB GABA,GABA,1,0.0,0.0,0.0
3492,3656 LGv-SPFp-SPFm Nkx2-2 Tcf7l2 Gaba_4,0837 LGv-SPFp-SPFm Nkx2-2 Tcf7l2 Gaba_4,203 LGv-SPFp-SPFm Nkx2-2 Tcf7l2 Gaba,20 MB GABA,GABA,4,6.103902,6.1802034,1.0
3493,3668 LGv-SPFp-SPFm Nkx2-2 Tcf7l2 Gaba_7,0840 LGv-SPFp-SPFm Nkx2-2 Tcf7l2 Gaba_7,203 LGv-SPFp-SPFm Nkx2-2 Tcf7l2 Gaba,20 MB GABA,GABA,12,5.3343444,6.5888104,0.75
3494,3649 LGv-SPFp-SPFm Nkx2-2 Tcf7l2 Gaba_3,0836 LGv-SPFp-SPFm Nkx2-2 Tcf7l2 Gaba_3,203 LGv-SPFp-SPFm Nkx2-2 Tcf7l2 Gaba,20 MB GABA,GABA,1,6.681543,6.681543,1.0
3500,3678 SC-PAG Lef1 Emx2 Gaba_1,0843 SC-PAG Lef1 Emx2 Gaba_1,205 SC-PAG Lef1 Emx2 Gaba,20 MB GABA,GABA,31,4.7924986,6.179961,0.7419354838709677
3501,3673 SC-PAG Lef1 Emx2 Gaba_1,0843 SC-PAG Lef1 Emx2 Gaba_1,205 SC-PAG Lef1 Emx2 Gaba,20 MB GABA,GABA,339,4.5646424,5.6152754,0.7610619469026548
3502,3674 SC-PAG Lef1 Emx2 Gaba_1,0843 SC-PAG Lef1 Emx2 Gaba_1,205 SC-PAG Lef1 Emx2 Gaba,20 MB GABA,GABA,86,3.865536,5.409812,0.6046511627906976
3503,3675 SC-PAG Lef1 Emx2 Gaba_1,0843 SC-PAG Lef1 Emx2 Gaba_1,205 SC-PAG Lef1 Emx2 Gaba,20 MB GABA,GABA,31,5.347408,6.3594785,0.8064516129032258
3504,3679 SC-PAG Lef1 Emx2 Gaba_1,0843 SC-PAG Lef1 Emx2 Gaba_1,205 SC-PAG Lef1 Emx2 Gaba,20 MB GABA,GABA,58,4.2113576,5.8848248,0.6551724137931034
3505,3676 SC-PAG Lef1 Emx2 Gaba_1,0843 SC-PAG Lef1 Emx2 Gaba_1,205 SC-PAG Lef1 Emx2 Gaba,20 MB GABA,GABA,150,4.6430836,5.9216638,0.74
3506,3680 SC-PAG Lef1 Emx2 Gaba_1,0843 SC-PAG Lef1 Emx2 Gaba_1,205 SC-PAG Lef1 Emx2 Gaba,20 MB GABA,GABA,84,6.0602794,6.695324,0.8809523809523809
3507,3681 SC-PAG Lef1 Emx2 Gaba_2,0844 SC-PAG Lef1 Emx2 Gaba_2,205 SC-PAG Lef1 Emx2 Gaba,20 MB GABA,GABA,128,5.327186,6.0402746,0.8671875
3508,3695 SC-PAG Lef1 Emx2 Gaba_4,0846 SC-PAG Lef1 Emx2 Gaba_4,205 SC-PAG Lef1 Emx2 Gaba,20 MB GABA,GABA,1084,4.647498,5.9592876,0.7214022140221402
3509,3696 SC-PAG Lef1 Emx2 Gaba_4,0846 SC-PAG Lef1 Emx2 Gaba_4,205 SC-PAG Lef1 Emx2 Gaba,20 MB GABA,GABA,875,3.965358,5.3921585,0.632
3510,3682 SC-PAG Lef1 Emx2 Gaba_2,0844 SC-PAG Lef1 Emx2 Gaba_2,205 SC-PAG Lef1 Emx2 Gaba,20 MB GABA,GABA,477,4.576748,5.825934,0.7253668763102725
3511,3686 SC-PAG Lef1 Emx2 Gaba_2,0844 SC-PAG Lef1 Emx2 Gaba_2,205 SC-PAG Lef1 Emx2 Gaba,20 MB GABA,GABA,277,4.2834907,5.608303,0.6967509025270758
3512,3683 SC-PAG Lef1 Emx2 Gaba_2,0844 SC-PAG Lef1 Emx2 Gaba_2,205 SC-PAG Lef1 Emx2 Gaba,20 MB GABA,GABA,221,4.948553,6.0338697,0.7963800904977375
3513,3687 SC-PAG Lef1 Emx2 Gaba_2,0844 SC-PAG Lef1 Emx2 Gaba_2,205 SC-PAG Lef1 Emx2 Gaba,20 MB GABA,GABA,111,4.1690826,5.4189763,0.7027027027027027
3514,3688 SC-PAG Lef1 Emx2 Gaba_2,0844 SC-PAG Lef1 Emx2 Gaba_2,205 SC-PAG Lef1 Emx2 Gaba,20 MB GABA,GABA,335,4.854748,6.0769663,0.764179104477612
3515,3684 SC-PAG Lef1 Emx2 Gaba_2,0844 SC-PAG Lef1 Emx2 Gaba_2,205 SC-PAG Lef1 Emx2 Gaba,20 MB GABA,GABA,218,4.800034,5.955557,0.7568807339449541
3516,3685 SC-PAG Lef1 Emx2 Gaba_2,0844 SC-PAG Lef1 Emx2 Gaba_2,205 SC-PAG Lef1 Emx2 Gaba,20 MB GABA,GABA,209,5.3531127,6.112515,0.8516746411483254
3517,3697 SC-PAG Lef1 Emx2 Gaba_4,0846 SC-PAG Lef1 Emx2 Gaba_4,205 SC-PAG Lef1 Emx2 Gaba,20 MB GABA,GABA,148,4.1853094,5.529898,0.6621621621621622
3518,3698 SC-PAG Lef1 Emx2 Gaba_4,0846 SC-PAG Lef1 Emx2 Gaba_4,205 SC-PAG Lef1 Emx2 Gaba,20 MB GABA,GABA,288,4.3060937,5.7588825,0.6736111111111112
3519,3677 SC-PAG Lef1 Emx2 Gaba_1,0843 SC-PAG Lef1 Emx2 Gaba_1,205 SC-PAG Lef1 Emx2 Gaba,20 MB GABA,GABA,206,4.1271806,5.4162674,0.6699029126213593
3520,3699 SC-PAG Lef1 Emx2 Gaba_5,0847 SC-PAG Lef1 Emx2 Gaba_5,205 SC-PAG Lef1 Emx2 Gaba,20 MB GABA,GABA,44,5.081425,6.279933,0.7954545454545454
3521,3692 SC-PAG Lef1 Emx2 Gaba_3,0845 SC-PAG Lef1 Emx2 Gaba_3,205 SC-PAG Lef1 Emx2 Gaba,20 MB GABA,GABA,154,4.7487583,5.8770742,0.7532467532467533
3522,3689 SC-PAG Lef1 Emx2 Gaba_2,0844 SC-PAG Lef1 Emx2 Gaba_2,205 SC-PAG Lef1 Emx2 Gaba,20 MB GABA,GABA,126,4.6414804,5.8575315,0.753968253968254
3523,3693 SC-PAG Lef1 Emx2 Gaba_3,0845 SC-PAG Lef1 Emx2 Gaba_3,205 SC-PAG Lef1 Emx2 Gaba,20 MB GABA,GABA,130,4.390491,5.8751917,0.6923076923076923
3524,3700 SC-PAG Lef1 Emx2 Gaba_5,0847 SC-PAG Lef1 Emx2 Gaba_5,205 SC-PAG Lef1 Emx2 Gaba,20 MB GABA,GABA,102,4.9060817,5.856673,0.7941176470588235
3525,3690 SC-PAG Lef1 Emx2 Gaba_2,0844 SC-PAG Lef1 Emx2 Gaba_2,205 SC-PAG Lef1 Emx2 Gaba,20 MB GABA,GABA,92,4.886888,5.8053427,0.8043478260869565
3526,3691 SC-PAG Lef1 Emx2 Gaba_3,0845 SC-PAG Lef1 Emx2 Gaba_3,205 SC-PAG Lef1 Emx2 Gaba,20 MB GABA,GABA,207,4.299503,5.6341333,0.7101449275362319
3527,3694 SC-PAG Lef1 Emx2 Gaba_3,0845 SC-PAG Lef1 Emx2 Gaba_3,205 SC-PAG Lef1 Emx2 Gaba,20 MB GABA,GABA,124,3.9936075,5.529749,0.6532258064516129
3528,3701 SCm-PAG Cdh23 Gaba_1,0848 SCm-PAG Cdh23 Gaba_1,206 SCm-PAG Cdh23 Gaba,20 MB GABA,GABA,667,4.599829,5.9160566,0.719640179910045
3529,3706 SCm-PAG Cdh23 Gaba_1,0848 SCm-PAG Cdh23 Gaba_1,206 SCm-PAG Cdh23 Gaba,20 MB GABA,GABA,145,5.1242557,5.9458036,0.8344827586206897
3530,3707 SCm-PAG Cdh23 Gaba_1,0848 SCm-PAG Cdh23 Gaba_1,206 SCm-PAG Cdh23 Gaba,20 MB GABA,GABA,161,3.298744,4.6612425,0.546583850931677
3531,3702 SCm-PAG Cdh23 Gaba_1,0848 SCm-PAG Cdh23 Gaba_1,206 SCm-PAG Cdh23 Gaba,20 MB GABA,GABA,97,4.103405,5.0921855,0.7010309278350515
3532,3703 SCm-PAG Cdh23 Gaba_1,0848 SCm-PAG Cdh23 Gaba_1,206 SCm-PAG Cdh23 Gaba,20 MB GABA,GABA,407,4.799464,5.7332377,0.7911547911547911
3533,3704 SCm-PAG Cdh23 Gaba_1,0848 SCm-PAG Cdh23 Gaba_1,206 SCm-PAG Cdh23 Gaba,20 MB GABA,GABA,197,4.4122143,5.7729344,0.7055837563451777
3534,3714 SCm-PAG Cdh23 Gaba_3,0850 SCm-PAG Cdh23 Gaba_3,206 SCm-PAG Cdh23 Gaba,20 MB GABA,GABA,78,4.366296,5.774334,0.6794871794871795
3535,3710 SCm-PAG Cdh23 Gaba_2,0849 SCm-PAG Cdh23 Gaba_2,206 SCm-PAG Cdh23 Gaba,20 MB GABA,GABA,445,4.429417,5.8689227,0.6876404494382022
3536,3708 SCm-PAG Cdh23 Gaba_1,0848 SCm-PAG Cdh23 Gaba_1,206 SCm-PAG Cdh23 Gaba,20 MB GABA,GABA,120,4.1050105,5.2456083,0.6916666666666667
3537,3717 SCm-PAG Cdh23 Gaba_3,0850 SCm-PAG Cdh23 Gaba_3,206 SCm-PAG Cdh23 Gaba,20 MB GABA,GABA,172,4.5465665,5.8290005,0.7383720930232558
3538,3705 SCm-PAG Cdh23 Gaba_1,0848 SCm-PAG Cdh23 Gaba_1,206 SCm-PAG Cdh23 Gaba,20 MB GABA,GABA,139,4.0077205,5.530516,0.6474820143884892
3539,3715 SCm-PAG Cdh23 Gaba_3,0850 SCm-PAG Cdh23 Gaba_3,206 SCm-PAG Cdh23 Gaba,20 MB GABA,GABA,70,3.9418292,5.331182,0.6571428571428571
3540,3716 SCm-PAG Cdh23 Gaba_3,0850 SCm-PAG Cdh23 Gaba_3,206 SCm-PAG Cdh23 Gaba,20 MB GABA,GABA,306,4.07969,5.536405,0.6535947712418301
3541,3718 SCm-PAG Cdh23 Gaba_3,0850 SCm-PAG Cdh23 Gaba_3,206 SCm-PAG Cdh23 Gaba,20 MB GABA,GABA,162,3.8916855,5.5785646,0.5987654320987654
3542,3709 SCm-PAG Cdh23 Gaba_1,0848 SCm-PAG Cdh23 Gaba_1,206 SCm-PAG Cdh23 Gaba,20 MB GABA,GABA,77,4.6386824,5.7697453,0.7402597402597403
3543,3719 SCm-PAG Cdh23 Gaba_3,0850 SCm-PAG Cdh23 Gaba_3,206 SCm-PAG Cdh23 Gaba,20 MB GABA,GABA,151,4.3477125,5.638819,0.7086092715231788
3544,3793 SCs Lef1 Gli3 Gaba_2,0870 SCs Lef1 Gli3 Gaba_2,212 SCs Lef1 Gli3 Gaba,20 MB GABA,GABA,54,4.8478394,5.765442,0.7962962962962963
3545,3796 SCs Lef1 Gli3 Gaba_3,0871 SCs Lef1 Gli3 Gaba_3,212 SCs Lef1 Gli3 Gaba,20 MB GABA,GABA,124,4.340006,5.8343678,0.6693548387096774
3546,3795 SCs Lef1 Gli3 Gaba_3,0871 SCs Lef1 Gli3 Gaba_3,212 SCs Lef1 Gli3 Gaba,20 MB GABA,GABA,55,5.2609563,6.1888914,0.8363636363636363
3547,3790 SCs Lef1 Gli3 Gaba_1,0869 SCs Lef1 Gli3 Gaba_1,212 SCs Lef1 Gli3 Gaba,20 MB GABA,GABA,341,4.8224716,6.2251906,0.7155425219941349
3548,3791 SCs Lef1 Gli3 Gaba_1,0869 SCs Lef1 Gli3 Gaba_1,212 SCs Lef1 Gli3 Gaba,20 MB GABA,GABA,325,5.0552015,6.310911,0.7538461538461538
3549,3792 SCs Lef1 Gli3 Gaba_1,0869 SCs Lef1 Gli3 Gaba_1,212 SCs Lef1 Gli3 Gaba,20 MB GABA,GABA,228,3.9942863,5.664151,0.6140350877192983
3550,3794 SCs Lef1 Gli3 Gaba_2,0870 SCs Lef1 Gli3 Gaba_2,212 SCs Lef1 Gli3 Gaba,20 MB GABA,GABA,200,5.1855426,6.1702724,0.795
3551,3711 SCm-PAG Cdh23 Gaba_2,0849 SCm-PAG Cdh23 Gaba_2,206 SCm-PAG Cdh23 Gaba,20 MB GABA,GABA,322,4.2351294,5.559641,0.6708074534161491
3552,3712 SCm-PAG Cdh23 Gaba_2,0849 SCm-PAG Cdh23 Gaba_2,206 SCm-PAG Cdh23 Gaba,20 MB GABA,GABA,72,4.5006814,5.610327,0.7361111111111112
3553,3713 SCm-PAG Cdh23 Gaba_2,0849 SCm-PAG Cdh23 Gaba_2,206 SCm-PAG Cdh23 Gaba,20 MB GABA,GABA,175,4.1514106,5.6984096,0.64
3554,3789 SCs Lef1 Gli3 Gaba_1,0869 SCs Lef1 Gli3 Gaba_1,212 SCs Lef1 Gli3 Gaba,20 MB GABA,GABA,21,4.974819,6.0778174,0.7619047619047619
3555,3721 SCm-PAG Cdh23 Gaba_4,0851 SCm-PAG Cdh23 Gaba_4,206 SCm-PAG Cdh23 Gaba,20 MB GABA,GABA,61,5.1522703,6.4850707,0.7540983606557377
3556,3732 SCs Dmbx1 Gaba_3,0854 SCs Dmbx1 Gaba_3,207 SCs Dmbx1 Gaba,20 MB GABA,GABA,268,2.9119215,0.0,0.4552238805970149
3557,3736 SCs Dmbx1 Gaba_4,0855 SCs Dmbx1 Gaba_4,207 SCs Dmbx1 Gaba,20 MB GABA,GABA,165,3.753416,5.450236,0.6060606060606061
3558,3737 SCs Dmbx1 Gaba_4,0855 SCs Dmbx1 Gaba_4,207 SCs Dmbx1 Gaba,20 MB GABA,GABA,182,4.0478277,5.5481176,0.6648351648351648
3559,3740 SCs Dmbx1 Gaba_5,0856 SCs Dmbx1 Gaba_5,207 SCs Dmbx1 Gaba,20 MB GABA,GABA,22,4.2418656,5.4474707,0.7272727272727273
3560,3669 SC Otx2 Gcnt4 Gaba_1,0841 SC Otx2 Gcnt4 Gaba_1,204 SC Otx2 Gcnt4 Gaba,20 MB GABA,GABA,133,3.4866252,5.1115193,0.5714285714285714
3561,3734 SCs Dmbx1 Gaba_4,0855 SCs Dmbx1 Gaba_4,207 SCs Dmbx1 Gaba,20 MB GABA,GABA,37,4.0414867,4.999743,0.7027027027027027
3562,3727 SCs Dmbx1 Gaba_1,0852 SCs Dmbx1 Gaba_1,207 SCs Dmbx1 Gaba,20 MB GABA,GABA,47,3.4854639,5.353224,0.574468085106383
3563,3730 SCs Dmbx1 Gaba_2,0853 SCs Dmbx1 Gaba_2,207 SCs Dmbx1 Gaba,20 MB GABA,GABA,129,3.6214864,5.2931585,0.5736434108527132
3564,3731 SCs Dmbx1 Gaba_2,0853 SCs Dmbx1 Gaba_2,207 SCs Dmbx1 Gaba,20 MB GABA,GABA,670,4.0271854,5.4029107,0.6507462686567164
3565,3728 SCs Dmbx1 Gaba_1,0852 SCs Dmbx1 Gaba_1,207 SCs Dmbx1 Gaba,20 MB GABA,GABA,148,3.8375018,5.365778,0.6013513513513513
3566,3741 SC Lef1 Otx2 Gaba_1,0857 SC Lef1 Otx2 Gaba_1,208 SC Lef1 Otx2 Gaba,20 MB GABA,GABA,736,3.8587046,5.5457926,0.5815217391304348
3567,3742 SC Lef1 Otx2 Gaba_1,0857 SC Lef1 Otx2 Gaba_1,208 SC Lef1 Otx2 Gaba,20 MB GABA,GABA,986,3.7254772,5.4587564,0.5547667342799188
3568,3733 SCs Dmbx1 Gaba_3,0854 SCs Dmbx1 Gaba_3,207 SCs Dmbx1 Gaba,20 MB GABA,GABA,345,2.9687529,0.0,0.4666666666666667
3569,3722 SCs Dmbx1 Gaba_1,0852 SCs Dmbx1 Gaba_1,207 SCs Dmbx1 Gaba,20 MB GABA,GABA,91,4.6398644,5.4563317,0.7802197802197802
3570,3723 SCs Dmbx1 Gaba_1,0852 SCs Dmbx1 Gaba_1,207 SCs Dmbx1 Gaba,20 MB GABA,GABA,77,3.4371183,5.1278906,0.5454545454545454
3571,3729 SCs Dmbx1 Gaba_2,0853 SCs Dmbx1 Gaba_2,207 SCs Dmbx1 Gaba,20 MB GABA,GABA,771,3.093856,0.0,0.4708171206225681
3572,3724 SCs Dmbx1 Gaba_1,0852 SCs Dmbx1 Gaba_1,207 SCs Dmbx1 Gaba,20 MB GABA,GABA,222,4.3707895,5.6138444,0.7072072072072072
3573,3725 SCs Dmbx1 Gaba_1,0852 SCs Dmbx1 Gaba_1,207 SCs Dmbx1 Gaba,20 MB GABA,GABA,152,4.069018,5.6751156,0.625
3574,3726 SCs Dmbx1 Gaba_1,0852 SCs Dmbx1 Gaba_1,207 SCs Dmbx1 Gaba,20 MB GABA,GABA,136,3.4565816,5.459675,0.5441176470588235
3575,3743 SC Lef1 Otx2 Gaba_1,0857 SC Lef1 Otx2 Gaba_1,208 SC Lef1 Otx2 Gaba,20 MB GABA,GABA,118,4.6028757,5.8062944,0.7203389830508474
3576,3672 SC Otx2 Gcnt4 Gaba_2,0842 SC Otx2 Gcnt4 Gaba_2,204 SC Otx2 Gcnt4 Gaba,20 MB GABA,GABA,560,2.7988331,0.0,0.41964285714285715
3577,3745 SC Lef1 Otx2 Gaba_2,0858 SC Lef1 Otx2 Gaba_2,208 SC Lef1 Otx2 Gaba,20 MB GABA,GABA,15,4.1752725,5.579282,0.6666666666666666
3578,3744 SC Lef1 Otx2 Gaba_1,0857 SC Lef1 Otx2 Gaba_1,208 SC Lef1 Otx2 Gaba,20 MB GABA,GABA,89,4.5412984,5.999733,0.6853932584269663
3579,3735 SCs Dmbx1 Gaba_4,0855 SCs Dmbx1 Gaba_4,207 SCs Dmbx1 Gaba,20 MB GABA,GABA,299,3.7075415,5.297247,0.6053511705685619
3580,3738 SCs Dmbx1 Gaba_4,0855 SCs Dmbx1 Gaba_4,207 SCs Dmbx1 Gaba,20 MB GABA,GABA,59,3.8192992,5.5367217,0.6271186440677966
3581,3670 SC Otx2 Gcnt4 Gaba_1,0841 SC Otx2 Gcnt4 Gaba_1,204 SC Otx2 Gcnt4 Gaba,20 MB GABA,GABA,57,4.501087,5.6999235,0.7017543859649122
3582,3671 SC Otx2 Gcnt4 Gaba_1,0841 SC Otx2 Gcnt4 Gaba_1,204 SC Otx2 Gcnt4 Gaba,20 MB GABA,GABA,29,4.7725587,5.801625,0.7931034482758621
3583,3739 SCs Dmbx1 Gaba_4,0855 SCs Dmbx1 Gaba_4,207 SCs Dmbx1 Gaba,20 MB GABA,GABA,131,3.8678362,5.5434704,0.6183206106870229
3584,3797 SCsg Gabrr2 Gaba_1,0872 SCsg Gabrr2 Gaba_1,213 SCsg Gabrr2 Gaba,20 MB GABA,GABA,744,4.4718885,5.84636,0.7043010752688172
3585,3798 SCsg Gabrr2 Gaba_1,0872 SCsg Gabrr2 Gaba_1,213 SCsg Gabrr2 Gaba,20 MB GABA,GABA,325,4.5675716,6.0048413,0.7015384615384616
3586,3799 SCsg Gabrr2 Gaba_1,0872 SCsg Gabrr2 Gaba_1,213 SCsg Gabrr2 Gaba,20 MB GABA,GABA,379,4.4272146,5.910759,0.6886543535620053
3587,3800 SCsg Gabrr2 Gaba_1,0872 SCsg Gabrr2 Gaba_1,213 SCsg Gabrr2 Gaba,20 MB GABA,GABA,232,4.5731235,5.886381,0.7025862068965517
3588,3804 SCsg Gabrr2 Gaba_1,0872 SCsg Gabrr2 Gaba_1,213 SCsg Gabrr2 Gaba,20 MB GABA,GABA,107,4.2772727,5.659193,0.7009345794392523
3589,3801 SCsg Gabrr2 Gaba_1,0872 SCsg Gabrr2 Gaba_1,213 SCsg Gabrr2 Gaba,20 MB GABA,GABA,96,4.189006,5.578147,0.6666666666666666
3590,3802 SCsg Gabrr2 Gaba_1,0872 SCsg Gabrr2 Gaba_1,213 SCsg Gabrr2 Gaba,20 MB GABA,GABA,54,4.950037,6.5041633,0.7407407407407407
3591,3805 SCsg Gabrr2 Gaba_1,0872 SCsg Gabrr2 Gaba_1,213 SCsg Gabrr2 Gaba,20 MB GABA,GABA,84,5.106654,5.9901276,0.7976190476190477
3592,3815 SCsg Gabrr2 Gaba_3,0874 SCsg Gabrr2 Gaba_3,213 SCsg Gabrr2 Gaba,20 MB GABA,GABA,235,4.3226686,6.151113,0.625531914893617
3593,3816 SCsg Gabrr2 Gaba_3,0874 SCsg Gabrr2 Gaba_3,213 SCsg Gabrr2 Gaba,20 MB GABA,GABA,161,4.3426194,5.8765593,0.6583850931677019
3594,3803 SCsg Gabrr2 Gaba_1,0872 SCsg Gabrr2 Gaba_1,213 SCsg Gabrr2 Gaba,20 MB GABA,GABA,83,3.986769,5.4378257,0.6626506024096386
3595,3806 SCsg Gabrr2 Gaba_1,0872 SCsg Gabrr2 Gaba_1,213 SCsg Gabrr2 Gaba,20 MB GABA,Glut-GABA,71,3.3448358,0.0,0.49295774647887325
3596,3817 SCsg Gabrr2 Gaba_3,0874 SCsg Gabrr2 Gaba_3,213 SCsg Gabrr2 Gaba,20 MB GABA,GABA,284,4.3659077,5.824459,0.6936619718309859
3597,3808 SCsg Gabrr2 Gaba_2,0873 SCsg Gabrr2 Gaba_2,213 SCsg Gabrr2 Gaba,20 MB GABA,GABA,97,4.876816,5.697041,0.8247422680412371
3598,3826 SCsg Gabrr2 Gaba_5,0876 SCsg Gabrr2 Gaba_5,213 SCsg Gabrr2 Gaba,20 MB GABA,GABA,104,3.4888978,5.154133,0.5576923076923077
3599,3821 SCsg Gabrr2 Gaba_4,0875 SCsg Gabrr2 Gaba_4,213 SCsg Gabrr2 Gaba,20 MB GABA,GABA,146,2.9506035,0.0,0.4726027397260274
3600,3822 SCsg Gabrr2 Gaba_4,0875 SCsg Gabrr2 Gaba_4,213 SCsg Gabrr2 Gaba,20 MB GABA,GABA,50,4.461231,5.849495,0.68
3601,3823 SCsg Gabrr2 Gaba_4,0875 SCsg Gabrr2 Gaba_4,213 SCsg Gabrr2 Gaba,20 MB GABA,GABA,84,3.8387423,5.266407,0.6309523809523809
3602,3824 SCsg Gabrr2 Gaba_4,0875 SCsg Gabrr2 Gaba_4,213 SCsg Gabrr2 Gaba,20 MB GABA,GABA,1267,4.3286867,5.606582,0.7079715864246251
3603,3825 SCsg Gabrr2 Gaba_4,0875 SCsg Gabrr2 Gaba_4,213 SCsg Gabrr2 Gaba,20 MB GABA,GABA,261,4.351366,5.5814877,0.7164750957854407
3604,3809 SCsg Gabrr2 Gaba_2,0873 SCsg Gabrr2 Gaba_2,213 SCsg Gabrr2 Gaba,20 MB GABA,GABA,337,4.583442,5.9885516,0.7181008902077152
3605,3810 SCsg Gabrr2 Gaba_2,0873 SCsg Gabrr2 Gaba_2,213 SCsg Gabrr2 Gaba,20 MB GABA,GABA,714,5.26446,6.1611905,0.8249299719887955
3606,3811 SCsg Gabrr2 Gaba_2,0873 SCsg Gabrr2 Gaba_2,213 SCsg Gabrr2 Gaba,20 MB GABA,GABA,247,4.3547754,5.806795,0.7004048582995951
3607,3812 SCsg Gabrr2 Gaba_2,0873 SCsg Gabrr2 Gaba_2,213 SCsg Gabrr2 Gaba,20 MB GABA,GABA,78,5.158515,5.9646096,0.8461538461538461
3608,3813 SCsg Gabrr2 Gaba_2,0873 SCsg Gabrr2 Gaba_2,213 SCsg Gabrr2 Gaba,20 MB GABA,GABA,352,5.7521877,6.4780755,0.8693181818181818
3609,3818 SCsg Gabrr2 Gaba_3,0874 SCsg Gabrr2 Gaba_3,213 SCsg Gabrr2 Gaba,20 MB GABA,GABA,133,4.549346,6.0529737,0.6616541353383458
3610,3819 SCsg Gabrr2 Gaba_3,0874 SCsg Gabrr2 Gaba_3,213 SCsg Gabrr2 Gaba,20 MB GABA,GABA,107,5.2112813,6.4240894,0.7850467289719626
3611,3820 SCsg Gabrr2 Gaba_3,0874 SCsg Gabrr2 Gaba_3,213 SCsg Gabrr2 Gaba,20 MB GABA,GABA,427,5.083979,6.2309284,0.7728337236533958
3612,3807 SCsg Gabrr2 Gaba_1,0872 SCsg Gabrr2 Gaba_1,213 SCsg Gabrr2 Gaba,20 MB GABA,GABA,219,4.545516,5.9071546,0.7031963470319634
3613,3827 SCsg Gabrr2 Gaba_5,0876 SCsg Gabrr2 Gaba_5,213 SCsg Gabrr2 Gaba,20 MB GABA,GABA,539,3.4007127,5.12461,0.5435992578849722
3614,3814 SCsg Gabrr2 Gaba_2,0873 SCsg Gabrr2 Gaba_2,213 SCsg Gabrr2 Gaba,20 MB GABA,GABA,31,5.3749356,5.7040772,0.9032258064516129
3694,4945 MV-SPIV-PRP Dmbx1 Gly-Gaba_1,1099 MV-SPIV-PRP Dmbx1 Gly-Gaba_1,287 MV-SPIV-PRP Dmbx1 Gly-Gaba,27 MY GABA,GABA-Glyc,1,5.8649373,5.8649373,1.0
3700,4338 PGRN-PARN-MDRN Hoxb5 Glut_2,0974 PGRN-PARN-MDRN Hoxb5 Glut_2,243 PGRN-PARN-MDRN Hoxb5 Glut,24 MY Glut,Glut,2,6.1825604,6.1825604,1.0
3702,4613 CS-RPO Meis2 Gaba_2,1032 CS-RPO Meis2 Gaba_2,263 CS-RPO Meis2 Gaba,26 P GABA,GABA,28,4.469548,5.491194,0.75
3704,4607 CS-RPO Meis2 Gaba_1,1031 CS-RPO Meis2 Gaba_1,263 CS-RPO Meis2 Gaba,26 P GABA,GABA,2,5.2874184,5.2874184,1.0
3707,4641 PRNc Otp Gly-Gaba_2,1037 PRNc Otp Gly-Gaba_2,264 PRNc Otp Gly-Gaba,26 P GABA,GABA-Glyc,1,0.0,0.0,0.0
3709,4608 CS-RPO Meis2 Gaba_1,1031 CS-RPO Meis2 Gaba_1,263 CS-RPO Meis2 Gaba,26 P GABA,GABA,1,7.278261,7.278261,1.0
3710,4614 CS-RPO Meis2 Gaba_2,1032 CS-RPO Meis2 Gaba_2,263 CS-RPO Meis2 Gaba,26 P GABA,GABA,2,5.224472,5.224472,1.0
3712,4642 PRNc Otp Gly-Gaba_2,1037 PRNc Otp Gly-Gaba_2,264 PRNc Otp Gly-Gaba,26 P GABA,GABA-Glyc,1,4.749248,4.749248,1.0
3714,4609 CS-RPO Meis2 Gaba_1,1031 CS-RPO Meis2 Gaba_1,263 CS-RPO Meis2 Gaba,26 P GABA,GABA,1,6.4100814,6.4100814,1.0
3723,4216 PRP-NI-PRNc-GRN Otp Glut_3,0957 PRP-NI-PRNc-GRN Otp Glut_3,237 PRP-NI-PRNc-GRN Otp Glut,24 MY Glut,Glut,1,6.028244,6.028244,1.0
3758,4611 CS-RPO Meis2 Gaba_1,1031 CS-RPO Meis2 Gaba_1,263 CS-RPO Meis2 Gaba,26 P GABA,GABA,1,5.3377647,5.3377647,1.0
3769,4083 PB Evx2 Glut_9,0922 PB Evx2 Glut_9,222 PB Evx2 Glut,23 P Glut,Glut,4,0.0,0.0,0.0
3772,2764 MRN-PAG Nkx6-1 Glut_1,0683 MRN-PAG Nkx6-1 Glut_1,158 MRN-PAG Nkx6-1 Glut,19 MB Glut,Glut,40,5.266469,6.1760645,0.825
3775,3385 ND-INC Foxd2 Glut_1,0790 ND-INC Foxd2 Glut_1,190 ND-INC Foxd2 Glut,19 MB Glut,Glut,70,4.316948,5.406461,0.7428571428571429
3776,3384 ND-INC Foxd2 Glut_1,0790 ND-INC Foxd2 Glut_1,190 ND-INC Foxd2 Glut,19 MB Glut,Glut,56,4.5307055,5.9139047,0.7321428571428571
3816,4449 CU-ECU-SPVI Foxb1 Glut_1,0988 CU-ECU-SPVI Foxb1 Glut_1,246 CU-ECU-SPVI Foxb1 Glut,24 MY Glut,Glut,11,6.431816,6.159811,1.0
3850,4617 CS-RPO Meis2 Gaba_2,1032 CS-RPO Meis2 Gaba_2,263 CS-RPO Meis2 Gaba,26 P GABA,GABA,13,4.7658877,5.3921003,0.7692307692307693
3851,4623 CS-RPO Meis2 Gaba_4,1034 CS-RPO Meis2 Gaba_4,263 CS-RPO Meis2 Gaba,26 P GABA,GABA,3,3.5238578,5.091815,0.6666666666666666
3852,4624 CS-RPO Meis2 Gaba_4,1034 CS-RPO Meis2 Gaba_4,263 CS-RPO Meis2 Gaba,26 P GABA,GABA,22,4.463137,5.6244574,0.7272727272727273
3853,4625 CS-RPO Meis2 Gaba_4,1034 CS-RPO Meis2 Gaba_4,263 CS-RPO Meis2 Gaba,26 P GABA,GABA,8,4.0443425,5.737573,0.625
3861,4627 CS-RPO Meis2 Gaba_4,1034 CS-RPO Meis2 Gaba_4,263 CS-RPO Meis2 Gaba,26 P GABA,GABA,3,6.781816,6.791024,1.0
3865,4210 PRP-NI-PRNc-GRN Otp Glut_2,0956 PRP-NI-PRNc-GRN Otp Glut_2,237 PRP-NI-PRNc-GRN Otp Glut,24 MY Glut,Glut,2,3.6775348,3.6775348,0.5
3892,4555 DMX VII Tbx20 Chol_1,1010 DMX VII Tbx20 Chol_1,252 DMX VII Tbx20 Chol,24 MY Glut,Chol,1,0.0,0.0,0.0
3980,4959 MY Prox1 Lmo7 Gly-Gaba_1,1104 MY Prox1 Lmo7 Gly-Gaba_1,290 MY Prox1 Lmo7 Gly-Gaba,27 MY GABA,GABA-Glyc,1,7.938738,7.938738,1.0
3981,4664 PB Sst Gly-Gaba_1,1041 PB Sst Gly-Gaba_1,265 PB Sst Gly-Gaba,26 P GABA,GABA-Glyc,16,5.2600513,6.508651,0.8125
3982,4665 PB Sst Gly-Gaba_1,1041 PB Sst Gly-Gaba_1,265 PB Sst Gly-Gaba,26 P GABA,GABA-Glyc,10,4.568205,5.762149,0.7
4026,4667 PB Sst Gly-Gaba_1,1041 PB Sst Gly-Gaba_1,265 PB Sst Gly-Gaba,26 P GABA,GABA-Glyc,12,3.1630223,2.485492,0.5
4078,4958 MDRNd Prox1 Pax6 Gly-Gaba_1,1103 MDRNd Prox1 Pax6 Gly-Gaba_1,289 MDRNd Prox1 Pax6 Gly-Gaba,27 MY GABA,GABA,1,6.272631,6.272631,1.0
4085,4618 CS-RPO Meis2 Gaba_3,1033 CS-RPO Meis2 Gaba_3,263 CS-RPO Meis2 Gaba,26 P GABA,Glut-GABA,4,7.501487,7.5061917,1.0
4098,4663 PRNc Otp Gly-Gaba_5,1040 PRNc Otp Gly-Gaba_5,264 PRNc Otp Gly-Gaba,26 P GABA,GABA-Glyc,5,1.1649578,0.0,0.2
4112,4173 PRNr Otp Nfib Glut_1,0945 PRNr Otp Nfib Glut_1,230 PRNr Otp Nfib Glut,23 P Glut,Glut,1,4.9673843,4.9673843,1.0
4117,4521 CBN Neurod2 Pvalb Glut_1,1003 CBN Neurod2 Pvalb Glut_1,250 CBN Neurod2 Pvalb Glut,24 MY Glut,Glut,1,7.349659,7.349659,1.0
4132,4522 CBN Neurod2 Pvalb Glut_1,1003 CBN Neurod2 Pvalb Glut_1,250 CBN Neurod2 Pvalb Glut,24 MY Glut,Glut,2,3.8199136,3.8199136,0.5
4151,5174 DCO Il22 Gly-Gaba_3,1143 DCO Il22 Gly-Gaba_3,308 DCO Il22 Gly-Gaba,28 CB GABA,GABA-Glyc,1,6.540941,6.540941,1.0
4159,5185 CB PLI Gly-Gaba_4,1147 CB PLI Gly-Gaba_4,309 CB PLI Gly-Gaba,28 CB GABA,GABA,1,6.678497,6.678497,1.0
4162,5177 CB PLI Gly-Gaba_1,1144 CB PLI Gly-Gaba_1,309 CB PLI Gly-Gaba,28 CB GABA,GABA-Glyc,3,0.0,0.0,0.0
4164,5178 CB PLI Gly-Gaba_1,1144 CB PLI Gly-Gaba_1,309 CB PLI Gly-Gaba,28 CB GABA,GABA,16,2.971829,0.0,0.4375
4166,5179 CB PLI Gly-Gaba_1,1144 CB PLI Gly-Gaba_1,309 CB PLI Gly-Gaba,28 CB GABA,GABA-Glyc,1,5.6661453,5.6661453,1.0
4167,5188 CBX MLI Megf11 Gaba_1,1149 CBX MLI Megf11 Gaba_1,311 CBX MLI Megf11 Gaba,28 CB GABA,GABA,363,2.7806327,0.0,0.40771349862258954
4169,5190 CBX MLI Megf11 Gaba_2,1150 CBX MLI Megf11 Gaba_2,311 CBX MLI Megf11 Gaba,28 CB GABA,GABA,1,5.5304523,5.5304523,1.0
4170,5192 CBX MLI Cdh22 Gaba_1,1151 CBX MLI Cdh22 Gaba_1,312 CBX MLI Cdh22 Gaba,28 CB GABA,GABA,121,2.5437963,0.0,0.38016528925619836
4182,4150 PSV Pvalb Lhx2 Glut_2,0940 PSV Pvalb Lhx2 Glut_2,228 PSV Pvalb Lhx2 Glut,23 P Glut,Glut,4,6.132831,6.085537,1.0
4193,4811 POR Gata3 Gly-Gaba_1,1081 POR Gata3 Gly-Gaba_1,281 POR Gata3 Gly-Gaba,26 P GABA,GABA-Glyc,1,6.074888,6.074888,1.0
4218,4199 PG-TRN-LRN Fat2 Glut_1,0953 PG-TRN-LRN Fat2 Glut_1,235 PG-TRN-LRN Fat2 Glut,23 P Glut,Glut,11,5.314047,5.453069,0.9090909090909091
4266,4065 PB Evx2 Glut_6,0919 PB Evx2 Glut_6,222 PB Evx2 Glut,23 P Glut,Glut,1,6.282008,6.282008,1.0
4267,4064 PB Evx2 Glut_6,0919 PB Evx2 Glut_6,222 PB Evx2 Glut,23 P Glut,Glut,6,1.5984844,0.0,0.3333333333333333
4268,4049 PB Evx2 Glut_4,0917 PB Evx2 Glut_4,222 PB Evx2 Glut,23 P Glut,Glut,1,5.7672443,5.7672443,1.0
4269,4079 PB Evx2 Glut_8,0921 PB Evx2 Glut_8,222 PB Evx2 Glut,23 P Glut,Glut,8,4.9211493,5.2503467,0.875
4270,4080 PB Evx2 Glut_8,0921 PB Evx2 Glut_8,222 PB Evx2 Glut,23 P Glut,Glut,38,4.010318,5.0648785,0.7368421052631579
4271,4081 PB Evx2 Glut_8,0921 PB Evx2 Glut_8,222 PB Evx2 Glut,23 P Glut,Glut,13,3.2397974,4.2777286,0.6153846153846154
4272,4050 PB Evx2 Glut_4,0917 PB Evx2 Glut_4,222 PB Evx2 Glut,23 P Glut,Glut,2,2.3848448,2.3848448,0.5
4276,4032 PB Evx2 Glut_2,0915 PB Evx2 Glut_2,222 PB Evx2 Glut,23 P Glut,Glut,27,4.5046244,5.5844045,0.7777777777777778
4277,4051 PB Evx2 Glut_4,0917 PB Evx2 Glut_4,222 PB Evx2 Glut,23 P Glut,Glut,4,5.7167206,5.7900457,1.0
4278,4052 PB Evx2 Glut_4,0917 PB Evx2 Glut_4,222 PB Evx2 Glut,23 P Glut,Glut,1,6.262777,6.262777,1.0
4279,4053 PB Evx2 Glut_4,0917 PB Evx2 Glut_4,222 PB Evx2 Glut,23 P Glut,Glut,13,5.4710712,5.705127,1.0
4282,4054 PB Evx2 Glut_4,0917 PB Evx2 Glut_4,222 PB Evx2 Glut,23 P Glut,Glut,8,2.7545574,2.4329665,0.5
4284,4076 PB Evx2 Glut_8,0921 PB Evx2 Glut_8,222 PB Evx2 Glut,23 P Glut,Glut,13,4.859035,5.8908143,0.7692307692307693
4287,4082 PB Evx2 Glut_8,0921 PB Evx2 Glut_8,222 PB Evx2 Glut,23 P Glut,Glut,9,4.4638863,5.086171,0.7777777777777778
4289,3972 PB Pax5 Glut_2,0905 PB Pax5 Glut_2,220 PB Pax5 Glut,23 P Glut,Glut,3,3.9534435,5.6439023,0.6666666666666666
4290,3965 PB Pax5 Glut_1,0904 PB Pax5 Glut_1,220 PB Pax5 Glut,23 P Glut,Glut,22,3.4072363,4.561857,0.5454545454545454
4291,4194 LDT Vsx2 Nkx6-1 Nfib Glut_2,0949 LDT Vsx2 Nkx6-1 Nfib Glut_2,232 LDT Vsx2 Nkx6-1 Nfib Glut,23 P Glut,Glut,205,4.3725557,5.5099883,0.7073170731707317
4292,3966 PB Pax5 Glut_1,0904 PB Pax5 Glut_1,220 PB Pax5 Glut,23 P Glut,Glut,20,4.123425,5.4252434,0.7
4293,3967 PB Pax5 Glut_1,0904 PB Pax5 Glut_1,220 PB Pax5 Glut,23 P Glut,Glut,35,4.1666903,5.6079655,0.6857142857142857
4294,3973 PB Pax5 Glut_2,0905 PB Pax5 Glut_2,220 PB Pax5 Glut,23 P Glut,Glut,1,4.7527957,4.7527957,1.0
4295,3968 PB Pax5 Glut_1,0904 PB Pax5 Glut_1,220 PB Pax5 Glut,23 P Glut,Glut,24,3.6547396,5.2795153,0.5833333333333334
4296,3969 PB Pax5 Glut_1,0904 PB Pax5 Glut_1,220 PB Pax5 Glut,23 P Glut,Glut,24,4.681824,5.4298325,0.7916666666666666
4297,3970 PB Pax5 Glut_1,0904 PB Pax5 Glut_1,220 PB Pax5 Glut,23 P Glut,Glut,53,4.0241885,5.383066,0.6792452830188679
4298,3971 PB Pax5 Glut_1,0904 PB Pax5 Glut_1,220 PB Pax5 Glut,23 P Glut,Glut,22,4.296525,5.249053,0.7272727272727273
4299,4159 PB-NTS Phox2b Ebf3 Lmx1b Glut_1,0943 PB-NTS Phox2b Ebf3 Lmx1b Glut_1,229 PB-NTS Phox2b Ebf3 Lmx1b Glut,23 P Glut,Glut,1,7.6657214,7.6657214,1.0
4300,4154 PB-NTS Phox2b Ebf3 Lmx1b Glut_1,0943 PB-NTS Phox2b Ebf3 Lmx1b Glut_1,229 PB-NTS Phox2b Ebf3 Lmx1b Glut,23 P Glut,Glut,2,2.594315,2.594315,0.5
4308,4160 PB-NTS Phox2b Ebf3 Lmx1b Glut_1,0943 PB-NTS Phox2b Ebf3 Lmx1b Glut_1,229 PB-NTS Phox2b Ebf3 Lmx1b Glut,23 P Glut,Glut,2,3.2143276,3.2143276,0.5
4470,3068 PAG-MRN Tfap2b Glut_1,0733 PAG-MRN Tfap2b Glut_1,170 PAG-MRN Tfap2b Glut,19 MB Glut,Glut,96,4.4657435,5.427821,0.75
4471,3077 PAG Pou4f1 Bnc2 Glut_1,0735 PAG Pou4f1 Bnc2 Glut_1,171 PAG Pou4f1 Bnc2 Glut,19 MB Glut,Glut,68,5.2064357,6.0552597,0.8676470588235294
4472,3069 PAG-MRN Tfap2b Glut_1,0733 PAG-MRN Tfap2b Glut_1,170 PAG-MRN Tfap2b Glut,19 MB Glut,Glut,61,5.294877,6.086578,0.8524590163934426
4473,3050 PAG-MRN Tfap2b Glut_1,0733 PAG-MRN Tfap2b Glut_1,170 PAG-MRN Tfap2b Glut,19 MB Glut,Glut,88,4.5747294,5.729377,0.75
4474,3088 PAG Pou4f1 Bnc2 Glut_2,0736 PAG Pou4f1 Bnc2 Glut_2,171 PAG Pou4f1 Bnc2 Glut,19 MB Glut,Glut,71,5.0559936,5.8669286,0.8169014084507042
4475,3051 PAG-MRN Tfap2b Glut_1,0733 PAG-MRN Tfap2b Glut_1,170 PAG-MRN Tfap2b Glut,19 MB Glut,Glut,67,5.6313467,6.148027,0.8805970149253731
4476,3089 PAG Pou4f1 Bnc2 Glut_2,0736 PAG Pou4f1 Bnc2 Glut_2,171 PAG Pou4f1 Bnc2 Glut,19 MB Glut,Glut,28,5.022329,5.92175,0.8214285714285714
4477,3078 PAG Pou4f1 Bnc2 Glut_1,0735 PAG Pou4f1 Bnc2 Glut_1,171 PAG Pou4f1 Bnc2 Glut,19 MB Glut,Glut,68,5.38966,6.1445026,0.8676470588235294
4478,4197 MEV Ppp1r1c Glut_1,0952 MEV Ppp1r1c Glut_1,234 MEV Ppp1r1c Glut,19 MB Glut,Glut,15,4.8408213,4.9862375,0.9333333333333333
4479,3062 PAG-MRN Tfap2b Glut_1,0733 PAG-MRN Tfap2b Glut_1,170 PAG-MRN Tfap2b Glut,19 MB Glut,Glut,348,4.7452416,5.689354,0.7873563218390804
4480,3063 PAG-MRN Tfap2b Glut_1,0733 PAG-MRN Tfap2b Glut_1,170 PAG-MRN Tfap2b Glut,19 MB Glut,Glut,55,5.053189,5.711707,0.8545454545454545
4481,3041 PAG-MRN Tfap2b Glut_1,0733 PAG-MRN Tfap2b Glut_1,170 PAG-MRN Tfap2b Glut,19 MB Glut,Glut,89,4.0062385,5.173116,0.6741573033707865
4482,3042 PAG-MRN Tfap2b Glut_1,0733 PAG-MRN Tfap2b Glut_1,170 PAG-MRN Tfap2b Glut,19 MB Glut,Glut,85,4.6004457,5.5008163,0.788235294117647
4483,3084 PAG Pou4f1 Bnc2 Glut_1,0735 PAG Pou4f1 Bnc2 Glut_1,171 PAG Pou4f1 Bnc2 Glut,19 MB Glut,Glut,37,4.7508564,6.1415286,0.7567567567567568
4484,3052 PAG-MRN Tfap2b Glut_1,0733 PAG-MRN Tfap2b Glut_1,170 PAG-MRN Tfap2b Glut,19 MB Glut,Glut,227,4.5383325,5.5977755,0.7577092511013216
4485,3043 PAG-MRN Tfap2b Glut_1,0733 PAG-MRN Tfap2b Glut_1,170 PAG-MRN Tfap2b Glut,19 MB Glut,Glut,30,3.5370588,4.773408,0.6333333333333333
4486,3044 PAG-MRN Tfap2b Glut_1,0733 PAG-MRN Tfap2b Glut_1,170 PAG-MRN Tfap2b Glut,19 MB Glut,Glut,163,4.7419953,5.7310967,0.7914110429447853
4487,3045 PAG-MRN Tfap2b Glut_1,0733 PAG-MRN Tfap2b Glut_1,170 PAG-MRN Tfap2b Glut,19 MB Glut,Glut,180,4.648849,5.640588,0.7777777777777778
4488,3064 PAG-MRN Tfap2b Glut_1,0733 PAG-MRN Tfap2b Glut_1,170 PAG-MRN Tfap2b Glut,19 MB Glut,Glut,235,4.961926,6.1669827,0.7787234042553192
4489,3070 PAG-MRN Tfap2b Glut_1,0733 PAG-MRN Tfap2b Glut_1,170 PAG-MRN Tfap2b Glut,19 MB Glut,Glut,99,4.213538,5.480312,0.6767676767676768
4490,3046 PAG-MRN Tfap2b Glut_1,0733 PAG-MRN Tfap2b Glut_1,170 PAG-MRN Tfap2b Glut,19 MB Glut,Glut,149,4.630104,5.351681,0.785234899328859
4491,3053 PAG-MRN Tfap2b Glut_1,0733 PAG-MRN Tfap2b Glut_1,170 PAG-MRN Tfap2b Glut,19 MB Glut,Glut,40,4.575503,5.6403236,0.75
4492,3090 PAG Pou4f1 Bnc2 Glut_2,0736 PAG Pou4f1 Bnc2 Glut_2,171 PAG Pou4f1 Bnc2 Glut,19 MB Glut,Glut,179,4.024267,5.553299,0.6536312849162011
4493,3091 PAG Pou4f1 Bnc2 Glut_2,0736 PAG Pou4f1 Bnc2 Glut_2,171 PAG Pou4f1 Bnc2 Glut,19 MB Glut,Glut,44,5.065129,6.474259,0.75
4494,3092 PAG Pou4f1 Bnc2 Glut_2,0736 PAG Pou4f1 Bnc2 Glut_2,171 PAG Pou4f1 Bnc2 Glut,19 MB Glut,Glut,272,4.78246,5.8265114,0.7647058823529411
4495,3072 PAG-MRN Tfap2b Glut_2,0734 PAG-MRN Tfap2b Glut_2,170 PAG-MRN Tfap2b Glut,19 MB Glut,Glut,196,4.608762,5.611065,0.7602040816326531
4496,3079 PAG Pou4f1 Bnc2 Glut_1,0735 PAG Pou4f1 Bnc2 Glut_1,171 PAG Pou4f1 Bnc2 Glut,19 MB Glut,Glut,47,4.5855665,5.504904,0.7872340425531915
4497,3085 PAG Pou4f1 Bnc2 Glut_1,0735 PAG Pou4f1 Bnc2 Glut_1,171 PAG Pou4f1 Bnc2 Glut,19 MB Glut,Glut,42,5.15642,6.0115414,0.8333333333333334
4498,3080 PAG Pou4f1 Bnc2 Glut_1,0735 PAG Pou4f1 Bnc2 Glut_1,171 PAG Pou4f1 Bnc2 Glut,19 MB Glut,Glut,108,5.216229,5.628957,0.8888888888888888
4499,3081 PAG Pou4f1 Bnc2 Glut_1,0735 PAG Pou4f1 Bnc2 Glut_1,171 PAG Pou4f1 Bnc2 Glut,19 MB Glut,Glut,89,4.818863,5.543127,0.8089887640449438
4500,3086 PAG Pou4f1 Bnc2 Glut_1,0735 PAG Pou4f1 Bnc2 Glut_1,171 PAG Pou4f1 Bnc2 Glut,19 MB Glut,Glut,185,4.9051833,5.890428,0.7837837837837838
4501,3054 PAG-MRN Tfap2b Glut_1,0733 PAG-MRN Tfap2b Glut_1,170 PAG-MRN Tfap2b Glut,19 MB Glut,Glut,144,4.1849318,5.3188376,0.7013888888888888
4502,3047 PAG-MRN Tfap2b Glut_1,0733 PAG-MRN Tfap2b Glut_1,170 PAG-MRN Tfap2b Glut,19 MB Glut,Glut,37,4.65106,5.451863,0.7837837837837838
4503,3055 PAG-MRN Tfap2b Glut_1,0733 PAG-MRN Tfap2b Glut_1,170 PAG-MRN Tfap2b Glut,19 MB Glut,Glut,33,5.4570823,6.2222867,0.8787878787878788
4504,3082 PAG Pou4f1 Bnc2 Glut_1,0735 PAG Pou4f1 Bnc2 Glut_1,171 PAG Pou4f1 Bnc2 Glut,19 MB Glut,Glut,56,4.800869,5.7021036,0.7678571428571429
4505,3093 PAG Pou4f1 Bnc2 Glut_2,0736 PAG Pou4f1 Bnc2 Glut_2,171 PAG Pou4f1 Bnc2 Glut,19 MB Glut,Glut,74,5.144005,5.8014708,0.8513513513513513
4506,3065 PAG-MRN Tfap2b Glut_1,0733 PAG-MRN Tfap2b Glut_1,170 PAG-MRN Tfap2b Glut,19 MB Glut,Glut,25,5.8718615,6.172605,0.96
4507,3087 PAG Pou4f1 Bnc2 Glut_1,0735 PAG Pou4f1 Bnc2 Glut_1,171 PAG Pou4f1 Bnc2 Glut,19 MB Glut,Glut,79,4.5569224,5.708643,0.759493670886076
4508,3048 PAG-MRN Tfap2b Glut_1,0733 PAG-MRN Tfap2b Glut_1,170 PAG-MRN Tfap2b Glut,19 MB Glut,Glut,42,4.2188363,5.4187136,0.7619047619047619
4509,3049 PAG-MRN Tfap2b Glut_1,0733 PAG-MRN Tfap2b Glut_1,170 PAG-MRN Tfap2b Glut,19 MB Glut,Glut,158,4.0903573,5.4547405,0.6962025316455697
4510,3073 PAG-MRN Tfap2b Glut_2,0734 PAG-MRN Tfap2b Glut_2,170 PAG-MRN Tfap2b Glut,19 MB Glut,Glut,110,5.210515,6.0766535,0.8272727272727273
4511,3074 PAG-MRN Tfap2b Glut_2,0734 PAG-MRN Tfap2b Glut_2,170 PAG-MRN Tfap2b Glut,19 MB Glut,Glut,62,5.156164,5.892939,0.8548387096774194
4512,3083 PAG Pou4f1 Bnc2 Glut_1,0735 PAG Pou4f1 Bnc2 Glut_1,171 PAG Pou4f1 Bnc2 Glut,19 MB Glut,Glut,37,4.814314,5.7938466,0.7837837837837838
4513,2890 MRN Pou3f1 C1ql4 Glut_2,0711 MRN Pou3f1 C1ql4 Glut_2,166 MRN Pou3f1 C1ql4 Glut,19 MB Glut,Glut,46,5.1635056,5.997717,0.8260869565217391
4514,3071 PAG-MRN Tfap2b Glut_1,0733 PAG-MRN Tfap2b Glut_1,170 PAG-MRN Tfap2b Glut,19 MB Glut,Glut,27,3.3747513,4.528628,0.5925925925925926
4515,3075 PAG-MRN Tfap2b Glut_2,0734 PAG-MRN Tfap2b Glut_2,170 PAG-MRN Tfap2b Glut,19 MB Glut,Glut,87,4.330812,5.6438675,0.7126436781609196
4516,3076 PAG-MRN Tfap2b Glut_2,0734 PAG-MRN Tfap2b Glut_2,170 PAG-MRN Tfap2b Glut,19 MB Glut,Glut,13,5.1002436,5.6368537,0.8461538461538461
4517,3018 PAG-SC Pou4f1 Zic1 Glut_1,0730 PAG-SC Pou4f1 Zic1 Glut_1,169 PAG-SC Pou4f1 Zic1 Glut,19 MB Glut,Glut,49,3.6520765,5.086125,0.6122448979591837
4518,3200 PAG Pou4f2 Mesi2 Glut_6,0755 PAG Pou4f2 Mesi2 Glut_6,174 PAG Pou4f2 Mesi2 Glut,19 MB Glut,Glut,365,4.4992557,5.595198,0.7506849315068493
4519,3035 PAG-SC Pou4f1 Zic1 Glut_3,0732 PAG-SC Pou4f1 Zic1 Glut_3,169 PAG-SC Pou4f1 Zic1 Glut,19 MB Glut,Glut,51,5.6307964,6.3497734,0.8627450980392157
4520,3036 PAG-SC Pou4f1 Zic1 Glut_3,0732 PAG-SC Pou4f1 Zic1 Glut_3,169 PAG-SC Pou4f1 Zic1 Glut,19 MB Glut,Glut,66,5.226454,6.3013678,0.8181818181818182
4521,3037 PAG-SC Pou4f1 Zic1 Glut_3,0732 PAG-SC Pou4f1 Zic1 Glut_3,169 PAG-SC Pou4f1 Zic1 Glut,19 MB Glut,Glut,81,5.2736335,6.4700503,0.8024691358024691
4522,3038 PAG-SC Pou4f1 Zic1 Glut_3,0732 PAG-SC Pou4f1 Zic1 Glut_3,169 PAG-SC Pou4f1 Zic1 Glut,19 MB Glut,Glut,37,4.496558,5.1506586,0.7837837837837838
4523,3039 PAG-SC Pou4f1 Zic1 Glut_3,0732 PAG-SC Pou4f1 Zic1 Glut_3,169 PAG-SC Pou4f1 Zic1 Glut,19 MB Glut,Glut,128,5.2648635,6.0823965,0.8359375
4524,3016 PAG-SC Pou4f1 Zic1 Glut_1,0730 PAG-SC Pou4f1 Zic1 Glut_1,169 PAG-SC Pou4f1 Zic1 Glut,19 MB Glut,Glut,82,4.257081,5.5712996,0.7195121951219512
4525,3066 PAG-MRN Tfap2b Glut_1,0733 PAG-MRN Tfap2b Glut_1,170 PAG-MRN Tfap2b Glut,19 MB Glut,Glut,71,4.9749703,5.9902387,0.8028169014084507
4526,3040 PAG-MRN Tfap2b Glut_1,0733 PAG-MRN Tfap2b Glut_1,170 PAG-MRN Tfap2b Glut,19 MB Glut,Glut,46,5.403911,5.851268,0.9347826086956522
4527,3007 PAG-SC Pou4f1 Zic1 Glut_1,0730 PAG-SC Pou4f1 Zic1 Glut_1,169 PAG-SC Pou4f1 Zic1 Glut,19 MB Glut,Glut,40,5.5531096,6.1604195,0.9
4528,3008 PAG-SC Pou4f1 Zic1 Glut_1,0730 PAG-SC Pou4f1 Zic1 Glut_1,169 PAG-SC Pou4f1 Zic1 Glut,19 MB Glut,Glut,257,4.649223,5.8104224,0.7470817120622568
4529,3009 PAG-SC Pou4f1 Zic1 Glut_1,0730 PAG-SC Pou4f1 Zic1 Glut_1,169 PAG-SC Pou4f1 Zic1 Glut,19 MB Glut,Glut,184,4.4850717,5.533826,0.7663043478260869
4530,3067 PAG-MRN Tfap2b Glut_1,0733 PAG-MRN Tfap2b Glut_1,170 PAG-MRN Tfap2b Glut,19 MB Glut,Glut,91,5.581094,5.970083,0.9120879120879121
4531,3056 PAG-MRN Tfap2b Glut_1,0733 PAG-MRN Tfap2b Glut_1,170 PAG-MRN Tfap2b Glut,19 MB Glut,Glut,140,4.669366,5.787905,0.7714285714285715
4532,2801 PAG Pou4f3 Glut_1,0694 PAG Pou4f3 Glut_1,161 PAG Pou4f3 Glut,19 MB Glut,Glut,120,4.345746,5.658044,0.7166666666666667
4533,3010 PAG-SC Pou4f1 Zic1 Glut_1,0730 PAG-SC Pou4f1 Zic1 Glut_1,169 PAG-SC Pou4f1 Zic1 Glut,19 MB Glut,Glut,828,4.763137,5.7868414,0.7789855072463768
4534,3011 PAG-SC Pou4f1 Zic1 Glut_1,0730 PAG-SC Pou4f1 Zic1 Glut_1,169 PAG-SC Pou4f1 Zic1 Glut,19 MB Glut,Glut,103,5.0577936,5.888651,0.8252427184466019
4535,3017 PAG-SC Pou4f1 Zic1 Glut_1,0730 PAG-SC Pou4f1 Zic1 Glut_1,169 PAG-SC Pou4f1 Zic1 Glut,19 MB Glut,Glut,56,4.317884,5.674243,0.7142857142857143
4536,3057 PAG-MRN Tfap2b Glut_1,0733 PAG-MRN Tfap2b Glut_1,170 PAG-MRN Tfap2b Glut,19 MB Glut,Glut,109,4.229946,5.5919914,0.6880733944954128
4537,3058 PAG-MRN Tfap2b Glut_1,0733 PAG-MRN Tfap2b Glut_1,170 PAG-MRN Tfap2b Glut,19 MB Glut,Glut,69,4.341493,5.275226,0.7246376811594203
4538,3059 PAG-MRN Tfap2b Glut_1,0733 PAG-MRN Tfap2b Glut_1,170 PAG-MRN Tfap2b Glut,19 MB Glut,Glut,12,3.7173579,5.2434683,0.6666666666666666
4539,3060 PAG-MRN Tfap2b Glut_1,0733 PAG-MRN Tfap2b Glut_1,170 PAG-MRN Tfap2b Glut,19 MB Glut,Glut,43,3.7762008,5.0608788,0.627906976744186
4541,3309 IC Tfap2d Maf Glut_4,0773 IC Tfap2d Maf Glut_4,181 IC Tfap2d Maf Glut,19 MB Glut,Glut,166,3.9005241,5.4848795,0.6325301204819277
4542,3021 PAG-SC Pou4f1 Zic1 Glut_2,0731 PAG-SC Pou4f1 Zic1 Glut_2,169 PAG-SC Pou4f1 Zic1 Glut,19 MB Glut,Glut,43,4.612514,5.6610155,0.7441860465116279
4543,3012 PAG-SC Pou4f1 Zic1 Glut_1,0730 PAG-SC Pou4f1 Zic1 Glut_1,169 PAG-SC Pou4f1 Zic1 Glut,19 MB Glut,Glut,161,3.8463514,5.19162,0.639751552795031
4544,3028 PAG-SC Pou4f1 Zic1 Glut_2,0731 PAG-SC Pou4f1 Zic1 Glut_2,169 PAG-SC Pou4f1 Zic1 Glut,19 MB Glut,Glut,43,5.6893954,6.157907,0.9302325581395349
4545,3022 PAG-SC Pou4f1 Zic1 Glut_2,0731 PAG-SC Pou4f1 Zic1 Glut_2,169 PAG-SC Pou4f1 Zic1 Glut,19 MB Glut,Glut,137,4.077005,5.6046615,0.6496350364963503
4546,3034 PAG-SC Pou4f1 Zic1 Glut_2,0731 PAG-SC Pou4f1 Zic1 Glut_2,169 PAG-SC Pou4f1 Zic1 Glut,19 MB Glut,Glut,69,4.750584,6.287928,0.7246376811594203
4547,3029 PAG-SC Pou4f1 Zic1 Glut_2,0731 PAG-SC Pou4f1 Zic1 Glut_2,169 PAG-SC Pou4f1 Zic1 Glut,19 MB Glut,Glut,309,4.0167174,5.415155,0.6601941747572816
4548,3030 PAG-SC Pou4f1 Zic1 Glut_2,0731 PAG-SC Pou4f1 Zic1 Glut_2,169 PAG-SC Pou4f1 Zic1 Glut,19 MB Glut,Glut,44,4.4202156,5.4412503,0.75
4549,3013 PAG-SC Pou4f1 Zic1 Glut_1,0730 PAG-SC Pou4f1 Zic1 Glut_1,169 PAG-SC Pou4f1 Zic1 Glut,19 MB Glut,Glut,40,4.955564,5.968129,0.8
4550,3023 PAG-SC Pou4f1 Zic1 Glut_2,0731 PAG-SC Pou4f1 Zic1 Glut_2,169 PAG-SC Pou4f1 Zic1 Glut,19 MB Glut,Glut,109,4.000687,5.358397,0.6788990825688074
4551,3291 IC Tfap2d Maf Glut_2,0771 IC Tfap2d Maf Glut_2,181 IC Tfap2d Maf Glut,19 MB Glut,Glut,38,4.119265,5.4527016,0.6578947368421053
4552,3031 PAG-SC Pou4f1 Zic1 Glut_2,0731 PAG-SC Pou4f1 Zic1 Glut_2,169 PAG-SC Pou4f1 Zic1 Glut,19 MB Glut,Glut,133,4.257322,5.3632503,0.706766917293233
4553,3032 PAG-SC Pou4f1 Zic1 Glut_2,0731 PAG-SC Pou4f1 Zic1 Glut_2,169 PAG-SC Pou4f1 Zic1 Glut,19 MB Glut,Glut,246,4.199178,5.50622,0.6910569105691057
4554,3024 PAG-SC Pou4f1 Zic1 Glut_2,0731 PAG-SC Pou4f1 Zic1 Glut_2,169 PAG-SC Pou4f1 Zic1 Glut,19 MB Glut,Glut,180,4.6143885,5.6240788,0.7666666666666667
4555,3025 PAG-SC Pou4f1 Zic1 Glut_2,0731 PAG-SC Pou4f1 Zic1 Glut_2,169 PAG-SC Pou4f1 Zic1 Glut,19 MB Glut,Glut,99,4.1259155,5.446387,0.6868686868686869
4556,3026 PAG-SC Pou4f1 Zic1 Glut_2,0731 PAG-SC Pou4f1 Zic1 Glut_2,169 PAG-SC Pou4f1 Zic1 Glut,19 MB Glut,Glut,47,4.261196,5.369483,0.7446808510638298
4557,3310 IC Tfap2d Maf Glut_4,0773 IC Tfap2d Maf Glut_4,181 IC Tfap2d Maf Glut,19 MB Glut,Glut,304,3.9945257,5.330788,0.6776315789473685
4558,3311 IC Tfap2d Maf Glut_4,0773 IC Tfap2d Maf Glut_4,181 IC Tfap2d Maf Glut,19 MB Glut,Glut,1130,3.812133,5.1730433,0.6353982300884956
4559,3303 IC Tfap2d Maf Glut_3,0772 IC Tfap2d Maf Glut_3,181 IC Tfap2d Maf Glut,19 MB Glut,Glut,141,3.728842,5.2953086,0.6099290780141844
4560,3316 IC Tfap2d Maf Glut_6,0775 IC Tfap2d Maf Glut_6,181 IC Tfap2d Maf Glut,19 MB Glut,Glut,1314,3.3023427,4.9214673,0.5273972602739726
4561,3304 IC Tfap2d Maf Glut_3,0772 IC Tfap2d Maf Glut_3,181 IC Tfap2d Maf Glut,19 MB Glut,Glut,603,2.8939579,0.0,0.4759535655058043
4562,3305 IC Tfap2d Maf Glut_3,0772 IC Tfap2d Maf Glut_3,181 IC Tfap2d Maf Glut,19 MB Glut,Glut,804,3.0440028,4.537753,0.5223880597014925
4563,3306 IC Tfap2d Maf Glut_3,0772 IC Tfap2d Maf Glut_3,181 IC Tfap2d Maf Glut,19 MB Glut,Glut,3255,3.2898078,4.8620543,0.5407066052227343
4564,3307 IC Tfap2d Maf Glut_3,0772 IC Tfap2d Maf Glut_3,181 IC Tfap2d Maf Glut,19 MB Glut,Glut,408,3.0922303,0.0,0.48284313725490197
4565,3312 IC Tfap2d Maf Glut_4,0773 IC Tfap2d Maf Glut_4,181 IC Tfap2d Maf Glut,19 MB Glut,Glut,48,3.419305,4.729105,0.6041666666666666
4566,3308 IC Tfap2d Maf Glut_3,0772 IC Tfap2d Maf Glut_3,181 IC Tfap2d Maf Glut,19 MB Glut,Glut,1168,3.5575993,5.180419,0.577054794520548
4567,3301 IC Tfap2d Maf Glut_2,0771 IC Tfap2d Maf Glut_2,181 IC Tfap2d Maf Glut,19 MB Glut,Glut,238,3.7785685,5.21134,0.6218487394957983
4568,3313 IC Tfap2d Maf Glut_4,0773 IC Tfap2d Maf Glut_4,181 IC Tfap2d Maf Glut,19 MB Glut,Glut,53,4.0573554,5.1143913,0.7169811320754716
4569,3317 IC Tfap2d Maf Glut_6,0775 IC Tfap2d Maf Glut_6,181 IC Tfap2d Maf Glut,19 MB Glut,Glut,309,3.1811957,4.7201085,0.5372168284789643
4570,3319 IC Tfap2d Maf Glut_6,0775 IC Tfap2d Maf Glut_6,181 IC Tfap2d Maf Glut,19 MB Glut,Glut,1187,4.0792837,5.640684,0.6436394271272114
4571,3318 IC Tfap2d Maf Glut_6,0775 IC Tfap2d Maf Glut_6,181 IC Tfap2d Maf Glut,19 MB Glut,Glut,102,2.902081,0.0,0.45098039215686275
4572,3014 PAG-SC Pou4f1 Zic1 Glut_1,0730 PAG-SC Pou4f1 Zic1 Glut_1,169 PAG-SC Pou4f1 Zic1 Glut,19 MB Glut,Glut,70,4.3137794,5.355302,0.7428571428571429
4573,3015 PAG-SC Pou4f1 Zic1 Glut_1,0730 PAG-SC Pou4f1 Zic1 Glut_1,169 PAG-SC Pou4f1 Zic1 Glut,19 MB Glut,Glut,69,3.617058,5.0365376,0.5942028985507246
4574,3027 PAG-SC Pou4f1 Zic1 Glut_2,0731 PAG-SC Pou4f1 Zic1 Glut_2,169 PAG-SC Pou4f1 Zic1 Glut,19 MB Glut,Glut,199,4.3473763,5.4675984,0.7236180904522613
4575,3033 PAG-SC Pou4f1 Zic1 Glut_2,0731 PAG-SC Pou4f1 Zic1 Glut_2,169 PAG-SC Pou4f1 Zic1 Glut,19 MB Glut,Glut,49,4.078036,4.9673843,0.7142857142857143
4576,3292 IC Tfap2d Maf Glut_2,0771 IC Tfap2d Maf Glut_2,181 IC Tfap2d Maf Glut,19 MB Glut,Glut,133,4.3752007,5.9746447,0.6842105263157895
4577,3293 IC Tfap2d Maf Glut_2,0771 IC Tfap2d Maf Glut_2,181 IC Tfap2d Maf Glut,19 MB Glut,Glut,121,6.0170465,6.3963094,0.9173553719008265
4578,3294 IC Tfap2d Maf Glut_2,0771 IC Tfap2d Maf Glut_2,181 IC Tfap2d Maf Glut,19 MB Glut,Glut,65,4.6152496,5.619591,0.7538461538461538
4579,3295 IC Tfap2d Maf Glut_2,0771 IC Tfap2d Maf Glut_2,181 IC Tfap2d Maf Glut,19 MB Glut,Glut,39,5.303495,6.2043333,0.8205128205128205
4580,3296 IC Tfap2d Maf Glut_2,0771 IC Tfap2d Maf Glut_2,181 IC Tfap2d Maf Glut,19 MB Glut,Glut,64,3.8762164,5.3506126,0.625
4581,3297 IC Tfap2d Maf Glut_2,0771 IC Tfap2d Maf Glut_2,181 IC Tfap2d Maf Glut,19 MB Glut,Glut,76,3.6420481,5.2397413,0.6052631578947368
4582,3298 IC Tfap2d Maf Glut_2,0771 IC Tfap2d Maf Glut_2,181 IC Tfap2d Maf Glut,19 MB Glut,Glut,73,3.844984,5.326435,0.6438356164383562
4583,3299 IC Tfap2d Maf Glut_2,0771 IC Tfap2d Maf Glut_2,181 IC Tfap2d Maf Glut,19 MB Glut,Glut,50,4.7984853,5.860175,0.78
4584,3302 IC Tfap2d Maf Glut_2,0771 IC Tfap2d Maf Glut_2,181 IC Tfap2d Maf Glut,19 MB Glut,Glut,32,4.297208,5.6397023,0.6875
4585,3300 IC Tfap2d Maf Glut_2,0771 IC Tfap2d Maf Glut_2,181 IC Tfap2d Maf Glut,19 MB Glut,Glut,818,4.1844487,5.4656534,0.6833740831295844
4586,3282 IC Tfap2d Maf Glut_1,0770 IC Tfap2d Maf Glut_1,181 IC Tfap2d Maf Glut,19 MB Glut,Glut,2094,3.5909333,5.1636276,0.5869149952244508
4587,3283 IC Tfap2d Maf Glut_1,0770 IC Tfap2d Maf Glut_1,181 IC Tfap2d Maf Glut,19 MB Glut,Glut,119,3.0000873,0.0,0.4789915966386555
4588,3284 IC Tfap2d Maf Glut_1,0770 IC Tfap2d Maf Glut_1,181 IC Tfap2d Maf Glut,19 MB Glut,Glut,1940,4.004261,5.5394673,0.643298969072165
4589,3315 IC Tfap2d Maf Glut_5,0774 IC Tfap2d Maf Glut_5,181 IC Tfap2d Maf Glut,19 MB Glut,Glut,170,4.367407,5.8523245,0.6941176470588235
4590,3285 IC Tfap2d Maf Glut_1,0770 IC Tfap2d Maf Glut_1,181 IC Tfap2d Maf Glut,19 MB Glut,Glut,272,4.8983755,6.0296507,0.7720588235294118
4591,3286 IC Tfap2d Maf Glut_1,0770 IC Tfap2d Maf Glut_1,181 IC Tfap2d Maf Glut,19 MB Glut,Glut,1789,3.7450128,5.2078767,0.616545556176635
4592,3287 IC Tfap2d Maf Glut_1,0770 IC Tfap2d Maf Glut_1,181 IC Tfap2d Maf Glut,19 MB Glut,Glut,36,5.0626173,6.218875,0.7777777777777778
4593,3288 IC Tfap2d Maf Glut_1,0770 IC Tfap2d Maf Glut_1,181 IC Tfap2d Maf Glut,19 MB Glut,Glut,215,3.7585335,5.285551,0.6232558139534884
4594,3289 IC Tfap2d Maf Glut_1,0770 IC Tfap2d Maf Glut_1,181 IC Tfap2d Maf Glut,19 MB Glut,Glut,66,5.362832,6.1409454,0.8333333333333334
4595,3290 IC Tfap2d Maf Glut_1,0770 IC Tfap2d Maf Glut_1,181 IC Tfap2d Maf Glut,19 MB Glut,Glut,126,3.1305728,0.0,0.49206349206349204
4596,3314 IC Tfap2d Maf Glut_4,0773 IC Tfap2d Maf Glut_4,181 IC Tfap2d Maf Glut,19 MB Glut,Glut,80,4.2218056,5.9026413,0.6625
4597,3094 PAG Pou4f1 Bnc2 Glut_2,0736 PAG Pou4f1 Bnc2 Glut_2,171 PAG Pou4f1 Bnc2 Glut,19 MB Glut,Glut,47,4.0828524,5.146559,0.6808510638297872
4598,3095 PAG Pou4f1 Bnc2 Glut_2,0736 PAG Pou4f1 Bnc2 Glut_2,171 PAG Pou4f1 Bnc2 Glut,19 MB Glut,Glut,49,4.670766,5.7000318,0.7755102040816326
4599,3096 PAG Pou4f1 Bnc2 Glut_2,0736 PAG Pou4f1 Bnc2 Glut_2,171 PAG Pou4f1 Bnc2 Glut,19 MB Glut,Glut,143,4.350336,5.6480303,0.7132867132867133
4600,3142 PAG Pou4f1 Ebf2 Glut_8,0744 PAG Pou4f1 Ebf2 Glut_8,172 PAG Pou4f1 Ebf2 Glut,19 MB Glut,Glut,82,5.260331,5.7678556,0.8780487804878049
4601,3097 PAG Pou4f1 Bnc2 Glut_2,0736 PAG Pou4f1 Bnc2 Glut_2,171 PAG Pou4f1 Bnc2 Glut,19 MB Glut,Glut,76,4.2420607,5.5364017,0.7105263157894737
4602,3098 PAG Pou4f1 Bnc2 Glut_2,0736 PAG Pou4f1 Bnc2 Glut_2,171 PAG Pou4f1 Bnc2 Glut,19 MB Glut,Glut,161,4.7221475,5.713042,0.7639751552795031
4603,3118 PAG Pou4f1 Ebf2 Glut_3,0739 PAG Pou4f1 Ebf2 Glut_3,172 PAG Pou4f1 Ebf2 Glut,19 MB Glut,Glut,225,4.345737,5.5958004,0.7155555555555555
4604,3125 PAG Pou4f1 Ebf2 Glut_4,0740 PAG Pou4f1 Ebf2 Glut_4,172 PAG Pou4f1 Ebf2 Glut,19 MB Glut,Glut,50,3.7898638,5.496702,0.6
4605,3138 PAG Pou4f1 Ebf2 Glut_7,0743 PAG Pou4f1 Ebf2 Glut_7,172 PAG Pou4f1 Ebf2 Glut,19 MB Glut,Glut,31,4.438341,5.976359,0.7096774193548387
4606,3119 PAG Pou4f1 Ebf2 Glut_3,0739 PAG Pou4f1 Ebf2 Glut_3,172 PAG Pou4f1 Ebf2 Glut,19 MB Glut,Glut,78,4.7775903,5.7238145,0.7948717948717948
4607,3109 PAG Pou4f1 Ebf2 Glut_2,0738 PAG Pou4f1 Ebf2 Glut_2,172 PAG Pou4f1 Ebf2 Glut,19 MB Glut,Glut,490,4.304882,5.4975953,0.7183673469387755
4608,3132 PAG Pou4f1 Ebf2 Glut_5,0741 PAG Pou4f1 Ebf2 Glut_5,172 PAG Pou4f1 Ebf2 Glut,19 MB Glut,Glut,652,4.279076,5.4081583,0.7346625766871165
4609,3134 PAG Pou4f1 Ebf2 Glut_6,0742 PAG Pou4f1 Ebf2 Glut_6,172 PAG Pou4f1 Ebf2 Glut,19 MB Glut,Glut,90,3.401942,4.870332,0.5777777777777777
4610,3126 PAG Pou4f1 Ebf2 Glut_4,0740 PAG Pou4f1 Ebf2 Glut_4,172 PAG Pou4f1 Ebf2 Glut,19 MB Glut,Glut,57,4.087067,5.2344303,0.7192982456140351
4611,3127 PAG Pou4f1 Ebf2 Glut_4,0740 PAG Pou4f1 Ebf2 Glut_4,172 PAG Pou4f1 Ebf2 Glut,19 MB Glut,Glut,145,4.461616,5.667413,0.7448275862068966
4612,3120 PAG Pou4f1 Ebf2 Glut_3,0739 PAG Pou4f1 Ebf2 Glut_3,172 PAG Pou4f1 Ebf2 Glut,19 MB Glut,Glut,98,5.064693,5.7782164,0.8571428571428571
4613,3135 PAG Pou4f1 Ebf2 Glut_6,0742 PAG Pou4f1 Ebf2 Glut_6,172 PAG Pou4f1 Ebf2 Glut,19 MB Glut,Glut,164,5.0612307,5.843643,0.8292682926829268
4614,3136 PAG Pou4f1 Ebf2 Glut_6,0742 PAG Pou4f1 Ebf2 Glut_6,172 PAG Pou4f1 Ebf2 Glut,19 MB Glut,Glut,472,4.594376,5.592039,0.7690677966101694
4615,3128 PAG Pou4f1 Ebf2 Glut_4,0740 PAG Pou4f1 Ebf2 Glut_4,172 PAG Pou4f1 Ebf2 Glut,19 MB Glut,Glut,146,5.35018,6.168659,0.8561643835616438
4616,3129 PAG Pou4f1 Ebf2 Glut_4,0740 PAG Pou4f1 Ebf2 Glut_4,172 PAG Pou4f1 Ebf2 Glut,19 MB Glut,Glut,238,4.4915347,5.5923615,0.7436974789915967
4617,3130 PAG Pou4f1 Ebf2 Glut_4,0740 PAG Pou4f1 Ebf2 Glut_4,172 PAG Pou4f1 Ebf2 Glut,19 MB Glut,Glut,335,4.774657,5.700212,0.7820895522388059
4618,3121 PAG Pou4f1 Ebf2 Glut_3,0739 PAG Pou4f1 Ebf2 Glut_3,172 PAG Pou4f1 Ebf2 Glut,19 MB Glut,Glut,101,4.374371,5.4315734,0.7722772277227723
4619,3122 PAG Pou4f1 Ebf2 Glut_3,0739 PAG Pou4f1 Ebf2 Glut_3,172 PAG Pou4f1 Ebf2 Glut,19 MB Glut,Glut,151,4.491915,5.664035,0.7549668874172185
4620,3137 PAG Pou4f1 Ebf2 Glut_6,0742 PAG Pou4f1 Ebf2 Glut_6,172 PAG Pou4f1 Ebf2 Glut,19 MB Glut,Glut,109,4.714201,5.6777396,0.7889908256880734
4621,3139 PAG Pou4f1 Ebf2 Glut_7,0743 PAG Pou4f1 Ebf2 Glut_7,172 PAG Pou4f1 Ebf2 Glut,19 MB Glut,Glut,75,4.279319,5.7120466,0.6933333333333334
4622,3099 PAG Pou4f1 Ebf2 Glut_1,0737 PAG Pou4f1 Ebf2 Glut_1,172 PAG Pou4f1 Ebf2 Glut,19 MB Glut,Glut,207,3.6894295,4.9903755,0.6280193236714976
4623,3100 PAG Pou4f1 Ebf2 Glut_1,0737 PAG Pou4f1 Ebf2 Glut_1,172 PAG Pou4f1 Ebf2 Glut,19 MB Glut,Glut,91,4.3003397,5.4280133,0.7252747252747253
4624,3124 PAG Pou4f1 Ebf2 Glut_4,0740 PAG Pou4f1 Ebf2 Glut_4,172 PAG Pou4f1 Ebf2 Glut,19 MB Glut,Glut,25,4.016795,5.3742046,0.72
4625,3101 PAG Pou4f1 Ebf2 Glut_1,0737 PAG Pou4f1 Ebf2 Glut_1,172 PAG Pou4f1 Ebf2 Glut,19 MB Glut,Glut,127,4.075782,5.407077,0.6692913385826772
4626,3102 PAG Pou4f1 Ebf2 Glut_1,0737 PAG Pou4f1 Ebf2 Glut_1,172 PAG Pou4f1 Ebf2 Glut,19 MB Glut,Glut,94,3.3714151,4.73629,0.5957446808510638
4627,3103 PAG Pou4f1 Ebf2 Glut_1,0737 PAG Pou4f1 Ebf2 Glut_1,172 PAG Pou4f1 Ebf2 Glut,19 MB Glut,Glut,105,3.6670198,4.8949223,0.6285714285714286
4628,3131 PAG Pou4f1 Ebf2 Glut_4,0740 PAG Pou4f1 Ebf2 Glut_4,172 PAG Pou4f1 Ebf2 Glut,19 MB Glut,Glut,207,4.4815807,5.5051126,0.7632850241545893
4629,3110 PAG Pou4f1 Ebf2 Glut_2,0738 PAG Pou4f1 Ebf2 Glut_2,172 PAG Pou4f1 Ebf2 Glut,19 MB Glut,Glut,70,4.7079945,5.9672947,0.7285714285714285
4630,3111 PAG Pou4f1 Ebf2 Glut_2,0738 PAG Pou4f1 Ebf2 Glut_2,172 PAG Pou4f1 Ebf2 Glut,19 MB Glut,Glut,98,5.895726,6.4533906,0.8979591836734694
4631,3112 PAG Pou4f1 Ebf2 Glut_2,0738 PAG Pou4f1 Ebf2 Glut_2,172 PAG Pou4f1 Ebf2 Glut,19 MB Glut,Glut,124,5.0747633,5.880223,0.8225806451612904
4632,3113 PAG Pou4f1 Ebf2 Glut_2,0738 PAG Pou4f1 Ebf2 Glut_2,172 PAG Pou4f1 Ebf2 Glut,19 MB Glut,Glut,138,3.6818283,5.0885053,0.6159420289855072
4633,3114 PAG Pou4f1 Ebf2 Glut_2,0738 PAG Pou4f1 Ebf2 Glut_2,172 PAG Pou4f1 Ebf2 Glut,19 MB Glut,Glut,364,3.7736583,5.1440535,0.6208791208791209
4634,3133 PAG Pou4f1 Ebf2 Glut_5,0741 PAG Pou4f1 Ebf2 Glut_5,172 PAG Pou4f1 Ebf2 Glut,19 MB Glut,Glut,247,3.8658288,5.083911,0.6680161943319838
4635,3115 PAG Pou4f1 Ebf2 Glut_2,0738 PAG Pou4f1 Ebf2 Glut_2,172 PAG Pou4f1 Ebf2 Glut,19 MB Glut,Glut,121,4.237031,5.4444966,0.71900826446281
4636,3116 PAG Pou4f1 Ebf2 Glut_2,0738 PAG Pou4f1 Ebf2 Glut_2,172 PAG Pou4f1 Ebf2 Glut,19 MB Glut,Glut,294,4.8132253,5.7002535,0.7993197278911565
4637,3104 PAG Pou4f1 Ebf2 Glut_1,0737 PAG Pou4f1 Ebf2 Glut_1,172 PAG Pou4f1 Ebf2 Glut,19 MB Glut,Glut,47,3.3324826,4.8482766,0.5957446808510638
4638,3105 PAG Pou4f1 Ebf2 Glut_1,0737 PAG Pou4f1 Ebf2 Glut_1,172 PAG Pou4f1 Ebf2 Glut,19 MB Glut,Glut,73,4.488239,5.606211,0.7397260273972602
4639,3106 PAG Pou4f1 Ebf2 Glut_1,0737 PAG Pou4f1 Ebf2 Glut_1,172 PAG Pou4f1 Ebf2 Glut,19 MB Glut,Glut,109,4.097557,5.300889,0.6972477064220184
4640,3123 PAG Pou4f1 Ebf2 Glut_3,0739 PAG Pou4f1 Ebf2 Glut_3,172 PAG Pou4f1 Ebf2 Glut,19 MB Glut,Glut,250,4.678355,5.8629665,0.752
4641,3117 PAG Pou4f1 Ebf2 Glut_2,0738 PAG Pou4f1 Ebf2 Glut_2,172 PAG Pou4f1 Ebf2 Glut,19 MB Glut,Glut,250,4.1593437,5.2925644,0.712
4642,3140 PAG Pou4f1 Ebf2 Glut_7,0743 PAG Pou4f1 Ebf2 Glut_7,172 PAG Pou4f1 Ebf2 Glut,19 MB Glut,Glut,51,4.1069584,5.3487973,0.6666666666666666
4643,3141 PAG Pou4f1 Ebf2 Glut_7,0743 PAG Pou4f1 Ebf2 Glut_7,172 PAG Pou4f1 Ebf2 Glut,19 MB Glut,Glut,75,4.3323417,5.685428,0.72
4644,3108 PAG Pou4f1 Ebf2 Glut_1,0737 PAG Pou4f1 Ebf2 Glut_1,172 PAG Pou4f1 Ebf2 Glut,19 MB Glut,Glut,84,4.823808,5.9631147,0.7738095238095238
4645,3107 PAG Pou4f1 Ebf2 Glut_1,0737 PAG Pou4f1 Ebf2 Glut_1,172 PAG Pou4f1 Ebf2 Glut,19 MB Glut,Glut,94,3.5117903,4.8055115,0.6276595744680851
4646,3019 PAG-SC Pou4f1 Zic1 Glut_1,0730 PAG-SC Pou4f1 Zic1 Glut_1,169 PAG-SC Pou4f1 Zic1 Glut,19 MB Glut,Glut,63,5.3043175,5.8908834,0.873015873015873
4647,3020 PAG-SC Pou4f1 Zic1 Glut_1,0730 PAG-SC Pou4f1 Zic1 Glut_1,169 PAG-SC Pou4f1 Zic1 Glut,19 MB Glut,Glut,62,4.516367,5.682376,0.7580645161290323
4648,3167 PAG Pou4f2 Glut_4,0748 PAG Pou4f2 Glut_4,173 PAG Pou4f2 Glut,19 MB Glut,Glut,37,4.676375,5.8131585,0.7567567567567568
4649,3158 PAG Pou4f2 Glut_2,0746 PAG Pou4f2 Glut_2,173 PAG Pou4f2 Glut,19 MB Glut,Glut,135,4.5515614,5.614224,0.7407407407407407
4650,3168 PAG Pou4f2 Glut_4,0748 PAG Pou4f2 Glut_4,173 PAG Pou4f2 Glut,19 MB Glut,Glut,36,5.1226254,6.028043,0.8333333333333334
4651,3169 PAG Pou4f2 Glut_4,0748 PAG Pou4f2 Glut_4,173 PAG Pou4f2 Glut,19 MB Glut,Glut,74,4.839164,6.0104885,0.7567567567567568
4652,3170 PAG Pou4f2 Glut_4,0748 PAG Pou4f2 Glut_4,173 PAG Pou4f2 Glut,19 MB Glut,Glut,330,3.535743,5.066805,0.5909090909090909
4653,3172 PAG Pou4f2 Glut_5,0749 PAG Pou4f2 Glut_5,173 PAG Pou4f2 Glut,19 MB Glut,Glut,764,3.7612734,5.1814084,0.6217277486910995
4654,3159 PAG Pou4f2 Glut_2,0746 PAG Pou4f2 Glut_2,173 PAG Pou4f2 Glut,19 MB Glut,Glut,172,5.165285,6.120906,0.813953488372093
4655,3160 PAG Pou4f2 Glut_2,0746 PAG Pou4f2 Glut_2,173 PAG Pou4f2 Glut,19 MB Glut,Glut,71,5.2515645,6.3765445,0.7887323943661971
4656,3173 PAG Pou4f2 Glut_5,0749 PAG Pou4f2 Glut_5,173 PAG Pou4f2 Glut,19 MB Glut,Glut,230,3.7732728,5.2157536,0.6260869565217392
4657,3174 PAG Pou4f2 Glut_5,0749 PAG Pou4f2 Glut_5,173 PAG Pou4f2 Glut,19 MB Glut,Glut,183,4.4144225,5.579833,0.726775956284153
4658,3161 PAG Pou4f2 Glut_2,0746 PAG Pou4f2 Glut_2,173 PAG Pou4f2 Glut,19 MB Glut,Glut,191,4.465589,5.607358,0.7225130890052356
4659,3175 PAG Pou4f2 Glut_5,0749 PAG Pou4f2 Glut_5,173 PAG Pou4f2 Glut,19 MB Glut,Glut,60,3.6330981,5.291778,0.5833333333333334
4660,3256 SCdg-PAG Tfap2b Glut_1,0766 SCdg-PAG Tfap2b Glut_1,179 SCdg-PAG Tfap2b Glut,19 MB Glut,Glut,172,4.3189554,5.48032,0.7209302325581395
4661,3257 SCdg-PAG Tfap2b Glut_1,0766 SCdg-PAG Tfap2b Glut_1,179 SCdg-PAG Tfap2b Glut,19 MB Glut,Glut,47,5.82224,6.5809965,0.8936170212765957
4662,3258 SCdg-PAG Tfap2b Glut_1,0766 SCdg-PAG Tfap2b Glut_1,179 SCdg-PAG Tfap2b Glut,19 MB Glut,Glut,159,4.494955,5.730998,0.710691823899371
4663,3259 SCdg-PAG Tfap2b Glut_1,0766 SCdg-PAG Tfap2b Glut_1,179 SCdg-PAG Tfap2b Glut,19 MB Glut,Glut,256,4.461369,5.704483,0.7265625
4664,3260 SCdg-PAG Tfap2b Glut_1,0766 SCdg-PAG Tfap2b Glut_1,179 SCdg-PAG Tfap2b Glut,19 MB Glut,Glut,280,4.066317,5.270303,0.6821428571428572
4665,3162 PAG Pou4f2 Glut_3,0747 PAG Pou4f2 Glut_3,173 PAG Pou4f2 Glut,19 MB Glut,Glut,87,5.3089485,5.924875,0.8735632183908046
4666,3151 PAG Pou4f2 Glut_1,0745 PAG Pou4f2 Glut_1,173 PAG Pou4f2 Glut,19 MB Glut,Glut,120,5.418286,6.0531783,0.875
4667,3152 PAG Pou4f2 Glut_1,0745 PAG Pou4f2 Glut_1,173 PAG Pou4f2 Glut,19 MB Glut,Glut,1295,4.89879,5.878157,0.7976833976833977
4668,3143 PAG Pou4f2 Glut_1,0745 PAG Pou4f2 Glut_1,173 PAG Pou4f2 Glut,19 MB Glut,Glut,137,5.3251038,6.023641,0.8248175182481752
4669,3144 PAG Pou4f2 Glut_1,0745 PAG Pou4f2 Glut_1,173 PAG Pou4f2 Glut,19 MB Glut,Glut,139,3.8594291,5.383697,0.6474820143884892
4670,3145 PAG Pou4f2 Glut_1,0745 PAG Pou4f2 Glut_1,173 PAG Pou4f2 Glut,19 MB Glut,Glut,92,4.6876063,5.957183,0.7391304347826086
4671,3153 PAG Pou4f2 Glut_1,0745 PAG Pou4f2 Glut_1,173 PAG Pou4f2 Glut,19 MB Glut,Glut,103,4.991902,5.862219,0.8252427184466019
4672,3146 PAG Pou4f2 Glut_1,0745 PAG Pou4f2 Glut_1,173 PAG Pou4f2 Glut,19 MB Glut,Glut,136,4.679968,5.6378393,0.7794117647058824
4673,3154 PAG Pou4f2 Glut_1,0745 PAG Pou4f2 Glut_1,173 PAG Pou4f2 Glut,19 MB Glut,Glut,70,5.018466,5.952659,0.8142857142857143
4674,3147 PAG Pou4f2 Glut_1,0745 PAG Pou4f2 Glut_1,173 PAG Pou4f2 Glut,19 MB Glut,Glut,181,4.4931884,5.555637,0.7458563535911602
4675,3157 PAG Pou4f2 Glut_2,0746 PAG Pou4f2 Glut_2,173 PAG Pou4f2 Glut,19 MB Glut,Glut,335,4.873468,6.075502,0.7701492537313432
4676,3156 PAG Pou4f2 Glut_2,0746 PAG Pou4f2 Glut_2,173 PAG Pou4f2 Glut,19 MB Glut,Glut,235,4.1698103,5.4136295,0.7063829787234043
4677,3262 SCdg-PAG Tfap2b Glut_1,0766 SCdg-PAG Tfap2b Glut_1,179 SCdg-PAG Tfap2b Glut,19 MB Glut,Glut,297,4.3272114,5.658983,0.7104377104377104
4678,3261 SCdg-PAG Tfap2b Glut_1,0766 SCdg-PAG Tfap2b Glut_1,179 SCdg-PAG Tfap2b Glut,19 MB Glut,Glut,230,4.4960437,5.573072,0.7478260869565218
4679,3171 PAG Pou4f2 Glut_4,0748 PAG Pou4f2 Glut_4,173 PAG Pou4f2 Glut,19 MB Glut,Glut,160,4.4645796,5.6739445,0.725
4680,3148 PAG Pou4f2 Glut_1,0745 PAG Pou4f2 Glut_1,173 PAG Pou4f2 Glut,19 MB Glut,Glut,46,5.0696583,5.9229155,0.8260869565217391
4681,3149 PAG Pou4f2 Glut_1,0745 PAG Pou4f2 Glut_1,173 PAG Pou4f2 Glut,19 MB Glut,Glut,28,5.1386504,6.2413797,0.8214285714285714
4682,3150 PAG Pou4f2 Glut_1,0745 PAG Pou4f2 Glut_1,173 PAG Pou4f2 Glut,19 MB Glut,Glut,43,6.3154573,6.822087,0.9302325581395349
4683,3163 PAG Pou4f2 Glut_3,0747 PAG Pou4f2 Glut_3,173 PAG Pou4f2 Glut,19 MB Glut,Glut,85,3.8569713,5.2382956,0.6588235294117647
4684,3164 PAG Pou4f2 Glut_3,0747 PAG Pou4f2 Glut_3,173 PAG Pou4f2 Glut,19 MB Glut,Glut,161,5.059484,5.8690853,0.8322981366459627
4685,3165 PAG Pou4f2 Glut_3,0747 PAG Pou4f2 Glut_3,173 PAG Pou4f2 Glut,19 MB Glut,Glut,236,4.5627003,5.582918,0.7669491525423728
4686,3166 PAG Pou4f2 Glut_3,0747 PAG Pou4f2 Glut_3,173 PAG Pou4f2 Glut,19 MB Glut,Glut,161,4.247251,5.2487087,0.7329192546583851
4687,2907 PRC-PAG Tcf7l2 Irx2 Glut_1,0713 PRC-PAG Tcf7l2 Irx2 Glut_1,167 PRC-PAG Tcf7l2 Irx2 Glut,19 MB Glut,Glut,43,4.814484,6.0275593,0.813953488372093
4688,2916 PRC-PAG Tcf7l2 Irx2 Glut_3,0715 PRC-PAG Tcf7l2 Irx2 Glut_3,167 PRC-PAG Tcf7l2 Irx2 Glut,19 MB Glut,Glut,69,4.116229,5.3313975,0.6811594202898551
4689,2917 PRC-PAG Tcf7l2 Irx2 Glut_3,0715 PRC-PAG Tcf7l2 Irx2 Glut_3,167 PRC-PAG Tcf7l2 Irx2 Glut,19 MB Glut,Glut,27,4.9668612,6.02569,0.7777777777777778
4690,2898 PRC-PAG Tcf7l2 Irx2 Glut_1,0713 PRC-PAG Tcf7l2 Irx2 Glut_1,167 PRC-PAG Tcf7l2 Irx2 Glut,19 MB Glut,Glut,110,4.167456,5.752041,0.6454545454545455
4691,2909 PRC-PAG Tcf7l2 Irx2 Glut_2,0714 PRC-PAG Tcf7l2 Irx2 Glut_2,167 PRC-PAG Tcf7l2 Irx2 Glut,19 MB Glut,Glut,118,4.4918413,5.814062,0.7203389830508474
4692,2910 PRC-PAG Tcf7l2 Irx2 Glut_2,0714 PRC-PAG Tcf7l2 Irx2 Glut_2,167 PRC-PAG Tcf7l2 Irx2 Glut,19 MB Glut,Glut,93,4.896875,5.6156826,0.8172043010752689
4693,2884 MRN Pou3f1 C1ql4 Glut_1,0710 MRN Pou3f1 C1ql4 Glut_1,166 MRN Pou3f1 C1ql4 Glut,19 MB Glut,Glut,20,4.7002034,5.5634785,0.85
4694,2920 PRC-PAG Tcf7l2 Irx2 Glut_4,0716 PRC-PAG Tcf7l2 Irx2 Glut_4,167 PRC-PAG Tcf7l2 Irx2 Glut,19 MB Glut,Glut,93,4.7105813,6.109819,0.7419354838709677
4695,2874 PAG-MRN Pou3f1 Glut_5,0708 PAG-MRN Pou3f1 Glut_5,165 PAG-MRN Pou3f1 Glut,19 MB Glut,Glut,58,5.2068105,5.9784136,0.8275862068965517
4696,2879 PAG-MRN Pou3f1 Glut_6,0709 PAG-MRN Pou3f1 Glut_6,165 PAG-MRN Pou3f1 Glut,19 MB Glut,Glut,42,5.245278,5.888728,0.8809523809523809
4697,2881 PAG-MRN Pou3f1 Glut_6,0709 PAG-MRN Pou3f1 Glut_6,165 PAG-MRN Pou3f1 Glut,19 MB Glut,Glut,193,4.6411786,5.5245504,0.7927461139896373
4698,2885 MRN Pou3f1 C1ql4 Glut_1,0710 MRN Pou3f1 C1ql4 Glut_1,166 MRN Pou3f1 C1ql4 Glut,19 MB Glut,Glut,43,4.6470776,5.399394,0.813953488372093
4699,2939 SPA-SPFm-SPFp-POL-PIL-PoT Sp9 Glut_2,0719 SPA-SPFm-SPFp-POL-PIL-PoT Sp9 Glut_2,168 SPA-SPFm-SPFp-POL-PIL-PoT Sp9 Glut,19 MB Glut,Glut,42,4.6292987,5.270894,0.8095238095238095
4700,2811 PAG Pou4f3 Glut_3,0696 PAG Pou4f3 Glut_3,161 PAG Pou4f3 Glut,19 MB Glut,Glut,42,5.492113,6.037991,0.8809523809523809
4701,2726 PRC-PAG Pax6 Glut_1,0676 PRC-PAG Pax6 Glut_1,155 PRC-PAG Pax6 Glut,19 MB Glut,Glut,40,4.525066,5.9530683,0.7
4702,2914 PRC-PAG Tcf7l2 Irx2 Glut_2,0714 PRC-PAG Tcf7l2 Irx2 Glut_2,167 PRC-PAG Tcf7l2 Irx2 Glut,19 MB Glut,Glut,7,5.6115336,5.4022994,1.0
4703,2908 PRC-PAG Tcf7l2 Irx2 Glut_2,0714 PRC-PAG Tcf7l2 Irx2 Glut_2,167 PRC-PAG Tcf7l2 Irx2 Glut,19 MB Glut,Glut,152,4.6146173,5.49214,0.7828947368421053
4704,2911 PRC-PAG Tcf7l2 Irx2 Glut_2,0714 PRC-PAG Tcf7l2 Irx2 Glut_2,167 PRC-PAG Tcf7l2 Irx2 Glut,19 MB Glut,Glut,66,4.341283,5.6416965,0.7424242424242424
4705,3188 PAG Pou4f2 Mesi2 Glut_3,0752 PAG Pou4f2 Mesi2 Glut_3,174 PAG Pou4f2 Mesi2 Glut,19 MB Glut,Glut,180,4.5280457,5.462184,0.7722222222222223
4706,2812 PAG Pou4f3 Glut_3,0696 PAG Pou4f3 Glut_3,161 PAG Pou4f3 Glut,19 MB Glut,Glut,80,5.045327,5.9931064,0.8125
4707,2880 PAG-MRN Pou3f1 Glut_6,0709 PAG-MRN Pou3f1 Glut_6,165 PAG-MRN Pou3f1 Glut,19 MB Glut,Glut,43,4.2966647,5.131656,0.7441860465116279
4708,2899 PRC-PAG Tcf7l2 Irx2 Glut_1,0713 PRC-PAG Tcf7l2 Irx2 Glut_1,167 PRC-PAG Tcf7l2 Irx2 Glut,19 MB Glut,Glut,57,5.1522913,5.7165413,0.8596491228070176
4709,2900 PRC-PAG Tcf7l2 Irx2 Glut_1,0713 PRC-PAG Tcf7l2 Irx2 Glut_1,167 PRC-PAG Tcf7l2 Irx2 Glut,19 MB Glut,Glut,214,4.901942,5.9781346,0.780373831775701
4710,2886 MRN Pou3f1 C1ql4 Glut_1,0710 MRN Pou3f1 C1ql4 Glut_1,166 MRN Pou3f1 C1ql4 Glut,19 MB Glut,Glut,75,4.858084,5.5644403,0.8533333333333334
4711,2895 MRN Pou3f1 C1ql4 Glut_3,0712 MRN Pou3f1 C1ql4 Glut_3,166 MRN Pou3f1 C1ql4 Glut,19 MB Glut,Glut,37,4.2243323,5.604392,0.6756756756756757
4712,2882 PAG-MRN Pou3f1 Glut_6,0709 PAG-MRN Pou3f1 Glut_6,165 PAG-MRN Pou3f1 Glut,19 MB Glut,Glut,34,4.10402,5.485072,0.6764705882352942
4714,2918 PRC-PAG Tcf7l2 Irx2 Glut_3,0715 PRC-PAG Tcf7l2 Irx2 Glut_3,167 PRC-PAG Tcf7l2 Irx2 Glut,19 MB Glut,Glut,53,3.4820943,5.113449,0.5660377358490566
4715,2848 APN C1ql4 Glut_1,0703 APN C1ql4 Glut_1,164 APN C1ql4 Glut,19 MB Glut,Glut,249,4.812603,5.8919177,0.7710843373493976
4716,2849 APN C1ql4 Glut_1,0703 APN C1ql4 Glut_1,164 APN C1ql4 Glut,19 MB Glut,Glut,95,5.283801,6.441216,0.8
4717,2852 APN C1ql4 Glut_1,0703 APN C1ql4 Glut_1,164 APN C1ql4 Glut,19 MB Glut,Glut,110,5.6674023,6.3847027,0.8727272727272727
4718,2853 APN C1ql4 Glut_1,0703 APN C1ql4 Glut_1,164 APN C1ql4 Glut,19 MB Glut,Glut,136,5.467283,6.3559,0.8308823529411765
4719,2854 APN C1ql4 Glut_1,0703 APN C1ql4 Glut_1,164 APN C1ql4 Glut,19 MB Glut,Glut,292,4.75692,6.0681076,0.7397260273972602
4720,2850 APN C1ql4 Glut_1,0703 APN C1ql4 Glut_1,164 APN C1ql4 Glut,19 MB Glut,Glut,788,5.054895,6.085243,0.7944162436548223
4721,2851 APN C1ql4 Glut_1,0703 APN C1ql4 Glut_1,164 APN C1ql4 Glut,19 MB Glut,Glut,222,5.420156,6.2274513,0.8333333333333334
4722,2844 APN C1ql2 Glut_1,0702 APN C1ql2 Glut_1,163 APN C1ql2 Glut,19 MB Glut,Glut,210,3.973211,5.528614,0.6476190476190476
4723,2841 APN C1ql2 Glut_1,0702 APN C1ql2 Glut_1,163 APN C1ql2 Glut,19 MB Glut,Glut,717,4.25232,5.621033,0.6861924686192469
4724,2842 APN C1ql2 Glut_1,0702 APN C1ql2 Glut_1,163 APN C1ql2 Glut,19 MB Glut,Glut,741,4.4697013,5.692908,0.7300944669365722
4725,2843 APN C1ql2 Glut_1,0702 APN C1ql2 Glut_1,163 APN C1ql2 Glut,19 MB Glut,Glut,82,3.622459,5.331277,0.5853658536585366
4726,2846 APN C1ql2 Glut_1,0702 APN C1ql2 Glut_1,163 APN C1ql2 Glut,19 MB Glut,Glut,314,3.8415434,5.413041,0.6178343949044586
4727,3002 SPA-SPFm-SPFp-POL-PIL-PoT Sp9 Glut_11,0728 SPA-SPFm-SPFp-POL-PIL-PoT Sp9 Glut_11,168 SPA-SPFm-SPFp-POL-PIL-PoT Sp9 Glut,19 MB Glut,Glut,31,2.8888066,0.0,0.45161290322580644
4728,2912 PRC-PAG Tcf7l2 Irx2 Glut_2,0714 PRC-PAG Tcf7l2 Irx2 Glut_2,167 PRC-PAG Tcf7l2 Irx2 Glut,19 MB Glut,Glut,83,5.335058,6.1088514,0.8433734939759037
4729,2901 PRC-PAG Tcf7l2 Irx2 Glut_1,0713 PRC-PAG Tcf7l2 Irx2 Glut_1,167 PRC-PAG Tcf7l2 Irx2 Glut,19 MB Glut,Glut,153,4.663315,5.7833514,0.7647058823529411
4730,2902 PRC-PAG Tcf7l2 Irx2 Glut_1,0713 PRC-PAG Tcf7l2 Irx2 Glut_1,167 PRC-PAG Tcf7l2 Irx2 Glut,19 MB Glut,Glut,24,5.108605,6.045806,0.8333333333333334
4731,2903 PRC-PAG Tcf7l2 Irx2 Glut_1,0713 PRC-PAG Tcf7l2 Irx2 Glut_1,167 PRC-PAG Tcf7l2 Irx2 Glut,19 MB Glut,Glut,88,4.7686014,5.7480326,0.7727272727272727
4732,2913 PRC-PAG Tcf7l2 Irx2 Glut_2,0714 PRC-PAG Tcf7l2 Irx2 Glut_2,167 PRC-PAG Tcf7l2 Irx2 Glut,19 MB Glut,Glut,57,4.6093736,5.878649,0.7368421052631579
4733,2927 SPA-SPFm-SPFp-POL-PIL-PoT Sp9 Glut_1,0718 SPA-SPFm-SPFp-POL-PIL-PoT Sp9 Glut_1,168 SPA-SPFm-SPFp-POL-PIL-PoT Sp9 Glut,19 MB Glut,Glut,20,4.559943,5.5742493,0.75
4734,2847 APN C1ql2 Glut_1,0702 APN C1ql2 Glut_1,163 APN C1ql2 Glut,19 MB Glut,Glut,34,5.2763515,6.1010404,0.8235294117647058
4735,2928 SPA-SPFm-SPFp-POL-PIL-PoT Sp9 Glut_1,0718 SPA-SPFm-SPFp-POL-PIL-PoT Sp9 Glut_1,168 SPA-SPFm-SPFp-POL-PIL-PoT Sp9 Glut,19 MB Glut,Glut,38,4.141998,4.813636,0.7368421052631579
4736,2919 PRC-PAG Tcf7l2 Irx2 Glut_3,0715 PRC-PAG Tcf7l2 Irx2 Glut_3,167 PRC-PAG Tcf7l2 Irx2 Glut,19 MB Glut,Glut,75,4.5208545,5.3693695,0.7466666666666667
4737,3003 SPA-SPFm-SPFp-POL-PIL-PoT Sp9 Glut_11,0728 SPA-SPFm-SPFp-POL-PIL-PoT Sp9 Glut_11,168 SPA-SPFm-SPFp-POL-PIL-PoT Sp9 Glut,19 MB Glut,Glut,6,2.5936775,2.347693,0.5
4738,2929 SPA-SPFm-SPFp-POL-PIL-PoT Sp9 Glut_1,0718 SPA-SPFm-SPFp-POL-PIL-PoT Sp9 Glut_1,168 SPA-SPFm-SPFp-POL-PIL-PoT Sp9 Glut,19 MB Glut,Glut,40,4.7512,5.79021,0.775
4739,2930 SPA-SPFm-SPFp-POL-PIL-PoT Sp9 Glut_1,0718 SPA-SPFm-SPFp-POL-PIL-PoT Sp9 Glut_1,168 SPA-SPFm-SPFp-POL-PIL-PoT Sp9 Glut,19 MB Glut,Glut,47,5.6535444,6.4302344,0.8723404255319149
4740,2845 APN C1ql2 Glut_1,0702 APN C1ql2 Glut_1,163 APN C1ql2 Glut,19 MB Glut,Glut,53,5.123811,6.4159646,0.7547169811320755
4741,2859 PAG-MRN Pou3f1 Glut_1,0704 PAG-MRN Pou3f1 Glut_1,165 PAG-MRN Pou3f1 Glut,19 MB Glut,Glut,300,4.16104,5.1360073,0.7333333333333333
4742,2875 PAG-MRN Pou3f1 Glut_5,0708 PAG-MRN Pou3f1 Glut_5,165 PAG-MRN Pou3f1 Glut,19 MB Glut,Glut,102,5.239714,6.2387915,0.8333333333333334
4743,2868 PAG-MRN Pou3f1 Glut_2,0705 PAG-MRN Pou3f1 Glut_2,165 PAG-MRN Pou3f1 Glut,19 MB Glut,Glut,193,4.425209,5.4445868,0.7253886010362695
4744,2860 PAG-MRN Pou3f1 Glut_1,0704 PAG-MRN Pou3f1 Glut_1,165 PAG-MRN Pou3f1 Glut,19 MB Glut,Glut,102,3.8030713,5.1496763,0.6764705882352942
4745,2876 PAG-MRN Pou3f1 Glut_5,0708 PAG-MRN Pou3f1 Glut_5,165 PAG-MRN Pou3f1 Glut,19 MB Glut,Glut,68,3.9654872,5.500106,0.6617647058823529
4746,2857 PAG-MRN Pou3f1 Glut_1,0704 PAG-MRN Pou3f1 Glut_1,165 PAG-MRN Pou3f1 Glut,19 MB Glut,Glut,188,4.4960666,5.4813194,0.7712765957446809
4747,2858 PAG-MRN Pou3f1 Glut_1,0704 PAG-MRN Pou3f1 Glut_1,165 PAG-MRN Pou3f1 Glut,19 MB Glut,Glut,93,4.606349,5.7933064,0.7419354838709677
4748,2877 PAG-MRN Pou3f1 Glut_5,0708 PAG-MRN Pou3f1 Glut_5,165 PAG-MRN Pou3f1 Glut,19 MB Glut,Glut,96,5.2560267,5.998251,0.8541666666666666
4749,2878 PAG-MRN Pou3f1 Glut_5,0708 PAG-MRN Pou3f1 Glut_5,165 PAG-MRN Pou3f1 Glut,19 MB Glut,Glut,75,4.834586,5.7289343,0.8133333333333334
4750,2862 PAG-MRN Pou3f1 Glut_1,0704 PAG-MRN Pou3f1 Glut_1,165 PAG-MRN Pou3f1 Glut,19 MB Glut,Glut,94,4.74918,5.5012817,0.7978723404255319
4751,2861 PAG-MRN Pou3f1 Glut_1,0704 PAG-MRN Pou3f1 Glut_1,165 PAG-MRN Pou3f1 Glut,19 MB Glut,Glut,307,4.4399195,5.4716907,0.755700325732899
4752,2863 PAG-MRN Pou3f1 Glut_1,0704 PAG-MRN Pou3f1 Glut_1,165 PAG-MRN Pou3f1 Glut,19 MB Glut,Glut,43,4.649069,5.9295173,0.7674418604651163
4753,2864 PAG-MRN Pou3f1 Glut_1,0704 PAG-MRN Pou3f1 Glut_1,165 PAG-MRN Pou3f1 Glut,19 MB Glut,Glut,82,4.0195513,4.8790755,0.7073170731707317
4754,2871 PAG-MRN Pou3f1 Glut_4,0707 PAG-MRN Pou3f1 Glut_4,165 PAG-MRN Pou3f1 Glut,19 MB Glut,Glut,35,4.2562685,5.2890816,0.7428571428571429
4755,2872 PAG-MRN Pou3f1 Glut_4,0707 PAG-MRN Pou3f1 Glut_4,165 PAG-MRN Pou3f1 Glut,19 MB Glut,Glut,72,5.119027,5.784277,0.875
4756,2873 PAG-MRN Pou3f1 Glut_4,0707 PAG-MRN Pou3f1 Glut_4,165 PAG-MRN Pou3f1 Glut,19 MB Glut,Glut,60,5.4027777,5.858018,0.9166666666666666
4757,2865 PAG-MRN Pou3f1 Glut_1,0704 PAG-MRN Pou3f1 Glut_1,165 PAG-MRN Pou3f1 Glut,19 MB Glut,Glut,102,4.301791,5.406148,0.7156862745098039
4758,2866 PAG-MRN Pou3f1 Glut_1,0704 PAG-MRN Pou3f1 Glut_1,165 PAG-MRN Pou3f1 Glut,19 MB Glut,Glut,171,3.631018,5.133519,0.5964912280701754
4759,2867 PAG-MRN Pou3f1 Glut_1,0704 PAG-MRN Pou3f1 Glut_1,165 PAG-MRN Pou3f1 Glut,19 MB Glut,Glut,217,4.4341645,5.3804874,0.7603686635944701
4760,2869 PAG-MRN Pou3f1 Glut_3,0706 PAG-MRN Pou3f1 Glut_3,165 PAG-MRN Pou3f1 Glut,19 MB Glut,Glut,135,5.1760383,6.1299458,0.8074074074074075
4761,2938 SPA-SPFm-SPFp-POL-PIL-PoT Sp9 Glut_2,0719 SPA-SPFm-SPFp-POL-PIL-PoT Sp9 Glut_2,168 SPA-SPFm-SPFp-POL-PIL-PoT Sp9 Glut,19 MB Glut,Glut,23,4.305636,5.4283094,0.7391304347826086
4762,2996 SPA-SPFm-SPFp-POL-PIL-PoT Sp9 Glut_9,0726 SPA-SPFm-SPFp-POL-PIL-PoT Sp9 Glut_9,168 SPA-SPFm-SPFp-POL-PIL-PoT Sp9 Glut,19 MB Glut,Glut,2,5.5836725,5.5836725,1.0
4766,2935 SPA-SPFm-SPFp-POL-PIL-PoT Sp9 Glut_1,0718 SPA-SPFm-SPFp-POL-PIL-PoT Sp9 Glut_1,168 SPA-SPFm-SPFp-POL-PIL-PoT Sp9 Glut,19 MB Glut,Glut,44,4.363296,5.4818277,0.7272727272727273
4767,2943 SPA-SPFm-SPFp-POL-PIL-PoT Sp9 Glut_2,0719 SPA-SPFm-SPFp-POL-PIL-PoT Sp9 Glut_2,168 SPA-SPFm-SPFp-POL-PIL-PoT Sp9 Glut,19 MB Glut,Glut,35,4.6935334,5.7687593,0.7714285714285715
4768,2974 SPA-SPFm-SPFp-POL-PIL-PoT Sp9 Glut_6,0723 SPA-SPFm-SPFp-POL-PIL-PoT Sp9 Glut_6,168 SPA-SPFm-SPFp-POL-PIL-PoT Sp9 Glut,19 MB Glut,Glut,17,4.0967574,5.621601,0.6470588235294118
4769,2966 SPA-SPFm-SPFp-POL-PIL-PoT Sp9 Glut_5,0722 SPA-SPFm-SPFp-POL-PIL-PoT Sp9 Glut_5,168 SPA-SPFm-SPFp-POL-PIL-PoT Sp9 Glut,19 MB Glut,Glut,41,3.5971487,4.2667994,0.7073170731707317
4770,2946 SPA-SPFm-SPFp-POL-PIL-PoT Sp9 Glut_3,0720 SPA-SPFm-SPFp-POL-PIL-PoT Sp9 Glut_3,168 SPA-SPFm-SPFp-POL-PIL-PoT Sp9 Glut,19 MB Glut,Glut,33,4.172775,5.695458,0.696969696969697
4771,2947 SPA-SPFm-SPFp-POL-PIL-PoT Sp9 Glut_3,0720 SPA-SPFm-SPFp-POL-PIL-PoT Sp9 Glut_3,168 SPA-SPFm-SPFp-POL-PIL-PoT Sp9 Glut,19 MB Glut,Glut,36,4.866518,5.797142,0.8055555555555556
4772,2969 SPA-SPFm-SPFp-POL-PIL-PoT Sp9 Glut_5,0722 SPA-SPFm-SPFp-POL-PIL-PoT Sp9 Glut_5,168 SPA-SPFm-SPFp-POL-PIL-PoT Sp9 Glut,19 MB Glut,Glut,5,3.2083087,4.3504276,0.6
4773,2965 SPA-SPFm-SPFp-POL-PIL-PoT Sp9 Glut_5,0722 SPA-SPFm-SPFp-POL-PIL-PoT Sp9 Glut_5,168 SPA-SPFm-SPFp-POL-PIL-PoT Sp9 Glut,19 MB Glut,Glut,15,4.084088,4.9125547,0.8
4774,3000 SPA-SPFm-SPFp-POL-PIL-PoT Sp9 Glut_10,0727 SPA-SPFm-SPFp-POL-PIL-PoT Sp9 Glut_10,168 SPA-SPFm-SPFp-POL-PIL-PoT Sp9 Glut,19 MB Glut,Glut,68,5.8713737,6.2385974,0.9558823529411765
4775,2953 SPA-SPFm-SPFp-POL-PIL-PoT Sp9 Glut_3,0720 SPA-SPFm-SPFp-POL-PIL-PoT Sp9 Glut_3,168 SPA-SPFm-SPFp-POL-PIL-PoT Sp9 Glut,19 MB Glut,Glut,2,6.2087126,6.2087126,1.0
4776,2944 SPA-SPFm-SPFp-POL-PIL-PoT Sp9 Glut_2,0719 SPA-SPFm-SPFp-POL-PIL-PoT Sp9 Glut_2,168 SPA-SPFm-SPFp-POL-PIL-PoT Sp9 Glut,19 MB Glut,Glut,10,6.1445637,6.171524,1.0
4778,2955 SPA-SPFm-SPFp-POL-PIL-PoT Sp9 Glut_3,0720 SPA-SPFm-SPFp-POL-PIL-PoT Sp9 Glut_3,168 SPA-SPFm-SPFp-POL-PIL-PoT Sp9 Glut,19 MB Glut,Glut,2,3.323061,3.323061,0.5
4779,2948 SPA-SPFm-SPFp-POL-PIL-PoT Sp9 Glut_3,0720 SPA-SPFm-SPFp-POL-PIL-PoT Sp9 Glut_3,168 SPA-SPFm-SPFp-POL-PIL-PoT Sp9 Glut,19 MB Glut,Glut,16,5.906302,6.3671694,0.9375
4780,2949 SPA-SPFm-SPFp-POL-PIL-PoT Sp9 Glut_3,0720 SPA-SPFm-SPFp-POL-PIL-PoT Sp9 Glut_3,168 SPA-SPFm-SPFp-POL-PIL-PoT Sp9 Glut,19 MB Glut,Glut,9,2.7863941,0.0,0.4444444444444444
4782,2950 SPA-SPFm-SPFp-POL-PIL-PoT Sp9 Glut_3,0720 SPA-SPFm-SPFp-POL-PIL-PoT Sp9 Glut_3,168 SPA-SPFm-SPFp-POL-PIL-PoT Sp9 Glut,19 MB Glut,Glut,1,7.3592153,7.3592153,1.0
4783,2951 SPA-SPFm-SPFp-POL-PIL-PoT Sp9 Glut_3,0720 SPA-SPFm-SPFp-POL-PIL-PoT Sp9 Glut_3,168 SPA-SPFm-SPFp-POL-PIL-PoT Sp9 Glut,19 MB Glut,Glut,4,3.1524367,2.471142,0.5
4784,2970 SPA-SPFm-SPFp-POL-PIL-PoT Sp9 Glut_5,0722 SPA-SPFm-SPFp-POL-PIL-PoT Sp9 Glut_5,168 SPA-SPFm-SPFp-POL-PIL-PoT Sp9 Glut,19 MB Glut,Glut,3,6.134723,6.324263,1.0
4785,2971 SPA-SPFm-SPFp-POL-PIL-PoT Sp9 Glut_5,0722 SPA-SPFm-SPFp-POL-PIL-PoT Sp9 Glut_5,168 SPA-SPFm-SPFp-POL-PIL-PoT Sp9 Glut,19 MB Glut,Glut,14,4.957549,6.0756235,0.7857142857142857
4786,2952 SPA-SPFm-SPFp-POL-PIL-PoT Sp9 Glut_3,0720 SPA-SPFm-SPFp-POL-PIL-PoT Sp9 Glut_3,168 SPA-SPFm-SPFp-POL-PIL-PoT Sp9 Glut,19 MB Glut,Glut,13,5.359643,6.0530667,0.8461538461538461
4787,2972 SPA-SPFm-SPFp-POL-PIL-PoT Sp9 Glut_5,0722 SPA-SPFm-SPFp-POL-PIL-PoT Sp9 Glut_5,168 SPA-SPFm-SPFp-POL-PIL-PoT Sp9 Glut,19 MB Glut,Glut,12,4.4499645,6.125157,0.6666666666666666
4788,2617 PVT-PT Ntrk1 Glut_1,0643 PVT-PT Ntrk1 Glut_1,149 PVT-PT Ntrk1 Glut,18 TH Glut,Glut,3,3.616439,4.855654,0.6666666666666666
4789,2941 SPA-SPFm-SPFp-POL-PIL-PoT Sp9 Glut_2,0719 SPA-SPFm-SPFp-POL-PIL-PoT Sp9 Glut_2,168 SPA-SPFm-SPFp-POL-PIL-PoT Sp9 Glut,19 MB Glut,Glut,14,5.1944985,5.4320374,0.9285714285714286
4790,2973 SPA-SPFm-SPFp-POL-PIL-PoT Sp9 Glut_5,0722 SPA-SPFm-SPFp-POL-PIL-PoT Sp9 Glut_5,168 SPA-SPFm-SPFp-POL-PIL-PoT Sp9 Glut,19 MB Glut,Glut,20,3.815263,4.7960534,0.65
4791,2945 SPA-SPFm-SPFp-POL-PIL-PoT Sp9 Glut_2,0719 SPA-SPFm-SPFp-POL-PIL-PoT Sp9 Glut_2,168 SPA-SPFm-SPFp-POL-PIL-PoT Sp9 Glut,19 MB Glut,Glut,29,4.521109,4.8707676,0.8275862068965517
4792,2988 SPA-SPFm-SPFp-POL-PIL-PoT Sp9 Glut_8,0725 SPA-SPFm-SPFp-POL-PIL-PoT Sp9 Glut_8,168 SPA-SPFm-SPFp-POL-PIL-PoT Sp9 Glut,19 MB Glut,Glut,1,0.0,0.0,0.0
4793,2989 SPA-SPFm-SPFp-POL-PIL-PoT Sp9 Glut_8,0725 SPA-SPFm-SPFp-POL-PIL-PoT Sp9 Glut_8,168 SPA-SPFm-SPFp-POL-PIL-PoT Sp9 Glut,19 MB Glut,Glut,1,0.0,0.0,0.0
4794,2968 SPA-SPFm-SPFp-POL-PIL-PoT Sp9 Glut_5,0722 SPA-SPFm-SPFp-POL-PIL-PoT Sp9 Glut_5,168 SPA-SPFm-SPFp-POL-PIL-PoT Sp9 Glut,19 MB Glut,Glut,39,4.4121084,5.3472595,0.7692307692307693
4795,3001 SPA-SPFm-SPFp-POL-PIL-PoT Sp9 Glut_10,0727 SPA-SPFm-SPFp-POL-PIL-PoT Sp9 Glut_10,168 SPA-SPFm-SPFp-POL-PIL-PoT Sp9 Glut,19 MB Glut,Glut,13,3.217605,4.1711655,0.6153846153846154
4796,2990 SPA-SPFm-SPFp-POL-PIL-PoT Sp9 Glut_8,0725 SPA-SPFm-SPFp-POL-PIL-PoT Sp9 Glut_8,168 SPA-SPFm-SPFp-POL-PIL-PoT Sp9 Glut,19 MB Glut,Glut,3,4.047587,5.3120904,0.6666666666666666
4797,2991 SPA-SPFm-SPFp-POL-PIL-PoT Sp9 Glut_8,0725 SPA-SPFm-SPFp-POL-PIL-PoT Sp9 Glut_8,168 SPA-SPFm-SPFp-POL-PIL-PoT Sp9 Glut,19 MB Glut,Glut,34,4.032436,4.882735,0.7352941176470589
4799,2993 SPA-SPFm-SPFp-POL-PIL-PoT Sp9 Glut_8,0725 SPA-SPFm-SPFp-POL-PIL-PoT Sp9 Glut_8,168 SPA-SPFm-SPFp-POL-PIL-PoT Sp9 Glut,19 MB Glut,Glut,4,2.1796613,2.1626143,0.5
4800,2994 SPA-SPFm-SPFp-POL-PIL-PoT Sp9 Glut_8,0725 SPA-SPFm-SPFp-POL-PIL-PoT Sp9 Glut_8,168 SPA-SPFm-SPFp-POL-PIL-PoT Sp9 Glut,19 MB Glut,Glut,45,4.276453,5.36693,0.7333333333333333
4801,2975 SPA-SPFm-SPFp-POL-PIL-PoT Sp9 Glut_6,0723 SPA-SPFm-SPFp-POL-PIL-PoT Sp9 Glut_6,168 SPA-SPFm-SPFp-POL-PIL-PoT Sp9 Glut,19 MB Glut,Glut,9,3.236153,0.0,0.4444444444444444
4802,3252 SCig Foxb1 Otx2 Glut_1,0765 SCig Foxb1 Otx2 Glut_1,178 SCig Foxb1 Otx2 Glut,19 MB Glut,Glut,45,4.617754,6.0729074,0.7333333333333333
4803,3357 SCig Tfap2b Chrnb3 Glut_1,0783 SCig Tfap2b Chrnb3 Glut_1,185 SCig Tfap2b Chrnb3 Glut,19 MB Glut,Glut,46,4.147162,5.7162886,0.6304347826086957
4804,3356 SCig Tfap2b Chrnb3 Glut_1,0783 SCig Tfap2b Chrnb3 Glut_1,185 SCig Tfap2b Chrnb3 Glut,19 MB Glut,Glut,653,4.2822685,5.7217345,0.6722817764165391
4805,3354 SCig Tfap2b Chrnb3 Glut_1,0783 SCig Tfap2b Chrnb3 Glut_1,185 SCig Tfap2b Chrnb3 Glut,19 MB Glut,Glut,48,4.1081676,5.582761,0.6666666666666666
4806,3253 SCig Foxb1 Otx2 Glut_1,0765 SCig Foxb1 Otx2 Glut_1,178 SCig Foxb1 Otx2 Glut,19 MB Glut,Glut,101,5.229621,6.307732,0.801980198019802
4807,3254 SCig Foxb1 Otx2 Glut_1,0765 SCig Foxb1 Otx2 Glut_1,178 SCig Foxb1 Otx2 Glut,19 MB Glut,Glut,49,5.0501595,6.4511733,0.7551020408163265
4808,3255 SCig Foxb1 Otx2 Glut_1,0765 SCig Foxb1 Otx2 Glut_1,178 SCig Foxb1 Otx2 Glut,19 MB Glut,Glut,57,4.868003,5.8646936,0.7719298245614035
4809,3355 SCig Tfap2b Chrnb3 Glut_1,0783 SCig Tfap2b Chrnb3 Glut_1,185 SCig Tfap2b Chrnb3 Glut,19 MB Glut,Glut,107,5.0451293,6.0462375,0.794392523364486
4810,3358 SCop Pou4f2 Neurod2 Glut_1,0784 SCop Pou4f2 Neurod2 Glut_1,186 SCop Pou4f2 Neurod2 Glut,19 MB Glut,Glut,283,3.904871,5.543213,0.6148409893992933
4811,2781 PAG-SC Neurod2 Meis2 Glut_1,0690 PAG-SC Neurod2 Meis2 Glut_1,160 PAG-SC Neurod2 Meis2 Glut,19 MB Glut,Glut,17,4.413422,5.2377796,0.7647058823529411
4813,3360 SCop Pou4f2 Neurod2 Glut_1,0784 SCop Pou4f2 Neurod2 Glut_1,186 SCop Pou4f2 Neurod2 Glut,19 MB Glut,Glut,150,4.281908,5.5164585,0.6866666666666666
4814,2808 PAG Pou4f3 Glut_2,0695 PAG Pou4f3 Glut_2,161 PAG Pou4f3 Glut,19 MB Glut,Glut,114,4.465556,5.76633,0.7192982456140351
4815,2790 PAG-SC Neurod2 Meis2 Glut_3,0692 PAG-SC Neurod2 Meis2 Glut_3,160 PAG-SC Neurod2 Meis2 Glut,19 MB Glut,Glut,89,4.363328,5.7711873,0.6966292134831461
4816,2785 PAG-SC Neurod2 Meis2 Glut_1,0690 PAG-SC Neurod2 Meis2 Glut_1,160 PAG-SC Neurod2 Meis2 Glut,19 MB Glut,Glut,30,2.4405198,0.0,0.36666666666666664
4817,2782 PAG-SC Neurod2 Meis2 Glut_1,0690 PAG-SC Neurod2 Meis2 Glut_1,160 PAG-SC Neurod2 Meis2 Glut,19 MB Glut,Glut,175,4.689284,6.1593094,0.7257142857142858
4818,2783 PAG-SC Neurod2 Meis2 Glut_1,0690 PAG-SC Neurod2 Meis2 Glut_1,160 PAG-SC Neurod2 Meis2 Glut,19 MB Glut,Glut,71,4.9613976,6.313761,0.7323943661971831
4819,3963 PB-SUT Tlx3 Lhx2 Glut_1,0903 PB-SUT Tlx3 Lhx2 Glut_1,219 PB-SUT Tlx3 Lhx2 Glut,23 P Glut,Glut,1,5.315035,5.315035,1.0
4820,2791 PAG-SC Neurod2 Meis2 Glut_4,0693 PAG-SC Neurod2 Meis2 Glut_4,160 PAG-SC Neurod2 Meis2 Glut,19 MB Glut,Glut,278,5.104281,6.0402117,0.7985611510791367
4821,2784 PAG-SC Neurod2 Meis2 Glut_1,0690 PAG-SC Neurod2 Meis2 Glut_1,160 PAG-SC Neurod2 Meis2 Glut,19 MB Glut,Glut,332,5.067955,6.287363,0.7740963855421686
4822,2792 PAG-SC Neurod2 Meis2 Glut_4,0693 PAG-SC Neurod2 Meis2 Glut_4,160 PAG-SC Neurod2 Meis2 Glut,19 MB Glut,Glut,178,4.9742694,6.1993437,0.7752808988764045
4823,2793 PAG-SC Neurod2 Meis2 Glut_4,0693 PAG-SC Neurod2 Meis2 Glut_4,160 PAG-SC Neurod2 Meis2 Glut,19 MB Glut,Glut,233,5.1975837,6.4388294,0.776824034334764
4824,2794 PAG-SC Neurod2 Meis2 Glut_4,0693 PAG-SC Neurod2 Meis2 Glut_4,160 PAG-SC Neurod2 Meis2 Glut,19 MB Glut,Glut,126,5.6166306,6.511347,0.8253968253968254
4825,2786 PAG-SC Neurod2 Meis2 Glut_2,0691 PAG-SC Neurod2 Meis2 Glut_2,160 PAG-SC Neurod2 Meis2 Glut,19 MB Glut,Glut,179,4.976254,5.9761095,0.7932960893854749
4826,3359 SCop Pou4f2 Neurod2 Glut_1,0784 SCop Pou4f2 Neurod2 Glut_1,186 SCop Pou4f2 Neurod2 Glut,19 MB Glut,Glut,170,4.376173,5.78986,0.6941176470588235
4827,2787 PAG-SC Neurod2 Meis2 Glut_2,0691 PAG-SC Neurod2 Meis2 Glut_2,160 PAG-SC Neurod2 Meis2 Glut,19 MB Glut,Glut,47,4.5461864,5.7743797,0.7446808510638298
4828,2795 PAG-SC Neurod2 Meis2 Glut_4,0693 PAG-SC Neurod2 Meis2 Glut_4,160 PAG-SC Neurod2 Meis2 Glut,19 MB Glut,Glut,72,5.9424186,6.2994914,0.9166666666666666
4829,2796 PAG-SC Neurod2 Meis2 Glut_4,0693 PAG-SC Neurod2 Meis2 Glut_4,160 PAG-SC Neurod2 Meis2 Glut,19 MB Glut,Glut,89,4.704723,6.015385,0.7528089887640449
4830,2797 PAG-SC Neurod2 Meis2 Glut_4,0693 PAG-SC Neurod2 Meis2 Glut_4,160 PAG-SC Neurod2 Meis2 Glut,19 MB Glut,Glut,39,6.058804,5.930028,0.9743589743589743
4831,2788 PAG-SC Neurod2 Meis2 Glut_2,0691 PAG-SC Neurod2 Meis2 Glut_2,160 PAG-SC Neurod2 Meis2 Glut,19 MB Glut,Glut,79,4.96886,5.867498,0.8227848101265823
4832,2789 PAG-SC Neurod2 Meis2 Glut_2,0691 PAG-SC Neurod2 Meis2 Glut_2,160 PAG-SC Neurod2 Meis2 Glut,19 MB Glut,Glut,162,5.053213,5.7874517,0.8333333333333334
4833,2870 PAG-MRN Pou3f1 Glut_4,0707 PAG-MRN Pou3f1 Glut_4,165 PAG-MRN Pou3f1 Glut,19 MB Glut,Glut,147,4.601884,5.8146596,0.7551020408163265
4834,2741 PRC-PAG Pax6 Glut_3,0678 PRC-PAG Pax6 Glut_3,155 PRC-PAG Pax6 Glut,19 MB Glut,Glut,66,4.5734377,5.5761437,0.7727272727272727
4835,2727 PRC-PAG Pax6 Glut_1,0676 PRC-PAG Pax6 Glut_1,155 PRC-PAG Pax6 Glut,19 MB Glut,Glut,26,4.667987,5.760931,0.7692307692307693
4837,2931 SPA-SPFm-SPFp-POL-PIL-PoT Sp9 Glut_1,0718 SPA-SPFm-SPFp-POL-PIL-PoT Sp9 Glut_1,168 SPA-SPFm-SPFp-POL-PIL-PoT Sp9 Glut,19 MB Glut,Glut,3,6.176319,6.3043194,1.0
4838,3964 PB-SUT Tlx3 Lhx2 Glut_1,0903 PB-SUT Tlx3 Lhx2 Glut_1,219 PB-SUT Tlx3 Lhx2 Glut,23 P Glut,Glut,1,7.1905627,7.1905627,1.0
4839,2904 PRC-PAG Tcf7l2 Irx2 Glut_1,0713 PRC-PAG Tcf7l2 Irx2 Glut_1,167 PRC-PAG Tcf7l2 Irx2 Glut,19 MB Glut,Glut,202,4.9178944,6.039815,0.7772277227722773
4840,2905 PRC-PAG Tcf7l2 Irx2 Glut_1,0713 PRC-PAG Tcf7l2 Irx2 Glut_1,167 PRC-PAG Tcf7l2 Irx2 Glut,19 MB Glut,Glut,108,4.601093,5.5832334,0.75
4841,2728 PRC-PAG Pax6 Glut_1,0676 PRC-PAG Pax6 Glut_1,155 PRC-PAG Pax6 Glut,19 MB Glut,Glut,56,5.695022,6.3669524,0.8928571428571429
4842,2729 PRC-PAG Pax6 Glut_1,0676 PRC-PAG Pax6 Glut_1,155 PRC-PAG Pax6 Glut,19 MB Glut,Glut,100,4.332974,5.5269194,0.69
4843,2897 PRC-PAG Tcf7l2 Irx2 Glut_1,0713 PRC-PAG Tcf7l2 Irx2 Glut_1,167 PRC-PAG Tcf7l2 Irx2 Glut,19 MB Glut,Glut,38,4.422563,6.1934514,0.6842105263157895
4844,2906 PRC-PAG Tcf7l2 Irx2 Glut_1,0713 PRC-PAG Tcf7l2 Irx2 Glut_1,167 PRC-PAG Tcf7l2 Irx2 Glut,19 MB Glut,Glut,154,4.716873,5.9374514,0.7662337662337663
4845,2976 SPA-SPFm-SPFp-POL-PIL-PoT Sp9 Glut_6,0723 SPA-SPFm-SPFp-POL-PIL-PoT Sp9 Glut_6,168 SPA-SPFm-SPFp-POL-PIL-PoT Sp9 Glut,19 MB Glut,Glut,2,2.7230134,2.7230134,0.5
4846,2977 SPA-SPFm-SPFp-POL-PIL-PoT Sp9 Glut_6,0723 SPA-SPFm-SPFp-POL-PIL-PoT Sp9 Glut_6,168 SPA-SPFm-SPFp-POL-PIL-PoT Sp9 Glut,19 MB Glut,Glut,4,6.1485405,6.0586476,1.0
4847,2978 SPA-SPFm-SPFp-POL-PIL-PoT Sp9 Glut_6,0723 SPA-SPFm-SPFp-POL-PIL-PoT Sp9 Glut_6,168 SPA-SPFm-SPFp-POL-PIL-PoT Sp9 Glut,19 MB Glut,Glut,18,4.60021,5.8649697,0.7222222222222222
4848,2932 SPA-SPFm-SPFp-POL-PIL-PoT Sp9 Glut_1,0718 SPA-SPFm-SPFp-POL-PIL-PoT Sp9 Glut_1,168 SPA-SPFm-SPFp-POL-PIL-PoT Sp9 Glut,19 MB Glut,Glut,42,4.9043174,5.824809,0.8333333333333334
4849,2804 PAG Pou4f3 Glut_1,0694 PAG Pou4f3 Glut_1,161 PAG Pou4f3 Glut,19 MB Glut,Glut,85,4.3457856,5.692776,0.7058823529411765
4850,2933 SPA-SPFm-SPFp-POL-PIL-PoT Sp9 Glut_1,0718 SPA-SPFm-SPFp-POL-PIL-PoT Sp9 Glut_1,168 SPA-SPFm-SPFp-POL-PIL-PoT Sp9 Glut,19 MB Glut,Glut,174,5.246738,6.043761,0.8333333333333334
4852,2979 SPA-SPFm-SPFp-POL-PIL-PoT Sp9 Glut_6,0723 SPA-SPFm-SPFp-POL-PIL-PoT Sp9 Glut_6,168 SPA-SPFm-SPFp-POL-PIL-PoT Sp9 Glut,19 MB Glut,Glut,16,4.7860317,6.1351347,0.75
4853,2980 SPA-SPFm-SPFp-POL-PIL-PoT Sp9 Glut_6,0723 SPA-SPFm-SPFp-POL-PIL-PoT Sp9 Glut_6,168 SPA-SPFm-SPFp-POL-PIL-PoT Sp9 Glut,19 MB Glut,Glut,11,5.6828084,6.6365237,0.8181818181818182
4854,2926 SPA-SPFm-SPFp-POL-PIL-PoT Sp9 Glut_1,0718 SPA-SPFm-SPFp-POL-PIL-PoT Sp9 Glut_1,168 SPA-SPFm-SPFp-POL-PIL-PoT Sp9 Glut,19 MB Glut,Glut,29,6.058135,6.4368134,0.9310344827586207
4856,2981 SPA-SPFm-SPFp-POL-PIL-PoT Sp9 Glut_6,0723 SPA-SPFm-SPFp-POL-PIL-PoT Sp9 Glut_6,168 SPA-SPFm-SPFp-POL-PIL-PoT Sp9 Glut,19 MB Glut,Glut,15,5.1907754,5.584471,0.8666666666666667
4857,2982 SPA-SPFm-SPFp-POL-PIL-PoT Sp9 Glut_6,0723 SPA-SPFm-SPFp-POL-PIL-PoT Sp9 Glut_6,168 SPA-SPFm-SPFp-POL-PIL-PoT Sp9 Glut,19 MB Glut,Glut,14,6.0125885,6.3694253,0.9285714285714286
4858,2934 SPA-SPFm-SPFp-POL-PIL-PoT Sp9 Glut_1,0718 SPA-SPFm-SPFp-POL-PIL-PoT Sp9 Glut_1,168 SPA-SPFm-SPFp-POL-PIL-PoT Sp9 Glut,19 MB Glut,Glut,61,4.833119,5.7771225,0.8032786885245902
4859,2802 PAG Pou4f3 Glut_1,0694 PAG Pou4f3 Glut_1,161 PAG Pou4f3 Glut,19 MB Glut,Glut,48,4.5262814,5.5739365,0.75
4860,2940 SPA-SPFm-SPFp-POL-PIL-PoT Sp9 Glut_2,0719 SPA-SPFm-SPFp-POL-PIL-PoT Sp9 Glut_2,168 SPA-SPFm-SPFp-POL-PIL-PoT Sp9 Glut,19 MB Glut,Glut,41,5.5656257,6.2642884,0.8780487804878049
4861,2937 SPA-SPFm-SPFp-POL-PIL-PoT Sp9 Glut_1,0718 SPA-SPFm-SPFp-POL-PIL-PoT Sp9 Glut_1,168 SPA-SPFm-SPFp-POL-PIL-PoT Sp9 Glut,19 MB Glut,Glut,144,4.2382574,5.3784976,0.6944444444444444
4862,2925 SPA-SPFm-SPFp-POL-PIL-PoT Sp9 Glut_1,0718 SPA-SPFm-SPFp-POL-PIL-PoT Sp9 Glut_1,168 SPA-SPFm-SPFp-POL-PIL-PoT Sp9 Glut,19 MB Glut,Glut,35,5.747956,6.9563246,0.8285714285714286
4863,2798 PAG Pou4f3 Glut_1,0694 PAG Pou4f3 Glut_1,161 PAG Pou4f3 Glut,19 MB Glut,Glut,741,4.6556187,5.728198,0.7557354925775979
4864,2809 PAG Pou4f3 Glut_2,0695 PAG Pou4f3 Glut_2,161 PAG Pou4f3 Glut,19 MB Glut,Glut,544,4.7077837,5.867085,0.7518382352941176
4865,2805 PAG Pou4f3 Glut_1,0694 PAG Pou4f3 Glut_1,161 PAG Pou4f3 Glut,19 MB Glut,Glut,63,5.9340544,6.353337,0.9365079365079365
4866,2810 PAG Pou4f3 Glut_2,0695 PAG Pou4f3 Glut_2,161 PAG Pou4f3 Glut,19 MB Glut,Glut,43,5.604805,5.9370236,0.9069767441860465
4867,2799 PAG Pou4f3 Glut_1,0694 PAG Pou4f3 Glut_1,161 PAG Pou4f3 Glut,19 MB Glut,Glut,126,4.478689,6.0034504,0.6984126984126984
4868,2800 PAG Pou4f3 Glut_1,0694 PAG Pou4f3 Glut_1,161 PAG Pou4f3 Glut,19 MB Glut,Glut,398,4.9952626,6.041832,0.7964824120603015
4869,2803 PAG Pou4f3 Glut_1,0694 PAG Pou4f3 Glut_1,161 PAG Pou4f3 Glut,19 MB Glut,Glut,569,4.8241954,5.9166465,0.7750439367311072
4870,2806 PAG Pou4f3 Glut_1,0694 PAG Pou4f3 Glut_1,161 PAG Pou4f3 Glut,19 MB Glut,Glut,74,4.5781827,5.520908,0.7837837837837838
4871,2807 PAG Pou4f3 Glut_1,0694 PAG Pou4f3 Glut_1,161 PAG Pou4f3 Glut,19 MB Glut,Glut,41,3.3318868,4.7085795,0.5609756097560976
4872,3203 SC Bnc2 Glut_1,0756 SC Bnc2 Glut_1,175 SC Bnc2 Glut,19 MB Glut,Glut,191,4.621865,5.906485,0.7277486910994765
4873,3206 SC Bnc2 Glut_3,0758 SC Bnc2 Glut_3,175 SC Bnc2 Glut,19 MB Glut,Glut,110,4.7028294,5.9967566,0.7363636363636363
4874,3207 SC Bnc2 Glut_3,0758 SC Bnc2 Glut_3,175 SC Bnc2 Glut,19 MB Glut,Glut,199,4.700333,6.025462,0.7386934673366834
4875,3208 SC Bnc2 Glut_3,0758 SC Bnc2 Glut_3,175 SC Bnc2 Glut,19 MB Glut,Glut,30,5.0390043,5.9949913,0.8
4876,3234 SCig Foxb1 Glut_4,0763 SCig Foxb1 Glut_4,176 SCig Foxb1 Glut,19 MB Glut,Glut,43,6.0375056,6.5131483,0.9302325581395349
4877,3237 SCig Foxb1 Glut_4,0763 SCig Foxb1 Glut_4,176 SCig Foxb1 Glut,19 MB Glut,Glut,97,5.2787166,6.1008,0.8350515463917526
4878,3238 SCig Foxb1 Glut_4,0763 SCig Foxb1 Glut_4,176 SCig Foxb1 Glut,19 MB Glut,Glut,108,5.0003858,5.8496413,0.8148148148148148
4879,3239 SCig Foxb1 Glut_4,0763 SCig Foxb1 Glut_4,176 SCig Foxb1 Glut,19 MB Glut,Glut,78,4.0233054,5.763751,0.6282051282051282
4880,3194 PAG Pou4f2 Mesi2 Glut_4,0753 PAG Pou4f2 Mesi2 Glut_4,174 PAG Pou4f2 Mesi2 Glut,19 MB Glut,Glut,91,4.495687,5.845499,0.7142857142857143
4881,3204 SC Bnc2 Glut_2,0757 SC Bnc2 Glut_2,175 SC Bnc2 Glut,19 MB Glut,Glut,184,5.3077116,6.147235,0.8315217391304348
4882,3205 SC Bnc2 Glut_2,0757 SC Bnc2 Glut_2,175 SC Bnc2 Glut,19 MB Glut,Glut,212,5.24591,6.2003803,0.8066037735849056
4883,3235 SCig Foxb1 Glut_4,0763 SCig Foxb1 Glut_4,176 SCig Foxb1 Glut,19 MB Glut,Glut,41,3.6976194,5.07908,0.6097560975609756
4884,3186 PAG Pou4f2 Mesi2 Glut_2,0751 PAG Pou4f2 Mesi2 Glut_2,174 PAG Pou4f2 Mesi2 Glut,19 MB Glut,Glut,204,4.1914306,5.457699,0.696078431372549
4885,3201 PAG Pou4f2 Mesi2 Glut_6,0755 PAG Pou4f2 Mesi2 Glut_6,174 PAG Pou4f2 Mesi2 Glut,19 MB Glut,Glut,301,4.373409,5.597206,0.7209302325581395
4886,3176 PAG Pou4f2 Mesi2 Glut_1,0750 PAG Pou4f2 Mesi2 Glut_1,174 PAG Pou4f2 Mesi2 Glut,19 MB Glut,Glut,236,4.357184,5.601075,0.7033898305084746
4887,3177 PAG Pou4f2 Mesi2 Glut_1,0750 PAG Pou4f2 Mesi2 Glut_1,174 PAG Pou4f2 Mesi2 Glut,19 MB Glut,Glut,174,5.105884,6.092819,0.8160919540229885
4888,3181 PAG Pou4f2 Mesi2 Glut_2,0751 PAG Pou4f2 Mesi2 Glut_2,174 PAG Pou4f2 Mesi2 Glut,19 MB Glut,Glut,723,4.40316,5.4849977,0.7441217150760719
4889,3182 PAG Pou4f2 Mesi2 Glut_2,0751 PAG Pou4f2 Mesi2 Glut_2,174 PAG Pou4f2 Mesi2 Glut,19 MB Glut,Glut,129,4.479699,5.430623,0.7596899224806202
4890,3183 PAG Pou4f2 Mesi2 Glut_2,0751 PAG Pou4f2 Mesi2 Glut_2,174 PAG Pou4f2 Mesi2 Glut,19 MB Glut,Glut,318,4.597847,5.777007,0.7515723270440252
4891,3196 PAG Pou4f2 Mesi2 Glut_5,0754 PAG Pou4f2 Mesi2 Glut_5,174 PAG Pou4f2 Mesi2 Glut,19 MB Glut,Glut,78,4.659486,5.789623,0.7692307692307693
4892,3189 PAG Pou4f2 Mesi2 Glut_3,0752 PAG Pou4f2 Mesi2 Glut_3,174 PAG Pou4f2 Mesi2 Glut,19 MB Glut,Glut,178,4.9284897,5.8724566,0.8033707865168539
4893,3197 PAG Pou4f2 Mesi2 Glut_5,0754 PAG Pou4f2 Mesi2 Glut_5,174 PAG Pou4f2 Mesi2 Glut,19 MB Glut,Glut,33,5.326339,6.007087,0.8484848484848485
4894,3198 PAG Pou4f2 Mesi2 Glut_5,0754 PAG Pou4f2 Mesi2 Glut_5,174 PAG Pou4f2 Mesi2 Glut,19 MB Glut,Glut,121,4.8072352,5.9176164,0.7768595041322314
4895,3185 PAG Pou4f2 Mesi2 Glut_2,0751 PAG Pou4f2 Mesi2 Glut_2,174 PAG Pou4f2 Mesi2 Glut,19 MB Glut,Glut,68,4.095847,5.238982,0.6764705882352942
4896,3236 SCig Foxb1 Glut_4,0763 SCig Foxb1 Glut_4,176 SCig Foxb1 Glut,19 MB Glut,Glut,331,4.607312,5.693446,0.7613293051359517
4897,3155 PAG Pou4f2 Glut_1,0745 PAG Pou4f2 Glut_1,173 PAG Pou4f2 Glut,19 MB Glut,Glut,142,4.512898,5.735179,0.7394366197183099
4898,3178 PAG Pou4f2 Mesi2 Glut_1,0750 PAG Pou4f2 Mesi2 Glut_1,174 PAG Pou4f2 Mesi2 Glut,19 MB Glut,Glut,61,4.661131,5.897768,0.7540983606557377
4899,3179 PAG Pou4f2 Mesi2 Glut_1,0750 PAG Pou4f2 Mesi2 Glut_1,174 PAG Pou4f2 Mesi2 Glut,19 MB Glut,Glut,39,5.3744226,5.781297,0.9230769230769231
4900,3180 PAG Pou4f2 Mesi2 Glut_1,0750 PAG Pou4f2 Mesi2 Glut_1,174 PAG Pou4f2 Mesi2 Glut,19 MB Glut,Glut,136,4.742074,5.817139,0.7647058823529411
4901,3193 PAG Pou4f2 Mesi2 Glut_4,0753 PAG Pou4f2 Mesi2 Glut_4,174 PAG Pou4f2 Mesi2 Glut,19 MB Glut,Glut,76,4.2841506,5.55725,0.6973684210526315
4902,3184 PAG Pou4f2 Mesi2 Glut_2,0751 PAG Pou4f2 Mesi2 Glut_2,174 PAG Pou4f2 Mesi2 Glut,19 MB Glut,Glut,132,4.8144407,5.83746,0.7803030303030303
4903,3187 PAG Pou4f2 Mesi2 Glut_2,0751 PAG Pou4f2 Mesi2 Glut_2,174 PAG Pou4f2 Mesi2 Glut,19 MB Glut,Glut,115,4.7147274,5.5848694,0.808695652173913
4904,3190 PAG Pou4f2 Mesi2 Glut_3,0752 PAG Pou4f2 Mesi2 Glut_3,174 PAG Pou4f2 Mesi2 Glut,19 MB Glut,Glut,489,4.429938,5.5708003,0.7402862985685071
4905,3199 PAG Pou4f2 Mesi2 Glut_5,0754 PAG Pou4f2 Mesi2 Glut_5,174 PAG Pou4f2 Mesi2 Glut,19 MB Glut,Glut,212,3.9498324,5.2473993,0.6509433962264151
4906,3202 PAG Pou4f2 Mesi2 Glut_6,0755 PAG Pou4f2 Mesi2 Glut_6,174 PAG Pou4f2 Mesi2 Glut,19 MB Glut,Glut,71,4.804634,6.0311227,0.7605633802816901
4907,3240 SCig Foxb1 Glut_4,0763 SCig Foxb1 Glut_4,176 SCig Foxb1 Glut,19 MB Glut,Glut,38,5.5347686,6.2149277,0.868421052631579
4908,3195 PAG Pou4f2 Mesi2 Glut_4,0753 PAG Pou4f2 Mesi2 Glut_4,174 PAG Pou4f2 Mesi2 Glut,19 MB Glut,Glut,119,4.2031937,5.680369,0.680672268907563
4909,3191 PAG Pou4f2 Mesi2 Glut_3,0752 PAG Pou4f2 Mesi2 Glut_3,174 PAG Pou4f2 Mesi2 Glut,19 MB Glut,Glut,123,4.5588098,5.737505,0.7398373983739838
4910,3192 PAG Pou4f2 Mesi2 Glut_3,0752 PAG Pou4f2 Mesi2 Glut_3,174 PAG Pou4f2 Mesi2 Glut,19 MB Glut,Glut,190,4.6702404,5.7482824,0.7631578947368421
4911,3366 SCsg Pde5a Glut_3,0787 SCsg Pde5a Glut_3,187 SCsg Pde5a Glut,19 MB Glut,Glut,103,4.3447266,5.898558,0.6893203883495146
4912,3367 SCsg Pde5a Glut_3,0787 SCsg Pde5a Glut_3,187 SCsg Pde5a Glut,19 MB Glut,Glut,115,3.3151355,5.008609,0.5565217391304348
4913,3368 SCsg Pde5a Glut_3,0787 SCsg Pde5a Glut_3,187 SCsg Pde5a Glut,19 MB Glut,Glut,35,3.4131262,4.660502,0.6
4914,3369 SCsg Pde5a Glut_3,0787 SCsg Pde5a Glut_3,187 SCsg Pde5a Glut,19 MB Glut,Glut,493,3.3493369,5.040728,0.5334685598377282
4915,3370 SCsg Pde5a Glut_3,0787 SCsg Pde5a Glut_3,187 SCsg Pde5a Glut,19 MB Glut,Glut,186,3.7726002,5.3009195,0.6129032258064516
4916,3361 SCsg Pde5a Glut_1,0785 SCsg Pde5a Glut_1,187 SCsg Pde5a Glut,19 MB Glut,Glut,281,4.3819404,5.737468,0.697508896797153
4917,3363 SCsg Pde5a Glut_2,0786 SCsg Pde5a Glut_2,187 SCsg Pde5a Glut,19 MB Glut,Glut,351,4.5611167,5.796473,0.7350427350427351
4918,3364 SCsg Pde5a Glut_2,0786 SCsg Pde5a Glut_2,187 SCsg Pde5a Glut,19 MB Glut,Glut,146,3.6547685,5.2865553,0.5753424657534246
4919,3365 SCsg Pde5a Glut_2,0786 SCsg Pde5a Glut_2,187 SCsg Pde5a Glut,19 MB Glut,Glut,56,4.631844,5.8552103,0.75
4920,3362 SCsg Pde5a Glut_1,0785 SCsg Pde5a Glut_1,187 SCsg Pde5a Glut,19 MB Glut,Glut,276,4.1246014,5.7574368,0.6413043478260869
4921,3221 SCig Foxb1 Glut_2,0761 SCig Foxb1 Glut_2,176 SCig Foxb1 Glut,19 MB Glut,Glut,191,4.667082,5.7355056,0.7591623036649214
4922,3241 SCig-an-PPT Foxb1 Glut_1,0764 SCig-an-PPT Foxb1 Glut_1,177 SCig-an-PPT Foxb1 Glut,19 MB Glut,Glut,83,4.8414593,5.8208885,0.7710843373493976
4923,3242 SCig-an-PPT Foxb1 Glut_1,0764 SCig-an-PPT Foxb1 Glut_1,177 SCig-an-PPT Foxb1 Glut,19 MB Glut,Glut,199,4.896336,5.9290924,0.7738693467336684
4924,3243 SCig-an-PPT Foxb1 Glut_1,0764 SCig-an-PPT Foxb1 Glut_1,177 SCig-an-PPT Foxb1 Glut,19 MB Glut,Glut,43,5.1451454,5.9588747,0.8372093023255814
4925,3244 SCig-an-PPT Foxb1 Glut_1,0764 SCig-an-PPT Foxb1 Glut_1,177 SCig-an-PPT Foxb1 Glut,19 MB Glut,Glut,83,4.6682954,5.5923247,0.7590361445783133
4926,3247 SCig-an-PPT Foxb1 Glut_1,0764 SCig-an-PPT Foxb1 Glut_1,177 SCig-an-PPT Foxb1 Glut,19 MB Glut,Glut,198,5.179468,6.0519466,0.8131313131313131
4927,3248 SCig-an-PPT Foxb1 Glut_1,0764 SCig-an-PPT Foxb1 Glut_1,177 SCig-an-PPT Foxb1 Glut,19 MB Glut,Glut,83,3.8952873,5.3942385,0.6385542168674698
4928,3233 SCig Foxb1 Glut_3,0762 SCig Foxb1 Glut_3,176 SCig Foxb1 Glut,19 MB Glut,Glut,159,4.2397294,5.755032,0.6666666666666666
4929,3249 SCig-an-PPT Foxb1 Glut_1,0764 SCig-an-PPT Foxb1 Glut_1,177 SCig-an-PPT Foxb1 Glut,19 MB Glut,Glut,958,4.201356,5.6066833,0.6711899791231732
4930,3245 SCig-an-PPT Foxb1 Glut_1,0764 SCig-an-PPT Foxb1 Glut_1,177 SCig-an-PPT Foxb1 Glut,19 MB Glut,Glut,242,4.607187,5.748227,0.7396694214876033
4931,3246 SCig-an-PPT Foxb1 Glut_1,0764 SCig-an-PPT Foxb1 Glut_1,177 SCig-an-PPT Foxb1 Glut,19 MB Glut,Glut,122,5.3399863,6.5131483,0.7950819672131147
4932,3222 SCig Foxb1 Glut_2,0761 SCig Foxb1 Glut_2,176 SCig Foxb1 Glut,19 MB Glut,Glut,149,4.3270454,5.829809,0.6845637583892618
4933,3223 SCig Foxb1 Glut_2,0761 SCig Foxb1 Glut_2,176 SCig Foxb1 Glut,19 MB Glut,Glut,136,3.9823918,5.094042,0.6691176470588235
4934,3224 SCig Foxb1 Glut_2,0761 SCig Foxb1 Glut_2,176 SCig Foxb1 Glut,19 MB Glut,Glut,152,4.147164,5.798649,0.6644736842105263
4935,3225 SCig Foxb1 Glut_2,0761 SCig Foxb1 Glut_2,176 SCig Foxb1 Glut,19 MB Glut,Glut,41,4.2777004,5.768431,0.6829268292682927
4936,3226 SCig Foxb1 Glut_2,0761 SCig Foxb1 Glut_2,176 SCig Foxb1 Glut,19 MB Glut,Glut,89,4.964132,5.8904696,0.797752808988764
4937,3250 SCig-an-PPT Foxb1 Glut_1,0764 SCig-an-PPT Foxb1 Glut_1,177 SCig-an-PPT Foxb1 Glut,19 MB Glut,Glut,68,4.5804334,5.6506796,0.7647058823529411
4938,3227 SCig Foxb1 Glut_3,0762 SCig Foxb1 Glut_3,176 SCig Foxb1 Glut,19 MB Glut,Glut,81,5.0996623,6.145212,0.7901234567901234
4939,3228 SCig Foxb1 Glut_3,0762 SCig Foxb1 Glut_3,176 SCig Foxb1 Glut,19 MB Glut,Glut,35,4.613282,5.320668,0.7714285714285715
4940,3229 SCig Foxb1 Glut_3,0762 SCig Foxb1 Glut_3,176 SCig Foxb1 Glut,19 MB Glut,Glut,166,3.9637358,5.477706,0.6385542168674698
4941,3230 SCig Foxb1 Glut_3,0762 SCig Foxb1 Glut_3,176 SCig Foxb1 Glut,19 MB Glut,Glut,116,3.8554409,5.393599,0.6120689655172413
4942,3231 SCig Foxb1 Glut_3,0762 SCig Foxb1 Glut_3,176 SCig Foxb1 Glut,19 MB Glut,Glut,330,4.7404923,6.0378723,0.7393939393939394
4943,3211 SCig Foxb1 Glut_1,0760 SCig Foxb1 Glut_1,176 SCig Foxb1 Glut,19 MB Glut,Glut,348,4.1246557,5.6046753,0.6724137931034483
4944,3251 SCig-an-PPT Foxb1 Glut_1,0764 SCig-an-PPT Foxb1 Glut_1,177 SCig-an-PPT Foxb1 Glut,19 MB Glut,Glut,15,5.4456077,6.313687,0.8666666666666667
4945,3212 SCig Foxb1 Glut_1,0760 SCig Foxb1 Glut_1,176 SCig Foxb1 Glut,19 MB Glut,Glut,233,4.666504,5.8192368,0.7424892703862661
4946,3213 SCig Foxb1 Glut_1,0760 SCig Foxb1 Glut_1,176 SCig Foxb1 Glut,19 MB Glut,Glut,82,4.429017,5.6980963,0.7073170731707317
4947,3214 SCig Foxb1 Glut_1,0760 SCig Foxb1 Glut_1,176 SCig Foxb1 Glut,19 MB Glut,Glut,223,4.4393663,5.7894545,0.7040358744394619
4948,3215 SCig Foxb1 Glut_1,0760 SCig Foxb1 Glut_1,176 SCig Foxb1 Glut,19 MB Glut,Glut,148,4.2281404,5.59084,0.6824324324324325
4949,3216 SCig Foxb1 Glut_1,0760 SCig Foxb1 Glut_1,176 SCig Foxb1 Glut,19 MB Glut,Glut,204,4.1897855,5.8512383,0.6519607843137255
4950,3220 SCig Foxb1 Glut_1,0760 SCig Foxb1 Glut_1,176 SCig Foxb1 Glut,19 MB Glut,Glut,129,4.8738065,6.1441045,0.7674418604651163
4951,3217 SCig Foxb1 Glut_1,0760 SCig Foxb1 Glut_1,176 SCig Foxb1 Glut,19 MB Glut,Glut,585,4.5321684,5.8304825,0.717948717948718
4952,3232 SCig Foxb1 Glut_3,0762 SCig Foxb1 Glut_3,176 SCig Foxb1 Glut,19 MB Glut,Glut,169,4.632581,6.0211864,0.7218934911242604
4953,3218 SCig Foxb1 Glut_1,0760 SCig Foxb1 Glut_1,176 SCig Foxb1 Glut,19 MB Glut,Glut,78,5.3184676,6.205968,0.8205128205128205
4954,3219 SCig Foxb1 Glut_1,0760 SCig Foxb1 Glut_1,176 SCig Foxb1 Glut,19 MB Glut,Glut,84,4.6643305,6.0291805,0.7142857142857143
4955,3342 CUN-PPN Evx2 Meis2 Glut_4,0779 CUN-PPN Evx2 Meis2 Glut_4,182 CUN-PPN Evx2 Meis2 Glut,19 MB Glut,Glut,65,4.410463,5.523735,0.7538461538461538
4956,2826 CUN Evx2 Lhx2 Glut_3,0699 CUN Evx2 Lhx2 Glut_3,162 CUN Evx2 Lhx2 Glut,19 MB Glut,Glut,65,4.575759,5.930922,0.7230769230769231
4957,2838 CUN Evx2 Lhx2 Glut_5,0701 CUN Evx2 Lhx2 Glut_5,162 CUN Evx2 Lhx2 Glut,19 MB Glut,Glut,66,5.209883,5.904075,0.8484848484848485
4958,2819 CUN Evx2 Lhx2 Glut_2,0698 CUN Evx2 Lhx2 Glut_2,162 CUN Evx2 Lhx2 Glut,19 MB Glut,Glut,72,3.4940073,5.1399193,0.5555555555555556
4959,2820 CUN Evx2 Lhx2 Glut_2,0698 CUN Evx2 Lhx2 Glut_2,162 CUN Evx2 Lhx2 Glut,19 MB Glut,Glut,96,5.281785,5.9114437,0.8645833333333334
4960,2827 CUN Evx2 Lhx2 Glut_3,0699 CUN Evx2 Lhx2 Glut_3,162 CUN Evx2 Lhx2 Glut,19 MB Glut,Glut,66,4.740113,6.021417,0.7424242424242424
4961,2828 CUN Evx2 Lhx2 Glut_3,0699 CUN Evx2 Lhx2 Glut_3,162 CUN Evx2 Lhx2 Glut,19 MB Glut,Glut,38,5.6710353,6.3676558,0.8947368421052632
4962,2813 CUN Evx2 Lhx2 Glut_1,0697 CUN Evx2 Lhx2 Glut_1,162 CUN Evx2 Lhx2 Glut,19 MB Glut,Glut,75,4.1610646,5.3222036,0.7066666666666667
4963,2814 CUN Evx2 Lhx2 Glut_1,0697 CUN Evx2 Lhx2 Glut_1,162 CUN Evx2 Lhx2 Glut,19 MB Glut,Glut,46,5.1830487,6.002227,0.8695652173913043
4964,3061 PAG-MRN Tfap2b Glut_1,0733 PAG-MRN Tfap2b Glut_1,170 PAG-MRN Tfap2b Glut,19 MB Glut,Glut,46,4.554652,5.7942414,0.7391304347826086
4965,2833 CUN Evx2 Lhx2 Glut_4,0700 CUN Evx2 Lhx2 Glut_4,162 CUN Evx2 Lhx2 Glut,19 MB Glut,Glut,79,4.69697,5.678663,0.7721518987341772
4966,2834 CUN Evx2 Lhx2 Glut_4,0700 CUN Evx2 Lhx2 Glut_4,162 CUN Evx2 Lhx2 Glut,19 MB Glut,Glut,47,5.430346,6.2631006,0.851063829787234
4967,2829 CUN Evx2 Lhx2 Glut_3,0699 CUN Evx2 Lhx2 Glut_3,162 CUN Evx2 Lhx2 Glut,19 MB Glut,Glut,64,4.3823295,5.6720605,0.6875
4968,2821 CUN Evx2 Lhx2 Glut_2,0698 CUN Evx2 Lhx2 Glut_2,162 CUN Evx2 Lhx2 Glut,19 MB Glut,Glut,213,4.9774604,5.9110665,0.8075117370892019
4969,2822 CUN Evx2 Lhx2 Glut_2,0698 CUN Evx2 Lhx2 Glut_2,162 CUN Evx2 Lhx2 Glut,19 MB Glut,Glut,169,3.678572,5.0008698,0.6094674556213018
4970,2823 CUN Evx2 Lhx2 Glut_2,0698 CUN Evx2 Lhx2 Glut_2,162 CUN Evx2 Lhx2 Glut,19 MB Glut,Glut,109,5.0865517,6.2018514,0.7981651376146789
4971,2837 CUN Evx2 Lhx2 Glut_5,0701 CUN Evx2 Lhx2 Glut_5,162 CUN Evx2 Lhx2 Glut,19 MB Glut,Glut,63,4.9155655,5.9550576,0.7777777777777778
4972,2835 CUN Evx2 Lhx2 Glut_4,0700 CUN Evx2 Lhx2 Glut_4,162 CUN Evx2 Lhx2 Glut,19 MB Glut,Glut,195,4.69189,5.722981,0.7692307692307693
4973,2815 CUN Evx2 Lhx2 Glut_1,0697 CUN Evx2 Lhx2 Glut_1,162 CUN Evx2 Lhx2 Glut,19 MB Glut,Glut,60,5.6375527,6.085191,0.9166666666666666
4974,2816 CUN Evx2 Lhx2 Glut_1,0697 CUN Evx2 Lhx2 Glut_1,162 CUN Evx2 Lhx2 Glut,19 MB Glut,Glut,65,4.8597703,6.0391045,0.7846153846153846
4975,2817 CUN Evx2 Lhx2 Glut_1,0697 CUN Evx2 Lhx2 Glut_1,162 CUN Evx2 Lhx2 Glut,19 MB Glut,Glut,180,4.8537498,5.775276,0.7944444444444444
4976,2818 CUN Evx2 Lhx2 Glut_1,0697 CUN Evx2 Lhx2 Glut_1,162 CUN Evx2 Lhx2 Glut,19 MB Glut,Glut,33,5.0603943,6.010238,0.8181818181818182
4977,2839 CUN Evx2 Lhx2 Glut_5,0701 CUN Evx2 Lhx2 Glut_5,162 CUN Evx2 Lhx2 Glut,19 MB Glut,Glut,82,4.906573,6.008828,0.7926829268292683
4978,2824 CUN Evx2 Lhx2 Glut_2,0698 CUN Evx2 Lhx2 Glut_2,162 CUN Evx2 Lhx2 Glut,19 MB Glut,Glut,50,5.3374314,6.0552273,0.84
4979,2825 CUN Evx2 Lhx2 Glut_2,0698 CUN Evx2 Lhx2 Glut_2,162 CUN Evx2 Lhx2 Glut,19 MB Glut,Glut,80,5.6498227,6.2191954,0.8875
4981,2830 CUN Evx2 Lhx2 Glut_3,0699 CUN Evx2 Lhx2 Glut_3,162 CUN Evx2 Lhx2 Glut,19 MB Glut,Glut,36,3.3557339,4.79338,0.5833333333333334
4982,2832 CUN Evx2 Lhx2 Glut_4,0700 CUN Evx2 Lhx2 Glut_4,162 CUN Evx2 Lhx2 Glut,19 MB Glut,Glut,108,4.7799315,5.550356,0.8055555555555556
4983,3320 CUN-PPN Evx2 Meis2 Glut_1,0776 CUN-PPN Evx2 Meis2 Glut_1,182 CUN-PPN Evx2 Meis2 Glut,19 MB Glut,Glut,48,4.824124,5.7050924,0.8125
4984,2836 CUN Evx2 Lhx2 Glut_4,0700 CUN Evx2 Lhx2 Glut_4,162 CUN Evx2 Lhx2 Glut,19 MB Glut,Glut,84,4.984776,5.962978,0.7976190476190477
4985,2840 CUN Evx2 Lhx2 Glut_5,0701 CUN Evx2 Lhx2 Glut_5,162 CUN Evx2 Lhx2 Glut,19 MB Glut,Glut,27,5.603815,6.023596,0.8888888888888888
4986,3263 SCiw Pitx2 Glut_1,0767 SCiw Pitx2 Glut_1,180 SCiw Pitx2 Glut,19 MB Glut,Glut,56,3.922169,4.8097234,0.7142857142857143
4987,3264 SCiw Pitx2 Glut_1,0767 SCiw Pitx2 Glut_1,180 SCiw Pitx2 Glut,19 MB Glut,Glut,78,4.191486,5.563865,0.7051282051282052
4988,3209 SC Bnc2 Glut_4,0759 SC Bnc2 Glut_4,175 SC Bnc2 Glut,19 MB Glut,Glut,138,5.2190433,6.120347,0.8188405797101449
4989,3273 SCiw Pitx2 Glut_2,0768 SCiw Pitx2 Glut_2,180 SCiw Pitx2 Glut,19 MB Glut,Glut,65,4.915671,5.8553457,0.8
4990,3274 SCiw Pitx2 Glut_2,0768 SCiw Pitx2 Glut_2,180 SCiw Pitx2 Glut,19 MB Glut,Glut,302,4.3437905,5.720071,0.7019867549668874
4991,3271 SCiw Pitx2 Glut_1,0767 SCiw Pitx2 Glut_1,180 SCiw Pitx2 Glut,19 MB Glut,Glut,39,4.85119,5.8126893,0.7948717948717948
4992,3275 SCiw Pitx2 Glut_2,0768 SCiw Pitx2 Glut_2,180 SCiw Pitx2 Glut,19 MB Glut,Glut,118,3.6997044,5.0834856,0.6101694915254238
4993,3279 SCiw Pitx2 Glut_3,0769 SCiw Pitx2 Glut_3,180 SCiw Pitx2 Glut,19 MB Glut,Glut,747,4.9289308,5.913952,0.7978580990629184
4994,3280 SCiw Pitx2 Glut_3,0769 SCiw Pitx2 Glut_3,180 SCiw Pitx2 Glut,19 MB Glut,Glut,812,4.5019794,5.7683935,0.7327586206896551
4995,3276 SCiw Pitx2 Glut_2,0768 SCiw Pitx2 Glut_2,180 SCiw Pitx2 Glut,19 MB Glut,Glut,34,4.7583284,5.5055256,0.8529411764705882
4996,3210 SC Bnc2 Glut_4,0759 SC Bnc2 Glut_4,175 SC Bnc2 Glut,19 MB Glut,Glut,65,5.113888,6.003585,0.8153846153846154
4997,3277 SCiw Pitx2 Glut_2,0768 SCiw Pitx2 Glut_2,180 SCiw Pitx2 Glut,19 MB Glut,Glut,332,4.5117483,5.7154074,0.7469879518072289
4998,3281 SCiw Pitx2 Glut_3,0769 SCiw Pitx2 Glut_3,180 SCiw Pitx2 Glut,19 MB Glut,Glut,104,4.63963,5.9299264,0.7403846153846154
4999,3278 SCiw Pitx2 Glut_2,0768 SCiw Pitx2 Glut_2,180 SCiw Pitx2 Glut,19 MB Glut,Glut,103,4.6175294,5.668471,0.7572815533980582
5000,3265 SCiw Pitx2 Glut_1,0767 SCiw Pitx2 Glut_1,180 SCiw Pitx2 Glut,19 MB Glut,Glut,78,4.3874764,5.444622,0.7435897435897436
5001,3266 SCiw Pitx2 Glut_1,0767 SCiw Pitx2 Glut_1,180 SCiw Pitx2 Glut,19 MB Glut,Glut,293,4.3908377,5.549605,0.7303754266211604
5002,3267 SCiw Pitx2 Glut_1,0767 SCiw Pitx2 Glut_1,180 SCiw Pitx2 Glut,19 MB Glut,Glut,53,5.0828195,5.431197,0.9056603773584906
5003,3268 SCiw Pitx2 Glut_1,0767 SCiw Pitx2 Glut_1,180 SCiw Pitx2 Glut,19 MB Glut,Glut,19,4.7294064,5.5449533,0.7894736842105263
5004,3269 SCiw Pitx2 Glut_1,0767 SCiw Pitx2 Glut_1,180 SCiw Pitx2 Glut,19 MB Glut,Glut,55,5.305193,5.8504205,0.8727272727272727
5005,2915 PRC-PAG Tcf7l2 Irx2 Glut_2,0714 PRC-PAG Tcf7l2 Irx2 Glut_2,167 PRC-PAG Tcf7l2 Irx2 Glut,19 MB Glut,Glut,40,4.557595,5.633212,0.775
5006,3270 SCiw Pitx2 Glut_1,0767 SCiw Pitx2 Glut_1,180 SCiw Pitx2 Glut,19 MB Glut,Glut,43,5.1513596,5.8510904,0.8604651162790697
5007,3272 SCiw Pitx2 Glut_1,0767 SCiw Pitx2 Glut_1,180 SCiw Pitx2 Glut,19 MB Glut,Glut,54,5.6511235,6.1900864,0.9074074074074074
5008,3371 SCop Sln Glut_1,0788 SCop Sln Glut_1,188 SCop Sln Glut,19 MB Glut,Glut,282,3.870321,4.9149103,0.7021276595744681
5009,3377 SCop Sln Glut_1,0788 SCop Sln Glut_1,188 SCop Sln Glut,19 MB Glut,Glut,143,3.2904837,4.4413958,0.6293706293706294
5010,3372 SCop Sln Glut_1,0788 SCop Sln Glut_1,188 SCop Sln Glut,19 MB Glut,Glut,474,3.2604086,4.4613295,0.6075949367088608
5011,3373 SCop Sln Glut_1,0788 SCop Sln Glut_1,188 SCop Sln Glut,19 MB Glut,Glut,234,3.6300268,4.7239494,0.6837606837606838
5012,3381 SCop Sln Glut_1,0788 SCop Sln Glut_1,188 SCop Sln Glut,19 MB Glut,Glut,97,2.343047,0.0,0.4639175257731959
5013,3374 SCop Sln Glut_1,0788 SCop Sln Glut_1,188 SCop Sln Glut,19 MB Glut,Glut,201,3.7636728,5.159968,0.6567164179104478
5014,3379 SCop Sln Glut_1,0788 SCop Sln Glut_1,188 SCop Sln Glut,19 MB Glut,Glut,52,3.292201,4.424288,0.5961538461538461
5015,3378 SCop Sln Glut_1,0788 SCop Sln Glut_1,188 SCop Sln Glut,19 MB Glut,Glut,192,3.949888,4.7602906,0.75
5016,3380 SCop Sln Glut_1,0788 SCop Sln Glut_1,188 SCop Sln Glut,19 MB Glut,Glut,54,1.7517096,0.0,0.3333333333333333
5017,3375 SCop Sln Glut_1,0788 SCop Sln Glut_1,188 SCop Sln Glut,19 MB Glut,Glut,40,3.4402325,5.2925787,0.575
5018,3376 SCop Sln Glut_1,0788 SCop Sln Glut_1,188 SCop Sln Glut,19 MB Glut,Glut,38,2.7070026,0.0,0.47368421052631576
5025,2704 MG-POL-SGN Nts Glut_1,0672 MG-POL-SGN Nts Glut_1,153 MG-POL-SGN Nts Glut,18 TH Glut,Glut,1,0.0,0.0,0.0
5028,2654 TH Prkcd Grin2c Glut_4,0657 TH Prkcd Grin2c Glut_4,151 TH Prkcd Grin2c Glut,18 TH Glut,Glut,5,4.9961424,6.132845,0.8
5030,2669 TH Prkcd Grin2c Glut_8,0661 TH Prkcd Grin2c Glut_8,151 TH Prkcd Grin2c Glut,18 TH Glut,Glut,6,4.3521194,6.056851,0.6666666666666666
5031,2670 TH Prkcd Grin2c Glut_8,0661 TH Prkcd Grin2c Glut_8,151 TH Prkcd Grin2c Glut,18 TH Glut,Glut,6,3.195061,2.5803983,0.5
5032,2671 TH Prkcd Grin2c Glut_8,0661 TH Prkcd Grin2c Glut_8,151 TH Prkcd Grin2c Glut,18 TH Glut,Glut,5,2.2632158,0.0,0.4
5033,2652 TH Prkcd Grin2c Glut_3,0656 TH Prkcd Grin2c Glut_3,151 TH Prkcd Grin2c Glut,18 TH Glut,Glut,3,4.6779723,6.454261,0.6666666666666666
5034,2667 TH Prkcd Grin2c Glut_7,0660 TH Prkcd Grin2c Glut_7,151 TH Prkcd Grin2c Glut,18 TH Glut,Glut,3,2.2701252,0.0,0.3333333333333333
5035,2665 TH Prkcd Grin2c Glut_7,0660 TH Prkcd Grin2c Glut_7,151 TH Prkcd Grin2c Glut,18 TH Glut,Glut,11,4.4489903,4.9059105,0.8181818181818182
5038,2634 CM-IAD-CL-PCN Sema5b Glut_1,0649 CM-IAD-CL-PCN Sema5b Glut_1,150 CM-IAD-CL-PCN Sema5b Glut,18 TH Glut,Glut,1,5.276924,5.276924,1.0
5045,2673 TH Prkcd Grin2c Glut_8,0661 TH Prkcd Grin2c Glut_8,151 TH Prkcd Grin2c Glut,18 TH Glut,Glut,3,3.9019434,5.202637,0.6666666666666666
5050,2678 TH Prkcd Grin2c Glut_10,0663 TH Prkcd Grin2c Glut_10,151 TH Prkcd Grin2c Glut,18 TH Glut,Glut,1,4.9952884,4.9952884,1.0
5056,2659 TH Prkcd Grin2c Glut_6,0659 TH Prkcd Grin2c Glut_6,151 TH Prkcd Grin2c Glut,18 TH Glut,Glut,8,3.0567718,2.3189378,0.5
5057,2672 TH Prkcd Grin2c Glut_8,0661 TH Prkcd Grin2c Glut_8,151 TH Prkcd Grin2c Glut,18 TH Glut,Glut,70,4.526284,5.721386,0.7428571428571429
5060,2662 TH Prkcd Grin2c Glut_6,0659 TH Prkcd Grin2c Glut_6,151 TH Prkcd Grin2c Glut,18 TH Glut,Glut,29,4.333535,5.6054697,0.7241379310344828
5061,2680 TH Prkcd Grin2c Glut_11,0664 TH Prkcd Grin2c Glut_11,151 TH Prkcd Grin2c Glut,18 TH Glut,Glut,1,5.1547146,5.1547146,1.0
5062,2660 TH Prkcd Grin2c Glut_6,0659 TH Prkcd Grin2c Glut_6,151 TH Prkcd Grin2c Glut,18 TH Glut,Glut,25,3.3008285,4.8004627,0.56
5063,2661 TH Prkcd Grin2c Glut_6,0659 TH Prkcd Grin2c Glut_6,151 TH Prkcd Grin2c Glut,18 TH Glut,Glut,10,3.5983882,4.837631,0.6
5071,2663 TH Prkcd Grin2c Glut_6,0659 TH Prkcd Grin2c Glut_6,151 TH Prkcd Grin2c Glut,18 TH Glut,Glut,5,2.1869416,0.0,0.4
5072,2664 TH Prkcd Grin2c Glut_6,0659 TH Prkcd Grin2c Glut_6,151 TH Prkcd Grin2c Glut,18 TH Glut,Glut,7,4.192988,5.9057736,0.7142857142857143
5077,2628 PVT-PT Ntrk1 Glut_4,0646 PVT-PT Ntrk1 Glut_4,149 PVT-PT Ntrk1 Glut,18 TH Glut,Glut,2,6.096674,6.096674,1.0
5078,2627 PVT-PT Ntrk1 Glut_4,0646 PVT-PT Ntrk1 Glut_4,149 PVT-PT Ntrk1 Glut,18 TH Glut,Glut,1,6.621343,6.621343,1.0
5085,2623 PVT-PT Ntrk1 Glut_2,0644 PVT-PT Ntrk1 Glut_2,149 PVT-PT Ntrk1 Glut,18 TH Glut,Glut,1,4.435703,4.435703,1.0
5086,2620 PVT-PT Ntrk1 Glut_2,0644 PVT-PT Ntrk1 Glut_2,149 PVT-PT Ntrk1 Glut,18 TH Glut,Glut,1,6.2473226,6.2473226,1.0
5090,2621 PVT-PT Ntrk1 Glut_2,0644 PVT-PT Ntrk1 Glut_2,149 PVT-PT Ntrk1 Glut,18 TH Glut,Glut,3,4.66293,4.6213665,1.0
5105,2710 PF Fzd5 Glut_1,0674 PF Fzd5 Glut_1,154 PF Fzd5 Glut,18 TH Glut,Glut,11,6.4126477,6.1012487,1.0
5109,2722 PF Fzd5 Glut_2,0675 PF Fzd5 Glut_2,154 PF Fzd5 Glut,18 TH Glut,Glut,1,0.0,0.0,0.0
5110,2724 PF Fzd5 Glut_2,0675 PF Fzd5 Glut_2,154 PF Fzd5 Glut,18 TH Glut,Glut,46,5.2902994,5.792648,0.9130434782608695
5111,2717 PF Fzd5 Glut_1,0674 PF Fzd5 Glut_1,154 PF Fzd5 Glut,18 TH Glut,Glut,4,6.209515,6.1586514,1.0
5112,2725 PF Fzd5 Glut_2,0675 PF Fzd5 Glut_2,154 PF Fzd5 Glut,18 TH Glut,Glut,6,6.120835,6.4635477,1.0
5113,2718 PF Fzd5 Glut_1,0674 PF Fzd5 Glut_1,154 PF Fzd5 Glut,18 TH Glut,Glut,3,4.326797,6.008932,0.6666666666666666
5114,2719 PF Fzd5 Glut_1,0674 PF Fzd5 Glut_1,154 PF Fzd5 Glut,18 TH Glut,Glut,15,4.3544693,5.6377153,0.7333333333333333
5115,2723 PF Fzd5 Glut_2,0675 PF Fzd5 Glut_2,154 PF Fzd5 Glut,18 TH Glut,Glut,4,3.6589484,4.102536,0.75
5117,2711 PF Fzd5 Glut_1,0674 PF Fzd5 Glut_1,154 PF Fzd5 Glut,18 TH Glut,Glut,12,5.169421,6.268836,0.8333333333333334
5118,2712 PF Fzd5 Glut_1,0674 PF Fzd5 Glut_1,154 PF Fzd5 Glut,18 TH Glut,Glut,1,4.513296,4.513296,1.0
5119,2713 PF Fzd5 Glut_1,0674 PF Fzd5 Glut_1,154 PF Fzd5 Glut,18 TH Glut,Glut,7,5.654672,6.301867,0.8571428571428571
5120,2714 PF Fzd5 Glut_1,0674 PF Fzd5 Glut_1,154 PF Fzd5 Glut,18 TH Glut,Glut,20,4.395045,5.0826635,0.8
5121,2715 PF Fzd5 Glut_1,0674 PF Fzd5 Glut_1,154 PF Fzd5 Glut,18 TH Glut,Glut,2,6.905767,6.905767,1.0
5130,2956 SPA-SPFm-SPFp-POL-PIL-PoT Sp9 Glut_4,0721 SPA-SPFm-SPFp-POL-PIL-PoT Sp9 Glut_4,168 SPA-SPFm-SPFp-POL-PIL-PoT Sp9 Glut,19 MB Glut,Glut,5,4.4335203,5.1727962,0.8
5131,2957 SPA-SPFm-SPFp-POL-PIL-PoT Sp9 Glut_4,0721 SPA-SPFm-SPFp-POL-PIL-PoT Sp9 Glut_4,168 SPA-SPFm-SPFp-POL-PIL-PoT Sp9 Glut,19 MB Glut,Glut,8,2.9612396,2.4986596,0.5
5132,2958 SPA-SPFm-SPFp-POL-PIL-PoT Sp9 Glut_4,0721 SPA-SPFm-SPFp-POL-PIL-PoT Sp9 Glut_4,168 SPA-SPFm-SPFp-POL-PIL-PoT Sp9 Glut,19 MB Glut,Glut,34,3.2150304,4.7413287,0.5882352941176471
5133,2959 SPA-SPFm-SPFp-POL-PIL-PoT Sp9 Glut_4,0721 SPA-SPFm-SPFp-POL-PIL-PoT Sp9 Glut_4,168 SPA-SPFm-SPFp-POL-PIL-PoT Sp9 Glut,19 MB Glut,Glut,2,5.790507,5.790507,1.0
5134,2983 SPA-SPFm-SPFp-POL-PIL-PoT Sp9 Glut_7,0724 SPA-SPFm-SPFp-POL-PIL-PoT Sp9 Glut_7,168 SPA-SPFm-SPFp-POL-PIL-PoT Sp9 Glut,19 MB Glut,Glut,34,4.2362175,5.6251,0.7058823529411765
5135,2960 SPA-SPFm-SPFp-POL-PIL-PoT Sp9 Glut_4,0721 SPA-SPFm-SPFp-POL-PIL-PoT Sp9 Glut_4,168 SPA-SPFm-SPFp-POL-PIL-PoT Sp9 Glut,19 MB Glut,Glut,1,5.886298,5.886298,1.0
5136,2984 SPA-SPFm-SPFp-POL-PIL-PoT Sp9 Glut_7,0724 SPA-SPFm-SPFp-POL-PIL-PoT Sp9 Glut_7,168 SPA-SPFm-SPFp-POL-PIL-PoT Sp9 Glut,19 MB Glut,Glut,7,4.5576296,5.1258926,0.8571428571428571
5137,2985 SPA-SPFm-SPFp-POL-PIL-PoT Sp9 Glut_7,0724 SPA-SPFm-SPFp-POL-PIL-PoT Sp9 Glut_7,168 SPA-SPFm-SPFp-POL-PIL-PoT Sp9 Glut,19 MB Glut,Glut,7,3.2275789,4.7109194,0.5714285714285714
5138,2961 SPA-SPFm-SPFp-POL-PIL-PoT Sp9 Glut_4,0721 SPA-SPFm-SPFp-POL-PIL-PoT Sp9 Glut_4,168 SPA-SPFm-SPFp-POL-PIL-PoT Sp9 Glut,19 MB Glut,Glut,21,3.6608357,4.8513002,0.6190476190476191
5139,2986 SPA-SPFm-SPFp-POL-PIL-PoT Sp9 Glut_7,0724 SPA-SPFm-SPFp-POL-PIL-PoT Sp9 Glut_7,168 SPA-SPFm-SPFp-POL-PIL-PoT Sp9 Glut,19 MB Glut,Glut,13,4.397479,5.4480395,0.7692307692307693
5140,2942 SPA-SPFm-SPFp-POL-PIL-PoT Sp9 Glut_2,0719 SPA-SPFm-SPFp-POL-PIL-PoT Sp9 Glut_2,168 SPA-SPFm-SPFp-POL-PIL-PoT Sp9 Glut,19 MB Glut,Glut,14,4.507724,5.320553,0.7857142857142857
5143,2967 SPA-SPFm-SPFp-POL-PIL-PoT Sp9 Glut_5,0722 SPA-SPFm-SPFp-POL-PIL-PoT Sp9 Glut_5,168 SPA-SPFm-SPFp-POL-PIL-PoT Sp9 Glut,19 MB Glut,Glut,4,4.31808,5.2968206,0.75
5144,2962 SPA-SPFm-SPFp-POL-PIL-PoT Sp9 Glut_4,0721 SPA-SPFm-SPFp-POL-PIL-PoT Sp9 Glut_4,168 SPA-SPFm-SPFp-POL-PIL-PoT Sp9 Glut,19 MB Glut,Glut,33,4.1081696,4.856433,0.696969696969697
5145,2987 SPA-SPFm-SPFp-POL-PIL-PoT Sp9 Glut_7,0724 SPA-SPFm-SPFp-POL-PIL-PoT Sp9 Glut_7,168 SPA-SPFm-SPFp-POL-PIL-PoT Sp9 Glut,19 MB Glut,Glut,49,3.6048708,5.143546,0.6122448979591837
5146,2963 SPA-SPFm-SPFp-POL-PIL-PoT Sp9 Glut_4,0721 SPA-SPFm-SPFp-POL-PIL-PoT Sp9 Glut_4,168 SPA-SPFm-SPFp-POL-PIL-PoT Sp9 Glut,19 MB Glut,Glut,2,5.906002,5.906002,1.0
5147,2964 SPA-SPFm-SPFp-POL-PIL-PoT Sp9 Glut_4,0721 SPA-SPFm-SPFp-POL-PIL-PoT Sp9 Glut_4,168 SPA-SPFm-SPFp-POL-PIL-PoT Sp9 Glut,19 MB Glut,Glut,2,6.1456814,6.1456814,1.0
5148,2708 MG-POL-SGN Nts Glut_2,0673 MG-POL-SGN Nts Glut_2,153 MG-POL-SGN Nts Glut,18 TH Glut,Glut,2,6.8746014,6.8746014,1.0
5149,4606 Pineal Crx Glut_1,1030 Pineal Crx Glut_1,262 Pineal Crx Glut,25 Pineal Glut,Glut,96,4.963447,6.5089884,0.6979166666666666
5153,5202 DCO UBC Glut_1,1156 DCO UBC Glut_1,315 DCO UBC Glut,29 CB Glut,Glut,10,3.5047612,3.0082808,0.5
5155,5204 DCO UBC Glut_1,1156 DCO UBC Glut_1,315 DCO UBC Glut,29 CB Glut,Glut,14,3.8669841,5.801022,0.5714285714285714
5156,5205 DCO UBC Glut_1,1156 DCO UBC Glut_1,315 DCO UBC Glut,29 CB Glut,Glut,3,6.3200836,6.0886416,1.0
5157,5200 CB Granule Glut_2,1155 CB Granule Glut_2,314 CB Granule Glut,29 CB Glut,Glut,2,3.6229384,3.6229384,0.5
5158,5201 CB Granule Glut_2,1155 CB Granule Glut_2,314 CB Granule Glut,29 CB Glut,Glut,490,4.579335,7.269519,0.5693877551020409
5203,5269 OPC NN_1,1179 OPC NN_1,326 OPC NN,31 OPC-Oligo,,14075,6.4075866,7.5908966,0.8216696269982238
5204,5271 OPC NN_2,1180 OPC NN_2,326 OPC NN,31 OPC-Oligo,,65,6.6399455,8.092355,0.8
5206,5267 OPC NN_1,1179 OPC NN_1,326 OPC NN,31 OPC-Oligo,,52,6.94574,7.490382,0.9230769230769231
5207,5270 OPC NN_1,1179 OPC NN_1,326 OPC NN,31 OPC-Oligo,,534,6.5890603,7.4900837,0.8632958801498127
5208,5268 OPC NN_1,1179 OPC NN_1,326 OPC NN,31 OPC-Oligo,,68,6.0228524,7.1736794,0.7941176470588235
5211,5272 COP NN_1,1181 COP NN_1,327 Oligo NN,31 OPC-Oligo,,1140,4.9489665,6.4372435,0.7078947368421052
5212,5273 COP NN_1,1181 COP NN_1,327 Oligo NN,31 OPC-Oligo,,470,4.680849,6.111357,0.6957446808510638
5213,5274 COP NN_1,1181 COP NN_1,327 Oligo NN,31 OPC-Oligo,,3,2.8058774,0.0,0.3333333333333333
5214,5275 COP NN_1,1181 COP NN_1,327 Oligo NN,31 OPC-Oligo,,173,4.624861,6.0594935,0.7052023121387283
5215,5276 COP NN_1,1181 COP NN_1,327 Oligo NN,31 OPC-Oligo,,79,5.7011237,6.2576065,0.8987341772151899
5218,5279 NFOL NN_2,1182 NFOL NN_2,327 Oligo NN,31 OPC-Oligo,,79,5.5540338,6.1676884,0.8734177215189873
5220,5280 NFOL NN_2,1182 NFOL NN_2,327 Oligo NN,31 OPC-Oligo,,200,4.487949,5.60446,0.74
5222,5281 NFOL NN_2,1182 NFOL NN_2,327 Oligo NN,31 OPC-Oligo,,68,6.537443,6.9790473,0.9264705882352942
5230,5284 MOL NN_4,1184 MOL NN_4,327 Oligo NN,31 OPC-Oligo,,24016,7.73049,8.193407,0.9471602265156562
5231,5285 MOL NN_4,1184 MOL NN_4,327 Oligo NN,31 OPC-Oligo,,50124,8.171404,8.759103,0.9358989705530285
5232,5286 MOL NN_4,1184 MOL NN_4,327 Oligo NN,31 OPC-Oligo,,691,6.059366,6.7999167,0.8755426917510853
5233,5287 MOL NN_4,1184 MOL NN_4,327 Oligo NN,31 OPC-Oligo,,481,8.173516,8.639232,0.9542619542619543
5234,5282 MFOL NN_3,1183 MFOL NN_3,327 Oligo NN,31 OPC-Oligo,,1108,8.036565,8.171885,0.990072202166065
5236,5283 MFOL NN_3,1183 MFOL NN_3,327 Oligo NN,31 OPC-Oligo,,53,7.505702,7.6577663,0.9811320754716981
5237,5288 MOL NN_4,1184 MOL NN_4,327 Oligo NN,31 OPC-Oligo,,70,8.308232,8.432114,1.0
5243,5304 Peri NN_1,1191 Peri NN_1,331 Peri NN,33 Vascular,,3259,3.0584385,0.0,0.3798711261123044
5244,5306 SMC NN_1,1192 SMC NN_1,332 SMC NN,33 Vascular,,684,3.7403407,0.0,0.47953216374269003
5248,5305 Peri NN_1,1191 Peri NN_1,331 Peri NN,33 Vascular,,23,2.536026,0.0,0.30434782608695654
5249,5307 SMC NN_1,1192 SMC NN_1,332 SMC NN,33 Vascular,,1026,4.9029827,6.959236,0.6384015594541911
5250,5308 SMC NN_1,1192 SMC NN_1,332 SMC NN,33 Vascular,,15,6.3041906,7.0454426,0.8666666666666667
5252,5309 Endo NN_1,1193 Endo NN_1,333 Endo NN,33 Vascular,,997,4.033204,6.040393,0.5536609829488466
5254,5310 Endo NN_1,1193 Endo NN_1,333 Endo NN,33 Vascular,,6320,3.2272718,0.0,0.41313291139240504
5255,5311 Endo NN_1,1193 Endo NN_1,333 Endo NN,33 Vascular,,4513,4.8237815,6.7747235,0.6490139596720585
5256,5293 ABC NN_1,1186 ABC NN_1,329 ABC NN,33 Vascular,,52,3.9466898,5.964014,0.5576923076923077
5257,5294 ABC NN_1,1186 ABC NN_1,329 ABC NN,33 Vascular,,1,8.409319,8.409319,1.0
5258,5295 ABC NN_1,1186 ABC NN_1,329 ABC NN,33 Vascular,,7,7.0342784,7.2788095,1.0
5259,5296 VLMC NN_1,1187 VLMC NN_1,330 VLMC NN,33 Vascular,,26,4.437071,6.144579,0.6538461538461539
5260,5297 VLMC NN_1,1187 VLMC NN_1,330 VLMC NN,33 Vascular,,8,6.337939,7.447526,0.875
5261,5301 VLMC NN_2,1188 VLMC NN_2,330 VLMC NN,33 Vascular,,749,3.6894374,0.0,0.4833110814419226
5262,5300 VLMC NN_2,1188 VLMC NN_2,330 VLMC NN,33 Vascular,,63,3.4841163,0.0,0.49206349206349204
5263,5298 VLMC NN_1,1187 VLMC NN_1,330 VLMC NN,33 Vascular,,129,3.9956443,6.324883,0.5503875968992248
5264,5302 VLMC NN_3,1189 VLMC NN_3,330 VLMC NN,33 Vascular,,3,4.423136,6.5179906,0.6666666666666666
5266,5299 VLMC NN_1,1187 VLMC NN_1,330 VLMC NN,33 Vascular,,15,3.181187,0.0,0.4666666666666667
5267,5313 BAM NN_1,1195 BAM NN_1,335 BAM NN,34 Immune,,198,4.356871,6.6733294,0.5757575757575758
5268,5314 BAM NN_1,1195 BAM NN_1,335 BAM NN,34 Immune,,252,5.004614,6.7423687,0.6785714285714286
5272,5320 ILC NN_2,1199 ILC NN_2,338 Lymphoid NN,34 Immune,,3,4.702446,6.9328966,0.6666666666666666
5273,5322 T cells NN_4,1201 T cells NN_4,338 Lymphoid NN,34 Immune,,13,0.0,0.0,0.0
5274,5321 NK cells NN_3,1200 NK cells NN_3,338 Lymphoid NN,34 Immune,,15,0.0,0.0,0.0
5275,5319 B cells NN_1,1198 B cells NN_1,338 Lymphoid NN,34 Immune,,7,1.0752633,0.0,0.14285714285714285
5276,5315 Monocytes NN_1,1196 Monocytes NN_1,336 Monocytes NN,34 Immune,,4,0.0,0.0,0.0
5277,5316 DC NN_1,1197 DC NN_1,337 DC NN,34 Immune,,1,7.35926,7.35926,1.0
5278,5317 DC NN_1,1197 DC NN_1,337 DC NN,34 Immune,,12,5.6114087,6.4708047,0.8333333333333334
5279,5318 DC NN_1,1197 DC NN_1,337 DC NN,34 Immune,,13,3.3436675,0.0,0.46153846153846156
5283,5312 Microglia NN_1,1194 Microglia NN_1,334 Microglia NN,34 Immune,,7630,4.1829667,6.6280394,0.5433813892529489
5408,2896 MRN Pou3f1 C1ql4 Glut_3,0712 MRN Pou3f1 C1ql4 Glut_3,166 MRN Pou3f1 C1ql4 Glut,19 MB Glut,Glut,99,4.871813,5.890035,0.7878787878787878
5409,2856 APN C1ql4 Glut_1,0703 APN C1ql4 Glut_1,164 APN C1ql4 Glut,19 MB Glut,Glut,60,4.6452417,5.855692,0.75
5411,2855 APN C1ql4 Glut_1,0703 APN C1ql4 Glut_1,164 APN C1ql4 Glut,19 MB Glut,Glut,49,5.338796,6.0143905,0.8571428571428571
8955,4602 HB Calcb Chol_2,1026 HB Calcb Chol_2,261 HB Calcb Chol,24 MY Glut,Chol,3,0.0,0.0,0.0
9391,5196 CBX Purkinje Gaba_2,1153 CBX Purkinje Gaba_2,313 CBX Purkinje Gaba,28 CB GABA,GABA,1,3.6912584,3.6912584,1.0
14851,5224 Astro-TE NN_3,1163 Astro-TE NN_3,319 Astro-TE NN,30 Astro-Epen,,1,0.0,0.0,0.0
14852,5239 Astroependymal NN_1,1169 Astroependymal NN_1,321 Astroependymal NN,30 Astro-Epen,,7,0.9667349,0.0,0.14285714285714285
14862,5207 Astro-CB NN_1,1158 Astro-CB NN_1,317 Astro-CB NN,30 Astro-Epen,,8,4.4785676,6.585762,0.625
14865,5237 Astroependymal NN_1,1169 Astroependymal NN_1,321 Astroependymal NN,30 Astro-Epen,,17,1.2041742,0.0,0.17647058823529413
14873,5206 Bergmann NN_1,1157 Bergmann NN_1,316 Bergmann NN,30 Astro-Epen,,43,3.9081202,6.020006,0.5813953488372093
14876,5260 Ependymal NN_2,1176 Ependymal NN_2,323 Ependymal NN,30 Astro-Epen,,25,4.022697,6.059867,0.56
14877,5261 Ependymal NN_2,1176 Ependymal NN_2,323 Ependymal NN,30 Astro-Epen,,3,2.4616394,0.0,0.3333333333333333
14878,5251 Ependymal NN_1,1175 Ependymal NN_1,323 Ependymal NN,30 Astro-Epen,,191,5.3570447,6.033155,0.8743455497382199
14879,5262 Ependymal NN_2,1176 Ependymal NN_2,323 Ependymal NN,30 Astro-Epen,,64,3.7932346,5.524107,0.546875
14881,5255 Ependymal NN_1,1175 Ependymal NN_1,323 Ependymal NN,30 Astro-Epen,,43,4.3607035,5.162065,0.7674418604651163
14883,5263 Hypendymal NN_1,1177 Hypendymal NN_1,324 Hypendymal NN,30 Astro-Epen,,108,6.62487,7.4866414,0.8703703703703703
14884,5241 Astroependymal NN_3,1171 Astroependymal NN_3,321 Astroependymal NN,30 Astro-Epen,,240,3.372065,0.0,0.45
14885,5242 Astroependymal NN_3,1171 Astroependymal NN_3,321 Astroependymal NN,30 Astro-Epen,,176,3.4601343,0.0,0.45454545454545453
14920,5222 Astro-TE NN_2,1162 Astro-TE NN_2,319 Astro-TE NN,30 Astro-Epen,,1,6.7994432,6.7994432,1.0
14926,5218 Astro-TE NN_1,1161 Astro-TE NN_1,319 Astro-TE NN,30 Astro-Epen,,1,7.7026463,7.7026463,1.0
14930,5219 Astro-TE NN_1,1161 Astro-TE NN_1,319 Astro-TE NN,30 Astro-Epen,,4,2.0572565,0.0,0.25
14939,5225 Astro-TE NN_3,1163 Astro-TE NN_3,319 Astro-TE NN,30 Astro-Epen,,144,3.78012,6.229394,0.5208333333333334
14945,5226 Astro-TE NN_3,1163 Astro-TE NN_3,319 Astro-TE NN,30 Astro-Epen,,2,0.0,0.0,0.0
14954,5229 Astro-TE NN_5,1165 Astro-TE NN_5,319 Astro-TE NN,30 Astro-Epen,,2,0.0,0.0,0.0
14956,5214 Astro-NT NN_2,1160 Astro-NT NN_2,318 Astro-NT NN,30 Astro-Epen,,44471,4.081147,6.66322,0.5332913584133481
14962,5215 Astro-NT NN_2,1160 Astro-NT NN_2,318 Astro-NT NN,30 Astro-Epen,,604,4.5325494,6.7897706,0.597682119205298
14965,5216 Astro-NT NN_2,1160 Astro-NT NN_2,318 Astro-NT NN,30 Astro-Epen,,779,4.924749,6.7733283,0.6559691912708601
14975,5217 Astro-NT NN_2,1160 Astro-NT NN_2,318 Astro-NT NN,30 Astro-Epen,,4,1.9504247,0.0,0.25
14977,5212 Astro-NT NN_1,1159 Astro-NT NN_1,318 Astro-NT NN,30 Astro-Epen,,132,3.2813063,0.0,0.44696969696969696
14980,5209 Astro-NT NN_1,1159 Astro-NT NN_1,318 Astro-NT NN,30 Astro-Epen,,300,3.279236,0.0,0.46
14983,5210 Astro-NT NN_1,1159 Astro-NT NN_1,318 Astro-NT NN,30 Astro-Epen,,70,3.2911572,0.0,0.45714285714285713
14985,5265 CHOR NN_1,1178 CHOR NN_1,325 CHOR NN,30 Astro-Epen,Glut,1,4.6611753,4.6611753,1.0
14986,5252 Ependymal NN_1,1175 Ependymal NN_1,323 Ependymal NN,30 Astro-Epen,,7,5.8069253,6.7519026,0.8571428571428571
14990,5256 Ependymal NN_1,1175 Ependymal NN_1,323 Ependymal NN,30 Astro-Epen,,657,3.0851483,0.0,0.4490106544901065
14991,5257 Ependymal NN_1,1175 Ependymal NN_1,323 Ependymal NN,30 Astro-Epen,,143,3.4702718,0.0,0.4965034965034965
14993,5258 Ependymal NN_1,1175 Ependymal NN_1,323 Ependymal NN,30 Astro-Epen,,9,1.7478548,0.0,0.2222222222222222
14997,5259 Ependymal NN_1,1175 Ependymal NN_1,323 Ependymal NN,30 Astro-Epen,,46,3.0242767,0.0,0.41304347826086957
15026,2893 MRN Pou3f1 C1ql4 Glut_2,0711 MRN Pou3f1 C1ql4 Glut_2,166 MRN Pou3f1 C1ql4 Glut,19 MB Glut,Glut,36,4.839936,6.154276,0.75
15059,4392 PGRN-PARN-MDRN Hoxb5 Glut_6,0978 PGRN-PARN-MDRN Hoxb5 Glut_6,243 PGRN-PARN-MDRN Hoxb5 Glut,24 MY Glut,Glut,7,3.4278123,5.479635,0.5714285714285714
15062,4399 PGRN-PARN-MDRN Hoxb5 Glut_7,0979 PGRN-PARN-MDRN Hoxb5 Glut_7,243 PGRN-PARN-MDRN Hoxb5 Glut,24 MY Glut,Glut,86,4.762216,5.5429745,0.8255813953488372
15074,4402 PGRN-PARN-MDRN Hoxb5 Glut_7,0979 PGRN-PARN-MDRN Hoxb5 Glut_7,243 PGRN-PARN-MDRN Hoxb5 Glut,24 MY Glut,Glut,1,5.6735926,5.6735926,1.0
15078,4403 PGRN-PARN-MDRN Hoxb5 Glut_7,0979 PGRN-PARN-MDRN Hoxb5 Glut_7,243 PGRN-PARN-MDRN Hoxb5 Glut,24 MY Glut,Glut,1,4.134367,4.134367,1.0
24395,4348 PGRN-PARN-MDRN Hoxb5 Glut_2,0974 PGRN-PARN-MDRN Hoxb5 Glut_2,243 PGRN-PARN-MDRN Hoxb5 Glut,24 MY Glut,Glut,15,5.85475,6.4826846,0.9333333333333333
24408,2831 CUN Evx2 Lhx2 Glut_3,0699 CUN Evx2 Lhx2 Glut_3,162 CUN Evx2 Lhx2 Glut,19 MB Glut,Glut,23,5.747493,6.1049886,0.9565217391304348
24413,2750 PRC-PAG Pax6 Glut_4,0679 PRC-PAG Pax6 Glut_4,155 PRC-PAG Pax6 Glut,19 MB Glut,Glut,58,4.3996916,5.8996162,0.7068965517241379
24414,4347 PGRN-PARN-MDRN Hoxb5 Glut_2,0974 PGRN-PARN-MDRN Hoxb5 Glut_2,243 PGRN-PARN-MDRN Hoxb5 Glut,24 MY Glut,Glut-GABA,16,5.7246327,6.3264194,0.875
24467,2921 PRC-PAG Tcf7l2 Irx2 Glut_5,0717 PRC-PAG Tcf7l2 Irx2 Glut_5,167 PRC-PAG Tcf7l2 Irx2 Glut,19 MB Glut,Glut,20,4.1936517,5.2367377,0.7
24471,2924 PRC-PAG Tcf7l2 Irx2 Glut_5,0717 PRC-PAG Tcf7l2 Irx2 Glut_5,167 PRC-PAG Tcf7l2 Irx2 Glut,19 MB Glut,Glut,136,5.0821347,6.0647,0.8088235294117647
24472,2922 PRC-PAG Tcf7l2 Irx2 Glut_5,0717 PRC-PAG Tcf7l2 Irx2 Glut_5,167 PRC-PAG Tcf7l2 Irx2 Glut,19 MB Glut,Glut,72,3.9488916,5.5831223,0.6111111111111112
24473,2923 PRC-PAG Tcf7l2 Irx2 Glut_5,0717 PRC-PAG Tcf7l2 Irx2 Glut_5,167 PRC-PAG Tcf7l2 Irx2 Glut,19 MB Glut,Glut,133,4.483911,5.6796575,0.7293233082706767
24527,4092 B-PB Nr4a2 Glut_1,0923 B-PB Nr4a2 Glut_1,223 B-PB Nr4a2 Glut,23 P Glut,Glut,3,4.502172,6.5762167,0.6666666666666666
24554,4137 PRNc-PARN Tlx1 Glut_1,0935 PRNc-PARN Tlx1 Glut_1,226 PRNc-PARN Tlx1 Glut,23 P Glut,Glut,1,5.7524824,5.7524824,1.0
24557,2743 PRC-PAG Pax6 Glut_3,0678 PRC-PAG Pax6 Glut_3,155 PRC-PAG Pax6 Glut,19 MB Glut,Glut,14,3.5055695,4.5577116,0.6428571428571429
24561,2746 PRC-PAG Pax6 Glut_3,0678 PRC-PAG Pax6 Glut_3,155 PRC-PAG Pax6 Glut,19 MB Glut,Glut,102,3.8778296,5.101637,0.6568627450980392
24563,2747 PRC-PAG Pax6 Glut_3,0678 PRC-PAG Pax6 Glut_3,155 PRC-PAG Pax6 Glut,19 MB Glut,Glut,26,5.0913067,6.1204305,0.8076923076923077
24564,2744 PRC-PAG Pax6 Glut_3,0678 PRC-PAG Pax6 Glut_3,155 PRC-PAG Pax6 Glut,19 MB Glut,Glut,25,3.827946,5.352719,0.64
24566,2887 MRN Pou3f1 C1ql4 Glut_1,0710 MRN Pou3f1 C1ql4 Glut_1,166 MRN Pou3f1 C1ql4 Glut,19 MB Glut,Glut,25,4.834669,5.5760345,0.84
24573,2888 MRN Pou3f1 C1ql4 Glut_1,0710 MRN Pou3f1 C1ql4 Glut_1,166 MRN Pou3f1 C1ql4 Glut,19 MB Glut,Glut,39,4.911929,5.904771,0.8205128205128205
24574,2889 MRN Pou3f1 C1ql4 Glut_1,0710 MRN Pou3f1 C1ql4 Glut_1,166 MRN Pou3f1 C1ql4 Glut,19 MB Glut,Glut,32,5.307893,6.1829596,0.875
24575,2891 MRN Pou3f1 C1ql4 Glut_2,0711 MRN Pou3f1 C1ql4 Glut_2,166 MRN Pou3f1 C1ql4 Glut,19 MB Glut,Glut,20,4.9704022,5.656062,0.8
24576,2892 MRN Pou3f1 C1ql4 Glut_2,0711 MRN Pou3f1 C1ql4 Glut_2,166 MRN Pou3f1 C1ql4 Glut,19 MB Glut,Glut,16,6.2511163,6.863904,0.9375
24578,2894 MRN Pou3f1 C1ql4 Glut_2,0711 MRN Pou3f1 C1ql4 Glut_2,166 MRN Pou3f1 C1ql4 Glut,19 MB Glut,Glut,46,4.1094174,5.467448,0.6521739130434783
24606,4121 PCG-PRNr Vsx2 Nkx6-1 Glut_6,0930 PCG-PRNr Vsx2 Nkx6-1 Glut_6,224 PCG-PRNr Vsx2 Nkx6-1 Glut,23 P Glut,Glut,57,5.084652,6.1175656,0.8070175438596491
24610,4122 PCG-PRNr Vsx2 Nkx6-1 Glut_6,0930 PCG-PRNr Vsx2 Nkx6-1 Glut_6,224 PCG-PRNr Vsx2 Nkx6-1 Glut,23 P Glut,Glut,35,5.296511,6.079047,0.8285714285714286
24611,4108 PCG-PRNr Vsx2 Nkx6-1 Glut_2,0926 PCG-PRNr Vsx2 Nkx6-1 Glut_2,224 PCG-PRNr Vsx2 Nkx6-1 Glut,23 P Glut,Glut,5,3.5195172,5.3353806,0.6
24612,4109 PCG-PRNr Vsx2 Nkx6-1 Glut_2,0926 PCG-PRNr Vsx2 Nkx6-1 Glut_2,224 PCG-PRNr Vsx2 Nkx6-1 Glut,23 P Glut,Glut,12,5.658259,6.348774,0.9166666666666666
24613,2745 PRC-PAG Pax6 Glut_3,0678 PRC-PAG Pax6 Glut_3,155 PRC-PAG Pax6 Glut,19 MB Glut,Glut,147,4.4194474,5.324153,0.7414965986394558
24615,2504 PH-LHA Foxb1 Glut_1,0612 PH-LHA Foxb1 Glut_1,139 PH-LHA Foxb1 Glut,14 HY Glut,Glut,16,4.639141,6.0282087,0.75
24635,4095 B-PB Nr4a2 Glut_1,0923 B-PB Nr4a2 Glut_1,223 B-PB Nr4a2 Glut,23 P Glut,Glut,1,4.6701293,4.6701293,1.0
24658,3353 PAG Tcf24 Glut_1,0782 PAG Tcf24 Glut_1,184 PAG Tcf24 Glut,19 MB Glut,Dopa,24,5.6617064,5.826477,0.9583333333333334
24680,2883 PAG-MRN Pou3f1 Glut_6,0709 PAG-MRN Pou3f1 Glut_6,165 PAG-MRN Pou3f1 Glut,19 MB Glut,Glut,61,4.746367,5.814098,0.7704918032786885
24681,4017 LDT-PCG Vsx2 Lhx4 Glut_8,0913 LDT-PCG Vsx2 Lhx4 Glut_8,221 LDT-PCG Vsx2 Lhx4 Glut,23 P Glut,Glut,51,4.5475864,5.954538,0.7450980392156863
34185,4864 MY Lhx1 Gly-Gaba_1,1089 MY Lhx1 Gly-Gaba_1,285 MY Lhx1 Gly-Gaba,27 MY GABA,GABA,21,4.335256,5.6574783,0.7142857142857143
34186,4865 MY Lhx1 Gly-Gaba_1,1089 MY Lhx1 Gly-Gaba_1,285 MY Lhx1 Gly-Gaba,27 MY GABA,GABA,38,5.2625046,5.90347,0.868421052631579
34348,4868 PGRN-PARN-MDRN Hoxb5 Glut_7,0979 PGRN-PARN-MDRN Hoxb5 Glut_7,243 PGRN-PARN-MDRN Hoxb5 Glut,24 MY Glut,Glut,5,3.111609,4.0379224,0.6
