cluster_alias,cluster,supertype,subclass,class,neurotransmitter,n_cells,mean_Kif13a,median_Kif13a,fraction_expressing
21,0406 L6b EPd Glut_2,0104 L6b EPd Glut_2,027 L6b EPd Glut,02 NP-CT-L6b Glut,Glut,3,3.0789344,3.9166284,0.6666666666666666
22,0405 L6b EPd Glut_2,0104 L6b EPd Glut_2,027 L6b EPd Glut,02 NP-CT-L6b Glut,Glut,1,5.526278,5.526278,1.0
113,0036 L6 IT CTX Glut_1,0013 L6 IT CTX Glut_1,004 L6 IT CTX Glut,01 IT-ET Glut,Glut,1,0.0,0.0,0.0
116,0006 IT EP-CLA Glut_1,0003 IT EP-CLA Glut_1,002 IT EP-CLA Glut,01 IT-ET Glut,Glut,1,0.0,0.0,0.0
120,0007 IT EP-CLA Glut_1,0003 IT EP-CLA Glut_1,002 IT EP-CLA Glut,01 IT-ET Glut,Glut,26,2.9216459,4.122228,0.5769230769230769
121,0008 IT EP-CLA Glut_1,0003 IT EP-CLA Glut_1,002 IT EP-CLA Glut,01 IT-ET Glut,Glut,1,0.0,0.0,0.0
129,0002 CLA-EPd-CTX Car3 Glut_1,0001 CLA-EPd-CTX Car3 Glut_1,001 CLA-EPd-CTX Car3 Glut,01 IT-ET Glut,Glut,1,6.201283,6.201283,1.0
516,0825 Sst Gaba_18,0231 Sst Gaba_18,053 Sst Gaba,07 CTX-MGE GABA,GABA,1,5.3587914,5.3587914,1.0
558,0812 Sst Gaba_14,0227 Sst Gaba_14,053 Sst Gaba,07 CTX-MGE GABA,GABA,1,0.0,0.0,0.0
565,0841 STR Lhx8 Gaba_1,0236 STR Lhx8 Gaba_1,055 STR Lhx8 Gaba,08 CNU-MGE GABA,GABA,1,0.0,0.0,0.0
572,0833 STR Prox1 Lhx6 Gaba_2,0234 STR Prox1 Lhx6 Gaba_2,054 STR Prox1 Lhx6 Gaba,08 CNU-MGE GABA,GABA,3,4.452179,5.699635,0.6666666666666666
576,0840 STR Lhx8 Gaba_1,0236 STR Lhx8 Gaba_1,055 STR Lhx8 Gaba,08 CNU-MGE GABA,GABA,2,6.709666,6.709666,1.0
579,0844 STR Lhx8 Gaba_2,0237 STR Lhx8 Gaba_2,055 STR Lhx8 Gaba,08 CNU-MGE GABA,GABA,6,3.881297,5.027521,0.6666666666666666
617,0639 Vip Gaba_4,0176 Vip Gaba_4,046 Vip Gaba,06 CTX-CGE GABA,GABA,1,0.0,0.0,0.0
624,0682 Sncg Gaba_6,0190 Sncg Gaba_6,047 Sncg Gaba,06 CTX-CGE GABA,GABA,1,3.614127,3.614127,1.0
636,0632 Vip Gaba_3,0175 Vip Gaba_3,046 Vip Gaba,06 CTX-CGE GABA,GABA,1,0.0,0.0,0.0
641,0674 Sncg Gaba_3,0187 Sncg Gaba_3,047 Sncg Gaba,06 CTX-CGE GABA,GABA,1,0.0,0.0,0.0
649,0623 Vip Gaba_1,0173 Vip Gaba_1,046 Vip Gaba,06 CTX-CGE GABA,GABA,1,0.0,0.0,0.0
686,0625 Vip Gaba_1,0173 Vip Gaba_1,046 Vip Gaba,06 CTX-CGE GABA,GABA,5,3.9996266,6.351813,0.6
703,0708 Lamp5 Gaba_1,0199 Lamp5 Gaba_1,049 Lamp5 Gaba,06 CTX-CGE GABA,GABA,1,0.0,0.0,0.0
704,0709 Lamp5 Gaba_1,0199 Lamp5 Gaba_1,049 Lamp5 Gaba,06 CTX-CGE GABA,GABA,2,0.0,0.0,0.0
705,0710 Lamp5 Gaba_1,0199 Lamp5 Gaba_1,049 Lamp5 Gaba,06 CTX-CGE GABA,GABA,6,1.5931708,0.0,0.3333333333333333
718,0712 Lamp5 Gaba_1,0199 Lamp5 Gaba_1,049 Lamp5 Gaba,06 CTX-CGE GABA,GABA,1,6.2256637,6.2256637,1.0
726,0731 Lamp5 Lhx6 Gaba_1,0203 Lamp5 Lhx6 Gaba_1,050 Lamp5 Lhx6 Gaba,07 CTX-MGE GABA,GABA,1,0.0,0.0,0.0
763,0849 Sst Chodl Gaba_2,0239 Sst Chodl Gaba_2,056 Sst Chodl Gaba,08 CNU-MGE GABA,GABA,1,5.443507,5.443507,1.0
769,0845 Sst Chodl Gaba_1,0238 Sst Chodl Gaba_1,056 Sst Chodl Gaba,08 CNU-MGE GABA,GABA,2,7.0059557,7.0059557,1.0
1039,1625 PVHd Gsc Gaba_1,0441 PVHd Gsc Gaba_1,096 PVHd Gsc Gaba,12 HY GABA,GABA,3,0.0,0.0,0.0
1041,1328 CEA-BST Six3 Cyp26b1 Gaba_1,0367 CEA-BST Six3 Cyp26b1 Gaba_1,079 CEA-BST Six3 Cyp26b1 Gaba,11 CNU-HYa GABA,GABA,3,0.0,0.0,0.0
1055,0971 STR D2 Gaba_1,0274 STR D2 Gaba_1,062 STR D2 Gaba,09 CNU-LGE GABA,GABA,1,5.74367,5.74367,1.0
1062,0970 STR D2 Gaba_1,0274 STR D2 Gaba_1,062 STR D2 Gaba,09 CNU-LGE GABA,GABA,1,0.0,0.0,0.0
1063,0978 STR D2 Gaba_3,0276 STR D2 Gaba_3,062 STR D2 Gaba,09 CNU-LGE GABA,GABA,5,3.7041295,6.0427895,0.6
1067,0961 STR D1 Gaba_8,0272 STR D1 Gaba_8,061 STR D1 Gaba,09 CNU-LGE GABA,GABA,15,2.5927374,0.0,0.4666666666666667
1069,0957 STR D1 Gaba_5,0269 STR D1 Gaba_5,061 STR D1 Gaba,09 CNU-LGE GABA,GABA,1,0.0,0.0,0.0
1072,0960 STR D1 Gaba_7,0271 STR D1 Gaba_7,061 STR D1 Gaba,09 CNU-LGE GABA,GABA,13,3.6027422,4.86558,0.6153846153846154
1076,0977 STR D2 Gaba_2,0275 STR D2 Gaba_2,062 STR D2 Gaba,09 CNU-LGE GABA,GABA,1,6.539627,6.539627,1.0
1079,0975 STR D2 Gaba_2,0275 STR D2 Gaba_2,062 STR D2 Gaba,09 CNU-LGE GABA,GABA,1,6.3337646,6.3337646,1.0
1088,0981 STR D2 Gaba_4,0277 STR D2 Gaba_4,062 STR D2 Gaba,09 CNU-LGE GABA,GABA,7,2.4960523,0.0,0.42857142857142855
1091,0954 STR D1 Gaba_4,0268 STR D1 Gaba_4,061 STR D1 Gaba,09 CNU-LGE GABA,GABA,1,6.7442665,6.7442665,1.0
1104,1241 MEA-BST Lhx6 Sp9 Gaba_1,0347 MEA-BST Lhx6 Sp9 Gaba_1,074 MEA-BST Lhx6 Sp9 Gaba,11 CNU-HYa GABA,GABA,1,6.63903,6.63903,1.0
1105,1242 MEA-BST Lhx6 Sp9 Gaba_1,0347 MEA-BST Lhx6 Sp9 Gaba_1,074 MEA-BST Lhx6 Sp9 Gaba,11 CNU-HYa GABA,GABA,1,6.1289973,6.1289973,1.0
1110,1250 MEA-BST Lhx6 Sp9 Gaba_3,0349 MEA-BST Lhx6 Sp9 Gaba_3,074 MEA-BST Lhx6 Sp9 Gaba,11 CNU-HYa GABA,GABA,1,0.0,0.0,0.0
1122,1240 MEA-BST Lhx6 Sp9 Gaba_1,0347 MEA-BST Lhx6 Sp9 Gaba_1,074 MEA-BST Lhx6 Sp9 Gaba,11 CNU-HYa GABA,GABA,2,2.5343246,2.5343246,0.5
1123,1247 MEA-BST Lhx6 Sp9 Gaba_2,0348 MEA-BST Lhx6 Sp9 Gaba_2,074 MEA-BST Lhx6 Sp9 Gaba,11 CNU-HYa GABA,GABA,5,3.9076438,5.723054,0.6
1147,1191 MEA-BST Sox6 Gaba_1,0337 MEA-BST Sox6 Gaba_1,073 MEA-BST Sox6 Gaba,11 CNU-HYa GABA,GABA,1,4.8306575,4.8306575,1.0
1148,1190 MEA-BST Sox6 Gaba_1,0337 MEA-BST Sox6 Gaba_1,073 MEA-BST Sox6 Gaba,11 CNU-HYa GABA,GABA,1,5.8877835,5.8877835,1.0
1153,1264 MEA-BST Lhx6 Sp9 Gaba_7,0353 MEA-BST Lhx6 Sp9 Gaba_7,074 MEA-BST Lhx6 Sp9 Gaba,11 CNU-HYa GABA,GABA,1,7.425191,7.425191,1.0
1178,0918 GPe-SI Sox6 Cyp26b1 Gaba_1,0257 GPe-SI Sox6 Cyp26b1 Gaba_1,059 GPe-SI Sox6 Cyp26b1 Gaba,09 CNU-LGE GABA,GABA,1,5.412164,5.412164,1.0
1179,0919 GPe-SI Sox6 Cyp26b1 Gaba_2,0258 GPe-SI Sox6 Cyp26b1 Gaba_2,059 GPe-SI Sox6 Cyp26b1 Gaba,09 CNU-LGE GABA,GABA,2,6.4613943,6.4613943,1.0
1194,0939 OT D3 Folh1 Gaba_1,0262 OT D3 Folh1 Gaba_1,060 OT D3 Folh1 Gaba,09 CNU-LGE GABA,GABA,1,7.0968523,7.0968523,1.0
1215,1279 MEA-BST Lhx6 Nr2e1 Gaba_2,0355 MEA-BST Lhx6 Nr2e1 Gaba_2,075 MEA-BST Lhx6 Nr2e1 Gaba,11 CNU-HYa GABA,GABA,1,6.4407263,6.4407263,1.0
1223,1306 MEA-BST Lhx6 Nfib Gaba_5,0361 MEA-BST Lhx6 Nfib Gaba_5,076 MEA-BST Lhx6 Nfib Gaba,11 CNU-HYa GABA,GABA,1,4.436953,4.436953,1.0
1224,1307 MEA-BST Lhx6 Nfib Gaba_5,0361 MEA-BST Lhx6 Nfib Gaba_5,076 MEA-BST Lhx6 Nfib Gaba,11 CNU-HYa GABA,GABA,1,4.693625,4.693625,1.0
1228,1290 MEA-BST Lhx6 Nfib Gaba_2,0358 MEA-BST Lhx6 Nfib Gaba_2,076 MEA-BST Lhx6 Nfib Gaba,11 CNU-HYa GABA,GABA,2,0.0,0.0,0.0
1230,1292 MEA-BST Lhx6 Nfib Gaba_2,0358 MEA-BST Lhx6 Nfib Gaba_2,076 MEA-BST Lhx6 Nfib Gaba,11 CNU-HYa GABA,GABA,1,0.0,0.0,0.0
1233,1282 MEA-BST Lhx6 Nfib Gaba_1,0357 MEA-BST Lhx6 Nfib Gaba_1,076 MEA-BST Lhx6 Nfib Gaba,11 CNU-HYa GABA,GABA,2,6.294075,6.294075,1.0
1237,1297 MEA-BST Lhx6 Nfib Gaba_3,0359 MEA-BST Lhx6 Nfib Gaba_3,076 MEA-BST Lhx6 Nfib Gaba,11 CNU-HYa GABA,GABA,1,0.0,0.0,0.0
1246,1309 MEA-BST Lhx6 Nfib Gaba_5,0361 MEA-BST Lhx6 Nfib Gaba_5,076 MEA-BST Lhx6 Nfib Gaba,11 CNU-HYa GABA,GABA,1,6.1053905,6.1053905,1.0
1251,0832 STR Prox1 Lhx6 Gaba_1,0233 STR Prox1 Lhx6 Gaba_1,054 STR Prox1 Lhx6 Gaba,08 CNU-MGE GABA,GABA,1,5.8009653,5.8009653,1.0
1254,1001 STR-PAL Chst9 Gaba_1,0285 STR-PAL Chst9 Gaba_1,064 STR-PAL Chst9 Gaba,09 CNU-LGE GABA,GABA,3,2.043479,0.0,0.3333333333333333
1259,0999 STR D1 Sema5a Gaba_4,0284 STR D1 Sema5a Gaba_4,063 STR D1 Sema5a Gaba,09 CNU-LGE GABA,GABA,3,2.0904064,0.0,0.3333333333333333
1261,1003 STR-PAL Chst9 Gaba_1,0285 STR-PAL Chst9 Gaba_1,064 STR-PAL Chst9 Gaba,09 CNU-LGE GABA,GABA,13,2.231322,0.0,0.3076923076923077
1262,1009 STR-PAL Chst9 Gaba_3,0287 STR-PAL Chst9 Gaba_3,064 STR-PAL Chst9 Gaba,09 CNU-LGE GABA,GABA,2,0.0,0.0,0.0
1264,1000 STR D1 Sema5a Gaba_4,0284 STR D1 Sema5a Gaba_4,063 STR D1 Sema5a Gaba,09 CNU-LGE GABA,GABA,7,2.590092,0.0,0.42857142857142855
1266,0992 STR D1 Sema5a Gaba_2,0282 STR D1 Sema5a Gaba_2,063 STR D1 Sema5a Gaba,09 CNU-LGE GABA,GABA,1,0.0,0.0,0.0
1275,1015 STR-PAL Chst9 Gaba_5,0289 STR-PAL Chst9 Gaba_5,064 STR-PAL Chst9 Gaba,09 CNU-LGE GABA,GABA,1,6.88566,6.88566,1.0
1276,1011 STR-PAL Chst9 Gaba_4,0288 STR-PAL Chst9 Gaba_4,064 STR-PAL Chst9 Gaba,09 CNU-LGE GABA,GABA,4,1.8619796,0.0,0.25
1277,1005 STR-PAL Chst9 Gaba_2,0286 STR-PAL Chst9 Gaba_2,064 STR-PAL Chst9 Gaba,09 CNU-LGE GABA,GABA,8,1.5013937,0.0,0.25
1279,1007 STR-PAL Chst9 Gaba_2,0286 STR-PAL Chst9 Gaba_2,064 STR-PAL Chst9 Gaba,09 CNU-LGE GABA,GABA,1,0.0,0.0,0.0
1347,0612 OB-STR-CTX Inh IMN_4,0169 OB-STR-CTX Inh IMN_4,045 OB-STR-CTX Inh IMN,05 OB-IMN GABA,,1,0.0,0.0,0.0
1361,0610 OB-STR-CTX Inh IMN_3,0168 OB-STR-CTX Inh IMN_3,045 OB-STR-CTX Inh IMN,05 OB-IMN GABA,GABA,1,0.0,0.0,0.0
1367,0598 OB-STR-CTX Inh IMN_1,0166 OB-STR-CTX Inh IMN_1,045 OB-STR-CTX Inh IMN,05 OB-IMN GABA,,1,6.5735235,6.5735235,1.0
1403,0505 DG Glut_2,0137 DG Glut_2,037 DG Glut,04 DG-IMN Glut,Glut,7,5.2115355,5.7612,0.8571428571428571
1405,0507 DG Glut_2,0137 DG Glut_2,037 DG Glut,04 DG-IMN Glut,Glut,8,3.7352874,5.723315,0.625
1406,0514 DG-PIR Ex IMN_2,0141 DG-PIR Ex IMN_2,038 DG-PIR Ex IMN,04 DG-IMN Glut,Glut,1,0.0,0.0,0.0
1407,0510 DG Glut_4,0139 DG Glut_4,037 DG Glut,04 DG-IMN Glut,Glut,6,1.9890412,0.0,0.3333333333333333
1470,2564 HY Gnrh1 Glut_1,0628 HY Gnrh1 Glut_1,142 HY Gnrh1 Glut,15 HY Gnrh1 Glut,Glut,1,7.11491,7.11491,1.0
1490,1679 AHN-SBPV-PVHd Pdrm12 Gaba_7,0452 AHN-SBPV-PVHd Pdrm12 Gaba_7,098 AHN-SBPV-PVHd Pdrm12 Gaba,12 HY GABA,GABA,1,5.4340115,5.4340115,1.0
1508,1681 AHN-SBPV-PVHd Pdrm12 Gaba_7,0452 AHN-SBPV-PVHd Pdrm12 Gaba_7,098 AHN-SBPV-PVHd Pdrm12 Gaba,12 HY GABA,GABA,1,5.646572,5.646572,1.0
1511,1675 AHN-SBPV-PVHd Pdrm12 Gaba_6,0451 AHN-SBPV-PVHd Pdrm12 Gaba_6,098 AHN-SBPV-PVHd Pdrm12 Gaba,12 HY GABA,GABA,2,6.607519,6.607519,1.0
1646,1830 PVHd-DMH Lhx6 Gaba_3,0476 PVHd-DMH Lhx6 Gaba_3,103 PVHd-DMH Lhx6 Gaba,12 HY GABA,GABA,1,0.0,0.0,0.0
1648,1715 ZI Pax6 Gaba_1,0459 ZI Pax6 Gaba_1,101 ZI Pax6 Gaba,12 HY GABA,GABA,13,4.6551924,5.919487,0.7692307692307693
1649,1730 ZI Pax6 Gaba_3,0461 ZI Pax6 Gaba_3,101 ZI Pax6 Gaba,12 HY GABA,GABA,1,6.6318192,6.6318192,1.0
1651,1780 ZI Pax6 Gaba_10,0468 ZI Pax6 Gaba_10,101 ZI Pax6 Gaba,12 HY GABA,GABA,1,0.0,0.0,0.0
1653,1831 PVHd-DMH Lhx6 Gaba_3,0476 PVHd-DMH Lhx6 Gaba_3,103 PVHd-DMH Lhx6 Gaba,12 HY GABA,GABA,16,5.244929,6.052776,0.8125
1658,1717 ZI Pax6 Gaba_1,0459 ZI Pax6 Gaba_1,101 ZI Pax6 Gaba,12 HY GABA,GABA,3,2.0681918,0.0,0.3333333333333333
1662,1718 ZI Pax6 Gaba_1,0459 ZI Pax6 Gaba_1,101 ZI Pax6 Gaba,12 HY GABA,GABA,4,4.75399,6.020547,0.75
1665,1720 ZI Pax6 Gaba_1,0459 ZI Pax6 Gaba_1,101 ZI Pax6 Gaba,12 HY GABA,GABA,2,5.7159514,5.7159514,1.0
1668,1721 ZI Pax6 Gaba_1,0459 ZI Pax6 Gaba_1,101 ZI Pax6 Gaba,12 HY GABA,GABA,1,0.0,0.0,0.0
1669,1820 PVHd-DMH Lhx6 Gaba_1,0474 PVHd-DMH Lhx6 Gaba_1,103 PVHd-DMH Lhx6 Gaba,12 HY GABA,GABA,2,6.778521,6.778521,1.0
1673,1833 PVHd-DMH Lhx6 Gaba_3,0476 PVHd-DMH Lhx6 Gaba_3,103 PVHd-DMH Lhx6 Gaba,12 HY GABA,GABA,2,6.91518,6.91518,1.0
1675,1822 PVHd-DMH Lhx6 Gaba_2,0475 PVHd-DMH Lhx6 Gaba_2,103 PVHd-DMH Lhx6 Gaba,12 HY GABA,GABA,4,3.5811014,3.4794855,0.5
1678,1828 PVHd-DMH Lhx6 Gaba_2,0475 PVHd-DMH Lhx6 Gaba_2,103 PVHd-DMH Lhx6 Gaba,12 HY GABA,GABA,10,5.162012,6.6349707,0.8
1680,1829 PVHd-DMH Lhx6 Gaba_2,0475 PVHd-DMH Lhx6 Gaba_2,103 PVHd-DMH Lhx6 Gaba,12 HY GABA,GABA,5,5.3396797,6.674373,0.8
1681,1824 PVHd-DMH Lhx6 Gaba_2,0475 PVHd-DMH Lhx6 Gaba_2,103 PVHd-DMH Lhx6 Gaba,12 HY GABA,GABA,2,6.103111,6.103111,1.0
1687,1732 ZI Pax6 Gaba_3,0461 ZI Pax6 Gaba_3,101 ZI Pax6 Gaba,12 HY GABA,GABA,4,4.6157293,5.6745553,0.75
1688,1758 ZI Pax6 Gaba_7,0465 ZI Pax6 Gaba_7,101 ZI Pax6 Gaba,12 HY GABA,GABA,106,4.184766,5.4763594,0.6886792452830188
1689,1739 ZI Pax6 Gaba_4,0462 ZI Pax6 Gaba_4,101 ZI Pax6 Gaba,12 HY GABA,GABA,4,4.1105356,5.1501827,0.75
1690,1759 ZI Pax6 Gaba_7,0465 ZI Pax6 Gaba_7,101 ZI Pax6 Gaba,12 HY GABA,GABA,100,3.999013,5.36864,0.66
1691,1760 ZI Pax6 Gaba_7,0465 ZI Pax6 Gaba_7,101 ZI Pax6 Gaba,12 HY GABA,GABA,25,4.6775064,6.040255,0.72
1692,1761 ZI Pax6 Gaba_7,0465 ZI Pax6 Gaba_7,101 ZI Pax6 Gaba,12 HY GABA,GABA,13,4.5020638,6.38909,0.6923076923076923
1693,1762 ZI Pax6 Gaba_7,0465 ZI Pax6 Gaba_7,101 ZI Pax6 Gaba,12 HY GABA,GABA,3,5.166444,4.908864,1.0
1694,1752 ZI Pax6 Gaba_6,0464 ZI Pax6 Gaba_6,101 ZI Pax6 Gaba,12 HY GABA,GABA,42,4.4488864,5.407088,0.7619047619047619
1696,1733 ZI Pax6 Gaba_3,0461 ZI Pax6 Gaba_3,101 ZI Pax6 Gaba,12 HY GABA,GABA,57,3.8933222,5.378257,0.6491228070175439
1697,1726 ZI Pax6 Gaba_2,0460 ZI Pax6 Gaba_2,101 ZI Pax6 Gaba,12 HY GABA,GABA,2,6.501043,6.501043,1.0
1698,1580 RT-ZI Gnb3 Gaba_1,0431 RT-ZI Gnb3 Gaba_1,093 RT-ZI Gnb3 Gaba,12 HY GABA,GABA,22,5.013846,5.905096,0.7727272727272727
1700,1741 ZI Pax6 Gaba_4,0462 ZI Pax6 Gaba_4,101 ZI Pax6 Gaba,12 HY GABA,GABA,3,5.1350865,4.5874853,1.0
1702,1743 ZI Pax6 Gaba_4,0462 ZI Pax6 Gaba_4,101 ZI Pax6 Gaba,12 HY GABA,GABA,5,4.5913835,5.590857,0.8
1705,1754 ZI Pax6 Gaba_6,0464 ZI Pax6 Gaba_6,101 ZI Pax6 Gaba,12 HY GABA,GABA,12,3.0814915,2.3920047,0.5
1707,1749 ZI Pax6 Gaba_5,0463 ZI Pax6 Gaba_5,101 ZI Pax6 Gaba,12 HY GABA,GABA,1,0.0,0.0,0.0
1709,1745 ZI Pax6 Gaba_4,0462 ZI Pax6 Gaba_4,101 ZI Pax6 Gaba,12 HY GABA,GABA,5,4.7122316,5.2825894,0.8
1710,1763 ZI Pax6 Gaba_7,0465 ZI Pax6 Gaba_7,101 ZI Pax6 Gaba,12 HY GABA,GABA,10,4.416053,5.0133677,0.8
1711,1729 ZI Pax6 Gaba_2,0460 ZI Pax6 Gaba_2,101 ZI Pax6 Gaba,12 HY GABA,Dopa,6,4.2528715,5.705828,0.6666666666666666
1712,1750 ZI Pax6 Gaba_5,0463 ZI Pax6 Gaba_5,101 ZI Pax6 Gaba,12 HY GABA,GABA,1,0.0,0.0,0.0
1713,1728 ZI Pax6 Gaba_2,0460 ZI Pax6 Gaba_2,101 ZI Pax6 Gaba,12 HY GABA,GABA,2,5.3939705,5.3939705,1.0
1714,1746 ZI Pax6 Gaba_4,0462 ZI Pax6 Gaba_4,101 ZI Pax6 Gaba,12 HY GABA,GABA,11,4.736621,5.2869945,0.8181818181818182
1715,1764 ZI Pax6 Gaba_7,0465 ZI Pax6 Gaba_7,101 ZI Pax6 Gaba,12 HY GABA,GABA,159,4.239812,5.523449,0.7044025157232704
1716,1765 ZI Pax6 Gaba_7,0465 ZI Pax6 Gaba_7,101 ZI Pax6 Gaba,12 HY GABA,GABA,1,6.0680146,6.0680146,1.0
1721,1734 ZI Pax6 Gaba_3,0461 ZI Pax6 Gaba_3,101 ZI Pax6 Gaba,12 HY GABA,GABA,5,5.5784273,5.393169,1.0
1722,1236 MEA-BST Sox6 Gaba_10,0346 MEA-BST Sox6 Gaba_10,073 MEA-BST Sox6 Gaba,11 CNU-HYa GABA,GABA,1,7.049892,7.049892,1.0
1723,1775 ZI Pax6 Gaba_9,0467 ZI Pax6 Gaba_9,101 ZI Pax6 Gaba,12 HY GABA,GABA,28,4.900852,6.514482,0.7142857142857143
1724,1595 RT-ZI Gnb3 Gaba_4,0434 RT-ZI Gnb3 Gaba_4,093 RT-ZI Gnb3 Gaba,12 HY GABA,GABA,9,5.0713453,6.2608624,0.7777777777777778
1725,1766 ZI Pax6 Gaba_8,0466 ZI Pax6 Gaba_8,101 ZI Pax6 Gaba,12 HY GABA,GABA,74,4.642708,6.436488,0.6891891891891891
1726,1776 ZI Pax6 Gaba_9,0467 ZI Pax6 Gaba_9,101 ZI Pax6 Gaba,12 HY GABA,GABA,16,6.3846617,6.6231756,0.9375
1727,1767 ZI Pax6 Gaba_8,0466 ZI Pax6 Gaba_8,101 ZI Pax6 Gaba,12 HY GABA,GABA,58,3.871816,5.668299,0.603448275862069
1728,1626 PVHd-SBPV Six3 Prox1 Gaba_1,0442 PVHd-SBPV Six3 Prox1 Gaba_1,097 PVHd-SBPV Six3 Prox1 Gaba,12 HY GABA,GABA,12,5.847458,6.271456,0.9166666666666666
1729,1768 ZI Pax6 Gaba_8,0466 ZI Pax6 Gaba_8,101 ZI Pax6 Gaba,12 HY GABA,GABA,26,4.9811993,6.109085,0.7692307692307693
1730,1596 RT-ZI Gnb3 Gaba_4,0434 RT-ZI Gnb3 Gaba_4,093 RT-ZI Gnb3 Gaba,12 HY GABA,GABA,1,6.214619,6.214619,1.0
1733,1639 PVHd-SBPV Six3 Prox1 Gaba_3,0444 PVHd-SBPV Six3 Prox1 Gaba_3,097 PVHd-SBPV Six3 Prox1 Gaba,12 HY GABA,GABA,3,4.051595,6.069001,0.6666666666666666
1735,1627 PVHd-SBPV Six3 Prox1 Gaba_1,0442 PVHd-SBPV Six3 Prox1 Gaba_1,097 PVHd-SBPV Six3 Prox1 Gaba,12 HY GABA,GABA,8,2.2250013,0.0,0.375
1737,1629 PVHd-SBPV Six3 Prox1 Gaba_1,0442 PVHd-SBPV Six3 Prox1 Gaba_1,097 PVHd-SBPV Six3 Prox1 Gaba,12 HY GABA,GABA,8,4.5732713,5.865324,0.75
1738,1630 PVHd-SBPV Six3 Prox1 Gaba_1,0442 PVHd-SBPV Six3 Prox1 Gaba_1,097 PVHd-SBPV Six3 Prox1 Gaba,12 HY GABA,GABA,5,4.307475,6.812245,0.6
1739,1631 PVHd-SBPV Six3 Prox1 Gaba_1,0442 PVHd-SBPV Six3 Prox1 Gaba_1,097 PVHd-SBPV Six3 Prox1 Gaba,12 HY GABA,GABA,5,5.235403,6.451914,0.8
1740,1641 PVHd-SBPV Six3 Prox1 Gaba_3,0444 PVHd-SBPV Six3 Prox1 Gaba_3,097 PVHd-SBPV Six3 Prox1 Gaba,12 HY GABA,GABA,6,5.341421,6.2569113,0.8333333333333334
1741,1769 ZI Pax6 Gaba_8,0466 ZI Pax6 Gaba_8,101 ZI Pax6 Gaba,12 HY GABA,GABA,34,4.168145,5.694208,0.6764705882352942
1742,1770 ZI Pax6 Gaba_8,0466 ZI Pax6 Gaba_8,101 ZI Pax6 Gaba,12 HY GABA,GABA,20,5.4782434,6.057664,0.85
1743,1771 ZI Pax6 Gaba_8,0466 ZI Pax6 Gaba_8,101 ZI Pax6 Gaba,12 HY GABA,GABA,1,5.6038537,5.6038537,1.0
1744,1237 MEA-BST Sox6 Gaba_10,0346 MEA-BST Sox6 Gaba_10,073 MEA-BST Sox6 Gaba,11 CNU-HYa GABA,GABA,1,6.624478,6.624478,1.0
1745,1777 ZI Pax6 Gaba_9,0467 ZI Pax6 Gaba_9,101 ZI Pax6 Gaba,12 HY GABA,GABA,85,4.9181223,6.1662436,0.7411764705882353
1746,1632 PVHd-SBPV Six3 Prox1 Gaba_1,0442 PVHd-SBPV Six3 Prox1 Gaba_1,097 PVHd-SBPV Six3 Prox1 Gaba,12 HY GABA,GABA,3,1.9365602,0.0,0.3333333333333333
1747,1772 ZI Pax6 Gaba_8,0466 ZI Pax6 Gaba_8,101 ZI Pax6 Gaba,12 HY GABA,GABA,84,4.054705,5.530407,0.6428571428571429
1748,1773 ZI Pax6 Gaba_8,0466 ZI Pax6 Gaba_8,101 ZI Pax6 Gaba,12 HY GABA,GABA,6,2.9741528,2.8992424,0.5
1750,1774 ZI Pax6 Gaba_8,0466 ZI Pax6 Gaba_8,101 ZI Pax6 Gaba,12 HY GABA,GABA,71,3.3722801,5.5097995,0.5492957746478874
1752,1984 LGv-ZI Otx2 Gaba_5,0500 LGv-ZI Otx2 Gaba_5,109 LGv-ZI Otx2 Gaba,12 HY GABA,GABA,146,3.5848162,5.197969,0.5753424657534246
1753,1778 ZI Pax6 Gaba_9,0467 ZI Pax6 Gaba_9,101 ZI Pax6 Gaba,12 HY GABA,GABA,55,5.6473837,6.2688327,0.8545454545454545
1754,1783 ZI Pax6 Gaba_11,0469 ZI Pax6 Gaba_11,101 ZI Pax6 Gaba,12 HY GABA,GABA,78,5.2335086,6.0233936,0.8333333333333334
1755,1985 LGv-ZI Otx2 Gaba_5,0500 LGv-ZI Otx2 Gaba_5,109 LGv-ZI Otx2 Gaba,12 HY GABA,GABA,25,4.725655,6.07848,0.72
1756,1735 ZI Pax6 Gaba_3,0461 ZI Pax6 Gaba_3,101 ZI Pax6 Gaba,12 HY GABA,GABA,27,4.0134635,5.548053,0.6666666666666666
1757,1980 LGv-ZI Otx2 Gaba_4,0499 LGv-ZI Otx2 Gaba_4,109 LGv-ZI Otx2 Gaba,12 HY GABA,GABA,112,3.677281,5.3808,0.5714285714285714
1758,1736 ZI Pax6 Gaba_3,0461 ZI Pax6 Gaba_3,101 ZI Pax6 Gaba,12 HY GABA,GABA,32,3.6616514,5.2467756,0.625
1759,1737 ZI Pax6 Gaba_3,0461 ZI Pax6 Gaba_3,101 ZI Pax6 Gaba,12 HY GABA,GABA,115,4.3751416,5.778801,0.6956521739130435
1760,1784 ZI Pax6 Gaba_11,0469 ZI Pax6 Gaba_11,101 ZI Pax6 Gaba,12 HY GABA,GABA,77,4.973793,5.874227,0.7922077922077922
1761,1972 LGv-ZI Otx2 Gaba_1,0496 LGv-ZI Otx2 Gaba_1,109 LGv-ZI Otx2 Gaba,12 HY GABA,GABA,61,4.039069,5.198721,0.6885245901639344
1762,1782 ZI Pax6 Gaba_11,0469 ZI Pax6 Gaba_11,101 ZI Pax6 Gaba,12 HY GABA,GABA,45,4.774628,5.8584547,0.7777777777777778
1763,1979 LGv-ZI Otx2 Gaba_3,0498 LGv-ZI Otx2 Gaba_3,109 LGv-ZI Otx2 Gaba,12 HY GABA,GABA,112,4.0209155,5.14571,0.7053571428571429
1764,1986 LGv-ZI Otx2 Gaba_5,0500 LGv-ZI Otx2 Gaba_5,109 LGv-ZI Otx2 Gaba,12 HY GABA,GABA,128,4.719425,5.681734,0.765625
1765,1975 LGv-ZI Otx2 Gaba_1,0496 LGv-ZI Otx2 Gaba_1,109 LGv-ZI Otx2 Gaba,12 HY GABA,GABA,175,4.244347,5.352382,0.7142857142857143
1766,1977 LGv-ZI Otx2 Gaba_2,0497 LGv-ZI Otx2 Gaba_2,109 LGv-ZI Otx2 Gaba,12 HY GABA,GABA,211,5.0477724,6.058327,0.7962085308056872
1767,1978 LGv-ZI Otx2 Gaba_2,0497 LGv-ZI Otx2 Gaba_2,109 LGv-ZI Otx2 Gaba,12 HY GABA,GABA,148,5.6015377,6.0624456,0.9121621621621622
1768,1973 LGv-ZI Otx2 Gaba_1,0496 LGv-ZI Otx2 Gaba_1,109 LGv-ZI Otx2 Gaba,12 HY GABA,GABA,136,4.413587,5.7049894,0.7132352941176471
1769,1976 LGv-ZI Otx2 Gaba_1,0496 LGv-ZI Otx2 Gaba_1,109 LGv-ZI Otx2 Gaba,12 HY GABA,GABA,65,4.593319,5.8834147,0.7538461538461538
1770,1738 ZI Pax6 Gaba_3,0461 ZI Pax6 Gaba_3,101 ZI Pax6 Gaba,12 HY GABA,GABA,18,4.3660293,6.3251305,0.6111111111111112
1771,1987 LGv-ZI Otx2 Gaba_5,0500 LGv-ZI Otx2 Gaba_5,109 LGv-ZI Otx2 Gaba,12 HY GABA,GABA,404,4.2434063,5.557557,0.6757425742574258
1772,1988 LGv-ZI Otx2 Gaba_5,0500 LGv-ZI Otx2 Gaba_5,109 LGv-ZI Otx2 Gaba,12 HY GABA,GABA,261,4.3369684,5.6255608,0.685823754789272
1773,1981 LGv-ZI Otx2 Gaba_4,0499 LGv-ZI Otx2 Gaba_4,109 LGv-ZI Otx2 Gaba,12 HY GABA,GABA,238,4.6878905,5.798856,0.7647058823529411
1774,1982 LGv-ZI Otx2 Gaba_4,0499 LGv-ZI Otx2 Gaba_4,109 LGv-ZI Otx2 Gaba,12 HY GABA,GABA,118,4.524187,5.9843655,0.7033898305084746
1775,1724 ZI Pax6 Gaba_1,0459 ZI Pax6 Gaba_1,101 ZI Pax6 Gaba,12 HY GABA,GABA,3,6.985298,6.9893627,1.0
1776,1785 ZI Pax6 Gaba_11,0469 ZI Pax6 Gaba_11,101 ZI Pax6 Gaba,12 HY GABA,GABA,8,5.6198206,6.4181128,0.875
1777,1786 ZI Pax6 Gaba_11,0469 ZI Pax6 Gaba_11,101 ZI Pax6 Gaba,12 HY GABA,GABA,52,5.369773,6.3234844,0.8461538461538461
1778,1983 LGv-ZI Otx2 Gaba_4,0499 LGv-ZI Otx2 Gaba_4,109 LGv-ZI Otx2 Gaba,12 HY GABA,GABA,114,4.6606708,5.875752,0.7631578947368421
1779,1974 LGv-ZI Otx2 Gaba_1,0496 LGv-ZI Otx2 Gaba_1,109 LGv-ZI Otx2 Gaba,12 HY GABA,GABA,68,4.6702576,5.945363,0.75
1780,1581 RT-ZI Gnb3 Gaba_1,0431 RT-ZI Gnb3 Gaba_1,093 RT-ZI Gnb3 Gaba,12 HY GABA,GABA,2,2.26047,2.26047,0.5
1781,1582 RT-ZI Gnb3 Gaba_1,0431 RT-ZI Gnb3 Gaba_1,093 RT-ZI Gnb3 Gaba,12 HY GABA,GABA,23,4.9676623,5.679871,0.8695652173913043
1782,1585 RT-ZI Gnb3 Gaba_1,0431 RT-ZI Gnb3 Gaba_1,093 RT-ZI Gnb3 Gaba,12 HY GABA,GABA,14,2.9292932,2.5517035,0.5
1784,1586 RT-ZI Gnb3 Gaba_2,0432 RT-ZI Gnb3 Gaba_2,093 RT-ZI Gnb3 Gaba,12 HY GABA,GABA,53,4.5071106,5.6513004,0.7547169811320755
1785,1583 RT-ZI Gnb3 Gaba_1,0431 RT-ZI Gnb3 Gaba_1,093 RT-ZI Gnb3 Gaba,12 HY GABA,GABA,7,2.8707263,0.0,0.42857142857142855
1786,1587 RT-ZI Gnb3 Gaba_2,0432 RT-ZI Gnb3 Gaba_2,093 RT-ZI Gnb3 Gaba,12 HY GABA,GABA,33,4.9463186,5.478958,0.8181818181818182
1787,1588 RT-ZI Gnb3 Gaba_2,0432 RT-ZI Gnb3 Gaba_2,093 RT-ZI Gnb3 Gaba,12 HY GABA,GABA,58,5.033822,6.0030985,0.8103448275862069
1788,1589 RT-ZI Gnb3 Gaba_2,0432 RT-ZI Gnb3 Gaba_2,093 RT-ZI Gnb3 Gaba,12 HY GABA,GABA,8,4.487011,5.513997,0.75
1789,1590 RT-ZI Gnb3 Gaba_2,0432 RT-ZI Gnb3 Gaba_2,093 RT-ZI Gnb3 Gaba,12 HY GABA,GABA,4,5.350176,6.8556576,0.75
1790,1591 RT-ZI Gnb3 Gaba_3,0433 RT-ZI Gnb3 Gaba_3,093 RT-ZI Gnb3 Gaba,12 HY GABA,GABA,21,5.717622,5.823133,1.0
1791,1600 RT-ZI Gnb3 Gaba_5,0435 RT-ZI Gnb3 Gaba_5,093 RT-ZI Gnb3 Gaba,12 HY GABA,GABA,170,3.8925407,5.163871,0.6588235294117647
1792,1601 RT-ZI Gnb3 Gaba_5,0435 RT-ZI Gnb3 Gaba_5,093 RT-ZI Gnb3 Gaba,12 HY GABA,GABA,415,5.029774,5.9374084,0.8192771084337349
1793,1602 RT-ZI Gnb3 Gaba_5,0435 RT-ZI Gnb3 Gaba_5,093 RT-ZI Gnb3 Gaba,12 HY GABA,GABA,358,5.215216,5.9631605,0.8491620111731844
1794,1603 RT-ZI Gnb3 Gaba_5,0435 RT-ZI Gnb3 Gaba_5,093 RT-ZI Gnb3 Gaba,12 HY GABA,GABA,272,4.978024,5.935186,0.8125
1795,1604 RT-ZI Gnb3 Gaba_5,0435 RT-ZI Gnb3 Gaba_5,093 RT-ZI Gnb3 Gaba,12 HY GABA,GABA,57,5.4574337,5.673345,0.9473684210526315
1796,1592 RT-ZI Gnb3 Gaba_3,0433 RT-ZI Gnb3 Gaba_3,093 RT-ZI Gnb3 Gaba,12 HY GABA,GABA,177,4.5801477,5.5719504,0.7853107344632768
1797,1593 RT-ZI Gnb3 Gaba_3,0433 RT-ZI Gnb3 Gaba_3,093 RT-ZI Gnb3 Gaba,12 HY GABA,GABA,562,4.702505,5.660494,0.7882562277580071
1798,1597 RT-ZI Gnb3 Gaba_4,0434 RT-ZI Gnb3 Gaba_4,093 RT-ZI Gnb3 Gaba,12 HY GABA,GABA,15,2.831774,4.057955,0.5333333333333333
1799,1594 RT-ZI Gnb3 Gaba_3,0433 RT-ZI Gnb3 Gaba_3,093 RT-ZI Gnb3 Gaba,12 HY GABA,GABA,43,3.971543,5.70491,0.6511627906976745
1800,1598 RT-ZI Gnb3 Gaba_4,0434 RT-ZI Gnb3 Gaba_4,093 RT-ZI Gnb3 Gaba,12 HY GABA,GABA,37,4.234636,5.5397706,0.7297297297297297
1801,1599 RT-ZI Gnb3 Gaba_4,0434 RT-ZI Gnb3 Gaba_4,093 RT-ZI Gnb3 Gaba,12 HY GABA,GABA,9,3.9674077,5.0959005,0.6666666666666666
1802,1584 RT-ZI Gnb3 Gaba_1,0431 RT-ZI Gnb3 Gaba_1,093 RT-ZI Gnb3 Gaba,12 HY GABA,GABA,3,4.081845,6.053671,0.6666666666666666
1803,1751 ZI Pax6 Gaba_5,0463 ZI Pax6 Gaba_5,101 ZI Pax6 Gaba,12 HY GABA,GABA,7,6.1994314,6.1732125,1.0
1817,1403 CEA-BST Ebf1 Pdyn Gaba_6,0389 CEA-BST Ebf1 Pdyn Gaba_6,082 CEA-BST Ebf1 Pdyn Gaba,11 CNU-HYa GABA,GABA,1,5.108231,5.108231,1.0
1825,1384 CEA-BST Ebf1 Pdyn Gaba_1,0384 CEA-BST Ebf1 Pdyn Gaba_1,082 CEA-BST Ebf1 Pdyn Gaba,11 CNU-HYa GABA,GABA,2,6.9128027,6.9128027,1.0
1830,1401 CEA-BST Ebf1 Pdyn Gaba_5,0388 CEA-BST Ebf1 Pdyn Gaba_5,082 CEA-BST Ebf1 Pdyn Gaba,11 CNU-HYa GABA,GABA,1,6.8998194,6.8998194,1.0
1833,1406 CEA-BST Ebf1 Pdyn Gaba_8,0391 CEA-BST Ebf1 Pdyn Gaba_8,082 CEA-BST Ebf1 Pdyn Gaba,11 CNU-HYa GABA,GABA,1,0.0,0.0,0.0
1835,1409 CEA-BST Rai14 Pdyn Crh Gaba_2,0393 CEA-BST Rai14 Pdyn Crh Gaba_2,083 CEA-BST Rai14 Pdyn Crh Gaba,11 CNU-HYa GABA,GABA,1,0.0,0.0,0.0
1904,1928 DMH Hmx2 Gaba_2,0488 DMH Hmx2 Gaba_2,107 DMH Hmx2 Gaba,12 HY GABA,GABA,2,6.772332,6.772332,1.0
2036,1950 DMH Hmx2 Gaba_4,0490 DMH Hmx2 Gaba_4,107 DMH Hmx2 Gaba,12 HY GABA,GABA,2,5.886756,5.886756,1.0
2040,1637 PVHd-SBPV Six3 Prox1 Gaba_2,0443 PVHd-SBPV Six3 Prox1 Gaba_2,097 PVHd-SBPV Six3 Prox1 Gaba,12 HY GABA,GABA,13,5.108218,6.26062,0.7692307692307693
2048,1813 DMH-LHA Gsx1 Gaba_4,0473 DMH-LHA Gsx1 Gaba_4,102 DMH-LHA Gsx1 Gaba,12 HY GABA,GABA,4,5.1515837,6.5339766,0.75
2057,1796 DMH-LHA Gsx1 Gaba_2,0471 DMH-LHA Gsx1 Gaba_2,102 DMH-LHA Gsx1 Gaba,12 HY GABA,GABA,1,0.0,0.0,0.0
2115,2099 LHA Barhl2 Glut_1,0524 LHA Barhl2 Glut_1,117 LHA Barhl2 Glut,13 CNU-HYa Glut,Glut,1,5.4576635,5.4576635,1.0
2116,2370 PVH-SO-PVa Otp Glut_2,0586 PVH-SO-PVa Otp Glut_2,133 PVH-SO-PVa Otp Glut,14 HY Glut,Glut,4,1.4506488,0.0,0.25
2141,2389 PH-ant-LHA Otp Bsx Glut_1,0591 PH-ant-LHA Otp Bsx Glut_1,134 PH-ant-LHA Otp Bsx Glut,14 HY Glut,Glut,8,6.202028,6.4135656,1.0
2162,2324 LHA Pmch Glut_2,0573 LHA Pmch Glut_2,130 LHA Pmch Glut,14 HY Glut,Glut,1,0.0,0.0,0.0
2163,2760 MB-ant-ve Dmrta2 Glut_1,0681 MB-ant-ve Dmrta2 Glut_1,156 MB-ant-ve Dmrta2 Glut,19 MB Glut,Glut,31,3.9598038,5.242793,0.6774193548387096
2164,3004 SPA-SPFm-SPFp-POL-PIL-PoT Sp9 Glut_12,0729 SPA-SPFm-SPFp-POL-PIL-PoT Sp9 Glut_12,168 SPA-SPFm-SPFp-POL-PIL-PoT Sp9 Glut,19 MB Glut,Glut,57,4.2851577,5.671577,0.7017543859649122
2165,3005 SPA-SPFm-SPFp-POL-PIL-PoT Sp9 Glut_12,0729 SPA-SPFm-SPFp-POL-PIL-PoT Sp9 Glut_12,168 SPA-SPFm-SPFp-POL-PIL-PoT Sp9 Glut,19 MB Glut,Glut,34,4.021826,5.5181265,0.6470588235294118
2168,2501 PH-LHA Foxb1 Glut_1,0612 PH-LHA Foxb1 Glut_1,139 PH-LHA Foxb1 Glut,14 HY Glut,Glut,1,5.6858206,5.6858206,1.0
2175,2754 MB-ant-ve Dmrta2 Glut_1,0681 MB-ant-ve Dmrta2 Glut_1,156 MB-ant-ve Dmrta2 Glut,19 MB Glut,Glut,4,5.5732765,5.714967,1.0
2182,3383 ND-INC Foxd2 Glut_1,0790 ND-INC Foxd2 Glut_1,190 ND-INC Foxd2 Glut,19 MB Glut,Glut,4,4.1196685,5.398654,0.75
2199,2494 PH Pitx2 Glut_2,0611 PH Pitx2 Glut_2,138 PH Pitx2 Glut,14 HY Glut,Glut,8,4.173533,5.04053,0.75
2200,2485 PH Pitx2 Glut_2,0611 PH Pitx2 Glut_2,138 PH Pitx2 Glut,14 HY Glut,Glut,46,4.834396,5.8515425,0.782608695652174
2201,2496 PH Pitx2 Glut_2,0611 PH Pitx2 Glut_2,138 PH Pitx2 Glut,14 HY Glut,Glut,2,6.218677,6.218677,1.0
2205,2492 PH Pitx2 Glut_2,0611 PH Pitx2 Glut_2,138 PH Pitx2 Glut,14 HY Glut,Glut,5,3.2503915,5.1547146,0.6
2207,2483 PH Pitx2 Glut_1,0610 PH Pitx2 Glut_1,138 PH Pitx2 Glut,14 HY Glut,Glut,1,0.0,0.0,0.0
2209,2486 PH Pitx2 Glut_2,0611 PH Pitx2 Glut_2,138 PH Pitx2 Glut,14 HY Glut,Glut,5,2.186335,0.0,0.4
2210,2489 PH Pitx2 Glut_2,0611 PH Pitx2 Glut_2,138 PH Pitx2 Glut,14 HY Glut,Dopa,1,4.579829,4.579829,1.0
2211,2497 PH Pitx2 Glut_2,0611 PH Pitx2 Glut_2,138 PH Pitx2 Glut,14 HY Glut,Glut,4,4.66731,5.790927,0.75
2213,2756 MB-ant-ve Dmrta2 Glut_1,0681 MB-ant-ve Dmrta2 Glut_1,156 MB-ant-ve Dmrta2 Glut,19 MB Glut,Glut,21,5.2636766,5.9773707,0.8571428571428571
2215,2493 PH Pitx2 Glut_2,0611 PH Pitx2 Glut_2,138 PH Pitx2 Glut,14 HY Glut,Glut,5,3.4400725,4.9809012,0.6
2217,2442 STN-PSTN Pitx2 Glut_3,0600 STN-PSTN Pitx2 Glut_3,135 STN-PSTN Pitx2 Glut,14 HY Glut,Glut,1,6.1894035,6.1894035,1.0
2276,2119 ADP-MPO Trp73 Glut_1,0527 ADP-MPO Trp73 Glut_1,118 ADP-MPO Trp73 Glut,13 CNU-HYa Glut,Glut,1,0.0,0.0,0.0
2278,2115 ADP-MPO Trp73 Glut_1,0527 ADP-MPO Trp73 Glut_1,118 ADP-MPO Trp73 Glut,13 CNU-HYa Glut,Glut,3,4.7062745,6.7437353,0.6666666666666666
2286,2111 LHA Barhl2 Glut_2,0525 LHA Barhl2 Glut_2,117 LHA Barhl2 Glut,13 CNU-HYa Glut,Glut,1,6.093081,6.093081,1.0
2293,2132 ADP-MPO Trp73 Glut_3,0529 ADP-MPO Trp73 Glut_3,118 ADP-MPO Trp73 Glut,13 CNU-HYa Glut,Glut,2,6.4803157,6.4803157,1.0
2295,2117 ADP-MPO Trp73 Glut_1,0527 ADP-MPO Trp73 Glut_1,118 ADP-MPO Trp73 Glut,13 CNU-HYa Glut,Glut,1,6.572985,6.572985,1.0
2297,2749 PRC-PAG Pax6 Glut_4,0679 PRC-PAG Pax6 Glut_4,155 PRC-PAG Pax6 Glut,19 MB Glut,Glut,1,0.0,0.0,0.0
2301,2738 PRC-PAG Pax6 Glut_2,0677 PRC-PAG Pax6 Glut_2,155 PRC-PAG Pax6 Glut,19 MB Glut,Glut,1,6.8219132,6.8219132,1.0
2302,2733 PRC-PAG Pax6 Glut_2,0677 PRC-PAG Pax6 Glut_2,155 PRC-PAG Pax6 Glut,19 MB Glut,Glut,2,6.3315854,6.3315854,1.0
2303,2739 PRC-PAG Pax6 Glut_2,0677 PRC-PAG Pax6 Glut_2,155 PRC-PAG Pax6 Glut,19 MB Glut,Glut,2,3.464751,3.464751,0.5
2304,2734 PRC-PAG Pax6 Glut_2,0677 PRC-PAG Pax6 Glut_2,155 PRC-PAG Pax6 Glut,19 MB Glut,Glut,1,5.9621363,5.9621363,1.0
2305,2730 PRC-PAG Pax6 Glut_1,0676 PRC-PAG Pax6 Glut_1,155 PRC-PAG Pax6 Glut,19 MB Glut,Glut,1,5.557621,5.557621,1.0
2309,2735 PRC-PAG Pax6 Glut_2,0677 PRC-PAG Pax6 Glut_2,155 PRC-PAG Pax6 Glut,19 MB Glut,Glut,10,3.9145234,5.8506656,0.6
2310,2736 PRC-PAG Pax6 Glut_2,0677 PRC-PAG Pax6 Glut_2,155 PRC-PAG Pax6 Glut,19 MB Glut,Glut,35,3.390158,5.281817,0.5714285714285714
2328,2420 PH-ant-LHA Otp Bsx Glut_6,0596 PH-ant-LHA Otp Bsx Glut_6,134 PH-ant-LHA Otp Bsx Glut,14 HY Glut,Glut,1,6.341447,6.341447,1.0
2329,2423 PH-ant-LHA Otp Bsx Glut_7,0597 PH-ant-LHA Otp Bsx Glut_7,134 PH-ant-LHA Otp Bsx Glut,14 HY Glut,Glut,1,7.5159626,7.5159626,1.0
2333,2476 PH-an Pitx2 Glut_2,0609 PH-an Pitx2 Glut_2,137 PH-an Pitx2 Glut,14 HY Glut,Glut,1,5.4968443,5.4968443,1.0
2334,2536 PH-SUM Foxa1 Glut_1,0622 PH-SUM Foxa1 Glut_1,141 PH-SUM Foxa1 Glut,14 HY Glut,Glut,9,5.2040052,6.761755,0.7777777777777778
2340,2538 PH-SUM Foxa1 Glut_1,0622 PH-SUM Foxa1 Glut_1,141 PH-SUM Foxa1 Glut,14 HY Glut,Glut,3,4.1435413,5.915046,0.6666666666666666
2344,2772 IF-RL-CLI-PAG Foxa1 Glut_2,0686 IF-RL-CLI-PAG Foxa1 Glut_2,159 IF-RL-CLI-PAG Foxa1 Glut,19 MB Glut,Glut,1,7.096463,7.096463,1.0
2347,2539 PH-SUM Foxa1 Glut_1,0622 PH-SUM Foxa1 Glut_1,141 PH-SUM Foxa1 Glut,14 HY Glut,Glut,9,5.5216956,5.6177883,0.8888888888888888
2350,2776 IF-RL-CLI-PAG Foxa1 Glut_3,0687 IF-RL-CLI-PAG Foxa1 Glut_3,159 IF-RL-CLI-PAG Foxa1 Glut,19 MB Glut,Glut,1,7.067346,7.067346,1.0
2356,2774 IF-RL-CLI-PAG Foxa1 Glut_2,0686 IF-RL-CLI-PAG Foxa1 Glut_2,159 IF-RL-CLI-PAG Foxa1 Glut,19 MB Glut,Glut,5,4.875115,5.9100037,0.8
2360,2546 PH-SUM Foxa1 Glut_3,0624 PH-SUM Foxa1 Glut_3,141 PH-SUM Foxa1 Glut,14 HY Glut,Glut,11,5.0139337,6.1079974,0.8181818181818182
2361,2547 PH-SUM Foxa1 Glut_3,0624 PH-SUM Foxa1 Glut_3,141 PH-SUM Foxa1 Glut,14 HY Glut,Glut,6,6.0923467,6.1640325,1.0
2362,2780 IF-RL-CLI-PAG Foxa1 Glut_5,0689 IF-RL-CLI-PAG Foxa1 Glut_5,159 IF-RL-CLI-PAG Foxa1 Glut,19 MB Glut,Glut,16,5.470257,5.9278994,0.875
2364,3006 SPA-SPFm-SPFp-POL-PIL-PoT Sp9 Glut_12,0729 SPA-SPFm-SPFp-POL-PIL-PoT Sp9 Glut_12,168 SPA-SPFm-SPFp-POL-PIL-PoT Sp9 Glut,19 MB Glut,Glut,62,4.172423,5.526171,0.6612903225806451
2365,2542 PH-SUM Foxa1 Glut_2,0623 PH-SUM Foxa1 Glut_2,141 PH-SUM Foxa1 Glut,14 HY Glut,Glut,1,6.2461843,6.2461843,1.0
2379,2550 PH-SUM Foxa1 Glut_4,0625 PH-SUM Foxa1 Glut_4,141 PH-SUM Foxa1 Glut,14 HY Glut,Glut,1,0.0,0.0,0.0
2400,3864 SNc-VTA-RAmb Foxa1 Dopa_4,0883 SNc-VTA-RAmb Foxa1 Dopa_4,215 SNc-VTA-RAmb Foxa1 Dopa,21 MB Dopa,Dopa,1,6.8682685,6.8682685,1.0
2409,3874 SNc-VTA-RAmb Foxa1 Dopa_6,0885 SNc-VTA-RAmb Foxa1 Dopa_6,215 SNc-VTA-RAmb Foxa1 Dopa,21 MB Dopa,Dopa,2,4.9218264,4.9218264,1.0
2410,3869 SNc-VTA-RAmb Foxa1 Dopa_5,0884 SNc-VTA-RAmb Foxa1 Dopa_5,215 SNc-VTA-RAmb Foxa1 Dopa,21 MB Dopa,Dopa,1,6.853982,6.853982,1.0
2418,3838 SNc-VTA-RAmb Foxa1 Dopa_1,0880 SNc-VTA-RAmb Foxa1 Dopa_1,215 SNc-VTA-RAmb Foxa1 Dopa,21 MB Dopa,Dopa,6,6.7808113,6.7241716,1.0
2426,2375 PVH-SO-PVa Otp Glut_3,0587 PVH-SO-PVa Otp Glut_3,133 PVH-SO-PVa Otp Glut,14 HY Glut,Glut,1,6.699518,6.699518,1.0
2438,2403 PH-ant-LHA Otp Bsx Glut_3,0593 PH-ant-LHA Otp Bsx Glut_3,134 PH-ant-LHA Otp Bsx Glut,14 HY Glut,Glut,1,6.295345,6.295345,1.0
2441,2427 PH-ant-LHA Otp Bsx Glut_7,0597 PH-ant-LHA Otp Bsx Glut_7,134 PH-ant-LHA Otp Bsx Glut,14 HY Glut,Glut,1,6.7318487,6.7318487,1.0
2444,2400 PH-ant-LHA Otp Bsx Glut_2,0592 PH-ant-LHA Otp Bsx Glut_2,134 PH-ant-LHA Otp Bsx Glut,14 HY Glut,Glut,2,5.832498,5.832498,1.0
2447,2422 PH-ant-LHA Otp Bsx Glut_6,0596 PH-ant-LHA Otp Bsx Glut_6,134 PH-ant-LHA Otp Bsx Glut,14 HY Glut,Glut,6,4.7289505,6.622142,0.6666666666666666
2448,2413 PH-ant-LHA Otp Bsx Glut_5,0595 PH-ant-LHA Otp Bsx Glut_5,134 PH-ant-LHA Otp Bsx Glut,14 HY Glut,Glut,4,4.8334885,6.046035,0.75
2450,2414 PH-ant-LHA Otp Bsx Glut_5,0595 PH-ant-LHA Otp Bsx Glut_5,134 PH-ant-LHA Otp Bsx Glut,14 HY Glut,Glut,1,0.0,0.0,0.0
2451,2415 PH-ant-LHA Otp Bsx Glut_5,0595 PH-ant-LHA Otp Bsx Glut_5,134 PH-ant-LHA Otp Bsx Glut,14 HY Glut,Glut,1,5.9152985,5.9152985,1.0
2452,2416 PH-ant-LHA Otp Bsx Glut_5,0595 PH-ant-LHA Otp Bsx Glut_5,134 PH-ant-LHA Otp Bsx Glut,14 HY Glut,Glut,4,5.972943,5.832281,1.0
2453,2406 PH-ant-LHA Otp Bsx Glut_3,0593 PH-ant-LHA Otp Bsx Glut_3,134 PH-ant-LHA Otp Bsx Glut,14 HY Glut,Glut,2,6.01046,6.01046,1.0
2466,2380 PVH-SO-PVa Otp Glut_4,0588 PVH-SO-PVa Otp Glut_4,133 PVH-SO-PVa Otp Glut,14 HY Glut,Glut,2,5.491618,5.491618,1.0
2470,2366 PVH-SO-PVa Otp Glut_1,0585 PVH-SO-PVa Otp Glut_1,133 PVH-SO-PVa Otp Glut,14 HY Glut,Glut,11,4.672706,5.5291123,0.8181818181818182
2471,2367 PVH-SO-PVa Otp Glut_1,0585 PVH-SO-PVa Otp Glut_1,133 PVH-SO-PVa Otp Glut,14 HY Glut,Glut,6,4.166409,5.878294,0.6666666666666666
2472,2373 PVH-SO-PVa Otp Glut_2,0586 PVH-SO-PVa Otp Glut_2,133 PVH-SO-PVa Otp Glut,14 HY Glut,Glut,2,0.0,0.0,0.0
2473,2374 PVH-SO-PVa Otp Glut_2,0586 PVH-SO-PVa Otp Glut_2,133 PVH-SO-PVa Otp Glut,14 HY Glut,Glut,11,4.6870885,6.4373016,0.7272727272727273
2474,2368 PVH-SO-PVa Otp Glut_1,0585 PVH-SO-PVa Otp Glut_1,133 PVH-SO-PVa Otp Glut,14 HY Glut,Glut,2,3.0919757,3.0919757,0.5
2475,2386 PVH-SO-PVa Otp Glut_6,0590 PVH-SO-PVa Otp Glut_6,133 PVH-SO-PVa Otp Glut,14 HY Glut,Glut,1,0.0,0.0,0.0
2488,2212 MEA-BST Otp Zic2 Glut_1,0539 MEA-BST Otp Zic2 Glut_1,121 MEA-BST Otp Zic2 Glut,13 CNU-HYa Glut,Glut,2,6.329732,6.329732,1.0
2533,2217 MEA-BST Otp Zic2 Glut_3,0541 MEA-BST Otp Zic2 Glut_3,121 MEA-BST Otp Zic2 Glut,13 CNU-HYa Glut,Glut,1,0.0,0.0,0.0
2541,2543 PH-SUM Foxa1 Glut_3,0624 PH-SUM Foxa1 Glut_3,141 PH-SUM Foxa1 Glut,14 HY Glut,Glut,3,4.49303,6.3077693,0.6666666666666666
2564,2006 MEA-COA-BMA Ccdc42 Glut_3,0507 MEA-COA-BMA Ccdc42 Glut_3,113 MEA-COA-BMA Ccdc42 Glut,13 CNU-HYa Glut,Glut,1,0.0,0.0,0.0
2679,1989 BST-po Iigp1 Glut_1,0501 BST-po Iigp1 Glut_1,110 BST-po Iigp1 Glut,13 CNU-HYa Glut,Glut,39,3.040561,4.726105,0.5128205128205128
2692,2182 SI-MA-LPO-LHA Skor1 Glut_6,0535 SI-MA-LPO-LHA Skor1 Glut_6,119 SI-MA-LPO-LHA Skor1 Glut,13 CNU-HYa Glut,Glut,1,0.0,0.0,0.0
2697,2161 SI-MA-LPO-LHA Skor1 Glut_3,0532 SI-MA-LPO-LHA Skor1 Glut_3,119 SI-MA-LPO-LHA Skor1 Glut,13 CNU-HYa Glut,Glut-GABA,2,6.262311,6.262311,1.0
2725,2159 SI-MA-LPO-LHA Skor1 Glut_3,0532 SI-MA-LPO-LHA Skor1 Glut_3,119 SI-MA-LPO-LHA Skor1 Glut,13 CNU-HYa Glut,Glut,2,3.3461163,3.3461163,0.5
2732,1995 GPi Tbr1 Cngb3 Gaba-Glut_1,0504 GPi Tbr1 Cngb3 Gaba-Glut_1,112 GPi Tbr1 Cngb3 Gaba-Glut,13 CNU-HYa Glut,Glut-GABA,2,5.7409396,5.7409396,1.0
2737,2136 SI-MA-LPO-LHA Skor1 Glut_1,0530 SI-MA-LPO-LHA Skor1 Glut_1,119 SI-MA-LPO-LHA Skor1 Glut,13 CNU-HYa Glut,Glut,1,6.933648,6.933648,1.0
2741,2103 LHA Barhl2 Glut_1,0524 LHA Barhl2 Glut_1,117 LHA Barhl2 Glut,13 CNU-HYa Glut,Glut,3,3.9548304,4.888404,0.6666666666666666
2742,2102 LHA Barhl2 Glut_1,0524 LHA Barhl2 Glut_1,117 LHA Barhl2 Glut,13 CNU-HYa Glut,Glut,2,2.9930568,2.9930568,0.5
2745,2109 LHA Barhl2 Glut_2,0525 LHA Barhl2 Glut_2,117 LHA Barhl2 Glut,13 CNU-HYa Glut,Glut,3,2.2891653,0.0,0.3333333333333333
2756,1997 GPi Tbr1 Cngb3 Gaba-Glut_1,0504 GPi Tbr1 Cngb3 Gaba-Glut_1,112 GPi Tbr1 Cngb3 Gaba-Glut,13 CNU-HYa Glut,Glut-GABA,3,3.1045418,4.35908,0.6666666666666666
2762,0497 HPF CR Glut_1,0135 HPF CR Glut_1,036 HPF CR Glut,03 OB-CR Glut,Glut,14,4.7345543,6.619233,0.6428571428571429
2767,0500 HPF CR Glut_1,0135 HPF CR Glut_1,036 HPF CR Glut,03 OB-CR Glut,Glut,2,3.828691,3.828691,0.5
2870,1994 TRS-BAC Sln Glut_2,0503 TRS-BAC Sln Glut_2,111 TRS-BAC Sln Glut,13 CNU-HYa Glut,Glut,2,6.967057,6.967057,1.0
2878,2587 MH Tac2 Glut_3,0634 MH Tac2 Glut_3,145 MH Tac2 Glut,17 MH-LH Glut,Chol,748,6.944812,7.3794093,0.9518716577540107
2879,2588 MH Tac2 Glut_3,0634 MH Tac2 Glut_3,145 MH Tac2 Glut,17 MH-LH Glut,Chol,121,7.349887,7.574929,0.9834710743801653
2880,2589 MH Tac2 Glut_3,0634 MH Tac2 Glut_3,145 MH Tac2 Glut,17 MH-LH Glut,Chol,372,7.843045,7.9522643,0.9973118279569892
2881,2591 MH Tac2 Glut_3,0634 MH Tac2 Glut_3,145 MH Tac2 Glut,17 MH-LH Glut,Glut,190,5.800572,6.62296,0.8526315789473684
2882,2592 MH Tac2 Glut_3,0634 MH Tac2 Glut_3,145 MH Tac2 Glut,17 MH-LH Glut,Glut,309,4.5065966,5.8154693,0.6925566343042071
2884,2590 MH Tac2 Glut_3,0634 MH Tac2 Glut_3,145 MH Tac2 Glut,17 MH-LH Glut,Glut,371,5.4086537,6.523953,0.7978436657681941
2885,2597 MH Tac2 Glut_5,0636 MH Tac2 Glut_5,145 MH Tac2 Glut,17 MH-LH Glut,Glut,20,6.2414126,6.572461,0.95
2886,2583 MH Tac2 Glut_2,0633 MH Tac2 Glut_2,145 MH Tac2 Glut,17 MH-LH Glut,Glut,174,5.7691374,6.5793085,0.8448275862068966
2887,2584 MH Tac2 Glut_2,0633 MH Tac2 Glut_2,145 MH Tac2 Glut,17 MH-LH Glut,Glut,55,4.83371,5.623443,0.7636363636363637
2888,2585 MH Tac2 Glut_2,0633 MH Tac2 Glut_2,145 MH Tac2 Glut,17 MH-LH Glut,Glut,108,6.5584755,7.1721888,0.9166666666666666
2889,2586 MH Tac2 Glut_2,0633 MH Tac2 Glut_2,145 MH Tac2 Glut,17 MH-LH Glut,Glut,49,7.666411,7.7910337,0.9795918367346939
2890,2582 MH Tac2 Glut_2,0633 MH Tac2 Glut_2,145 MH Tac2 Glut,17 MH-LH Glut,Glut,37,8.082555,8.3708315,1.0
2891,2593 MH Tac2 Glut_3,0634 MH Tac2 Glut_3,145 MH Tac2 Glut,17 MH-LH Glut,Chol,222,6.716065,7.1895056,0.9369369369369369
2892,2578 MH Tac2 Glut_1,0632 MH Tac2 Glut_1,145 MH Tac2 Glut,17 MH-LH Glut,Chol,288,7.972334,8.138901,0.9895833333333334
2893,2579 MH Tac2 Glut_1,0632 MH Tac2 Glut_1,145 MH Tac2 Glut,17 MH-LH Glut,Chol,149,8.115011,8.27321,0.9932885906040269
2894,2580 MH Tac2 Glut_1,0632 MH Tac2 Glut_1,145 MH Tac2 Glut,17 MH-LH Glut,Chol,818,7.5970654,7.8549,0.9779951100244498
2895,2594 MH Tac2 Glut_4,0635 MH Tac2 Glut_4,145 MH Tac2 Glut,17 MH-LH Glut,Glut,18,5.2836742,5.9082317,0.8333333333333334
2896,2581 MH Tac2 Glut_1,0632 MH Tac2 Glut_1,145 MH Tac2 Glut,17 MH-LH Glut,Chol,361,7.130284,7.552558,0.9529085872576177
2897,2595 MH Tac2 Glut_4,0635 MH Tac2 Glut_4,145 MH Tac2 Glut,17 MH-LH Glut,Glut,68,5.795858,6.5830264,0.8529411764705882
2898,2599 LH Pou4f1 Sox1 Glut_1,0637 LH Pou4f1 Sox1 Glut_1,146 LH Pou4f1 Sox1 Glut,17 MH-LH Glut,Glut,637,4.6029973,5.6847854,0.7598116169544741
2899,2605 LH Pou4f1 Sox1 Glut_2,0638 LH Pou4f1 Sox1 Glut_2,146 LH Pou4f1 Sox1 Glut,17 MH-LH Glut,Glut,43,5.257039,6.2290573,0.8372093023255814
2900,2601 LH Pou4f1 Sox1 Glut_2,0638 LH Pou4f1 Sox1 Glut_2,146 LH Pou4f1 Sox1 Glut,17 MH-LH Glut,Glut,66,5.701954,6.55739,0.8787878787878788
2901,2602 LH Pou4f1 Sox1 Glut_2,0638 LH Pou4f1 Sox1 Glut_2,146 LH Pou4f1 Sox1 Glut,17 MH-LH Glut,Glut,99,5.517841,6.2211514,0.8686868686868687
2902,2612 LH Pou4f1 Sox1 Glut_4,0640 LH Pou4f1 Sox1 Glut_4,146 LH Pou4f1 Sox1 Glut,17 MH-LH Glut,Glut,46,5.4011803,6.0386696,0.8913043478260869
2903,2603 LH Pou4f1 Sox1 Glut_2,0638 LH Pou4f1 Sox1 Glut_2,146 LH Pou4f1 Sox1 Glut,17 MH-LH Glut,Glut,111,4.661111,5.784539,0.7387387387387387
2904,2606 LH Pou4f1 Sox1 Glut_3,0639 LH Pou4f1 Sox1 Glut_3,146 LH Pou4f1 Sox1 Glut,17 MH-LH Glut,Glut,101,4.482714,5.6409607,0.7425742574257426
2905,2607 LH Pou4f1 Sox1 Glut_3,0639 LH Pou4f1 Sox1 Glut_3,146 LH Pou4f1 Sox1 Glut,17 MH-LH Glut,Glut,53,4.0901957,5.447228,0.6792452830188679
2906,2609 LH Pou4f1 Sox1 Glut_4,0640 LH Pou4f1 Sox1 Glut_4,146 LH Pou4f1 Sox1 Glut,17 MH-LH Glut,Glut,44,4.7386575,5.784477,0.8181818181818182
2907,2608 LH Pou4f1 Sox1 Glut_3,0639 LH Pou4f1 Sox1 Glut_3,146 LH Pou4f1 Sox1 Glut,17 MH-LH Glut,Glut,77,5.187403,5.728014,0.8701298701298701
2908,2604 LH Pou4f1 Sox1 Glut_2,0638 LH Pou4f1 Sox1 Glut_2,146 LH Pou4f1 Sox1 Glut,17 MH-LH Glut,Glut,48,4.387816,5.9372644,0.7083333333333334
2909,2598 MH Tac2 Glut_5,0636 MH Tac2 Glut_5,145 MH Tac2 Glut,17 MH-LH Glut,Glut,101,4.923016,5.7564588,0.801980198019802
2910,2596 MH Tac2 Glut_5,0636 MH Tac2 Glut_5,145 MH Tac2 Glut,17 MH-LH Glut,Glut,52,4.4125714,5.8864746,0.7115384615384616
2911,2600 LH Pou4f1 Sox1 Glut_1,0637 LH Pou4f1 Sox1 Glut_1,146 LH Pou4f1 Sox1 Glut,17 MH-LH Glut,Glut,23,5.2022505,5.9914384,0.8260869565217391
2912,2610 LH Pou4f1 Sox1 Glut_4,0640 LH Pou4f1 Sox1 Glut_4,146 LH Pou4f1 Sox1 Glut,17 MH-LH Glut,Glut,39,5.826838,6.030711,0.9487179487179487
2913,2611 LH Pou4f1 Sox1 Glut_4,0640 LH Pou4f1 Sox1 Glut_4,146 LH Pou4f1 Sox1 Glut,17 MH-LH Glut,Glut,14,5.77711,5.689707,1.0
3159,3598 PRT Tcf7l2 Gaba_1,0829 PRT Tcf7l2 Gaba_1,202 PRT Tcf7l2 Gaba,20 MB GABA,GABA,1,0.0,0.0,0.0
3165,3633 LGv-SPFp-SPFm Nkx2-2 Tcf7l2 Gaba_1,0834 LGv-SPFp-SPFm Nkx2-2 Tcf7l2 Gaba_1,203 LGv-SPFp-SPFm Nkx2-2 Tcf7l2 Gaba,20 MB GABA,GABA,4,5.277473,5.0691814,1.0
3170,3631 PRT Tcf7l2 Gaba_5,0833 PRT Tcf7l2 Gaba_5,202 PRT Tcf7l2 Gaba,20 MB GABA,GABA,1,7.529108,7.529108,1.0
3171,3601 PRT Tcf7l2 Gaba_1,0829 PRT Tcf7l2 Gaba_1,202 PRT Tcf7l2 Gaba,20 MB GABA,GABA,2,3.5095181,3.5095181,0.5
3172,3602 PRT Tcf7l2 Gaba_1,0829 PRT Tcf7l2 Gaba_1,202 PRT Tcf7l2 Gaba,20 MB GABA,GABA,1,5.552131,5.552131,1.0
3173,3626 PRT Tcf7l2 Gaba_4,0832 PRT Tcf7l2 Gaba_4,202 PRT Tcf7l2 Gaba,20 MB GABA,GABA,1,6.8053737,6.8053737,1.0
3180,3603 PRT Tcf7l2 Gaba_1,0829 PRT Tcf7l2 Gaba_1,202 PRT Tcf7l2 Gaba,20 MB GABA,GABA,15,3.7108903,5.226835,0.6666666666666666
3182,3604 PRT Tcf7l2 Gaba_1,0829 PRT Tcf7l2 Gaba_1,202 PRT Tcf7l2 Gaba,20 MB GABA,GABA,1,0.0,0.0,0.0
3183,3605 PRT Tcf7l2 Gaba_1,0829 PRT Tcf7l2 Gaba_1,202 PRT Tcf7l2 Gaba,20 MB GABA,GABA,1,7.0696735,7.0696735,1.0
3184,3481 IC Six3 En2 Gaba_3,0809 IC Six3 En2 Gaba_3,198 IC Six3 En2 Gaba,20 MB GABA,GABA,1,6.663793,6.663793,1.0
3185,3476 IC Six3 En2 Gaba_1,0807 IC Six3 En2 Gaba_1,198 IC Six3 En2 Gaba,20 MB GABA,GABA,4,4.981924,6.495518,0.75
3186,3596 PRT Tcf7l2 Gaba_1,0829 PRT Tcf7l2 Gaba_1,202 PRT Tcf7l2 Gaba,20 MB GABA,GABA,7,3.5707376,4.7612066,0.7142857142857143
3238,3506 IC Six3 En2 Gaba_7,0813 IC Six3 En2 Gaba_7,198 IC Six3 En2 Gaba,20 MB GABA,GABA,8,3.8393154,5.6778517,0.625
3250,3627 PRT Tcf7l2 Gaba_4,0832 PRT Tcf7l2 Gaba_4,202 PRT Tcf7l2 Gaba,20 MB GABA,GABA,2,5.3045735,5.3045735,1.0
3252,3777 PRT Mecom Gaba_3,0866 PRT Mecom Gaba_3,210 PRT Mecom Gaba,20 MB GABA,GABA,1,6.6278296,6.6278296,1.0
3254,3780 PRT Mecom Gaba_3,0866 PRT Mecom Gaba_3,210 PRT Mecom Gaba,20 MB GABA,GABA,1,8.030581,8.030581,1.0
3267,3759 SCs Pax7 Nfia Gaba_5,0863 SCs Pax7 Nfia Gaba_5,209 SCs Pax7 Nfia Gaba,20 MB GABA,GABA,8,3.3053968,2.7884297,0.5
3273,3663 LGv-SPFp-SPFm Nkx2-2 Tcf7l2 Gaba_6,0839 LGv-SPFp-SPFm Nkx2-2 Tcf7l2 Gaba_6,203 LGv-SPFp-SPFm Nkx2-2 Tcf7l2 Gaba,20 MB GABA,GABA,96,5.2140822,5.9396496,0.8541666666666666
3275,3664 LGv-SPFp-SPFm Nkx2-2 Tcf7l2 Gaba_6,0839 LGv-SPFp-SPFm Nkx2-2 Tcf7l2 Gaba_6,203 LGv-SPFp-SPFm Nkx2-2 Tcf7l2 Gaba,20 MB GABA,GABA,29,4.3801913,5.5226874,0.6896551724137931
3278,3765 PRT Mecom Gaba_1,0864 PRT Mecom Gaba_1,210 PRT Mecom Gaba,20 MB GABA,GABA,1,0.0,0.0,0.0
3280,3760 PRT Mecom Gaba_1,0864 PRT Mecom Gaba_1,210 PRT Mecom Gaba,20 MB GABA,GABA,4,3.987254,5.205249,0.75
3281,3767 PRT Mecom Gaba_1,0864 PRT Mecom Gaba_1,210 PRT Mecom Gaba,20 MB GABA,GABA-Glyc,1,5.8802495,5.8802495,1.0
3282,3774 PRT Mecom Gaba_3,0866 PRT Mecom Gaba_3,210 PRT Mecom Gaba,20 MB GABA,GABA-Glyc,12,4.6374764,5.849318,0.75
3283,3768 PRT Mecom Gaba_1,0864 PRT Mecom Gaba_1,210 PRT Mecom Gaba,20 MB GABA,GABA,5,5.5539246,7.056655,0.8
3284,3769 PRT Mecom Gaba_1,0864 PRT Mecom Gaba_1,210 PRT Mecom Gaba,20 MB GABA,GABA,2,6.543306,6.543306,1.0
3285,3761 PRT Mecom Gaba_1,0864 PRT Mecom Gaba_1,210 PRT Mecom Gaba,20 MB GABA,GABA,6,3.4628336,3.3816848,0.5
3286,3770 PRT Mecom Gaba_1,0864 PRT Mecom Gaba_1,210 PRT Mecom Gaba,20 MB GABA,GABA,4,3.2515094,2.6004393,0.5
3287,3636 LGv-SPFp-SPFm Nkx2-2 Tcf7l2 Gaba_1,0834 LGv-SPFp-SPFm Nkx2-2 Tcf7l2 Gaba_1,203 LGv-SPFp-SPFm Nkx2-2 Tcf7l2 Gaba,20 MB GABA,GABA,47,3.844117,5.472211,0.6382978723404256
3288,3665 LGv-SPFp-SPFm Nkx2-2 Tcf7l2 Gaba_6,0839 LGv-SPFp-SPFm Nkx2-2 Tcf7l2 Gaba_6,203 LGv-SPFp-SPFm Nkx2-2 Tcf7l2 Gaba,20 MB GABA,GABA,1,7.2515063,7.2515063,1.0
3289,3634 LGv-SPFp-SPFm Nkx2-2 Tcf7l2 Gaba_1,0834 LGv-SPFp-SPFm Nkx2-2 Tcf7l2 Gaba_1,203 LGv-SPFp-SPFm Nkx2-2 Tcf7l2 Gaba,20 MB GABA,GABA,8,3.7131968,4.776376,0.625
3290,3762 PRT Mecom Gaba_1,0864 PRT Mecom Gaba_1,210 PRT Mecom Gaba,20 MB GABA,GABA,2,3.0948298,3.0948298,0.5
3291,3763 PRT Mecom Gaba_1,0864 PRT Mecom Gaba_1,210 PRT Mecom Gaba,20 MB GABA,GABA,4,2.6247387,2.4458997,0.5
3293,3666 LGv-SPFp-SPFm Nkx2-2 Tcf7l2 Gaba_6,0839 LGv-SPFp-SPFm Nkx2-2 Tcf7l2 Gaba_6,203 LGv-SPFp-SPFm Nkx2-2 Tcf7l2 Gaba,20 MB GABA,GABA,51,3.9648426,5.3970747,0.6666666666666666
3294,3637 LGv-SPFp-SPFm Nkx2-2 Tcf7l2 Gaba_1,0834 LGv-SPFp-SPFm Nkx2-2 Tcf7l2 Gaba_1,203 LGv-SPFp-SPFm Nkx2-2 Tcf7l2 Gaba,20 MB GABA,GABA,58,4.277872,5.5077934,0.7068965517241379
3295,3638 LGv-SPFp-SPFm Nkx2-2 Tcf7l2 Gaba_1,0834 LGv-SPFp-SPFm Nkx2-2 Tcf7l2 Gaba_1,203 LGv-SPFp-SPFm Nkx2-2 Tcf7l2 Gaba,20 MB GABA,GABA,22,4.3653073,5.6621656,0.7272727272727273
3296,3639 LGv-SPFp-SPFm Nkx2-2 Tcf7l2 Gaba_1,0834 LGv-SPFp-SPFm Nkx2-2 Tcf7l2 Gaba_1,203 LGv-SPFp-SPFm Nkx2-2 Tcf7l2 Gaba,20 MB GABA,GABA,62,4.4425592,5.4825373,0.7419354838709677
3297,3647 LGv-SPFp-SPFm Nkx2-2 Tcf7l2 Gaba_3,0836 LGv-SPFp-SPFm Nkx2-2 Tcf7l2 Gaba_3,203 LGv-SPFp-SPFm Nkx2-2 Tcf7l2 Gaba,20 MB GABA,GABA,67,3.9171379,5.432584,0.6268656716417911
3298,3640 LGv-SPFp-SPFm Nkx2-2 Tcf7l2 Gaba_1,0834 LGv-SPFp-SPFm Nkx2-2 Tcf7l2 Gaba_1,203 LGv-SPFp-SPFm Nkx2-2 Tcf7l2 Gaba,20 MB GABA,GABA,30,4.8402276,5.9011755,0.8
3299,3635 LGv-SPFp-SPFm Nkx2-2 Tcf7l2 Gaba_1,0834 LGv-SPFp-SPFm Nkx2-2 Tcf7l2 Gaba_1,203 LGv-SPFp-SPFm Nkx2-2 Tcf7l2 Gaba,20 MB GABA,GABA,15,4.0536323,5.452466,0.7333333333333333
3304,3482 IC Six3 En2 Gaba_3,0809 IC Six3 En2 Gaba_3,198 IC Six3 En2 Gaba,20 MB GABA,GABA,3,6.612938,6.651194,1.0
3328,3493 IC Six3 En2 Gaba_4,0810 IC Six3 En2 Gaba_4,198 IC Six3 En2 Gaba,20 MB GABA,GABA,1,6.2827196,6.2827196,1.0
3335,3472 IC Six3 En2 Gaba_1,0807 IC Six3 En2 Gaba_1,198 IC Six3 En2 Gaba,20 MB GABA,GABA,2,0.0,0.0,0.0
3336,3473 IC Six3 En2 Gaba_1,0807 IC Six3 En2 Gaba_1,198 IC Six3 En2 Gaba,20 MB GABA,GABA,2,7.164398,7.164398,1.0
3338,3494 IC Six3 En2 Gaba_4,0810 IC Six3 En2 Gaba_4,198 IC Six3 En2 Gaba,20 MB GABA,GABA,1,5.7127504,5.7127504,1.0
3384,3387 PAG-MRN Rln3 Gaba_1,0791 PAG-MRN Rln3 Gaba_1,191 PAG-MRN Rln3 Gaba,20 MB GABA,GABA,5,2.282593,0.0,0.4
3413,3609 PRT Tcf7l2 Gaba_2,0830 PRT Tcf7l2 Gaba_2,202 PRT Tcf7l2 Gaba,20 MB GABA,GABA,1,4.732342,4.732342,1.0
3414,3610 PRT Tcf7l2 Gaba_2,0830 PRT Tcf7l2 Gaba_2,202 PRT Tcf7l2 Gaba,20 MB GABA,GABA,4,4.0538535,4.8644767,0.75
3415,3611 PRT Tcf7l2 Gaba_2,0830 PRT Tcf7l2 Gaba_2,202 PRT Tcf7l2 Gaba,20 MB GABA,GABA,1,6.3617926,6.3617926,1.0
3418,3623 PRT Tcf7l2 Gaba_4,0832 PRT Tcf7l2 Gaba_4,202 PRT Tcf7l2 Gaba,20 MB GABA,GABA,1,5.000176,5.000176,1.0
3419,3613 PRT Tcf7l2 Gaba_3,0831 PRT Tcf7l2 Gaba_3,202 PRT Tcf7l2 Gaba,20 MB GABA,GABA,1,7.2773404,7.2773404,1.0
3421,3614 PRT Tcf7l2 Gaba_3,0831 PRT Tcf7l2 Gaba_3,202 PRT Tcf7l2 Gaba,20 MB GABA,GABA,14,2.6477013,0.0,0.42857142857142855
3422,3630 PRT Tcf7l2 Gaba_4,0832 PRT Tcf7l2 Gaba_4,202 PRT Tcf7l2 Gaba,20 MB GABA,GABA,1,0.0,0.0,0.0
3425,3618 PRT Tcf7l2 Gaba_3,0831 PRT Tcf7l2 Gaba_3,202 PRT Tcf7l2 Gaba,20 MB GABA,GABA,6,5.105061,4.837564,1.0
3426,3615 PRT Tcf7l2 Gaba_3,0831 PRT Tcf7l2 Gaba_3,202 PRT Tcf7l2 Gaba,20 MB GABA,GABA,3,1.8702453,0.0,0.3333333333333333
3427,3606 PRT Tcf7l2 Gaba_1,0829 PRT Tcf7l2 Gaba_1,202 PRT Tcf7l2 Gaba,20 MB GABA,GABA,55,3.6993682,5.2408266,0.6
3428,3621 PRT Tcf7l2 Gaba_3,0831 PRT Tcf7l2 Gaba_3,202 PRT Tcf7l2 Gaba,20 MB GABA,GABA,1,5.2167892,5.2167892,1.0
3429,3619 PRT Tcf7l2 Gaba_3,0831 PRT Tcf7l2 Gaba_3,202 PRT Tcf7l2 Gaba,20 MB GABA,GABA,4,5.8757157,5.819168,1.0
3430,3772 PRT Mecom Gaba_2,0865 PRT Mecom Gaba_2,210 PRT Mecom Gaba,20 MB GABA,GABA,6,5.3401093,6.1124687,0.8333333333333334
3431,3773 PRT Mecom Gaba_2,0865 PRT Mecom Gaba_2,210 PRT Mecom Gaba,20 MB GABA,GABA,6,6.1073723,6.0813303,1.0
3432,3616 PRT Tcf7l2 Gaba_3,0831 PRT Tcf7l2 Gaba_3,202 PRT Tcf7l2 Gaba,20 MB GABA,GABA,16,3.2549305,4.6270356,0.5625
3433,3617 PRT Tcf7l2 Gaba_3,0831 PRT Tcf7l2 Gaba_3,202 PRT Tcf7l2 Gaba,20 MB GABA,GABA,4,3.0427642,2.703626,0.5
3434,3620 PRT Tcf7l2 Gaba_3,0831 PRT Tcf7l2 Gaba_3,202 PRT Tcf7l2 Gaba,20 MB GABA,GABA,7,4.8430953,6.2806416,0.7142857142857143
3474,3787 SC Tnnt1 Gli3 Gaba_2,0868 SC Tnnt1 Gli3 Gaba_2,211 SC Tnnt1 Gli3 Gaba,20 MB GABA,GABA,1,0.0,0.0,0.0
3475,3641 LGv-SPFp-SPFm Nkx2-2 Tcf7l2 Gaba_2,0835 LGv-SPFp-SPFm Nkx2-2 Tcf7l2 Gaba_2,203 LGv-SPFp-SPFm Nkx2-2 Tcf7l2 Gaba,20 MB GABA,GABA,31,4.432131,5.8689227,0.6774193548387096
3476,3642 LGv-SPFp-SPFm Nkx2-2 Tcf7l2 Gaba_2,0835 LGv-SPFp-SPFm Nkx2-2 Tcf7l2 Gaba_2,203 LGv-SPFp-SPFm Nkx2-2 Tcf7l2 Gaba,20 MB GABA,GABA,156,3.7454584,5.04935,0.6346153846153846
3478,3643 LGv-SPFp-SPFm Nkx2-2 Tcf7l2 Gaba_2,0835 LGv-SPFp-SPFm Nkx2-2 Tcf7l2 Gaba_2,203 LGv-SPFp-SPFm Nkx2-2 Tcf7l2 Gaba,20 MB GABA,GABA,158,3.2613463,4.9456005,0.5443037974683544
3479,3658 LGv-SPFp-SPFm Nkx2-2 Tcf7l2 Gaba_5,0838 LGv-SPFp-SPFm Nkx2-2 Tcf7l2 Gaba_5,203 LGv-SPFp-SPFm Nkx2-2 Tcf7l2 Gaba,20 MB GABA,GABA,160,4.834173,5.7562923,0.7875
3480,3653 LGv-SPFp-SPFm Nkx2-2 Tcf7l2 Gaba_4,0837 LGv-SPFp-SPFm Nkx2-2 Tcf7l2 Gaba_4,203 LGv-SPFp-SPFm Nkx2-2 Tcf7l2 Gaba,20 MB GABA,GABA,134,4.021133,5.4151783,0.6791044776119403
3481,3644 LGv-SPFp-SPFm Nkx2-2 Tcf7l2 Gaba_2,0835 LGv-SPFp-SPFm Nkx2-2 Tcf7l2 Gaba_2,203 LGv-SPFp-SPFm Nkx2-2 Tcf7l2 Gaba,20 MB GABA,GABA,121,3.7505317,5.1722555,0.628099173553719
3482,3659 LGv-SPFp-SPFm Nkx2-2 Tcf7l2 Gaba_5,0838 LGv-SPFp-SPFm Nkx2-2 Tcf7l2 Gaba_5,203 LGv-SPFp-SPFm Nkx2-2 Tcf7l2 Gaba,20 MB GABA,GABA,58,5.635169,6.3686056,0.8793103448275862
3483,3660 LGv-SPFp-SPFm Nkx2-2 Tcf7l2 Gaba_5,0838 LGv-SPFp-SPFm Nkx2-2 Tcf7l2 Gaba_5,203 LGv-SPFp-SPFm Nkx2-2 Tcf7l2 Gaba,20 MB GABA,GABA,73,4.482915,5.7900314,0.7123287671232876
3485,3661 LGv-SPFp-SPFm Nkx2-2 Tcf7l2 Gaba_5,0838 LGv-SPFp-SPFm Nkx2-2 Tcf7l2 Gaba_5,203 LGv-SPFp-SPFm Nkx2-2 Tcf7l2 Gaba,20 MB GABA,GABA,31,4.467939,5.5078516,0.7419354838709677
3486,3654 LGv-SPFp-SPFm Nkx2-2 Tcf7l2 Gaba_4,0837 LGv-SPFp-SPFm Nkx2-2 Tcf7l2 Gaba_4,203 LGv-SPFp-SPFm Nkx2-2 Tcf7l2 Gaba,20 MB GABA,GABA,106,3.510917,4.7987585,0.6226415094339622
3487,3655 LGv-SPFp-SPFm Nkx2-2 Tcf7l2 Gaba_4,0837 LGv-SPFp-SPFm Nkx2-2 Tcf7l2 Gaba_4,203 LGv-SPFp-SPFm Nkx2-2 Tcf7l2 Gaba,20 MB GABA,GABA,117,4.346979,5.321436,0.7521367521367521
3488,3648 LGv-SPFp-SPFm Nkx2-2 Tcf7l2 Gaba_3,0836 LGv-SPFp-SPFm Nkx2-2 Tcf7l2 Gaba_3,203 LGv-SPFp-SPFm Nkx2-2 Tcf7l2 Gaba,20 MB GABA,GABA,111,5.1772923,5.9880195,0.8198198198198198
3489,3667 LGv-SPFp-SPFm Nkx2-2 Tcf7l2 Gaba_7,0840 LGv-SPFp-SPFm Nkx2-2 Tcf7l2 Gaba_7,203 LGv-SPFp-SPFm Nkx2-2 Tcf7l2 Gaba,20 MB GABA,GABA,285,3.917495,5.6198297,0.6175438596491228
3490,3662 LGv-SPFp-SPFm Nkx2-2 Tcf7l2 Gaba_5,0838 LGv-SPFp-SPFm Nkx2-2 Tcf7l2 Gaba_5,203 LGv-SPFp-SPFm Nkx2-2 Tcf7l2 Gaba,20 MB GABA,GABA,60,5.53853,6.4325933,0.85
3491,3645 LGv-SPFp-SPFm Nkx2-2 Tcf7l2 Gaba_2,0835 LGv-SPFp-SPFm Nkx2-2 Tcf7l2 Gaba_2,203 LGv-SPFp-SPFm Nkx2-2 Tcf7l2 Gaba,20 MB GABA,GABA,265,4.210901,5.43092,0.7018867924528301
3492,3656 LGv-SPFp-SPFm Nkx2-2 Tcf7l2 Gaba_4,0837 LGv-SPFp-SPFm Nkx2-2 Tcf7l2 Gaba_4,203 LGv-SPFp-SPFm Nkx2-2 Tcf7l2 Gaba,20 MB GABA,GABA,119,4.687826,5.7534566,0.7563025210084033
3493,3668 LGv-SPFp-SPFm Nkx2-2 Tcf7l2 Gaba_7,0840 LGv-SPFp-SPFm Nkx2-2 Tcf7l2 Gaba_7,203 LGv-SPFp-SPFm Nkx2-2 Tcf7l2 Gaba,20 MB GABA,GABA,224,4.6650805,5.9026356,0.7321428571428571
3494,3649 LGv-SPFp-SPFm Nkx2-2 Tcf7l2 Gaba_3,0836 LGv-SPFp-SPFm Nkx2-2 Tcf7l2 Gaba_3,203 LGv-SPFp-SPFm Nkx2-2 Tcf7l2 Gaba,20 MB GABA,GABA,108,3.7665164,5.314601,0.6111111111111112
3495,3650 LGv-SPFp-SPFm Nkx2-2 Tcf7l2 Gaba_3,0836 LGv-SPFp-SPFm Nkx2-2 Tcf7l2 Gaba_3,203 LGv-SPFp-SPFm Nkx2-2 Tcf7l2 Gaba,20 MB GABA,GABA,62,5.0790305,5.828612,0.8387096774193549
3496,3646 LGv-SPFp-SPFm Nkx2-2 Tcf7l2 Gaba_2,0835 LGv-SPFp-SPFm Nkx2-2 Tcf7l2 Gaba_2,203 LGv-SPFp-SPFm Nkx2-2 Tcf7l2 Gaba,20 MB GABA,GABA,190,4.560524,5.751816,0.7421052631578947
3497,3657 LGv-SPFp-SPFm Nkx2-2 Tcf7l2 Gaba_4,0837 LGv-SPFp-SPFm Nkx2-2 Tcf7l2 Gaba_4,203 LGv-SPFp-SPFm Nkx2-2 Tcf7l2 Gaba,20 MB GABA,GABA,64,4.175314,5.37427,0.71875
3498,3651 LGv-SPFp-SPFm Nkx2-2 Tcf7l2 Gaba_3,0836 LGv-SPFp-SPFm Nkx2-2 Tcf7l2 Gaba_3,203 LGv-SPFp-SPFm Nkx2-2 Tcf7l2 Gaba,20 MB GABA,GABA,38,4.7565207,5.6648912,0.7894736842105263
3499,3652 LGv-SPFp-SPFm Nkx2-2 Tcf7l2 Gaba_3,0836 LGv-SPFp-SPFm Nkx2-2 Tcf7l2 Gaba_3,203 LGv-SPFp-SPFm Nkx2-2 Tcf7l2 Gaba,20 MB GABA,GABA,26,5.166676,5.833726,0.8461538461538461
3527,3694 SC-PAG Lef1 Emx2 Gaba_3,0845 SC-PAG Lef1 Emx2 Gaba_3,205 SC-PAG Lef1 Emx2 Gaba,20 MB GABA,GABA,1,0.0,0.0,0.0
3581,3670 SC Otx2 Gcnt4 Gaba_1,0841 SC Otx2 Gcnt4 Gaba_1,204 SC Otx2 Gcnt4 Gaba,20 MB GABA,GABA,1,0.0,0.0,0.0
3584,3797 SCsg Gabrr2 Gaba_1,0872 SCsg Gabrr2 Gaba_1,213 SCsg Gabrr2 Gaba,20 MB GABA,GABA,253,4.3984227,5.689288,0.7035573122529645
3585,3798 SCsg Gabrr2 Gaba_1,0872 SCsg Gabrr2 Gaba_1,213 SCsg Gabrr2 Gaba,20 MB GABA,GABA,238,4.5721655,5.9861155,0.7184873949579832
3586,3799 SCsg Gabrr2 Gaba_1,0872 SCsg Gabrr2 Gaba_1,213 SCsg Gabrr2 Gaba,20 MB GABA,GABA,145,4.4250345,5.94879,0.696551724137931
3587,3800 SCsg Gabrr2 Gaba_1,0872 SCsg Gabrr2 Gaba_1,213 SCsg Gabrr2 Gaba,20 MB GABA,GABA,169,4.712522,5.984962,0.727810650887574
3588,3804 SCsg Gabrr2 Gaba_1,0872 SCsg Gabrr2 Gaba_1,213 SCsg Gabrr2 Gaba,20 MB GABA,GABA,16,5.1616144,6.0521393,0.8125
3589,3801 SCsg Gabrr2 Gaba_1,0872 SCsg Gabrr2 Gaba_1,213 SCsg Gabrr2 Gaba,20 MB GABA,GABA,19,4.7324486,5.8321476,0.7368421052631579
3590,3802 SCsg Gabrr2 Gaba_1,0872 SCsg Gabrr2 Gaba_1,213 SCsg Gabrr2 Gaba,20 MB GABA,GABA,8,5.2353144,5.716352,0.875
3593,3816 SCsg Gabrr2 Gaba_3,0874 SCsg Gabrr2 Gaba_3,213 SCsg Gabrr2 Gaba,20 MB GABA,GABA,4,1.5547775,0.0,0.25
3594,3803 SCsg Gabrr2 Gaba_1,0872 SCsg Gabrr2 Gaba_1,213 SCsg Gabrr2 Gaba,20 MB GABA,GABA,11,1.9718394,0.0,0.36363636363636365
3595,3806 SCsg Gabrr2 Gaba_1,0872 SCsg Gabrr2 Gaba_1,213 SCsg Gabrr2 Gaba,20 MB GABA,Glut-GABA,4,3.2613714,3.2573156,0.5
3596,3817 SCsg Gabrr2 Gaba_3,0874 SCsg Gabrr2 Gaba_3,213 SCsg Gabrr2 Gaba,20 MB GABA,GABA,1,7.5738635,7.5738635,1.0
3602,3824 SCsg Gabrr2 Gaba_4,0875 SCsg Gabrr2 Gaba_4,213 SCsg Gabrr2 Gaba,20 MB GABA,GABA,4,3.0976067,2.865536,0.5
3608,3813 SCsg Gabrr2 Gaba_2,0873 SCsg Gabrr2 Gaba_2,213 SCsg Gabrr2 Gaba,20 MB GABA,GABA,1,5.9018903,5.9018903,1.0
3612,3807 SCsg Gabrr2 Gaba_1,0872 SCsg Gabrr2 Gaba_1,213 SCsg Gabrr2 Gaba,20 MB GABA,GABA,2,6.80652,6.80652,1.0
3769,4083 PB Evx2 Glut_9,0922 PB Evx2 Glut_9,222 PB Evx2 Glut,23 P Glut,Glut,2,7.7854123,7.7854123,1.0
3775,3385 ND-INC Foxd2 Glut_1,0790 ND-INC Foxd2 Glut_1,190 ND-INC Foxd2 Glut,19 MB Glut,Glut,2,6.485691,6.485691,1.0
3776,3384 ND-INC Foxd2 Glut_1,0790 ND-INC Foxd2 Glut_1,190 ND-INC Foxd2 Glut,19 MB Glut,Glut,2,2.689929,2.689929,0.5
4259,4420 SPVI-SPVC Tlx3 Ebf3 Glut_2,0982 SPVI-SPVC Tlx3 Ebf3 Glut_2,245 SPVI-SPVC Tlx3 Ebf3 Glut,24 MY Glut,Glut,1,5.4116664,5.4116664,1.0
4486,3044 PAG-MRN Tfap2b Glut_1,0733 PAG-MRN Tfap2b Glut_1,170 PAG-MRN Tfap2b Glut,19 MB Glut,Glut,4,2.992406,2.8911204,0.5
4487,3045 PAG-MRN Tfap2b Glut_1,0733 PAG-MRN Tfap2b Glut_1,170 PAG-MRN Tfap2b Glut,19 MB Glut,Glut,2,3.3069127,3.3069127,0.5
4495,3072 PAG-MRN Tfap2b Glut_2,0734 PAG-MRN Tfap2b Glut_2,170 PAG-MRN Tfap2b Glut,19 MB Glut,Glut,15,4.5573735,6.127102,0.7333333333333333
4500,3086 PAG Pou4f1 Bnc2 Glut_1,0735 PAG Pou4f1 Bnc2 Glut_1,171 PAG Pou4f1 Bnc2 Glut,19 MB Glut,Glut,7,4.34566,5.2757564,0.7142857142857143
4509,3049 PAG-MRN Tfap2b Glut_1,0733 PAG-MRN Tfap2b Glut_1,170 PAG-MRN Tfap2b Glut,19 MB Glut,Glut,1,0.0,0.0,0.0
4512,3083 PAG Pou4f1 Bnc2 Glut_1,0735 PAG Pou4f1 Bnc2 Glut_1,171 PAG Pou4f1 Bnc2 Glut,19 MB Glut,Glut,3,6.044449,6.2934318,1.0
4516,3076 PAG-MRN Tfap2b Glut_2,0734 PAG-MRN Tfap2b Glut_2,170 PAG-MRN Tfap2b Glut,19 MB Glut,Glut,11,4.11429,6.065622,0.6363636363636364
4517,3018 PAG-SC Pou4f1 Zic1 Glut_1,0730 PAG-SC Pou4f1 Zic1 Glut_1,169 PAG-SC Pou4f1 Zic1 Glut,19 MB Glut,Glut,1,0.0,0.0,0.0
4525,3066 PAG-MRN Tfap2b Glut_1,0733 PAG-MRN Tfap2b Glut_1,170 PAG-MRN Tfap2b Glut,19 MB Glut,Glut,1,5.65137,5.65137,1.0
4547,3029 PAG-SC Pou4f1 Zic1 Glut_2,0731 PAG-SC Pou4f1 Zic1 Glut_2,169 PAG-SC Pou4f1 Zic1 Glut,19 MB Glut,Glut,1,6.0951385,6.0951385,1.0
4557,3310 IC Tfap2d Maf Glut_4,0773 IC Tfap2d Maf Glut_4,181 IC Tfap2d Maf Glut,19 MB Glut,Glut,5,6.1991205,6.5458136,1.0
4558,3311 IC Tfap2d Maf Glut_4,0773 IC Tfap2d Maf Glut_4,181 IC Tfap2d Maf Glut,19 MB Glut,Glut,14,2.5806365,0.0,0.42857142857142855
4566,3308 IC Tfap2d Maf Glut_3,0772 IC Tfap2d Maf Glut_3,181 IC Tfap2d Maf Glut,19 MB Glut,Glut,1,0.0,0.0,0.0
4570,3319 IC Tfap2d Maf Glut_6,0775 IC Tfap2d Maf Glut_6,181 IC Tfap2d Maf Glut,19 MB Glut,Glut,1,5.5943956,5.5943956,1.0
4574,3027 PAG-SC Pou4f1 Zic1 Glut_2,0731 PAG-SC Pou4f1 Zic1 Glut_2,169 PAG-SC Pou4f1 Zic1 Glut,19 MB Glut,Glut,4,3.0253997,2.7477062,0.5
4575,3033 PAG-SC Pou4f1 Zic1 Glut_2,0731 PAG-SC Pou4f1 Zic1 Glut_2,169 PAG-SC Pou4f1 Zic1 Glut,19 MB Glut,Glut,13,4.1004457,5.5266914,0.6923076923076923
4581,3297 IC Tfap2d Maf Glut_2,0771 IC Tfap2d Maf Glut_2,181 IC Tfap2d Maf Glut,19 MB Glut,Glut,1,7.376722,7.376722,1.0
4585,3300 IC Tfap2d Maf Glut_2,0771 IC Tfap2d Maf Glut_2,181 IC Tfap2d Maf Glut,19 MB Glut,Glut,1,4.818824,4.818824,1.0
4642,3140 PAG Pou4f1 Ebf2 Glut_7,0743 PAG Pou4f1 Ebf2 Glut_7,172 PAG Pou4f1 Ebf2 Glut,19 MB Glut,Glut,1,0.0,0.0,0.0
4646,3019 PAG-SC Pou4f1 Zic1 Glut_1,0730 PAG-SC Pou4f1 Zic1 Glut_1,169 PAG-SC Pou4f1 Zic1 Glut,19 MB Glut,Glut,1,5.4109344,5.4109344,1.0
4667,3152 PAG Pou4f2 Glut_1,0745 PAG Pou4f2 Glut_1,173 PAG Pou4f2 Glut,19 MB Glut,Glut,1,0.0,0.0,0.0
4687,2907 PRC-PAG Tcf7l2 Irx2 Glut_1,0713 PRC-PAG Tcf7l2 Irx2 Glut_1,167 PRC-PAG Tcf7l2 Irx2 Glut,19 MB Glut,Glut,6,3.8163013,4.5115814,0.6666666666666666
4690,2898 PRC-PAG Tcf7l2 Irx2 Glut_1,0713 PRC-PAG Tcf7l2 Irx2 Glut_1,167 PRC-PAG Tcf7l2 Irx2 Glut,19 MB Glut,Glut,1,6.8555408,6.8555408,1.0
4692,2910 PRC-PAG Tcf7l2 Irx2 Glut_2,0714 PRC-PAG Tcf7l2 Irx2 Glut_2,167 PRC-PAG Tcf7l2 Irx2 Glut,19 MB Glut,Glut,1,0.0,0.0,0.0
4697,2881 PAG-MRN Pou3f1 Glut_6,0709 PAG-MRN Pou3f1 Glut_6,165 PAG-MRN Pou3f1 Glut,19 MB Glut,Glut,5,3.9144497,6.2711105,0.6
4698,2885 MRN Pou3f1 C1ql4 Glut_1,0710 MRN Pou3f1 C1ql4 Glut_1,166 MRN Pou3f1 C1ql4 Glut,19 MB Glut,Glut,2,5.965024,5.965024,1.0
4702,2914 PRC-PAG Tcf7l2 Irx2 Glut_2,0714 PRC-PAG Tcf7l2 Irx2 Glut_2,167 PRC-PAG Tcf7l2 Irx2 Glut,19 MB Glut,Glut,38,4.477571,5.5916653,0.7631578947368421
4704,2911 PRC-PAG Tcf7l2 Irx2 Glut_2,0714 PRC-PAG Tcf7l2 Irx2 Glut_2,167 PRC-PAG Tcf7l2 Irx2 Glut,19 MB Glut,Glut,1,4.5795126,4.5795126,1.0
4708,2899 PRC-PAG Tcf7l2 Irx2 Glut_1,0713 PRC-PAG Tcf7l2 Irx2 Glut_1,167 PRC-PAG Tcf7l2 Irx2 Glut,19 MB Glut,Glut,21,5.3905234,6.328836,0.8571428571428571
4709,2900 PRC-PAG Tcf7l2 Irx2 Glut_1,0713 PRC-PAG Tcf7l2 Irx2 Glut_1,167 PRC-PAG Tcf7l2 Irx2 Glut,19 MB Glut,Glut,9,2.8702312,0.0,0.4444444444444444
4710,2886 MRN Pou3f1 C1ql4 Glut_1,0710 MRN Pou3f1 C1ql4 Glut_1,166 MRN Pou3f1 C1ql4 Glut,19 MB Glut,Glut,1,0.0,0.0,0.0
4711,2895 MRN Pou3f1 C1ql4 Glut_3,0712 MRN Pou3f1 C1ql4 Glut_3,166 MRN Pou3f1 C1ql4 Glut,19 MB Glut,Glut,4,6.206007,6.088255,1.0
4715,2848 APN C1ql4 Glut_1,0703 APN C1ql4 Glut_1,164 APN C1ql4 Glut,19 MB Glut,Glut,7,5.6260457,5.6707997,0.8571428571428571
4716,2849 APN C1ql4 Glut_1,0703 APN C1ql4 Glut_1,164 APN C1ql4 Glut,19 MB Glut,Glut,1,7.102742,7.102742,1.0
4717,2852 APN C1ql4 Glut_1,0703 APN C1ql4 Glut_1,164 APN C1ql4 Glut,19 MB Glut,Glut,5,5.3277063,6.1759825,0.8
4718,2853 APN C1ql4 Glut_1,0703 APN C1ql4 Glut_1,164 APN C1ql4 Glut,19 MB Glut,Glut,3,7.827619,8.071498,1.0
4719,2854 APN C1ql4 Glut_1,0703 APN C1ql4 Glut_1,164 APN C1ql4 Glut,19 MB Glut,Glut,25,5.091723,6.4490776,0.76
4720,2850 APN C1ql4 Glut_1,0703 APN C1ql4 Glut_1,164 APN C1ql4 Glut,19 MB Glut,Glut,17,5.7691865,6.010013,0.9411764705882353
4721,2851 APN C1ql4 Glut_1,0703 APN C1ql4 Glut_1,164 APN C1ql4 Glut,19 MB Glut,Glut,33,4.982542,6.1888914,0.7878787878787878
4722,2844 APN C1ql2 Glut_1,0702 APN C1ql2 Glut_1,163 APN C1ql2 Glut,19 MB Glut,Glut,13,5.5877795,6.14044,0.9230769230769231
4723,2841 APN C1ql2 Glut_1,0702 APN C1ql2 Glut_1,163 APN C1ql2 Glut,19 MB Glut,Glut,25,5.32366,6.2590585,0.84
4724,2842 APN C1ql2 Glut_1,0702 APN C1ql2 Glut_1,163 APN C1ql2 Glut,19 MB Glut,Glut,23,4.12589,5.3137255,0.6956521739130435
4725,2843 APN C1ql2 Glut_1,0702 APN C1ql2 Glut_1,163 APN C1ql2 Glut,19 MB Glut,Glut,7,4.6154027,5.8983917,0.7142857142857143
4726,2846 APN C1ql2 Glut_1,0702 APN C1ql2 Glut_1,163 APN C1ql2 Glut,19 MB Glut,Glut,13,3.2165947,4.7744093,0.5384615384615384
4727,3002 SPA-SPFm-SPFp-POL-PIL-PoT Sp9 Glut_11,0728 SPA-SPFm-SPFp-POL-PIL-PoT Sp9 Glut_11,168 SPA-SPFm-SPFp-POL-PIL-PoT Sp9 Glut,19 MB Glut,Glut,51,3.1394103,4.6117277,0.5098039215686274
4728,2912 PRC-PAG Tcf7l2 Irx2 Glut_2,0714 PRC-PAG Tcf7l2 Irx2 Glut_2,167 PRC-PAG Tcf7l2 Irx2 Glut,19 MB Glut,Glut,52,4.788028,5.866643,0.7692307692307693
4729,2901 PRC-PAG Tcf7l2 Irx2 Glut_1,0713 PRC-PAG Tcf7l2 Irx2 Glut_1,167 PRC-PAG Tcf7l2 Irx2 Glut,19 MB Glut,Glut,49,3.5645323,5.3143253,0.5918367346938775
4730,2902 PRC-PAG Tcf7l2 Irx2 Glut_1,0713 PRC-PAG Tcf7l2 Irx2 Glut_1,167 PRC-PAG Tcf7l2 Irx2 Glut,19 MB Glut,Glut,11,2.2800124,0.0,0.45454545454545453
4731,2903 PRC-PAG Tcf7l2 Irx2 Glut_1,0713 PRC-PAG Tcf7l2 Irx2 Glut_1,167 PRC-PAG Tcf7l2 Irx2 Glut,19 MB Glut,Glut,17,4.0115666,5.463306,0.6470588235294118
4732,2913 PRC-PAG Tcf7l2 Irx2 Glut_2,0714 PRC-PAG Tcf7l2 Irx2 Glut_2,167 PRC-PAG Tcf7l2 Irx2 Glut,19 MB Glut,Glut,21,4.793507,6.105712,0.7619047619047619
4733,2927 SPA-SPFm-SPFp-POL-PIL-PoT Sp9 Glut_1,0718 SPA-SPFm-SPFp-POL-PIL-PoT Sp9 Glut_1,168 SPA-SPFm-SPFp-POL-PIL-PoT Sp9 Glut,19 MB Glut,Glut,31,5.7317834,6.3643417,0.8709677419354839
4734,2847 APN C1ql2 Glut_1,0702 APN C1ql2 Glut_1,163 APN C1ql2 Glut,19 MB Glut,Glut,33,3.6976619,5.177626,0.6060606060606061
4735,2928 SPA-SPFm-SPFp-POL-PIL-PoT Sp9 Glut_1,0718 SPA-SPFm-SPFp-POL-PIL-PoT Sp9 Glut_1,168 SPA-SPFm-SPFp-POL-PIL-PoT Sp9 Glut,19 MB Glut,Glut,10,4.367147,5.1006866,0.8
4736,2919 PRC-PAG Tcf7l2 Irx2 Glut_3,0715 PRC-PAG Tcf7l2 Irx2 Glut_3,167 PRC-PAG Tcf7l2 Irx2 Glut,19 MB Glut,Glut,12,4.432188,5.170658,0.75
4737,3003 SPA-SPFm-SPFp-POL-PIL-PoT Sp9 Glut_11,0728 SPA-SPFm-SPFp-POL-PIL-PoT Sp9 Glut_11,168 SPA-SPFm-SPFp-POL-PIL-PoT Sp9 Glut,19 MB Glut,Glut,19,4.2181334,5.7256236,0.6842105263157895
4738,2929 SPA-SPFm-SPFp-POL-PIL-PoT Sp9 Glut_1,0718 SPA-SPFm-SPFp-POL-PIL-PoT Sp9 Glut_1,168 SPA-SPFm-SPFp-POL-PIL-PoT Sp9 Glut,19 MB Glut,Glut,1,7.2641826,7.2641826,1.0
4739,2930 SPA-SPFm-SPFp-POL-PIL-PoT Sp9 Glut_1,0718 SPA-SPFm-SPFp-POL-PIL-PoT Sp9 Glut_1,168 SPA-SPFm-SPFp-POL-PIL-PoT Sp9 Glut,19 MB Glut,Glut,1,0.0,0.0,0.0
4740,2845 APN C1ql2 Glut_1,0702 APN C1ql2 Glut_1,163 APN C1ql2 Glut,19 MB Glut,Glut,9,5.362425,5.4121056,0.8888888888888888
4753,2864 PAG-MRN Pou3f1 Glut_1,0704 PAG-MRN Pou3f1 Glut_1,165 PAG-MRN Pou3f1 Glut,19 MB Glut,Glut,1,5.746987,5.746987,1.0
4761,2938 SPA-SPFm-SPFp-POL-PIL-PoT Sp9 Glut_2,0719 SPA-SPFm-SPFp-POL-PIL-PoT Sp9 Glut_2,168 SPA-SPFm-SPFp-POL-PIL-PoT Sp9 Glut,19 MB Glut,Glut,1,5.202738,5.202738,1.0
4762,2996 SPA-SPFm-SPFp-POL-PIL-PoT Sp9 Glut_9,0726 SPA-SPFm-SPFp-POL-PIL-PoT Sp9 Glut_9,168 SPA-SPFm-SPFp-POL-PIL-PoT Sp9 Glut,19 MB Glut,Glut,40,4.55198,5.383771,0.775
4763,2997 SPA-SPFm-SPFp-POL-PIL-PoT Sp9 Glut_9,0726 SPA-SPFm-SPFp-POL-PIL-PoT Sp9 Glut_9,168 SPA-SPFm-SPFp-POL-PIL-PoT Sp9 Glut,19 MB Glut,Glut,18,5.8419104,6.292495,0.9444444444444444
4764,2998 SPA-SPFm-SPFp-POL-PIL-PoT Sp9 Glut_9,0726 SPA-SPFm-SPFp-POL-PIL-PoT Sp9 Glut_9,168 SPA-SPFm-SPFp-POL-PIL-PoT Sp9 Glut,19 MB Glut,Glut,34,3.7784383,5.223151,0.6176470588235294
4765,2999 SPA-SPFm-SPFp-POL-PIL-PoT Sp9 Glut_9,0726 SPA-SPFm-SPFp-POL-PIL-PoT Sp9 Glut_9,168 SPA-SPFm-SPFp-POL-PIL-PoT Sp9 Glut,19 MB Glut,Glut,20,5.1402144,6.3785367,0.8
4766,2935 SPA-SPFm-SPFp-POL-PIL-PoT Sp9 Glut_1,0718 SPA-SPFm-SPFp-POL-PIL-PoT Sp9 Glut_1,168 SPA-SPFm-SPFp-POL-PIL-PoT Sp9 Glut,19 MB Glut,Glut,155,3.9663086,5.454579,0.6516129032258065
4767,2943 SPA-SPFm-SPFp-POL-PIL-PoT Sp9 Glut_2,0719 SPA-SPFm-SPFp-POL-PIL-PoT Sp9 Glut_2,168 SPA-SPFm-SPFp-POL-PIL-PoT Sp9 Glut,19 MB Glut,Glut,5,3.316127,4.8744736,0.6
4768,2974 SPA-SPFm-SPFp-POL-PIL-PoT Sp9 Glut_6,0723 SPA-SPFm-SPFp-POL-PIL-PoT Sp9 Glut_6,168 SPA-SPFm-SPFp-POL-PIL-PoT Sp9 Glut,19 MB Glut,Glut,36,4.700396,5.904739,0.75
4769,2966 SPA-SPFm-SPFp-POL-PIL-PoT Sp9 Glut_5,0722 SPA-SPFm-SPFp-POL-PIL-PoT Sp9 Glut_5,168 SPA-SPFm-SPFp-POL-PIL-PoT Sp9 Glut,19 MB Glut,Glut,102,3.1985717,4.4296327,0.5980392156862745
4770,2946 SPA-SPFm-SPFp-POL-PIL-PoT Sp9 Glut_3,0720 SPA-SPFm-SPFp-POL-PIL-PoT Sp9 Glut_3,168 SPA-SPFm-SPFp-POL-PIL-PoT Sp9 Glut,19 MB Glut,Glut,109,3.6619382,5.440843,0.6055045871559633
4771,2947 SPA-SPFm-SPFp-POL-PIL-PoT Sp9 Glut_3,0720 SPA-SPFm-SPFp-POL-PIL-PoT Sp9 Glut_3,168 SPA-SPFm-SPFp-POL-PIL-PoT Sp9 Glut,19 MB Glut,Glut,27,5.377477,5.612936,0.8888888888888888
4772,2969 SPA-SPFm-SPFp-POL-PIL-PoT Sp9 Glut_5,0722 SPA-SPFm-SPFp-POL-PIL-PoT Sp9 Glut_5,168 SPA-SPFm-SPFp-POL-PIL-PoT Sp9 Glut,19 MB Glut,Glut,42,4.2967067,5.415539,0.7142857142857143
4773,2965 SPA-SPFm-SPFp-POL-PIL-PoT Sp9 Glut_5,0722 SPA-SPFm-SPFp-POL-PIL-PoT Sp9 Glut_5,168 SPA-SPFm-SPFp-POL-PIL-PoT Sp9 Glut,19 MB Glut,Glut,40,3.6482403,4.8359556,0.675
4774,3000 SPA-SPFm-SPFp-POL-PIL-PoT Sp9 Glut_10,0727 SPA-SPFm-SPFp-POL-PIL-PoT Sp9 Glut_10,168 SPA-SPFm-SPFp-POL-PIL-PoT Sp9 Glut,19 MB Glut,Glut,13,5.3121576,5.743745,0.9230769230769231
4775,2953 SPA-SPFm-SPFp-POL-PIL-PoT Sp9 Glut_3,0720 SPA-SPFm-SPFp-POL-PIL-PoT Sp9 Glut_3,168 SPA-SPFm-SPFp-POL-PIL-PoT Sp9 Glut,19 MB Glut,Glut,48,4.335341,5.2944374,0.75
4777,2954 SPA-SPFm-SPFp-POL-PIL-PoT Sp9 Glut_3,0720 SPA-SPFm-SPFp-POL-PIL-PoT Sp9 Glut_3,168 SPA-SPFm-SPFp-POL-PIL-PoT Sp9 Glut,19 MB Glut,Glut,38,3.985125,5.3228397,0.6578947368421053
4778,2955 SPA-SPFm-SPFp-POL-PIL-PoT Sp9 Glut_3,0720 SPA-SPFm-SPFp-POL-PIL-PoT Sp9 Glut_3,168 SPA-SPFm-SPFp-POL-PIL-PoT Sp9 Glut,19 MB Glut,Glut,72,4.6716275,5.66728,0.75
4779,2948 SPA-SPFm-SPFp-POL-PIL-PoT Sp9 Glut_3,0720 SPA-SPFm-SPFp-POL-PIL-PoT Sp9 Glut_3,168 SPA-SPFm-SPFp-POL-PIL-PoT Sp9 Glut,19 MB Glut,Glut,66,4.3972745,5.6297526,0.7272727272727273
4780,2949 SPA-SPFm-SPFp-POL-PIL-PoT Sp9 Glut_3,0720 SPA-SPFm-SPFp-POL-PIL-PoT Sp9 Glut_3,168 SPA-SPFm-SPFp-POL-PIL-PoT Sp9 Glut,19 MB Glut,Glut,355,4.637822,5.7778854,0.7577464788732394
4782,2950 SPA-SPFm-SPFp-POL-PIL-PoT Sp9 Glut_3,0720 SPA-SPFm-SPFp-POL-PIL-PoT Sp9 Glut_3,168 SPA-SPFm-SPFp-POL-PIL-PoT Sp9 Glut,19 MB Glut,Glut,45,4.4591656,5.28459,0.7555555555555555
4783,2951 SPA-SPFm-SPFp-POL-PIL-PoT Sp9 Glut_3,0720 SPA-SPFm-SPFp-POL-PIL-PoT Sp9 Glut_3,168 SPA-SPFm-SPFp-POL-PIL-PoT Sp9 Glut,19 MB Glut,Glut,37,4.9762692,5.9601784,0.7837837837837838
4784,2970 SPA-SPFm-SPFp-POL-PIL-PoT Sp9 Glut_5,0722 SPA-SPFm-SPFp-POL-PIL-PoT Sp9 Glut_5,168 SPA-SPFm-SPFp-POL-PIL-PoT Sp9 Glut,19 MB Glut,Glut,26,4.954511,6.356751,0.7692307692307693
4785,2971 SPA-SPFm-SPFp-POL-PIL-PoT Sp9 Glut_5,0722 SPA-SPFm-SPFp-POL-PIL-PoT Sp9 Glut_5,168 SPA-SPFm-SPFp-POL-PIL-PoT Sp9 Glut,19 MB Glut,Glut,35,4.5947924,5.733472,0.7714285714285715
4786,2952 SPA-SPFm-SPFp-POL-PIL-PoT Sp9 Glut_3,0720 SPA-SPFm-SPFp-POL-PIL-PoT Sp9 Glut_3,168 SPA-SPFm-SPFp-POL-PIL-PoT Sp9 Glut,19 MB Glut,Glut,62,3.76704,5.650547,0.5967741935483871
4787,2972 SPA-SPFm-SPFp-POL-PIL-PoT Sp9 Glut_5,0722 SPA-SPFm-SPFp-POL-PIL-PoT Sp9 Glut_5,168 SPA-SPFm-SPFp-POL-PIL-PoT Sp9 Glut,19 MB Glut,Glut,25,5.5361986,5.725844,0.92
4788,2617 PVT-PT Ntrk1 Glut_1,0643 PVT-PT Ntrk1 Glut_1,149 PVT-PT Ntrk1 Glut,18 TH Glut,Glut,150,3.8316605,5.106704,0.66
4789,2941 SPA-SPFm-SPFp-POL-PIL-PoT Sp9 Glut_2,0719 SPA-SPFm-SPFp-POL-PIL-PoT Sp9 Glut_2,168 SPA-SPFm-SPFp-POL-PIL-PoT Sp9 Glut,19 MB Glut,Glut,5,3.7140565,4.562802,0.6
4790,2973 SPA-SPFm-SPFp-POL-PIL-PoT Sp9 Glut_5,0722 SPA-SPFm-SPFp-POL-PIL-PoT Sp9 Glut_5,168 SPA-SPFm-SPFp-POL-PIL-PoT Sp9 Glut,19 MB Glut,Glut,82,4.038863,5.35288,0.6585365853658537
4791,2945 SPA-SPFm-SPFp-POL-PIL-PoT Sp9 Glut_2,0719 SPA-SPFm-SPFp-POL-PIL-PoT Sp9 Glut_2,168 SPA-SPFm-SPFp-POL-PIL-PoT Sp9 Glut,19 MB Glut,Glut,19,4.3541636,5.336378,0.7368421052631579
4792,2988 SPA-SPFm-SPFp-POL-PIL-PoT Sp9 Glut_8,0725 SPA-SPFm-SPFp-POL-PIL-PoT Sp9 Glut_8,168 SPA-SPFm-SPFp-POL-PIL-PoT Sp9 Glut,19 MB Glut,Glut,310,3.8565214,5.3157997,0.635483870967742
4793,2989 SPA-SPFm-SPFp-POL-PIL-PoT Sp9 Glut_8,0725 SPA-SPFm-SPFp-POL-PIL-PoT Sp9 Glut_8,168 SPA-SPFm-SPFp-POL-PIL-PoT Sp9 Glut,19 MB Glut,Glut,94,2.7337623,0.0,0.44680851063829785
4794,2968 SPA-SPFm-SPFp-POL-PIL-PoT Sp9 Glut_5,0722 SPA-SPFm-SPFp-POL-PIL-PoT Sp9 Glut_5,168 SPA-SPFm-SPFp-POL-PIL-PoT Sp9 Glut,19 MB Glut,Glut,43,3.9352002,5.26025,0.6511627906976745
4795,3001 SPA-SPFm-SPFp-POL-PIL-PoT Sp9 Glut_10,0727 SPA-SPFm-SPFp-POL-PIL-PoT Sp9 Glut_10,168 SPA-SPFm-SPFp-POL-PIL-PoT Sp9 Glut,19 MB Glut,Glut,15,3.8492696,5.5772552,0.6666666666666666
4796,2990 SPA-SPFm-SPFp-POL-PIL-PoT Sp9 Glut_8,0725 SPA-SPFm-SPFp-POL-PIL-PoT Sp9 Glut_8,168 SPA-SPFm-SPFp-POL-PIL-PoT Sp9 Glut,19 MB Glut,Glut,29,4.5735483,5.711877,0.7586206896551724
4797,2991 SPA-SPFm-SPFp-POL-PIL-PoT Sp9 Glut_8,0725 SPA-SPFm-SPFp-POL-PIL-PoT Sp9 Glut_8,168 SPA-SPFm-SPFp-POL-PIL-PoT Sp9 Glut,19 MB Glut,Glut,65,4.3957353,5.5829453,0.7230769230769231
4798,2992 SPA-SPFm-SPFp-POL-PIL-PoT Sp9 Glut_8,0725 SPA-SPFm-SPFp-POL-PIL-PoT Sp9 Glut_8,168 SPA-SPFm-SPFp-POL-PIL-PoT Sp9 Glut,19 MB Glut,Glut,54,3.9099493,4.988226,0.6666666666666666
4799,2993 SPA-SPFm-SPFp-POL-PIL-PoT Sp9 Glut_8,0725 SPA-SPFm-SPFp-POL-PIL-PoT Sp9 Glut_8,168 SPA-SPFm-SPFp-POL-PIL-PoT Sp9 Glut,19 MB Glut,Glut,79,3.2836895,5.094274,0.5316455696202531
4800,2994 SPA-SPFm-SPFp-POL-PIL-PoT Sp9 Glut_8,0725 SPA-SPFm-SPFp-POL-PIL-PoT Sp9 Glut_8,168 SPA-SPFm-SPFp-POL-PIL-PoT Sp9 Glut,19 MB Glut,Glut,53,2.7425318,0.0,0.4528301886792453
4801,2975 SPA-SPFm-SPFp-POL-PIL-PoT Sp9 Glut_6,0723 SPA-SPFm-SPFp-POL-PIL-PoT Sp9 Glut_6,168 SPA-SPFm-SPFp-POL-PIL-PoT Sp9 Glut,19 MB Glut,Glut,58,3.2589285,4.899741,0.5172413793103449
4832,2789 PAG-SC Neurod2 Meis2 Glut_2,0691 PAG-SC Neurod2 Meis2 Glut_2,160 PAG-SC Neurod2 Meis2 Glut,19 MB Glut,Glut,3,2.6820467,0.0,0.3333333333333333
4837,2931 SPA-SPFm-SPFp-POL-PIL-PoT Sp9 Glut_1,0718 SPA-SPFm-SPFp-POL-PIL-PoT Sp9 Glut_1,168 SPA-SPFm-SPFp-POL-PIL-PoT Sp9 Glut,19 MB Glut,Glut,112,4.011551,5.432143,0.6517857142857143
4839,2904 PRC-PAG Tcf7l2 Irx2 Glut_1,0713 PRC-PAG Tcf7l2 Irx2 Glut_1,167 PRC-PAG Tcf7l2 Irx2 Glut,19 MB Glut,Glut,52,5.5671597,6.2439113,0.8653846153846154
4840,2905 PRC-PAG Tcf7l2 Irx2 Glut_1,0713 PRC-PAG Tcf7l2 Irx2 Glut_1,167 PRC-PAG Tcf7l2 Irx2 Glut,19 MB Glut,Glut,59,4.6633663,5.9305387,0.7457627118644068
4844,2906 PRC-PAG Tcf7l2 Irx2 Glut_1,0713 PRC-PAG Tcf7l2 Irx2 Glut_1,167 PRC-PAG Tcf7l2 Irx2 Glut,19 MB Glut,Glut,15,4.9204693,5.909165,0.8
4845,2976 SPA-SPFm-SPFp-POL-PIL-PoT Sp9 Glut_6,0723 SPA-SPFm-SPFp-POL-PIL-PoT Sp9 Glut_6,168 SPA-SPFm-SPFp-POL-PIL-PoT Sp9 Glut,19 MB Glut,Glut,43,4.620464,5.4291987,0.7674418604651163
4846,2977 SPA-SPFm-SPFp-POL-PIL-PoT Sp9 Glut_6,0723 SPA-SPFm-SPFp-POL-PIL-PoT Sp9 Glut_6,168 SPA-SPFm-SPFp-POL-PIL-PoT Sp9 Glut,19 MB Glut,Glut,30,5.529521,6.620613,0.8333333333333334
4847,2978 SPA-SPFm-SPFp-POL-PIL-PoT Sp9 Glut_6,0723 SPA-SPFm-SPFp-POL-PIL-PoT Sp9 Glut_6,168 SPA-SPFm-SPFp-POL-PIL-PoT Sp9 Glut,19 MB Glut,Glut,12,4.738828,6.0589786,0.75
4848,2932 SPA-SPFm-SPFp-POL-PIL-PoT Sp9 Glut_1,0718 SPA-SPFm-SPFp-POL-PIL-PoT Sp9 Glut_1,168 SPA-SPFm-SPFp-POL-PIL-PoT Sp9 Glut,19 MB Glut,Glut,9,3.5438232,4.9835525,0.5555555555555556
4850,2933 SPA-SPFm-SPFp-POL-PIL-PoT Sp9 Glut_1,0718 SPA-SPFm-SPFp-POL-PIL-PoT Sp9 Glut_1,168 SPA-SPFm-SPFp-POL-PIL-PoT Sp9 Glut,19 MB Glut,Glut,27,3.9019027,5.722834,0.6296296296296297
4851,2995 SPA-SPFm-SPFp-POL-PIL-PoT Sp9 Glut_9,0726 SPA-SPFm-SPFp-POL-PIL-PoT Sp9 Glut_9,168 SPA-SPFm-SPFp-POL-PIL-PoT Sp9 Glut,19 MB Glut,Glut,44,4.6679196,6.2427106,0.7045454545454546
4852,2979 SPA-SPFm-SPFp-POL-PIL-PoT Sp9 Glut_6,0723 SPA-SPFm-SPFp-POL-PIL-PoT Sp9 Glut_6,168 SPA-SPFm-SPFp-POL-PIL-PoT Sp9 Glut,19 MB Glut,Glut,68,5.10685,6.243374,0.7794117647058824
4853,2980 SPA-SPFm-SPFp-POL-PIL-PoT Sp9 Glut_6,0723 SPA-SPFm-SPFp-POL-PIL-PoT Sp9 Glut_6,168 SPA-SPFm-SPFp-POL-PIL-PoT Sp9 Glut,19 MB Glut,Glut,9,5.8927937,6.6442113,0.8888888888888888
4854,2926 SPA-SPFm-SPFp-POL-PIL-PoT Sp9 Glut_1,0718 SPA-SPFm-SPFp-POL-PIL-PoT Sp9 Glut_1,168 SPA-SPFm-SPFp-POL-PIL-PoT Sp9 Glut,19 MB Glut,Glut,43,5.3921447,6.4326673,0.813953488372093
4855,2936 SPA-SPFm-SPFp-POL-PIL-PoT Sp9 Glut_1,0718 SPA-SPFm-SPFp-POL-PIL-PoT Sp9 Glut_1,168 SPA-SPFm-SPFp-POL-PIL-PoT Sp9 Glut,19 MB Glut,Glut,47,3.7570965,5.1415253,0.6382978723404256
4856,2981 SPA-SPFm-SPFp-POL-PIL-PoT Sp9 Glut_6,0723 SPA-SPFm-SPFp-POL-PIL-PoT Sp9 Glut_6,168 SPA-SPFm-SPFp-POL-PIL-PoT Sp9 Glut,19 MB Glut,Glut,6,1.4584188,0.0,0.3333333333333333
4857,2982 SPA-SPFm-SPFp-POL-PIL-PoT Sp9 Glut_6,0723 SPA-SPFm-SPFp-POL-PIL-PoT Sp9 Glut_6,168 SPA-SPFm-SPFp-POL-PIL-PoT Sp9 Glut,19 MB Glut,Glut,25,5.6180763,6.356246,0.84
4858,2934 SPA-SPFm-SPFp-POL-PIL-PoT Sp9 Glut_1,0718 SPA-SPFm-SPFp-POL-PIL-PoT Sp9 Glut_1,168 SPA-SPFm-SPFp-POL-PIL-PoT Sp9 Glut,19 MB Glut,Glut,79,4.1688075,5.4592686,0.6835443037974683
4861,2937 SPA-SPFm-SPFp-POL-PIL-PoT Sp9 Glut_1,0718 SPA-SPFm-SPFp-POL-PIL-PoT Sp9 Glut_1,168 SPA-SPFm-SPFp-POL-PIL-PoT Sp9 Glut,19 MB Glut,Glut,8,2.0139205,0.0,0.375
4936,3226 SCig Foxb1 Glut_2,0761 SCig Foxb1 Glut_2,176 SCig Foxb1 Glut,19 MB Glut,Glut,1,5.5801635,5.5801635,1.0
4937,3250 SCig-an-PPT Foxb1 Glut_1,0764 SCig-an-PPT Foxb1 Glut_1,177 SCig-an-PPT Foxb1 Glut,19 MB Glut,Glut,1,6.186309,6.186309,1.0
4943,3211 SCig Foxb1 Glut_1,0760 SCig Foxb1 Glut_1,176 SCig Foxb1 Glut,19 MB Glut,Glut,1,4.9899454,4.9899454,1.0
4991,3271 SCiw Pitx2 Glut_1,0767 SCiw Pitx2 Glut_1,180 SCiw Pitx2 Glut,19 MB Glut,Glut,3,5.1195955,7.510395,0.6666666666666666
4999,3278 SCiw Pitx2 Glut_2,0768 SCiw Pitx2 Glut_2,180 SCiw Pitx2 Glut,19 MB Glut,Glut,1,0.0,0.0,0.0
5001,3266 SCiw Pitx2 Glut_1,0767 SCiw Pitx2 Glut_1,180 SCiw Pitx2 Glut,19 MB Glut,Glut,2,6.6806383,6.6806383,1.0
5019,2684 TH Prkcd Grin2c Glut_13,0666 TH Prkcd Grin2c Glut_13,151 TH Prkcd Grin2c Glut,18 TH Glut,Glut,111,3.5298033,4.6314383,0.6936936936936937
5020,2613 AD Serpinb7 Glut_1,0641 AD Serpinb7 Glut_1,147 AD Serpinb7 Glut,18 TH Glut,Glut,371,6.2808886,6.5365767,0.9757412398921833
5021,2614 AD Serpinb7 Glut_1,0641 AD Serpinb7 Glut_1,147 AD Serpinb7 Glut,18 TH Glut,Glut,48,5.9475236,6.2306767,0.9583333333333334
5022,2615 AV Col27a1 Glut_1,0642 AV Col27a1 Glut_1,148 AV Col27a1 Glut,18 TH Glut,Glut,1727,5.272351,5.6901474,0.9235668789808917
5023,2616 AV Col27a1 Glut_1,0642 AV Col27a1 Glut_1,148 AV Col27a1 Glut,18 TH Glut,Glut,1488,4.8536625,5.6174374,0.8413978494623656
5024,2709 MG-POL-SGN Nts Glut_2,0673 MG-POL-SGN Nts Glut_2,153 MG-POL-SGN Nts Glut,18 TH Glut,Glut,218,3.525831,4.9723005,0.6192660550458715
5025,2704 MG-POL-SGN Nts Glut_1,0672 MG-POL-SGN Nts Glut_1,153 MG-POL-SGN Nts Glut,18 TH Glut,Glut,89,3.7279546,5.1380196,0.6629213483146067
5026,2705 MG-POL-SGN Nts Glut_1,0672 MG-POL-SGN Nts Glut_1,153 MG-POL-SGN Nts Glut,18 TH Glut,Glut,350,3.5015967,4.9788294,0.5942857142857143
5027,2706 MG-POL-SGN Nts Glut_1,0672 MG-POL-SGN Nts Glut_1,153 MG-POL-SGN Nts Glut,18 TH Glut,Glut,133,3.448996,4.8143234,0.6090225563909775
5028,2654 TH Prkcd Grin2c Glut_4,0657 TH Prkcd Grin2c Glut_4,151 TH Prkcd Grin2c Glut,18 TH Glut,Glut,65,3.8472128,4.988441,0.6923076923076923
5029,2666 TH Prkcd Grin2c Glut_7,0660 TH Prkcd Grin2c Glut_7,151 TH Prkcd Grin2c Glut,18 TH Glut,Glut,34,4.382601,5.059226,0.7941176470588235
5030,2669 TH Prkcd Grin2c Glut_8,0661 TH Prkcd Grin2c Glut_8,151 TH Prkcd Grin2c Glut,18 TH Glut,Glut,169,4.896329,5.7087035,0.8224852071005917
5031,2670 TH Prkcd Grin2c Glut_8,0661 TH Prkcd Grin2c Glut_8,151 TH Prkcd Grin2c Glut,18 TH Glut,Glut,81,5.4282317,6.0559506,0.8888888888888888
5032,2671 TH Prkcd Grin2c Glut_8,0661 TH Prkcd Grin2c Glut_8,151 TH Prkcd Grin2c Glut,18 TH Glut,Glut,475,4.9462485,5.6869993,0.8294736842105264
5033,2652 TH Prkcd Grin2c Glut_3,0656 TH Prkcd Grin2c Glut_3,151 TH Prkcd Grin2c Glut,18 TH Glut,Glut,3450,4.157941,5.267006,0.7194202898550724
5034,2667 TH Prkcd Grin2c Glut_7,0660 TH Prkcd Grin2c Glut_7,151 TH Prkcd Grin2c Glut,18 TH Glut,Glut,123,3.443042,4.8279085,0.6097560975609756
5035,2665 TH Prkcd Grin2c Glut_7,0660 TH Prkcd Grin2c Glut_7,151 TH Prkcd Grin2c Glut,18 TH Glut,Glut,392,4.269126,5.11596,0.7857142857142857
5036,2633 CM-IAD-CL-PCN Sema5b Glut_1,0649 CM-IAD-CL-PCN Sema5b Glut_1,150 CM-IAD-CL-PCN Sema5b Glut,18 TH Glut,Glut,185,5.020796,5.6491427,0.8810810810810811
5037,2643 CM-IAD-CL-PCN Sema5b Glut_4,0652 CM-IAD-CL-PCN Sema5b Glut_4,150 CM-IAD-CL-PCN Sema5b Glut,18 TH Glut,Glut,36,3.5437655,4.7752223,0.6388888888888888
5038,2634 CM-IAD-CL-PCN Sema5b Glut_1,0649 CM-IAD-CL-PCN Sema5b Glut_1,150 CM-IAD-CL-PCN Sema5b Glut,18 TH Glut,Glut,104,5.0831156,5.6756463,0.875
5039,2635 CM-IAD-CL-PCN Sema5b Glut_1,0649 CM-IAD-CL-PCN Sema5b Glut_1,150 CM-IAD-CL-PCN Sema5b Glut,18 TH Glut,Glut,1491,4.155849,5.07993,0.7551978537894031
5040,2685 TH Prkcd Grin2c Glut_13,0666 TH Prkcd Grin2c Glut_13,151 TH Prkcd Grin2c Glut,18 TH Glut,Glut,152,3.8733644,4.8460608,0.7302631578947368
5041,2674 TH Prkcd Grin2c Glut_9,0662 TH Prkcd Grin2c Glut_9,151 TH Prkcd Grin2c Glut,18 TH Glut,Glut,291,4.3341055,5.0309415,0.8178694158075601
5042,2675 TH Prkcd Grin2c Glut_9,0662 TH Prkcd Grin2c Glut_9,151 TH Prkcd Grin2c Glut,18 TH Glut,Glut,264,3.894705,4.728371,0.7462121212121212
5043,2676 TH Prkcd Grin2c Glut_9,0662 TH Prkcd Grin2c Glut_9,151 TH Prkcd Grin2c Glut,18 TH Glut,Glut,210,3.9933646,4.951114,0.7619047619047619
5044,2677 TH Prkcd Grin2c Glut_10,0663 TH Prkcd Grin2c Glut_10,151 TH Prkcd Grin2c Glut,18 TH Glut,Glut,55,3.754378,4.892299,0.6909090909090909
5045,2673 TH Prkcd Grin2c Glut_8,0661 TH Prkcd Grin2c Glut_8,151 TH Prkcd Grin2c Glut,18 TH Glut,Glut,261,4.6308427,5.267472,0.8467432950191571
5046,2688 TH Prkcd Grin2c Glut_14,0667 TH Prkcd Grin2c Glut_14,151 TH Prkcd Grin2c Glut,18 TH Glut,Glut,253,3.691817,5.0297894,0.6403162055335968
5047,2689 TH Prkcd Grin2c Glut_14,0667 TH Prkcd Grin2c Glut_14,151 TH Prkcd Grin2c Glut,18 TH Glut,Glut,187,3.5036738,4.723421,0.6524064171122995
5048,2681 TH Prkcd Grin2c Glut_12,0665 TH Prkcd Grin2c Glut_12,151 TH Prkcd Grin2c Glut,18 TH Glut,Glut,371,4.0333323,4.8540196,0.7681940700808625
5049,2682 TH Prkcd Grin2c Glut_12,0665 TH Prkcd Grin2c Glut_12,151 TH Prkcd Grin2c Glut,18 TH Glut,Glut,202,4.4380054,5.2124014,0.8217821782178217
5050,2678 TH Prkcd Grin2c Glut_10,0663 TH Prkcd Grin2c Glut_10,151 TH Prkcd Grin2c Glut,18 TH Glut,Glut,1333,3.9987915,4.8239098,0.7726931732933233
5051,2686 TH Prkcd Grin2c Glut_13,0666 TH Prkcd Grin2c Glut_13,151 TH Prkcd Grin2c Glut,18 TH Glut,Glut,83,4.3555136,5.2037272,0.8192771084337349
5052,2695 RE-Xi Nox4 Glut_2,0669 RE-Xi Nox4 Glut_2,152 RE-Xi Nox4 Glut,18 TH Glut,Glut,92,2.700644,4.0108557,0.5108695652173914
5053,2696 RE-Xi Nox4 Glut_2,0669 RE-Xi Nox4 Glut_2,152 RE-Xi Nox4 Glut,18 TH Glut,Glut,309,3.2194564,4.526314,0.6116504854368932
5054,2698 RE-Xi Nox4 Glut_3,0670 RE-Xi Nox4 Glut_3,152 RE-Xi Nox4 Glut,18 TH Glut,Glut,160,4.188067,5.1933947,0.7625
5055,2697 RE-Xi Nox4 Glut_2,0669 RE-Xi Nox4 Glut_2,152 RE-Xi Nox4 Glut,18 TH Glut,Glut,224,3.395062,4.7904854,0.6116071428571429
5056,2659 TH Prkcd Grin2c Glut_6,0659 TH Prkcd Grin2c Glut_6,151 TH Prkcd Grin2c Glut,18 TH Glut,Glut,165,3.8835595,5.002301,0.6909090909090909
5057,2672 TH Prkcd Grin2c Glut_8,0661 TH Prkcd Grin2c Glut_8,151 TH Prkcd Grin2c Glut,18 TH Glut,Glut,333,4.742653,5.605419,0.8198198198198198
5058,2687 TH Prkcd Grin2c Glut_13,0666 TH Prkcd Grin2c Glut_13,151 TH Prkcd Grin2c Glut,18 TH Glut,Glut,402,3.21619,4.1524987,0.6691542288557214
5059,2679 TH Prkcd Grin2c Glut_11,0664 TH Prkcd Grin2c Glut_11,151 TH Prkcd Grin2c Glut,18 TH Glut,Glut,59,3.517929,4.6511445,0.6610169491525424
5060,2662 TH Prkcd Grin2c Glut_6,0659 TH Prkcd Grin2c Glut_6,151 TH Prkcd Grin2c Glut,18 TH Glut,Glut,350,3.917189,4.8261857,0.7485714285714286
5061,2680 TH Prkcd Grin2c Glut_11,0664 TH Prkcd Grin2c Glut_11,151 TH Prkcd Grin2c Glut,18 TH Glut,Glut,1001,3.4140744,4.5510645,0.6573426573426573
5062,2660 TH Prkcd Grin2c Glut_6,0659 TH Prkcd Grin2c Glut_6,151 TH Prkcd Grin2c Glut,18 TH Glut,Glut,912,3.8645701,4.723199,0.7335526315789473
5063,2661 TH Prkcd Grin2c Glut_6,0659 TH Prkcd Grin2c Glut_6,151 TH Prkcd Grin2c Glut,18 TH Glut,Glut,68,3.7723389,4.952709,0.6911764705882353
5064,2694 RE-Xi Nox4 Glut_2,0669 RE-Xi Nox4 Glut_2,152 RE-Xi Nox4 Glut,18 TH Glut,Glut,35,3.2348266,4.384318,0.6857142857142857
5065,2683 TH Prkcd Grin2c Glut_13,0666 TH Prkcd Grin2c Glut_13,151 TH Prkcd Grin2c Glut,18 TH Glut,Glut,243,3.5607567,4.3060513,0.720164609053498
5066,2648 TH Prkcd Grin2c Glut_1,0654 TH Prkcd Grin2c Glut_1,151 TH Prkcd Grin2c Glut,18 TH Glut,Glut,964,4.1100144,4.9496365,0.7759336099585062
5067,2649 TH Prkcd Grin2c Glut_1,0654 TH Prkcd Grin2c Glut_1,151 TH Prkcd Grin2c Glut,18 TH Glut,Glut,1866,4.5245814,5.295995,0.8172561629153269
5068,2655 TH Prkcd Grin2c Glut_5,0658 TH Prkcd Grin2c Glut_5,151 TH Prkcd Grin2c Glut,18 TH Glut,Glut,857,4.154855,5.041621,0.7607934655775963
5069,2656 TH Prkcd Grin2c Glut_5,0658 TH Prkcd Grin2c Glut_5,151 TH Prkcd Grin2c Glut,18 TH Glut,Glut,92,2.871796,4.2770557,0.5217391304347826
5070,2657 TH Prkcd Grin2c Glut_5,0658 TH Prkcd Grin2c Glut_5,151 TH Prkcd Grin2c Glut,18 TH Glut,Glut,182,4.547938,5.0791407,0.8626373626373627
5071,2663 TH Prkcd Grin2c Glut_6,0659 TH Prkcd Grin2c Glut_6,151 TH Prkcd Grin2c Glut,18 TH Glut,Glut,1021,3.9380314,4.7914495,0.7629774730656219
5072,2664 TH Prkcd Grin2c Glut_6,0659 TH Prkcd Grin2c Glut_6,151 TH Prkcd Grin2c Glut,18 TH Glut,Glut,1164,4.0337725,4.8970175,0.7697594501718213
5073,2651 TH Prkcd Grin2c Glut_3,0656 TH Prkcd Grin2c Glut_3,151 TH Prkcd Grin2c Glut,18 TH Glut,Glut,1936,4.2898746,5.321336,0.7567148760330579
5074,2653 TH Prkcd Grin2c Glut_4,0657 TH Prkcd Grin2c Glut_4,151 TH Prkcd Grin2c Glut,18 TH Glut,Glut,219,3.8146703,4.7784834,0.7442922374429224
5075,2658 TH Prkcd Grin2c Glut_5,0658 TH Prkcd Grin2c Glut_5,151 TH Prkcd Grin2c Glut,18 TH Glut,Glut,1336,4.6831346,5.3828897,0.8413173652694611
5076,2650 TH Prkcd Grin2c Glut_2,0655 TH Prkcd Grin2c Glut_2,151 TH Prkcd Grin2c Glut,18 TH Glut,Glut,3375,4.220725,5.2564793,0.7484444444444445
5077,2628 PVT-PT Ntrk1 Glut_4,0646 PVT-PT Ntrk1 Glut_4,149 PVT-PT Ntrk1 Glut,18 TH Glut,Glut,93,4.1569834,5.34807,0.7204301075268817
5078,2627 PVT-PT Ntrk1 Glut_4,0646 PVT-PT Ntrk1 Glut_4,149 PVT-PT Ntrk1 Glut,18 TH Glut,Glut,56,4.0602117,5.187077,0.6964285714285714
5079,2624 PVT-PT Ntrk1 Glut_3,0645 PVT-PT Ntrk1 Glut_3,149 PVT-PT Ntrk1 Glut,18 TH Glut,Glut,346,4.3838577,5.4363346,0.7601156069364162
5081,2630 PVT-PT Ntrk1 Glut_5,0647 PVT-PT Ntrk1 Glut_5,149 PVT-PT Ntrk1 Glut,18 TH Glut,Glut,61,4.430818,5.49591,0.7704918032786885
5082,2631 PVT-PT Ntrk1 Glut_5,0647 PVT-PT Ntrk1 Glut_5,149 PVT-PT Ntrk1 Glut,18 TH Glut,Glut,270,4.190316,5.0697236,0.7592592592592593
5083,2618 PVT-PT Ntrk1 Glut_1,0643 PVT-PT Ntrk1 Glut_1,149 PVT-PT Ntrk1 Glut,18 TH Glut,Glut,31,4.1684546,5.3773713,0.7096774193548387
5084,2626 PVT-PT Ntrk1 Glut_3,0645 PVT-PT Ntrk1 Glut_3,149 PVT-PT Ntrk1 Glut,18 TH Glut,Glut,493,4.4095874,5.394701,0.7606490872210954
5085,2623 PVT-PT Ntrk1 Glut_2,0644 PVT-PT Ntrk1 Glut_2,149 PVT-PT Ntrk1 Glut,18 TH Glut,Glut,538,5.055418,5.809411,0.8401486988847584
5086,2620 PVT-PT Ntrk1 Glut_2,0644 PVT-PT Ntrk1 Glut_2,149 PVT-PT Ntrk1 Glut,18 TH Glut,Glut,158,4.0999007,5.115571,0.7088607594936709
5087,2619 PVT-PT Ntrk1 Glut_1,0643 PVT-PT Ntrk1 Glut_1,149 PVT-PT Ntrk1 Glut,18 TH Glut,Glut,129,4.505715,5.608708,0.7751937984496124
5088,2668 TH Prkcd Grin2c Glut_8,0661 TH Prkcd Grin2c Glut_8,151 TH Prkcd Grin2c Glut,18 TH Glut,Glut,42,2.854483,0.0,0.47619047619047616
5089,2629 PVT-PT Ntrk1 Glut_4,0646 PVT-PT Ntrk1 Glut_4,149 PVT-PT Ntrk1 Glut,18 TH Glut,Glut,887,3.8572657,5.131513,0.6741826381059752
5090,2621 PVT-PT Ntrk1 Glut_2,0644 PVT-PT Ntrk1 Glut_2,149 PVT-PT Ntrk1 Glut,18 TH Glut,Glut,2536,4.9180818,5.6513815,0.8438485804416404
5091,2640 CM-IAD-CL-PCN Sema5b Glut_3,0651 CM-IAD-CL-PCN Sema5b Glut_3,150 CM-IAD-CL-PCN Sema5b Glut,18 TH Glut,Glut,67,4.7044234,5.6143255,0.8059701492537313
5092,2622 PVT-PT Ntrk1 Glut_2,0644 PVT-PT Ntrk1 Glut_2,149 PVT-PT Ntrk1 Glut,18 TH Glut,Glut,61,4.7930923,5.2763667,0.8852459016393442
5093,2625 PVT-PT Ntrk1 Glut_3,0645 PVT-PT Ntrk1 Glut_3,149 PVT-PT Ntrk1 Glut,18 TH Glut,Glut,37,4.865061,5.33721,0.918918918918919
5094,2632 PVT-PT Ntrk1 Glut_6,0648 PVT-PT Ntrk1 Glut_6,149 PVT-PT Ntrk1 Glut,18 TH Glut,Glut,34,3.7282271,4.8815165,0.6470588235294118
5095,2637 CM-IAD-CL-PCN Sema5b Glut_2,0650 CM-IAD-CL-PCN Sema5b Glut_2,150 CM-IAD-CL-PCN Sema5b Glut,18 TH Glut,Glut,172,4.190266,5.0883417,0.7441860465116279
5096,2646 CM-IAD-CL-PCN Sema5b Glut_5,0653 CM-IAD-CL-PCN Sema5b Glut_5,150 CM-IAD-CL-PCN Sema5b Glut,18 TH Glut,Glut,189,4.731047,5.506408,0.8201058201058201
5097,2638 CM-IAD-CL-PCN Sema5b Glut_2,0650 CM-IAD-CL-PCN Sema5b Glut_2,150 CM-IAD-CL-PCN Sema5b Glut,18 TH Glut,Glut,64,4.529268,5.094391,0.8125
5098,2639 CM-IAD-CL-PCN Sema5b Glut_2,0650 CM-IAD-CL-PCN Sema5b Glut_2,150 CM-IAD-CL-PCN Sema5b Glut,18 TH Glut,Glut,1280,5.015134,5.6854467,0.8546875
5099,2641 CM-IAD-CL-PCN Sema5b Glut_3,0651 CM-IAD-CL-PCN Sema5b Glut_3,150 CM-IAD-CL-PCN Sema5b Glut,18 TH Glut,Glut,81,4.1447263,5.226937,0.7407407407407407
5100,2636 CM-IAD-CL-PCN Sema5b Glut_1,0649 CM-IAD-CL-PCN Sema5b Glut_1,150 CM-IAD-CL-PCN Sema5b Glut,18 TH Glut,Glut,393,4.859409,5.662577,0.8320610687022901
5101,2644 CM-IAD-CL-PCN Sema5b Glut_4,0652 CM-IAD-CL-PCN Sema5b Glut_4,150 CM-IAD-CL-PCN Sema5b Glut,18 TH Glut,Glut,918,4.483632,5.500072,0.7734204793028322
5102,2642 CM-IAD-CL-PCN Sema5b Glut_3,0651 CM-IAD-CL-PCN Sema5b Glut_3,150 CM-IAD-CL-PCN Sema5b Glut,18 TH Glut,Glut,66,4.7257953,5.463909,0.8333333333333334
5103,2647 CM-IAD-CL-PCN Sema5b Glut_5,0653 CM-IAD-CL-PCN Sema5b Glut_5,150 CM-IAD-CL-PCN Sema5b Glut,18 TH Glut,Glut,33,4.7101007,5.521186,0.8181818181818182
5104,2645 CM-IAD-CL-PCN Sema5b Glut_4,0652 CM-IAD-CL-PCN Sema5b Glut_4,150 CM-IAD-CL-PCN Sema5b Glut,18 TH Glut,Glut,144,4.69298,5.219289,0.8402777777777778
5105,2710 PF Fzd5 Glut_1,0674 PF Fzd5 Glut_1,154 PF Fzd5 Glut,18 TH Glut,Glut,91,5.7292514,6.510637,0.8681318681318682
5106,2716 PF Fzd5 Glut_1,0674 PF Fzd5 Glut_1,154 PF Fzd5 Glut,18 TH Glut,Glut,64,4.7857738,5.783121,0.765625
5107,2720 PF Fzd5 Glut_2,0675 PF Fzd5 Glut_2,154 PF Fzd5 Glut,18 TH Glut,Glut,108,3.1778212,4.55914,0.5925925925925926
5108,2721 PF Fzd5 Glut_2,0675 PF Fzd5 Glut_2,154 PF Fzd5 Glut,18 TH Glut,Glut,101,3.468365,4.830581,0.6336633663366337
5109,2722 PF Fzd5 Glut_2,0675 PF Fzd5 Glut_2,154 PF Fzd5 Glut,18 TH Glut,Glut,84,4.830265,5.595505,0.8452380952380952
5110,2724 PF Fzd5 Glut_2,0675 PF Fzd5 Glut_2,154 PF Fzd5 Glut,18 TH Glut,Glut,366,5.0398693,5.643972,0.8715846994535519
5111,2717 PF Fzd5 Glut_1,0674 PF Fzd5 Glut_1,154 PF Fzd5 Glut,18 TH Glut,Glut,345,5.1269855,5.761615,0.8666666666666667
5112,2725 PF Fzd5 Glut_2,0675 PF Fzd5 Glut_2,154 PF Fzd5 Glut,18 TH Glut,Glut,178,5.274244,5.9554825,0.8764044943820225
5113,2718 PF Fzd5 Glut_1,0674 PF Fzd5 Glut_1,154 PF Fzd5 Glut,18 TH Glut,Glut,135,4.8713684,5.8470755,0.7925925925925926
5114,2719 PF Fzd5 Glut_1,0674 PF Fzd5 Glut_1,154 PF Fzd5 Glut,18 TH Glut,Glut,109,4.588164,5.4573,0.7889908256880734
5115,2723 PF Fzd5 Glut_2,0675 PF Fzd5 Glut_2,154 PF Fzd5 Glut,18 TH Glut,Glut,138,4.0872602,4.953314,0.7608695652173914
5116,2703 RE-Xi Nox4 Glut_4,0671 RE-Xi Nox4 Glut_4,152 RE-Xi Nox4 Glut,18 TH Glut,Glut,96,3.5040905,5.010643,0.6041666666666666
5117,2711 PF Fzd5 Glut_1,0674 PF Fzd5 Glut_1,154 PF Fzd5 Glut,18 TH Glut,Glut,76,5.0865293,5.8333845,0.8552631578947368
5118,2712 PF Fzd5 Glut_1,0674 PF Fzd5 Glut_1,154 PF Fzd5 Glut,18 TH Glut,Glut,138,4.546304,5.61514,0.7681159420289855
5119,2713 PF Fzd5 Glut_1,0674 PF Fzd5 Glut_1,154 PF Fzd5 Glut,18 TH Glut,Glut,420,5.335884,6.042897,0.8738095238095238
5120,2714 PF Fzd5 Glut_1,0674 PF Fzd5 Glut_1,154 PF Fzd5 Glut,18 TH Glut,Glut,65,5.557638,6.158608,0.8923076923076924
5121,2715 PF Fzd5 Glut_1,0674 PF Fzd5 Glut_1,154 PF Fzd5 Glut,18 TH Glut,Glut,136,4.570219,5.331168,0.7941176470588235
5122,2690 RE-Xi Nox4 Glut_1,0668 RE-Xi Nox4 Glut_1,152 RE-Xi Nox4 Glut,18 TH Glut,Glut,153,3.870132,4.898334,0.6928104575163399
5123,2691 RE-Xi Nox4 Glut_1,0668 RE-Xi Nox4 Glut_1,152 RE-Xi Nox4 Glut,18 TH Glut,Glut,154,3.3521316,5.0460124,0.577922077922078
5124,2693 RE-Xi Nox4 Glut_1,0668 RE-Xi Nox4 Glut_1,152 RE-Xi Nox4 Glut,18 TH Glut,Glut,194,3.562889,4.9697056,0.6237113402061856
5125,2699 RE-Xi Nox4 Glut_3,0670 RE-Xi Nox4 Glut_3,152 RE-Xi Nox4 Glut,18 TH Glut,Glut,194,4.1781206,5.174348,0.7319587628865979
5126,2701 RE-Xi Nox4 Glut_3,0670 RE-Xi Nox4 Glut_3,152 RE-Xi Nox4 Glut,18 TH Glut,Glut,13,4.349298,5.3293552,0.7692307692307693
5127,2702 RE-Xi Nox4 Glut_3,0670 RE-Xi Nox4 Glut_3,152 RE-Xi Nox4 Glut,18 TH Glut,Glut,24,5.0417733,5.457178,0.875
5128,2692 RE-Xi Nox4 Glut_1,0668 RE-Xi Nox4 Glut_1,152 RE-Xi Nox4 Glut,18 TH Glut,Glut,164,3.220967,4.879261,0.5609756097560976
5129,2700 RE-Xi Nox4 Glut_3,0670 RE-Xi Nox4 Glut_3,152 RE-Xi Nox4 Glut,18 TH Glut,Glut,73,3.9105663,5.023339,0.6986301369863014
5130,2956 SPA-SPFm-SPFp-POL-PIL-PoT Sp9 Glut_4,0721 SPA-SPFm-SPFp-POL-PIL-PoT Sp9 Glut_4,168 SPA-SPFm-SPFp-POL-PIL-PoT Sp9 Glut,19 MB Glut,Glut,77,2.9986854,4.6054153,0.5194805194805194
5131,2957 SPA-SPFm-SPFp-POL-PIL-PoT Sp9 Glut_4,0721 SPA-SPFm-SPFp-POL-PIL-PoT Sp9 Glut_4,168 SPA-SPFm-SPFp-POL-PIL-PoT Sp9 Glut,19 MB Glut,Glut,251,3.265603,4.7551236,0.5537848605577689
5132,2958 SPA-SPFm-SPFp-POL-PIL-PoT Sp9 Glut_4,0721 SPA-SPFm-SPFp-POL-PIL-PoT Sp9 Glut_4,168 SPA-SPFm-SPFp-POL-PIL-PoT Sp9 Glut,19 MB Glut,Glut,141,3.512618,4.9780846,0.6170212765957447
5133,2959 SPA-SPFm-SPFp-POL-PIL-PoT Sp9 Glut_4,0721 SPA-SPFm-SPFp-POL-PIL-PoT Sp9 Glut_4,168 SPA-SPFm-SPFp-POL-PIL-PoT Sp9 Glut,19 MB Glut,Glut,27,4.061738,5.2990265,0.7037037037037037
5134,2983 SPA-SPFm-SPFp-POL-PIL-PoT Sp9 Glut_7,0724 SPA-SPFm-SPFp-POL-PIL-PoT Sp9 Glut_7,168 SPA-SPFm-SPFp-POL-PIL-PoT Sp9 Glut,19 MB Glut,Glut,417,3.689553,5.0967374,0.6115107913669064
5135,2960 SPA-SPFm-SPFp-POL-PIL-PoT Sp9 Glut_4,0721 SPA-SPFm-SPFp-POL-PIL-PoT Sp9 Glut_4,168 SPA-SPFm-SPFp-POL-PIL-PoT Sp9 Glut,19 MB Glut,Glut,58,3.3107624,4.9917884,0.5689655172413793
5136,2984 SPA-SPFm-SPFp-POL-PIL-PoT Sp9 Glut_7,0724 SPA-SPFm-SPFp-POL-PIL-PoT Sp9 Glut_7,168 SPA-SPFm-SPFp-POL-PIL-PoT Sp9 Glut,19 MB Glut,Glut,91,4.026134,5.324785,0.6593406593406593
5137,2985 SPA-SPFm-SPFp-POL-PIL-PoT Sp9 Glut_7,0724 SPA-SPFm-SPFp-POL-PIL-PoT Sp9 Glut_7,168 SPA-SPFm-SPFp-POL-PIL-PoT Sp9 Glut,19 MB Glut,Glut,57,3.5090945,5.3557515,0.5789473684210527
5138,2961 SPA-SPFm-SPFp-POL-PIL-PoT Sp9 Glut_4,0721 SPA-SPFm-SPFp-POL-PIL-PoT Sp9 Glut_4,168 SPA-SPFm-SPFp-POL-PIL-PoT Sp9 Glut,19 MB Glut,Glut,42,3.5527565,5.3687677,0.5952380952380952
5139,2986 SPA-SPFm-SPFp-POL-PIL-PoT Sp9 Glut_7,0724 SPA-SPFm-SPFp-POL-PIL-PoT Sp9 Glut_7,168 SPA-SPFm-SPFp-POL-PIL-PoT Sp9 Glut,19 MB Glut,Glut,110,4.626416,5.98122,0.7181818181818181
5140,2942 SPA-SPFm-SPFp-POL-PIL-PoT Sp9 Glut_2,0719 SPA-SPFm-SPFp-POL-PIL-PoT Sp9 Glut_2,168 SPA-SPFm-SPFp-POL-PIL-PoT Sp9 Glut,19 MB Glut,Glut,134,4.6652274,5.6026917,0.7686567164179104
5141,2707 MG-POL-SGN Nts Glut_2,0673 MG-POL-SGN Nts Glut_2,153 MG-POL-SGN Nts Glut,18 TH Glut,Glut,13,3.863658,4.6441774,0.7692307692307693
5143,2967 SPA-SPFm-SPFp-POL-PIL-PoT Sp9 Glut_5,0722 SPA-SPFm-SPFp-POL-PIL-PoT Sp9 Glut_5,168 SPA-SPFm-SPFp-POL-PIL-PoT Sp9 Glut,19 MB Glut,Glut,88,4.0296993,5.440171,0.6818181818181818
5144,2962 SPA-SPFm-SPFp-POL-PIL-PoT Sp9 Glut_4,0721 SPA-SPFm-SPFp-POL-PIL-PoT Sp9 Glut_4,168 SPA-SPFm-SPFp-POL-PIL-PoT Sp9 Glut,19 MB Glut,Glut,73,3.2315812,5.0308084,0.547945205479452
5145,2987 SPA-SPFm-SPFp-POL-PIL-PoT Sp9 Glut_7,0724 SPA-SPFm-SPFp-POL-PIL-PoT Sp9 Glut_7,168 SPA-SPFm-SPFp-POL-PIL-PoT Sp9 Glut,19 MB Glut,Glut,520,3.9159992,5.363038,0.6346153846153846
5146,2963 SPA-SPFm-SPFp-POL-PIL-PoT Sp9 Glut_4,0721 SPA-SPFm-SPFp-POL-PIL-PoT Sp9 Glut_4,168 SPA-SPFm-SPFp-POL-PIL-PoT Sp9 Glut,19 MB Glut,Glut,224,3.7041125,5.0786676,0.6428571428571429
5147,2964 SPA-SPFm-SPFp-POL-PIL-PoT Sp9 Glut_4,0721 SPA-SPFm-SPFp-POL-PIL-PoT Sp9 Glut_4,168 SPA-SPFm-SPFp-POL-PIL-PoT Sp9 Glut,19 MB Glut,Glut,74,3.377906,4.9768724,0.581081081081081
5148,2708 MG-POL-SGN Nts Glut_2,0673 MG-POL-SGN Nts Glut_2,153 MG-POL-SGN Nts Glut,18 TH Glut,Glut,55,4.5085373,5.558174,0.7454545454545455
5203,5269 OPC NN_1,1179 OPC NN_1,326 OPC NN,31 OPC-Oligo,,6874,6.3167925,7.5160275,0.8124818155368053
5204,5271 OPC NN_2,1180 OPC NN_2,326 OPC NN,31 OPC-Oligo,,49,7.6183233,8.162275,0.8979591836734694
5206,5267 OPC NN_1,1179 OPC NN_1,326 OPC NN,31 OPC-Oligo,,23,7.3319945,7.4986987,1.0
5207,5270 OPC NN_1,1179 OPC NN_1,326 OPC NN,31 OPC-Oligo,,222,6.1369834,7.2883263,0.8153153153153153
5208,5268 OPC NN_1,1179 OPC NN_1,326 OPC NN,31 OPC-Oligo,,29,5.41254,6.683432,0.7241379310344828
5211,5272 COP NN_1,1181 COP NN_1,327 Oligo NN,31 OPC-Oligo,,548,4.985039,6.5116673,0.6934306569343066
5212,5273 COP NN_1,1181 COP NN_1,327 Oligo NN,31 OPC-Oligo,,183,4.7094965,6.184649,0.7049180327868853
5213,5274 COP NN_1,1181 COP NN_1,327 Oligo NN,31 OPC-Oligo,,1,0.0,0.0,0.0
5214,5275 COP NN_1,1181 COP NN_1,327 Oligo NN,31 OPC-Oligo,,84,4.418174,5.8882008,0.6785714285714286
5215,5276 COP NN_1,1181 COP NN_1,327 Oligo NN,31 OPC-Oligo,,38,5.019838,5.8845377,0.7894736842105263
5216,5277 COP NN_1,1181 COP NN_1,327 Oligo NN,31 OPC-Oligo,,1,0.0,0.0,0.0
5218,5279 NFOL NN_2,1182 NFOL NN_2,327 Oligo NN,31 OPC-Oligo,,49,4.4359865,5.647475,0.7346938775510204
5220,5280 NFOL NN_2,1182 NFOL NN_2,327 Oligo NN,31 OPC-Oligo,,124,4.949025,6.1230564,0.7741935483870968
5222,5281 NFOL NN_2,1182 NFOL NN_2,327 Oligo NN,31 OPC-Oligo,,38,6.9560637,7.1990995,0.9736842105263158
5230,5284 MOL NN_4,1184 MOL NN_4,327 Oligo NN,31 OPC-Oligo,,11549,7.6746974,8.134035,0.9471815741622651
5231,5285 MOL NN_4,1184 MOL NN_4,327 Oligo NN,31 OPC-Oligo,,20564,8.161036,8.694463,0.9419373662711534
5232,5286 MOL NN_4,1184 MOL NN_4,327 Oligo NN,31 OPC-Oligo,,47,7.1901016,7.303089,0.9787234042553191
5233,5287 MOL NN_4,1184 MOL NN_4,327 Oligo NN,31 OPC-Oligo,,116,8.037846,8.641386,0.9396551724137931
5234,5282 MFOL NN_3,1183 MFOL NN_3,327 Oligo NN,31 OPC-Oligo,,513,7.9348054,8.103538,0.98635477582846
5236,5283 MFOL NN_3,1183 MFOL NN_3,327 Oligo NN,31 OPC-Oligo,,26,7.317007,7.6482944,0.9615384615384616
5237,5288 MOL NN_4,1184 MOL NN_4,327 Oligo NN,31 OPC-Oligo,,48,8.378109,8.500303,1.0
5243,5304 Peri NN_1,1191 Peri NN_1,331 Peri NN,33 Vascular,,1507,2.6545753,0.0,0.3278035832780358
5244,5306 SMC NN_1,1192 SMC NN_1,332 SMC NN,33 Vascular,,284,3.3241246,0.0,0.4225352112676056
5248,5305 Peri NN_1,1191 Peri NN_1,331 Peri NN,33 Vascular,,13,2.979103,0.0,0.38461538461538464
5249,5307 SMC NN_1,1192 SMC NN_1,332 SMC NN,33 Vascular,,535,4.447001,6.942466,0.5719626168224299
5250,5308 SMC NN_1,1192 SMC NN_1,332 SMC NN,33 Vascular,,8,4.843318,7.1061163,0.625
5252,5309 Endo NN_1,1193 Endo NN_1,333 Endo NN,33 Vascular,,469,3.928783,5.946033,0.5287846481876333
5254,5310 Endo NN_1,1193 Endo NN_1,333 Endo NN,33 Vascular,,2196,2.941751,0.0,0.36839708561020035
5255,5311 Endo NN_1,1193 Endo NN_1,333 Endo NN,33 Vascular,,1297,4.536317,6.6060486,0.605242868157286
5261,5301 VLMC NN_2,1188 VLMC NN_2,330 VLMC NN,33 Vascular,,327,3.24408,0.0,0.43119266055045874
5262,5300 VLMC NN_2,1188 VLMC NN_2,330 VLMC NN,33 Vascular,,21,4.4175363,6.6063585,0.6190476190476191
5263,5298 VLMC NN_1,1187 VLMC NN_1,330 VLMC NN,33 Vascular,,24,3.054559,0.0,0.4166666666666667
5264,5302 VLMC NN_3,1189 VLMC NN_3,330 VLMC NN,33 Vascular,,27,3.0093431,0.0,0.4444444444444444
5266,5299 VLMC NN_1,1187 VLMC NN_1,330 VLMC NN,33 Vascular,,1,0.0,0.0,0.0
5267,5313 BAM NN_1,1195 BAM NN_1,335 BAM NN,34 Immune,,128,4.6133633,6.8746815,0.6015625
5268,5314 BAM NN_1,1195 BAM NN_1,335 BAM NN,34 Immune,,48,4.148335,6.6039,0.5625
5272,5320 ILC NN_2,1199 ILC NN_2,338 Lymphoid NN,34 Immune,,4,0.0,0.0,0.0
5273,5322 T cells NN_4,1201 T cells NN_4,338 Lymphoid NN,34 Immune,,7,2.126386,0.0,0.2857142857142857
5274,5321 NK cells NN_3,1200 NK cells NN_3,338 Lymphoid NN,34 Immune,,6,1.2619594,0.0,0.16666666666666666
5277,5316 DC NN_1,1197 DC NN_1,337 DC NN,34 Immune,,3,2.0354304,0.0,0.3333333333333333
5278,5317 DC NN_1,1197 DC NN_1,337 DC NN,34 Immune,,2,6.694439,6.694439,1.0
5279,5318 DC NN_1,1197 DC NN_1,337 DC NN,34 Immune,,6,0.0,0.0,0.0
5283,5312 Microglia NN_1,1194 Microglia NN_1,334 Microglia NN,34 Immune,,2234,3.995038,6.6434355,0.5053715308863026
5409,2856 APN C1ql4 Glut_1,0703 APN C1ql4 Glut_1,164 APN C1ql4 Glut,19 MB Glut,Glut,4,6.459382,6.5070643,1.0
14859,5228 Astro-TE NN_4,1164 Astro-TE NN_4,319 Astro-TE NN,30 Astro-Epen,,3,5.780226,8.151471,0.6666666666666666
14865,5237 Astroependymal NN_1,1169 Astroependymal NN_1,321 Astroependymal NN,30 Astro-Epen,,272,2.9842145,0.0,0.39705882352941174
14871,5238 Astroependymal NN_1,1169 Astroependymal NN_1,321 Astroependymal NN,30 Astro-Epen,,1,6.683723,6.683723,1.0
14872,5211 Astro-NT NN_1,1159 Astro-NT NN_1,318 Astro-NT NN,30 Astro-Epen,,3,1.947806,0.0,0.3333333333333333
14876,5260 Ependymal NN_2,1176 Ependymal NN_2,323 Ependymal NN,30 Astro-Epen,,7,4.428697,7.438322,0.5714285714285714
14878,5251 Ependymal NN_1,1175 Ependymal NN_1,323 Ependymal NN,30 Astro-Epen,,39,5.9988046,6.302006,0.9743589743589743
14879,5262 Ependymal NN_2,1176 Ependymal NN_2,323 Ependymal NN,30 Astro-Epen,,1,6.7691507,6.7691507,1.0
14883,5263 Hypendymal NN_1,1177 Hypendymal NN_1,324 Hypendymal NN,30 Astro-Epen,,2,4.3977137,4.3977137,0.5
14884,5241 Astroependymal NN_3,1171 Astroependymal NN_3,321 Astroependymal NN,30 Astro-Epen,,6,2.3135953,0.0,0.3333333333333333
14885,5242 Astroependymal NN_3,1171 Astroependymal NN_3,321 Astroependymal NN,30 Astro-Epen,,9,3.309062,0.0,0.4444444444444444
14926,5218 Astro-TE NN_1,1161 Astro-TE NN_1,319 Astro-TE NN,30 Astro-Epen,,4,1.7773898,0.0,0.25
14930,5219 Astro-TE NN_1,1161 Astro-TE NN_1,319 Astro-TE NN,30 Astro-Epen,,2,0.0,0.0,0.0
14939,5225 Astro-TE NN_3,1163 Astro-TE NN_3,319 Astro-TE NN,30 Astro-Epen,,19,3.1255186,0.0,0.42105263157894735
14947,5227 Astro-TE NN_3,1163 Astro-TE NN_3,319 Astro-TE NN,30 Astro-Epen,,6,3.8523624,3.628688,0.5
14954,5229 Astro-TE NN_5,1165 Astro-TE NN_5,319 Astro-TE NN,30 Astro-Epen,,1,0.0,0.0,0.0
14955,5230 Astro-TE NN_5,1165 Astro-TE NN_5,319 Astro-TE NN,30 Astro-Epen,,1,6.9687185,6.9687185,1.0
14956,5214 Astro-NT NN_2,1160 Astro-NT NN_2,318 Astro-NT NN,30 Astro-Epen,,1856,3.6591284,0.0,0.4692887931034483
14962,5215 Astro-NT NN_2,1160 Astro-NT NN_2,318 Astro-NT NN,30 Astro-Epen,,8484,4.400247,6.7551622,0.5806223479490806
14965,5216 Astro-NT NN_2,1160 Astro-NT NN_2,318 Astro-NT NN,30 Astro-Epen,,16,3.3833451,0.0,0.4375
14975,5217 Astro-NT NN_2,1160 Astro-NT NN_2,318 Astro-NT NN,30 Astro-Epen,,2,4.693656,4.693656,0.5
14977,5212 Astro-NT NN_1,1159 Astro-NT NN_1,318 Astro-NT NN,30 Astro-Epen,,5,2.764532,0.0,0.4
14979,5213 Astro-NT NN_1,1159 Astro-NT NN_1,318 Astro-NT NN,30 Astro-Epen,,1,0.0,0.0,0.0
14980,5209 Astro-NT NN_1,1159 Astro-NT NN_1,318 Astro-NT NN,30 Astro-Epen,,43,2.7863884,0.0,0.3953488372093023
14983,5210 Astro-NT NN_1,1159 Astro-NT NN_1,318 Astro-NT NN,30 Astro-Epen,,2,3.2779377,3.2779377,0.5
14984,5264 CHOR NN_1,1178 CHOR NN_1,325 CHOR NN,30 Astro-Epen,,21,3.511302,4.8359423,0.6190476190476191
14985,5265 CHOR NN_1,1178 CHOR NN_1,325 CHOR NN,30 Astro-Epen,Glut,35,3.6468885,5.244866,0.6285714285714286
14986,5252 Ependymal NN_1,1175 Ependymal NN_1,323 Ependymal NN,30 Astro-Epen,,2,0.0,0.0,0.0
14990,5256 Ependymal NN_1,1175 Ependymal NN_1,323 Ependymal NN,30 Astro-Epen,,26,2.7162726,0.0,0.38461538461538464
14991,5257 Ependymal NN_1,1175 Ependymal NN_1,323 Ependymal NN,30 Astro-Epen,,134,3.977337,6.2072678,0.5671641791044776
14993,5258 Ependymal NN_1,1175 Ependymal NN_1,323 Ependymal NN,30 Astro-Epen,,5,0.0,0.0,0.0
15026,2893 MRN Pou3f1 C1ql4 Glut_2,0711 MRN Pou3f1 C1ql4 Glut_2,166 MRN Pou3f1 C1ql4 Glut,19 MB Glut,Glut,6,5.594421,6.6295037,0.8333333333333334
15062,4399 PGRN-PARN-MDRN Hoxb5 Glut_7,0979 PGRN-PARN-MDRN Hoxb5 Glut_7,243 PGRN-PARN-MDRN Hoxb5 Glut,24 MY Glut,Glut,2,5.6298914,5.6298914,1.0
15067,4401 PGRN-PARN-MDRN Hoxb5 Glut_7,0979 PGRN-PARN-MDRN Hoxb5 Glut_7,243 PGRN-PARN-MDRN Hoxb5 Glut,24 MY Glut,Glut,1,5.427154,5.427154,1.0
24467,2921 PRC-PAG Tcf7l2 Irx2 Glut_5,0717 PRC-PAG Tcf7l2 Irx2 Glut_5,167 PRC-PAG Tcf7l2 Irx2 Glut,19 MB Glut,Glut,18,5.253229,5.636546,0.8888888888888888
24471,2924 PRC-PAG Tcf7l2 Irx2 Glut_5,0717 PRC-PAG Tcf7l2 Irx2 Glut_5,167 PRC-PAG Tcf7l2 Irx2 Glut,19 MB Glut,Glut,10,4.26754,5.468609,0.7
24472,2922 PRC-PAG Tcf7l2 Irx2 Glut_5,0717 PRC-PAG Tcf7l2 Irx2 Glut_5,167 PRC-PAG Tcf7l2 Irx2 Glut,19 MB Glut,Glut,10,4.180667,5.0631313,0.7
24473,2923 PRC-PAG Tcf7l2 Irx2 Glut_5,0717 PRC-PAG Tcf7l2 Irx2 Glut_5,167 PRC-PAG Tcf7l2 Irx2 Glut,19 MB Glut,Glut,18,4.674673,5.5231237,0.7777777777777778
24574,2889 MRN Pou3f1 C1ql4 Glut_1,0710 MRN Pou3f1 C1ql4 Glut_1,166 MRN Pou3f1 C1ql4 Glut,19 MB Glut,Glut,5,4.7262173,5.001477,0.8
24575,2891 MRN Pou3f1 C1ql4 Glut_2,0711 MRN Pou3f1 C1ql4 Glut_2,166 MRN Pou3f1 C1ql4 Glut,19 MB Glut,Glut,9,2.7477825,0.0,0.4444444444444444
24615,2504 PH-LHA Foxb1 Glut_1,0612 PH-LHA Foxb1 Glut_1,139 PH-LHA Foxb1 Glut,14 HY Glut,Glut,2,7.0609026,7.0609026,1.0
24658,3353 PAG Tcf24 Glut_1,0782 PAG Tcf24 Glut_1,184 PAG Tcf24 Glut,19 MB Glut,Dopa,3,6.482914,6.626292,1.0
