cluster_alias,cluster,supertype,subclass,class,neurotransmitter,n_cells,mean_Kif13a,median_Kif13a,fraction_expressing
12,0451 L6 CT CTX Glut_5,0118 L6 CT CTX Glut_5,030 L6 CT CTX Glut,02 NP-CT-L6b Glut,Glut,13,6.141021,5.661612,1.0
13,0452 L6 CT CTX Glut_5,0118 L6 CT CTX Glut_5,030 L6 CT CTX Glut,02 NP-CT-L6b Glut,Glut,116,4.072148,4.973319,0.75
14,0424 L6b CTX Glut_1,0110 L6b CTX Glut_1,029 L6b CTX Glut,02 NP-CT-L6b Glut,Glut,38,4.4638834,5.71284,0.7105263157894737
15,0453 L6 CT CTX Glut_5,0118 L6 CT CTX Glut_5,030 L6 CT CTX Glut,02 NP-CT-L6b Glut,Glut,4,1.3509531,0.0,0.25
18,0403 L6b EPd Glut_1,0103 L6b EPd Glut_1,027 L6b EPd Glut,02 NP-CT-L6b Glut,Glut,1,0.0,0.0,0.0
23,0407 L6b EPd Glut_3,0105 L6b EPd Glut_3,027 L6b EPd Glut,02 NP-CT-L6b Glut,Glut,7,4.895579,5.2831225,0.8571428571428571
27,0430 L6b CTX Glut_2,0111 L6b CTX Glut_2,029 L6b CTX Glut,02 NP-CT-L6b Glut,Glut,1,4.9311204,4.9311204,1.0
31,0425 L6b CTX Glut_1,0110 L6b CTX Glut_1,029 L6b CTX Glut,02 NP-CT-L6b Glut,Glut,3,5.754505,6.2588615,1.0
33,0431 L6b CTX Glut_3,0112 L6b CTX Glut_3,029 L6b CTX Glut,02 NP-CT-L6b Glut,Glut,1,6.861602,6.861602,1.0
35,0433 L6b CTX Glut_3,0112 L6b CTX Glut_3,029 L6b CTX Glut,02 NP-CT-L6b Glut,Glut,6,5.878015,6.771764,0.8333333333333334
37,0404 L6b EPd Glut_1,0103 L6b EPd Glut_1,027 L6b EPd Glut,02 NP-CT-L6b Glut,Glut,4,6.714043,6.738394,1.0
59,0455 L6 CT CTX Glut_5,0118 L6 CT CTX Glut_5,030 L6 CT CTX Glut,02 NP-CT-L6b Glut,Glut,110,3.5719397,4.4895115,0.6363636363636364
60,0446 L6 CT CTX Glut_3,0116 L6 CT CTX Glut_3,030 L6 CT CTX Glut,02 NP-CT-L6b Glut,Glut,2,3.1030817,3.1030817,0.5
61,0447 L6 CT CTX Glut_3,0116 L6 CT CTX Glut_3,030 L6 CT CTX Glut,02 NP-CT-L6b Glut,Glut,1,0.0,0.0,0.0
62,0448 L6 CT CTX Glut_3,0116 L6 CT CTX Glut_3,030 L6 CT CTX Glut,02 NP-CT-L6b Glut,Glut,1,4.9509053,4.9509053,1.0
64,0436 L6 CT CTX Glut_1,0114 L6 CT CTX Glut_1,030 L6 CT CTX Glut,02 NP-CT-L6b Glut,Glut,21,3.4205925,5.0104194,0.6190476190476191
65,0442 L6 CT CTX Glut_2,0115 L6 CT CTX Glut_2,030 L6 CT CTX Glut,02 NP-CT-L6b Glut,Glut,3,0.0,0.0,0.0
66,0437 L6 CT CTX Glut_1,0114 L6 CT CTX Glut_1,030 L6 CT CTX Glut,02 NP-CT-L6b Glut,Glut,1,6.471301,6.471301,1.0
70,0444 L6 CT CTX Glut_2,0115 L6 CT CTX Glut_2,030 L6 CT CTX Glut,02 NP-CT-L6b Glut,Glut,3,1.714419,0.0,0.3333333333333333
72,0439 L6 CT CTX Glut_1,0114 L6 CT CTX Glut_1,030 L6 CT CTX Glut,02 NP-CT-L6b Glut,Glut,2,3.0471098,3.0471098,0.5
76,0464 L5 NP CTX Glut_2,0123 L5 NP CTX Glut_2,032 L5 NP CTX Glut,02 NP-CT-L6b Glut,Glut,14,5.6565366,7.410917,0.7857142857142857
77,0465 L5 NP CTX Glut_2,0123 L5 NP CTX Glut_2,032 L5 NP CTX Glut,02 NP-CT-L6b Glut,Glut,3,3.0890815,0.0,0.3333333333333333
78,0466 L5 NP CTX Glut_2,0123 L5 NP CTX Glut_2,032 L5 NP CTX Glut,02 NP-CT-L6b Glut,Glut,1,0.0,0.0,0.0
86,0467 L5 NP CTX Glut_2,0123 L5 NP CTX Glut_2,032 L5 NP CTX Glut,02 NP-CT-L6b Glut,Glut,4,5.765972,5.6701612,1.0
96,0482 NP SUB Glut_2,0128 NP SUB Glut_2,033 NP SUB Glut,02 NP-CT-L6b Glut,Glut,1,6.5946684,6.5946684,1.0
103,0034 L6 IT CTX Glut_1,0013 L6 IT CTX Glut_1,004 L6 IT CTX Glut,01 IT-ET Glut,Glut,5,3.5434022,5.130225,0.6
105,0038 L6 IT CTX Glut_2,0014 L6 IT CTX Glut_2,004 L6 IT CTX Glut,01 IT-ET Glut,Glut,4,2.8852267,2.795929,0.5
106,0044 L6 IT CTX Glut_3,0015 L6 IT CTX Glut_3,004 L6 IT CTX Glut,01 IT-ET Glut,Glut,1,4.4910717,4.4910717,1.0
109,0053 L6 IT CTX Glut_5,0017 L6 IT CTX Glut_5,004 L6 IT CTX Glut,01 IT-ET Glut,Glut,4,4.9819613,5.122761,1.0
110,0054 L6 IT CTX Glut_5,0017 L6 IT CTX Glut_5,004 L6 IT CTX Glut,01 IT-ET Glut,Glut,6,3.4463928,4.5716343,0.6666666666666666
112,0049 L6 IT CTX Glut_4,0016 L6 IT CTX Glut_4,004 L6 IT CTX Glut,01 IT-ET Glut,Glut,1,4.314672,4.314672,1.0
113,0036 L6 IT CTX Glut_1,0013 L6 IT CTX Glut_1,004 L6 IT CTX Glut,01 IT-ET Glut,Glut,3,3.8471992,5.7674713,0.6666666666666666
116,0006 IT EP-CLA Glut_1,0003 IT EP-CLA Glut_1,002 IT EP-CLA Glut,01 IT-ET Glut,Glut,5,4.41421,4.4713435,0.8
120,0007 IT EP-CLA Glut_1,0003 IT EP-CLA Glut_1,002 IT EP-CLA Glut,01 IT-ET Glut,Glut,2,6.0999837,6.0999837,1.0
121,0008 IT EP-CLA Glut_1,0003 IT EP-CLA Glut_1,002 IT EP-CLA Glut,01 IT-ET Glut,Glut,10,0.830797,0.0,0.2
122,0009 IT EP-CLA Glut_1,0003 IT EP-CLA Glut_1,002 IT EP-CLA Glut,01 IT-ET Glut,Glut,3,4.619018,4.355588,1.0
123,0021 IT EP-CLA Glut_4,0006 IT EP-CLA Glut_4,002 IT EP-CLA Glut,01 IT-ET Glut,Glut,1,0.0,0.0,0.0
124,0022 IT EP-CLA Glut_4,0006 IT EP-CLA Glut_4,002 IT EP-CLA Glut,01 IT-ET Glut,Glut,5,4.9679594,5.015625,1.0
126,0011 IT EP-CLA Glut_1,0003 IT EP-CLA Glut_1,002 IT EP-CLA Glut,01 IT-ET Glut,Glut,13,3.068043,4.546176,0.6153846153846154
127,0012 IT EP-CLA Glut_1,0003 IT EP-CLA Glut_1,002 IT EP-CLA Glut,01 IT-ET Glut,Glut,4,5.496447,5.638896,1.0
138,0037 L6 IT CTX Glut_1,0013 L6 IT CTX Glut_1,004 L6 IT CTX Glut,01 IT-ET Glut,Glut,3,3.2944107,3.9980674,0.6666666666666666
139,0040 L6 IT CTX Glut_2,0014 L6 IT CTX Glut_2,004 L6 IT CTX Glut,01 IT-ET Glut,Glut,5,0.0,0.0,0.0
140,0041 L6 IT CTX Glut_2,0014 L6 IT CTX Glut_2,004 L6 IT CTX Glut,01 IT-ET Glut,Glut,102,2.2031522,0.0,0.4117647058823529
148,0016 IT EP-CLA Glut_2,0004 IT EP-CLA Glut_2,002 IT EP-CLA Glut,01 IT-ET Glut,Glut,1,5.813495,5.813495,1.0
156,0166 IT AON-TT-DP Glut_1,0046 IT AON-TT-DP Glut_1,010 IT AON-TT-DP Glut,01 IT-ET Glut,Glut,11,0.4266117,0.0,0.09090909090909091
231,0117 L2/3 IT CTX Glut_4,0032 L2/3 IT CTX Glut_4,007 L2/3 IT CTX Glut,01 IT-ET Glut,Glut,1,5.737258,5.737258,1.0
256,0215 COAp Grxcr2 Glut_1,0058 COAp Grxcr2 Glut_1,013 COAp Grxcr2 Glut,01 IT-ET Glut,Glut,1,4.817158,4.817158,1.0
257,0217 COAp Grxcr2 Glut_2,0059 COAp Grxcr2 Glut_2,013 COAp Grxcr2 Glut,01 IT-ET Glut,Glut,2,2.0583773,2.0583773,0.5
270,0165 L2/3 IT PIR-ENTl Glut_7,0045 L2/3 IT PIR-ENTl Glut_7,009 L2/3 IT PIR-ENTl Glut,01 IT-ET Glut,Glut,50,1.7133392,0.0,0.3
275,0148 L2/3 IT PIR-ENTl Glut_2,0040 L2/3 IT PIR-ENTl Glut_2,009 L2/3 IT PIR-ENTl Glut,01 IT-ET Glut,Glut,1,0.0,0.0,0.0
276,0164 L2/3 IT PIR-ENTl Glut_7,0045 L2/3 IT PIR-ENTl Glut_7,009 L2/3 IT PIR-ENTl Glut,01 IT-ET Glut,Glut,1,5.1660733,5.1660733,1.0
278,0400 CA2-FC-IG Glut_2,0101 CA2-FC-IG Glut_2,025 CA2-FC-IG Glut,01 IT-ET Glut,Glut,95,2.290853,0.0,0.4
279,0171 IT AON-TT-DP Glut_2,0047 IT AON-TT-DP Glut_2,010 IT AON-TT-DP Glut,01 IT-ET Glut,Glut,61,3.5045385,4.434709,0.6721311475409836
280,0183 IT AON-TT-DP Glut_5,0050 IT AON-TT-DP Glut_5,010 IT AON-TT-DP Glut,01 IT-ET Glut,Glut,2,2.5401947,2.5401947,0.5
281,0184 IT AON-TT-DP Glut_5,0050 IT AON-TT-DP Glut_5,010 IT AON-TT-DP Glut,01 IT-ET Glut,Glut,3,1.989838,0.0,0.3333333333333333
282,0179 IT AON-TT-DP Glut_4,0049 IT AON-TT-DP Glut_4,010 IT AON-TT-DP Glut,01 IT-ET Glut,Glut,17,2.2501202,0.0,0.47058823529411764
283,0172 IT AON-TT-DP Glut_2,0047 IT AON-TT-DP Glut_2,010 IT AON-TT-DP Glut,01 IT-ET Glut,Glut,1,5.3733788,5.3733788,1.0
284,0173 IT AON-TT-DP Glut_2,0047 IT AON-TT-DP Glut_2,010 IT AON-TT-DP Glut,01 IT-ET Glut,Glut,21,3.2355292,4.132813,0.6666666666666666
285,0180 IT AON-TT-DP Glut_4,0049 IT AON-TT-DP Glut_4,010 IT AON-TT-DP Glut,01 IT-ET Glut,Glut,3,5.3568826,5.955447,1.0
286,0181 IT AON-TT-DP Glut_4,0049 IT AON-TT-DP Glut_4,010 IT AON-TT-DP Glut,01 IT-ET Glut,Glut,8,4.5317903,4.664782,0.875
288,0170 IT AON-TT-DP Glut_1,0046 IT AON-TT-DP Glut_1,010 IT AON-TT-DP Glut,01 IT-ET Glut,Glut,91,3.0982707,4.4172854,0.5934065934065934
289,0169 IT AON-TT-DP Glut_1,0046 IT AON-TT-DP Glut_1,010 IT AON-TT-DP Glut,01 IT-ET Glut,Glut,98,2.4948697,0.0,0.46938775510204084
290,0174 IT AON-TT-DP Glut_2,0047 IT AON-TT-DP Glut_2,010 IT AON-TT-DP Glut,01 IT-ET Glut,Glut,3,4.7193055,4.6293983,1.0
297,0401 CA2-FC-IG Glut_2,0101 CA2-FC-IG Glut_2,025 CA2-FC-IG Glut,01 IT-ET Glut,Glut,1,0.0,0.0,0.0
298,0402 NLOT Rho Glut_1,0102 NLOT Rho Glut_1,026 NLOT Rho Glut,01 IT-ET Glut,Glut,286,2.6164038,3.7531967,0.5034965034965035
389,0361 L5 ET CTX Glut_2,0091 L5 ET CTX Glut_2,022 L5 ET CTX Glut,01 IT-ET Glut,Glut,2,3.0635755,3.0635755,0.5
390,0362 L5 ET CTX Glut_2,0091 L5 ET CTX Glut_2,022 L5 ET CTX Glut,01 IT-ET Glut,Glut,1,0.0,0.0,0.0
408,0167 IT AON-TT-DP Glut_1,0046 IT AON-TT-DP Glut_1,010 IT AON-TT-DP Glut,01 IT-ET Glut,Glut,4,2.7095995,2.5284483,0.5
414,0302 CA3 Glut_2,0076 CA3 Glut_2,017 CA3 Glut,01 IT-ET Glut,Glut,1,5.38519,5.38519,1.0
415,0303 CA3 Glut_2,0076 CA3 Glut_2,017 CA3 Glut,01 IT-ET Glut,Glut,9,2.6790705,0.0,0.4444444444444444
448,0227 LA-BLA-BMA-PA Glut_1,0060 LA-BLA-BMA-PA Glut_1,014 LA-BLA-BMA-PA Glut,01 IT-ET Glut,Glut,23,1.7919053,0.0,0.34782608695652173
451,0220 COAp Grxcr2 Glut_2,0059 COAp Grxcr2 Glut_2,013 COAp Grxcr2 Glut,01 IT-ET Glut,Glut,2,4.6424093,4.6424093,1.0
452,0216 COAp Grxcr2 Glut_2,0059 COAp Grxcr2 Glut_2,013 COAp Grxcr2 Glut,01 IT-ET Glut,Glut,1,4.446655,4.446655,1.0
453,0228 LA-BLA-BMA-PA Glut_1,0060 LA-BLA-BMA-PA Glut_1,014 LA-BLA-BMA-PA Glut,01 IT-ET Glut,Glut,3,4.1201863,5.7626333,0.6666666666666666
454,0192 MEA Slc17a7 Glut_1,0055 MEA Slc17a7 Glut_1,012 MEA Slc17a7 Glut,01 IT-ET Glut,Glut,26,2.650523,1.8983284,0.5
455,0193 MEA Slc17a7 Glut_1,0055 MEA Slc17a7 Glut_1,012 MEA Slc17a7 Glut,01 IT-ET Glut,Glut,29,4.0510206,4.610884,0.7586206896551724
456,0194 MEA Slc17a7 Glut_1,0055 MEA Slc17a7 Glut_1,012 MEA Slc17a7 Glut,01 IT-ET Glut,Glut,96,3.343007,4.441399,0.6458333333333334
457,0195 MEA Slc17a7 Glut_1,0055 MEA Slc17a7 Glut_1,012 MEA Slc17a7 Glut,01 IT-ET Glut,Glut,388,3.1360426,4.5173426,0.5773195876288659
458,0196 MEA Slc17a7 Glut_1,0055 MEA Slc17a7 Glut_1,012 MEA Slc17a7 Glut,01 IT-ET Glut,Glut,375,2.8375661,4.1903896,0.5333333333333333
459,0197 MEA Slc17a7 Glut_1,0055 MEA Slc17a7 Glut_1,012 MEA Slc17a7 Glut,01 IT-ET Glut,Glut,380,3.0971255,4.4979353,0.5526315789473685
460,0218 COAp Grxcr2 Glut_2,0059 COAp Grxcr2 Glut_2,013 COAp Grxcr2 Glut,01 IT-ET Glut,Glut,54,1.4682151,0.0,0.25925925925925924
461,0213 MEA Slc17a7 Glut_3,0057 MEA Slc17a7 Glut_3,012 MEA Slc17a7 Glut,01 IT-ET Glut,Glut,45,2.1243184,0.0,0.4222222222222222
462,0198 MEA Slc17a7 Glut_1,0055 MEA Slc17a7 Glut_1,012 MEA Slc17a7 Glut,01 IT-ET Glut,Glut,5,1.4583101,0.0,0.2
463,0214 MEA Slc17a7 Glut_3,0057 MEA Slc17a7 Glut_3,012 MEA Slc17a7 Glut,01 IT-ET Glut,Glut,1653,3.1032877,4.5228806,0.5674531155474895
466,0200 MEA Slc17a7 Glut_1,0055 MEA Slc17a7 Glut_1,012 MEA Slc17a7 Glut,01 IT-ET Glut,Glut,31,3.7583063,4.574045,0.7419354838709677
467,0245 LA-BLA-BMA-PA Glut_5,0064 LA-BLA-BMA-PA Glut_5,014 LA-BLA-BMA-PA Glut,01 IT-ET Glut,Glut,1,3.9874966,3.9874966,1.0
471,0236 LA-BLA-BMA-PA Glut_3,0062 LA-BLA-BMA-PA Glut_3,014 LA-BLA-BMA-PA Glut,01 IT-ET Glut,Glut,2,6.285734,6.285734,1.0
474,0237 LA-BLA-BMA-PA Glut_3,0062 LA-BLA-BMA-PA Glut_3,014 LA-BLA-BMA-PA Glut,01 IT-ET Glut,Glut,56,4.027849,5.151576,0.6964285714285714
475,0238 LA-BLA-BMA-PA Glut_3,0062 LA-BLA-BMA-PA Glut_3,014 LA-BLA-BMA-PA Glut,01 IT-ET Glut,Glut,13,4.40579,5.739978,0.7692307692307693
477,0247 LA-BLA-BMA-PA Glut_5,0064 LA-BLA-BMA-PA Glut_5,014 LA-BLA-BMA-PA Glut,01 IT-ET Glut,Glut,1,4.325307,4.325307,1.0
478,0244 LA-BLA-BMA-PA Glut_4,0063 LA-BLA-BMA-PA Glut_4,014 LA-BLA-BMA-PA Glut,01 IT-ET Glut,Glut,2,3.3170953,3.3170953,0.5
481,0239 LA-BLA-BMA-PA Glut_3,0062 LA-BLA-BMA-PA Glut_3,014 LA-BLA-BMA-PA Glut,01 IT-ET Glut,Glut,7,3.2464993,4.4784245,0.5714285714285714
482,0240 LA-BLA-BMA-PA Glut_3,0062 LA-BLA-BMA-PA Glut_3,014 LA-BLA-BMA-PA Glut,01 IT-ET Glut,Glut,5,3.216166,4.2038736,0.6
483,0211 MEA Slc17a7 Glut_2,0056 MEA Slc17a7 Glut_2,012 MEA Slc17a7 Glut,01 IT-ET Glut,Glut,39,2.4954312,0.0,0.4358974358974359
484,0204 MEA Slc17a7 Glut_2,0056 MEA Slc17a7 Glut_2,012 MEA Slc17a7 Glut,01 IT-ET Glut,Glut,129,2.7802143,0.0,0.46511627906976744
485,0205 MEA Slc17a7 Glut_2,0056 MEA Slc17a7 Glut_2,012 MEA Slc17a7 Glut,01 IT-ET Glut,Glut,172,3.1320896,4.720056,0.5406976744186046
486,0202 MEA Slc17a7 Glut_2,0056 MEA Slc17a7 Glut_2,012 MEA Slc17a7 Glut,01 IT-ET Glut,Glut,50,3.0369132,2.3485227,0.5
487,0212 MEA Slc17a7 Glut_2,0056 MEA Slc17a7 Glut_2,012 MEA Slc17a7 Glut,01 IT-ET Glut,Glut,68,2.4498482,0.0,0.4411764705882353
488,0209 MEA Slc17a7 Glut_2,0056 MEA Slc17a7 Glut_2,012 MEA Slc17a7 Glut,01 IT-ET Glut,Glut,106,2.51717,0.0,0.4339622641509434
501,0781 Sst Gaba_5,0218 Sst Gaba_5,053 Sst Gaba,07 CTX-MGE GABA,GABA,5,3.0858345,4.230833,0.6
503,0811 Sst Gaba_13,0226 Sst Gaba_13,053 Sst Gaba,07 CTX-MGE GABA,GABA,7,2.0979989,0.0,0.42857142857142855
511,0806 Sst Gaba_11,0224 Sst Gaba_11,053 Sst Gaba,07 CTX-MGE GABA,GABA,2,4.7073345,4.7073345,1.0
514,0762 Sst Gaba_2,0215 Sst Gaba_2,053 Sst Gaba,07 CTX-MGE GABA,GABA,2,4.420108,4.420108,1.0
515,0766 Sst Gaba_2,0215 Sst Gaba_2,053 Sst Gaba,07 CTX-MGE GABA,GABA,1,0.0,0.0,0.0
516,0825 Sst Gaba_18,0231 Sst Gaba_18,053 Sst Gaba,07 CTX-MGE GABA,GABA,8,5.8331213,5.600544,1.0
517,0826 Sst Gaba_18,0231 Sst Gaba_18,053 Sst Gaba,07 CTX-MGE GABA,GABA,3,6.28677,6.446346,1.0
518,0763 Sst Gaba_2,0215 Sst Gaba_2,053 Sst Gaba,07 CTX-MGE GABA,GABA,2,2.8571644,2.8571644,0.5
519,0827 Sst Gaba_19,0232 Sst Gaba_19,053 Sst Gaba,07 CTX-MGE GABA,GABA,3,3.908446,4.4437943,0.6666666666666666
520,0858 Sst Chodl Gaba_4,0241 Sst Chodl Gaba_4,056 Sst Chodl Gaba,08 CNU-MGE GABA,GABA,10,3.8646579,4.9650116,0.7
523,0797 Sst Gaba_8,0221 Sst Gaba_8,053 Sst Gaba,07 CTX-MGE GABA,GABA,3,4.321158,6.341295,0.6666666666666666
524,0802 Sst Gaba_10,0223 Sst Gaba_10,053 Sst Gaba,07 CTX-MGE GABA,GABA,2,6.881014,6.881014,1.0
530,0828 Sst Gaba_19,0232 Sst Gaba_19,053 Sst Gaba,07 CTX-MGE GABA,GABA,1,5.763426,5.763426,1.0
537,0786 Sst Gaba_6,0219 Sst Gaba_6,053 Sst Gaba,07 CTX-MGE GABA,GABA,2,3.2734346,3.2734346,0.5
538,0789 Sst Gaba_6,0219 Sst Gaba_6,053 Sst Gaba,07 CTX-MGE GABA,GABA,9,3.4437585,5.1751103,0.5555555555555556
540,0769 Sst Gaba_3,0216 Sst Gaba_3,053 Sst Gaba,07 CTX-MGE GABA,GABA,2,2.4834595,2.4834595,0.5
547,0822 Sst Gaba_17,0230 Sst Gaba_17,053 Sst Gaba,07 CTX-MGE GABA,GABA,42,3.4750462,4.8694363,0.5952380952380952
548,0764 Sst Gaba_2,0215 Sst Gaba_2,053 Sst Gaba,07 CTX-MGE GABA,GABA,26,4.4129896,5.5524144,0.7307692307692307
549,0765 Sst Gaba_2,0215 Sst Gaba_2,053 Sst Gaba,07 CTX-MGE GABA,GABA,31,3.5812726,4.625327,0.6774193548387096
550,0823 Sst Gaba_17,0230 Sst Gaba_17,053 Sst Gaba,07 CTX-MGE GABA,GABA,50,4.1047473,5.4554005,0.66
553,0757 Sst Gaba_1,0214 Sst Gaba_1,053 Sst Gaba,07 CTX-MGE GABA,GABA,1,0.0,0.0,0.0
557,0761 Sst Gaba_1,0214 Sst Gaba_1,053 Sst Gaba,07 CTX-MGE GABA,GABA,4,1.4251612,0.0,0.25
558,0812 Sst Gaba_14,0227 Sst Gaba_14,053 Sst Gaba,07 CTX-MGE GABA,GABA,4,1.2117643,0.0,0.25
559,0814 Sst Gaba_14,0227 Sst Gaba_14,053 Sst Gaba,07 CTX-MGE GABA,GABA,6,1.8375727,0.0,0.3333333333333333
561,0809 Sst Gaba_12,0225 Sst Gaba_12,053 Sst Gaba,07 CTX-MGE GABA,GABA,2,2.4930186,2.4930186,0.5
562,0837 STR Prox1 Lhx6 Gaba_3,0235 STR Prox1 Lhx6 Gaba_3,054 STR Prox1 Lhx6 Gaba,08 CNU-MGE GABA,GABA,14,2.875527,2.2455654,0.5
563,0934 PAL-STR Gaba-Chol_3,0261 PAL-STR Gaba-Chol_3,058 PAL-STR Gaba-Chol,08 CNU-MGE GABA,GABA,4,3.2859378,3.1081965,0.5
564,0935 PAL-STR Gaba-Chol_3,0261 PAL-STR Gaba-Chol_3,058 PAL-STR Gaba-Chol,08 CNU-MGE GABA,GABA,8,4.682355,5.861517,0.75
565,0841 STR Lhx8 Gaba_1,0236 STR Lhx8 Gaba_1,055 STR Lhx8 Gaba,08 CNU-MGE GABA,GABA,126,4.0171757,5.196268,0.6746031746031746
566,0843 STR Lhx8 Gaba_2,0237 STR Lhx8 Gaba_2,055 STR Lhx8 Gaba,08 CNU-MGE GABA,GABA,34,2.8283722,0.0,0.47058823529411764
569,0937 PAL-STR Gaba-Chol_3,0261 PAL-STR Gaba-Chol_3,058 PAL-STR Gaba-Chol,08 CNU-MGE GABA,GABA,8,4.6128736,5.8857613,0.75
570,0924 PAL-STR Gaba-Chol_1,0259 PAL-STR Gaba-Chol_1,058 PAL-STR Gaba-Chol,08 CNU-MGE GABA,Chol,5,4.08912,5.069561,0.8
571,0925 PAL-STR Gaba-Chol_1,0259 PAL-STR Gaba-Chol_1,058 PAL-STR Gaba-Chol,08 CNU-MGE GABA,Chol,2,4.732627,4.732627,1.0
572,0833 STR Prox1 Lhx6 Gaba_2,0234 STR Prox1 Lhx6 Gaba_2,054 STR Prox1 Lhx6 Gaba,08 CNU-MGE GABA,GABA,486,3.6491706,5.2071342,0.5925925925925926
573,0839 STR Lhx8 Gaba_1,0236 STR Lhx8 Gaba_1,055 STR Lhx8 Gaba,08 CNU-MGE GABA,GABA,41,3.9751022,5.441591,0.6585365853658537
574,0834 STR Prox1 Lhx6 Gaba_2,0234 STR Prox1 Lhx6 Gaba_2,054 STR Prox1 Lhx6 Gaba,08 CNU-MGE GABA,GABA,228,3.602758,4.7370205,0.6622807017543859
575,0835 STR Prox1 Lhx6 Gaba_2,0234 STR Prox1 Lhx6 Gaba_2,054 STR Prox1 Lhx6 Gaba,08 CNU-MGE GABA,GABA,41,3.4571526,4.885933,0.6097560975609756
576,0840 STR Lhx8 Gaba_1,0236 STR Lhx8 Gaba_1,055 STR Lhx8 Gaba,08 CNU-MGE GABA,GABA,101,4.38553,5.514608,0.7326732673267327
577,0836 STR Prox1 Lhx6 Gaba_2,0234 STR Prox1 Lhx6 Gaba_2,054 STR Prox1 Lhx6 Gaba,08 CNU-MGE GABA,GABA,275,4.0964274,5.206212,0.7127272727272728
578,0929 PAL-STR Gaba-Chol_2,0260 PAL-STR Gaba-Chol_2,058 PAL-STR Gaba-Chol,08 CNU-MGE GABA,Chol,42,3.9079006,4.9491053,0.7380952380952381
579,0844 STR Lhx8 Gaba_2,0237 STR Lhx8 Gaba_2,055 STR Lhx8 Gaba,08 CNU-MGE GABA,GABA,250,3.3181996,4.762986,0.576
580,0838 STR Prox1 Lhx6 Gaba_3,0235 STR Prox1 Lhx6 Gaba_3,054 STR Prox1 Lhx6 Gaba,08 CNU-MGE GABA,GABA,18,3.5419936,5.0537443,0.5555555555555556
581,0842 STR Lhx8 Gaba_1,0236 STR Lhx8 Gaba_1,055 STR Lhx8 Gaba,08 CNU-MGE GABA,GABA,94,4.332662,5.3945704,0.7446808510638298
582,0938 PAL-STR Gaba-Chol_3,0261 PAL-STR Gaba-Chol_3,058 PAL-STR Gaba-Chol,08 CNU-MGE GABA,GABA,28,4.5523906,5.943552,0.7142857142857143
583,0930 PAL-STR Gaba-Chol_2,0260 PAL-STR Gaba-Chol_2,058 PAL-STR Gaba-Chol,08 CNU-MGE GABA,Chol,14,3.4696686,4.6992188,0.6428571428571429
584,0931 PAL-STR Gaba-Chol_2,0260 PAL-STR Gaba-Chol_2,058 PAL-STR Gaba-Chol,08 CNU-MGE GABA,Chol,26,3.0260937,4.40376,0.5769230769230769
585,0932 PAL-STR Gaba-Chol_2,0260 PAL-STR Gaba-Chol_2,058 PAL-STR Gaba-Chol,08 CNU-MGE GABA,Chol,14,2.8070335,3.77746,0.5714285714285714
586,0933 PAL-STR Gaba-Chol_2,0260 PAL-STR Gaba-Chol_2,058 PAL-STR Gaba-Chol,08 CNU-MGE GABA,Chol,76,3.8873994,4.6185284,0.7894736842105263
587,0926 PAL-STR Gaba-Chol_1,0259 PAL-STR Gaba-Chol_1,058 PAL-STR Gaba-Chol,08 CNU-MGE GABA,Chol,24,3.3287108,4.4442487,0.5833333333333334
588,0927 PAL-STR Gaba-Chol_1,0259 PAL-STR Gaba-Chol_1,058 PAL-STR Gaba-Chol,08 CNU-MGE GABA,Chol,32,5.1705456,5.346179,0.96875
589,0928 PAL-STR Gaba-Chol_1,0259 PAL-STR Gaba-Chol_1,058 PAL-STR Gaba-Chol,08 CNU-MGE GABA,Chol,3,7.1147976,7.046945,1.0
590,0747 Pvalb Gaba_4,0208 Pvalb Gaba_4,052 Pvalb Gaba,07 CTX-MGE GABA,GABA,8,2.2764583,1.9991249,0.5
592,0734 Pvalb Gaba_1,0205 Pvalb Gaba_1,052 Pvalb Gaba,07 CTX-MGE GABA,GABA,1,5.5971394,5.5971394,1.0
593,0735 Pvalb Gaba_1,0205 Pvalb Gaba_1,052 Pvalb Gaba,07 CTX-MGE GABA,GABA,2,2.2972405,2.2972405,0.5
595,0753 Pvalb Gaba_7,0211 Pvalb Gaba_7,052 Pvalb Gaba,07 CTX-MGE GABA,GABA,2,2.9661553,2.9661553,0.5
596,0744 Pvalb Gaba_4,0208 Pvalb Gaba_4,052 Pvalb Gaba,07 CTX-MGE GABA,GABA,1,5.8255787,5.8255787,1.0
597,0745 Pvalb Gaba_4,0208 Pvalb Gaba_4,052 Pvalb Gaba,07 CTX-MGE GABA,GABA,6,2.5244443,2.3833673,0.5
598,0746 Pvalb Gaba_4,0208 Pvalb Gaba_4,052 Pvalb Gaba,07 CTX-MGE GABA,GABA,1,5.573892,5.573892,1.0
600,0741 Pvalb Gaba_3,0207 Pvalb Gaba_3,052 Pvalb Gaba,07 CTX-MGE GABA,GABA,1,0.0,0.0,0.0
601,0754 Pvalb Gaba_8,0212 Pvalb Gaba_8,052 Pvalb Gaba,07 CTX-MGE GABA,GABA,13,4.0456076,4.8113437,0.7692307692307693
602,0748 Pvalb Gaba_5,0209 Pvalb Gaba_5,052 Pvalb Gaba,07 CTX-MGE GABA,GABA,37,3.7744532,5.018894,0.6486486486486487
603,0751 Pvalb Gaba_6,0210 Pvalb Gaba_6,052 Pvalb Gaba,07 CTX-MGE GABA,GABA,3,3.6265419,5.224942,0.6666666666666666
604,0749 Pvalb Gaba_5,0209 Pvalb Gaba_5,052 Pvalb Gaba,07 CTX-MGE GABA,GABA,1,6.9283953,6.9283953,1.0
606,0742 Pvalb Gaba_3,0207 Pvalb Gaba_3,052 Pvalb Gaba,07 CTX-MGE GABA,GABA,3,2.3011384,0.0,0.3333333333333333
609,0791 Sst Gaba_6,0219 Sst Gaba_6,053 Sst Gaba,07 CTX-MGE GABA,GABA,1,0.0,0.0,0.0
611,0738 Pvalb Gaba_2,0206 Pvalb Gaba_2,052 Pvalb Gaba,07 CTX-MGE GABA,GABA,29,4.060556,5.21015,0.7241379310344828
613,0732 Pvalb chandelier Gaba_1,0204 Pvalb chandelier Gaba_1,051 Pvalb chandelier Gaba,07 CTX-MGE GABA,GABA,2,0.0,0.0,0.0
614,0733 Pvalb chandelier Gaba_1,0204 Pvalb chandelier Gaba_1,051 Pvalb chandelier Gaba,07 CTX-MGE GABA,GABA,56,3.3383348,4.6050057,0.5535714285714286
615,0638 Vip Gaba_4,0176 Vip Gaba_4,046 Vip Gaba,06 CTX-CGE GABA,GABA,1,5.204524,5.204524,1.0
616,0661 Vip Gaba_11,0183 Vip Gaba_11,046 Vip Gaba,06 CTX-CGE GABA,GABA,7,2.3870552,0.0,0.42857142857142855
617,0639 Vip Gaba_4,0176 Vip Gaba_4,046 Vip Gaba,06 CTX-CGE GABA,GABA,10,2.9263227,2.639817,0.5
622,0672 Sncg Gaba_3,0187 Sncg Gaba_3,047 Sncg Gaba,06 CTX-CGE GABA,GABA,7,2.7138226,0.0,0.42857142857142855
624,0682 Sncg Gaba_6,0190 Sncg Gaba_6,047 Sncg Gaba,06 CTX-CGE GABA,GABA,4,3.1495209,3.0108657,0.5
625,0676 Sncg Gaba_3,0187 Sncg Gaba_3,047 Sncg Gaba,06 CTX-CGE GABA,GABA,7,2.1557667,0.0,0.42857142857142855
626,0645 Vip Gaba_6,0178 Vip Gaba_6,046 Vip Gaba,06 CTX-CGE GABA,GABA,16,1.046411,0.0,0.1875
627,0646 Vip Gaba_6,0178 Vip Gaba_6,046 Vip Gaba,06 CTX-CGE GABA,GABA,1,5.331674,5.331674,1.0
628,0640 Vip Gaba_5,0177 Vip Gaba_5,046 Vip Gaba,06 CTX-CGE GABA,GABA,3,1.6425828,0.0,0.3333333333333333
629,0647 Vip Gaba_6,0178 Vip Gaba_6,046 Vip Gaba,06 CTX-CGE GABA,GABA,2,2.601746,2.601746,0.5
630,0641 Vip Gaba_5,0177 Vip Gaba_5,046 Vip Gaba,06 CTX-CGE GABA,GABA,19,1.5407534,0.0,0.2631578947368421
632,0643 Vip Gaba_5,0177 Vip Gaba_5,046 Vip Gaba,06 CTX-CGE GABA,GABA,5,0.0,0.0,0.0
634,0628 Vip Gaba_2,0174 Vip Gaba_2,046 Vip Gaba,06 CTX-CGE GABA,GABA,70,1.6651605,0.0,0.2857142857142857
635,0629 Vip Gaba_2,0174 Vip Gaba_2,046 Vip Gaba,06 CTX-CGE GABA,GABA,1,0.0,0.0,0.0
636,0632 Vip Gaba_3,0175 Vip Gaba_3,046 Vip Gaba,06 CTX-CGE GABA,GABA,24,2.4632134,0.0,0.4166666666666667
637,0633 Vip Gaba_3,0175 Vip Gaba_3,046 Vip Gaba,06 CTX-CGE GABA,GABA,24,1.3054489,0.0,0.20833333333333334
638,0663 Vip Gaba_12,0184 Vip Gaba_12,046 Vip Gaba,06 CTX-CGE GABA,GABA,5,1.1812356,0.0,0.2
641,0674 Sncg Gaba_3,0187 Sncg Gaba_3,047 Sncg Gaba,06 CTX-CGE GABA,GABA,12,0.8203692,0.0,0.16666666666666666
644,0654 Vip Gaba_9,0181 Vip Gaba_9,046 Vip Gaba,06 CTX-CGE GABA,GABA,3,4.4552464,6.472428,0.6666666666666666
645,0675 Sncg Gaba_3,0187 Sncg Gaba_3,047 Sncg Gaba,06 CTX-CGE GABA,GABA,5,1.011741,0.0,0.2
646,0649 Vip Gaba_7,0179 Vip Gaba_7,046 Vip Gaba,06 CTX-CGE GABA,GABA,3,1.8274275,0.0,0.3333333333333333
647,0650 Vip Gaba_7,0179 Vip Gaba_7,046 Vip Gaba,06 CTX-CGE GABA,GABA,1,4.9893003,4.9893003,1.0
648,0655 Vip Gaba_9,0181 Vip Gaba_9,046 Vip Gaba,06 CTX-CGE GABA,GABA,8,3.5782876,5.4077454,0.625
649,0623 Vip Gaba_1,0173 Vip Gaba_1,046 Vip Gaba,06 CTX-CGE GABA,GABA,32,3.650183,5.5050535,0.59375
651,0644 Vip Gaba_5,0177 Vip Gaba_5,046 Vip Gaba,06 CTX-CGE GABA,GABA,2,2.792136,2.792136,0.5
652,0630 Vip Gaba_2,0174 Vip Gaba_2,046 Vip Gaba,06 CTX-CGE GABA,GABA,3,0.0,0.0,0.0
653,0634 Vip Gaba_3,0175 Vip Gaba_3,046 Vip Gaba,06 CTX-CGE GABA,GABA,73,2.2233353,0.0,0.3561643835616438
654,0656 Vip Gaba_9,0181 Vip Gaba_9,046 Vip Gaba,06 CTX-CGE GABA,GABA,9,2.9136772,0.0,0.4444444444444444
655,0635 Vip Gaba_3,0175 Vip Gaba_3,046 Vip Gaba,06 CTX-CGE GABA,GABA,14,1.6818265,0.0,0.2857142857142857
656,0636 Vip Gaba_4,0176 Vip Gaba_4,046 Vip Gaba,06 CTX-CGE GABA,GABA,28,3.0669055,2.79663,0.5
657,0657 Vip Gaba_9,0181 Vip Gaba_9,046 Vip Gaba,06 CTX-CGE GABA,GABA,30,1.8228549,0.0,0.3
659,0685 Sncg Gaba_8,0192 Sncg Gaba_8,047 Sncg Gaba,06 CTX-CGE GABA,GABA,19,1.1115662,0.0,0.21052631578947367
660,0637 Vip Gaba_4,0176 Vip Gaba_4,046 Vip Gaba,06 CTX-CGE GABA,GABA,8,0.0,0.0,0.0
661,0683 Sncg Gaba_7,0191 Sncg Gaba_7,047 Sncg Gaba,06 CTX-CGE GABA,GABA,1,0.0,0.0,0.0
662,0631 Vip Gaba_2,0174 Vip Gaba_2,046 Vip Gaba,06 CTX-CGE GABA,GABA,1,6.5704327,6.5704327,1.0
663,0652 Vip Gaba_8,0180 Vip Gaba_8,046 Vip Gaba,06 CTX-CGE GABA,GABA,1,0.0,0.0,0.0
664,0671 Sncg Gaba_2,0186 Sncg Gaba_2,047 Sncg Gaba,06 CTX-CGE GABA,GABA,1,4.4882903,4.4882903,1.0
665,0679 Sncg Gaba_5,0189 Sncg Gaba_5,047 Sncg Gaba,06 CTX-CGE GABA,GABA,1,0.0,0.0,0.0
666,0664 Sncg Gaba_1,0185 Sncg Gaba_1,047 Sncg Gaba,06 CTX-CGE GABA,GABA,4,0.0,0.0,0.0
667,0624 Vip Gaba_1,0173 Vip Gaba_1,046 Vip Gaba,06 CTX-CGE GABA,GABA,3,0.0,0.0,0.0
670,0686 RHP-COA Ndnf Gaba_1,0193 RHP-COA Ndnf Gaba_1,048 RHP-COA Ndnf Gaba,06 CTX-CGE GABA,GABA,11,2.9216309,3.7247818,0.5454545454545454
671,0694 RHP-COA Ndnf Gaba_3,0195 RHP-COA Ndnf Gaba_3,048 RHP-COA Ndnf Gaba,06 CTX-CGE GABA,GABA,11,2.8819969,0.0,0.45454545454545453
672,0704 RHP-COA Ndnf Gaba_6,0198 RHP-COA Ndnf Gaba_6,048 RHP-COA Ndnf Gaba,06 CTX-CGE GABA,GABA,1,0.0,0.0,0.0
675,0699 RHP-COA Ndnf Gaba_5,0197 RHP-COA Ndnf Gaba_5,048 RHP-COA Ndnf Gaba,06 CTX-CGE GABA,GABA,1,0.0,0.0,0.0
677,0681 Sncg Gaba_5,0189 Sncg Gaba_5,047 Sncg Gaba,06 CTX-CGE GABA,GABA,1,0.0,0.0,0.0
678,0687 RHP-COA Ndnf Gaba_1,0193 RHP-COA Ndnf Gaba_1,048 RHP-COA Ndnf Gaba,06 CTX-CGE GABA,GABA,1,4.706871,4.706871,1.0
680,0665 Sncg Gaba_1,0185 Sncg Gaba_1,047 Sncg Gaba,06 CTX-CGE GABA,GABA,5,0.7808191,0.0,0.2
681,0689 RHP-COA Ndnf Gaba_1,0193 RHP-COA Ndnf Gaba_1,048 RHP-COA Ndnf Gaba,06 CTX-CGE GABA,GABA,6,2.6808007,2.3543596,0.5
682,0695 RHP-COA Ndnf Gaba_3,0195 RHP-COA Ndnf Gaba_3,048 RHP-COA Ndnf Gaba,06 CTX-CGE GABA,GABA,2,1.9930356,1.9930356,0.5
684,0678 Sncg Gaba_4,0188 Sncg Gaba_4,047 Sncg Gaba,06 CTX-CGE GABA,Glut-GABA,9,3.7877705,4.152749,0.7777777777777778
686,0625 Vip Gaba_1,0173 Vip Gaba_1,046 Vip Gaba,06 CTX-CGE GABA,GABA,102,1.8997144,0.0,0.3431372549019608
687,0658 Vip Gaba_10,0182 Vip Gaba_10,046 Vip Gaba,06 CTX-CGE GABA,GABA,24,1.1781572,0.0,0.20833333333333334
688,0626 Vip Gaba_1,0173 Vip Gaba_1,046 Vip Gaba,06 CTX-CGE GABA,GABA,4,4.391701,5.0090013,0.75
689,0666 Sncg Gaba_1,0185 Sncg Gaba_1,047 Sncg Gaba,06 CTX-CGE GABA,GABA,12,2.281045,0.0,0.4166666666666667
690,0705 RHP-COA Ndnf Gaba_6,0198 RHP-COA Ndnf Gaba_6,048 RHP-COA Ndnf Gaba,06 CTX-CGE GABA,GABA,5,3.5826364,5.0200367,0.6
694,0690 RHP-COA Ndnf Gaba_2,0194 RHP-COA Ndnf Gaba_2,048 RHP-COA Ndnf Gaba,06 CTX-CGE GABA,GABA,44,1.7551084,0.0,0.3181818181818182
695,0691 RHP-COA Ndnf Gaba_2,0194 RHP-COA Ndnf Gaba_2,048 RHP-COA Ndnf Gaba,06 CTX-CGE GABA,GABA,30,3.9849455,4.647375,0.7333333333333333
696,0692 RHP-COA Ndnf Gaba_2,0194 RHP-COA Ndnf Gaba_2,048 RHP-COA Ndnf Gaba,06 CTX-CGE GABA,GABA,31,2.8437715,4.2461467,0.5483870967741935
697,0696 RHP-COA Ndnf Gaba_3,0195 RHP-COA Ndnf Gaba_3,048 RHP-COA Ndnf Gaba,06 CTX-CGE GABA,GABA,2,3.0612524,3.0612524,0.5
698,0653 Vip Gaba_8,0180 Vip Gaba_8,046 Vip Gaba,06 CTX-CGE GABA,GABA,1,0.0,0.0,0.0
699,0668 Sncg Gaba_1,0185 Sncg Gaba_1,047 Sncg Gaba,06 CTX-CGE GABA,GABA,19,2.8554473,4.3355813,0.5789473684210527
700,0693 RHP-COA Ndnf Gaba_3,0195 RHP-COA Ndnf Gaba_3,048 RHP-COA Ndnf Gaba,06 CTX-CGE GABA,GABA,37,3.464686,4.735115,0.6216216216216216
701,0706 Lamp5 Gaba_1,0199 Lamp5 Gaba_1,049 Lamp5 Gaba,06 CTX-CGE GABA,GABA,1,5.349301,5.349301,1.0
703,0708 Lamp5 Gaba_1,0199 Lamp5 Gaba_1,049 Lamp5 Gaba,06 CTX-CGE GABA,GABA,261,2.2975993,0.0,0.38697318007662834
704,0709 Lamp5 Gaba_1,0199 Lamp5 Gaba_1,049 Lamp5 Gaba,06 CTX-CGE GABA,GABA,30,1.6817052,0.0,0.3333333333333333
705,0710 Lamp5 Gaba_1,0199 Lamp5 Gaba_1,049 Lamp5 Gaba,06 CTX-CGE GABA,GABA,133,2.6882184,0.0,0.48120300751879697
707,0715 Lamp5 Gaba_2,0200 Lamp5 Gaba_2,049 Lamp5 Gaba,06 CTX-CGE GABA,GABA,11,2.11915,0.0,0.36363636363636365
710,0720 Lamp5 Gaba_3,0201 Lamp5 Gaba_3,049 Lamp5 Gaba,06 CTX-CGE GABA,GABA,2,3.4933968,3.4933968,0.5
713,0722 Lamp5 Gaba_4,0202 Lamp5 Gaba_4,049 Lamp5 Gaba,06 CTX-CGE GABA,GABA,1,0.0,0.0,0.0
718,0712 Lamp5 Gaba_1,0199 Lamp5 Gaba_1,049 Lamp5 Gaba,06 CTX-CGE GABA,GABA,33,2.0442693,0.0,0.36363636363636365
719,0711 Lamp5 Gaba_1,0199 Lamp5 Gaba_1,049 Lamp5 Gaba,06 CTX-CGE GABA,GABA,91,1.9272637,0.0,0.34065934065934067
720,0713 Lamp5 Gaba_1,0199 Lamp5 Gaba_1,049 Lamp5 Gaba,06 CTX-CGE GABA,GABA,44,2.6239479,0.0,0.4772727272727273
721,0723 Lamp5 Gaba_4,0202 Lamp5 Gaba_4,049 Lamp5 Gaba,06 CTX-CGE GABA,GABA,5,3.0771015,4.526557,0.6
722,0729 Lamp5 Lhx6 Gaba_1,0203 Lamp5 Lhx6 Gaba_1,050 Lamp5 Lhx6 Gaba,07 CTX-MGE GABA,GABA,5,0.0,0.0,0.0
723,0727 Lamp5 Lhx6 Gaba_1,0203 Lamp5 Lhx6 Gaba_1,050 Lamp5 Lhx6 Gaba,07 CTX-MGE GABA,GABA,1,5.0210047,5.0210047,1.0
725,0724 Lamp5 Lhx6 Gaba_1,0203 Lamp5 Lhx6 Gaba_1,050 Lamp5 Lhx6 Gaba,07 CTX-MGE GABA,GABA,51,2.6283562,0.0,0.45098039215686275
726,0731 Lamp5 Lhx6 Gaba_1,0203 Lamp5 Lhx6 Gaba_1,050 Lamp5 Lhx6 Gaba,07 CTX-MGE GABA,GABA,25,3.564068,5.0259857,0.6
727,0728 Lamp5 Lhx6 Gaba_1,0203 Lamp5 Lhx6 Gaba_1,050 Lamp5 Lhx6 Gaba,07 CTX-MGE GABA,GABA,1,0.0,0.0,0.0
728,0725 Lamp5 Lhx6 Gaba_1,0203 Lamp5 Lhx6 Gaba_1,050 Lamp5 Lhx6 Gaba,07 CTX-MGE GABA,GABA,1,5.260093,5.260093,1.0
729,0726 Lamp5 Lhx6 Gaba_1,0203 Lamp5 Lhx6 Gaba_1,050 Lamp5 Lhx6 Gaba,07 CTX-MGE GABA,GABA,8,1.5633978,0.0,0.25
730,0893 NDB-SI-MA-STRv Lhx8 Gaba_5,0248 NDB-SI-MA-STRv Lhx8 Gaba_5,057 NDB-SI-MA-STRv Lhx8 Gaba,08 CNU-MGE GABA,GABA,24,3.6290379,5.1614013,0.5833333333333334
731,0894 NDB-SI-MA-STRv Lhx8 Gaba_5,0248 NDB-SI-MA-STRv Lhx8 Gaba_5,057 NDB-SI-MA-STRv Lhx8 Gaba,08 CNU-MGE GABA,GABA,9,4.70716,7.134438,0.6666666666666666
732,0863 NDB-SI-MA-STRv Lhx8 Gaba_1,0244 NDB-SI-MA-STRv Lhx8 Gaba_1,057 NDB-SI-MA-STRv Lhx8 Gaba,08 CNU-MGE GABA,GABA,46,4.973469,5.646032,0.8043478260869565
733,0904 NDB-SI-MA-STRv Lhx8 Gaba_7,0250 NDB-SI-MA-STRv Lhx8 Gaba_7,057 NDB-SI-MA-STRv Lhx8 Gaba,08 CNU-MGE GABA,GABA,1,0.0,0.0,0.0
734,0905 NDB-SI-MA-STRv Lhx8 Gaba_7,0250 NDB-SI-MA-STRv Lhx8 Gaba_7,057 NDB-SI-MA-STRv Lhx8 Gaba,08 CNU-MGE GABA,GABA,2,4.797591,4.797591,1.0
736,0896 NDB-SI-MA-STRv Lhx8 Gaba_5,0248 NDB-SI-MA-STRv Lhx8 Gaba_5,057 NDB-SI-MA-STRv Lhx8 Gaba,08 CNU-MGE GABA,GABA,3,6.70505,6.7058077,1.0
737,0897 NDB-SI-MA-STRv Lhx8 Gaba_5,0248 NDB-SI-MA-STRv Lhx8 Gaba_5,057 NDB-SI-MA-STRv Lhx8 Gaba,08 CNU-MGE GABA,GABA,11,3.6704443,4.722222,0.6363636363636364
738,0864 NDB-SI-MA-STRv Lhx8 Gaba_1,0244 NDB-SI-MA-STRv Lhx8 Gaba_1,057 NDB-SI-MA-STRv Lhx8 Gaba,08 CNU-MGE GABA,GABA,1,0.0,0.0,0.0
739,0865 NDB-SI-MA-STRv Lhx8 Gaba_1,0244 NDB-SI-MA-STRv Lhx8 Gaba_1,057 NDB-SI-MA-STRv Lhx8 Gaba,08 CNU-MGE GABA,GABA,57,3.6852815,4.9306674,0.631578947368421
740,0866 NDB-SI-MA-STRv Lhx8 Gaba_1,0244 NDB-SI-MA-STRv Lhx8 Gaba_1,057 NDB-SI-MA-STRv Lhx8 Gaba,08 CNU-MGE GABA,GABA,4,5.1540146,5.069805,1.0
741,0867 NDB-SI-MA-STRv Lhx8 Gaba_1,0244 NDB-SI-MA-STRv Lhx8 Gaba_1,057 NDB-SI-MA-STRv Lhx8 Gaba,08 CNU-MGE GABA,GABA,19,3.9978344,5.079218,0.6842105263157895
742,0868 NDB-SI-MA-STRv Lhx8 Gaba_1,0244 NDB-SI-MA-STRv Lhx8 Gaba_1,057 NDB-SI-MA-STRv Lhx8 Gaba,08 CNU-MGE GABA,GABA,6,4.887979,5.5622554,0.8333333333333334
743,0869 NDB-SI-MA-STRv Lhx8 Gaba_1,0244 NDB-SI-MA-STRv Lhx8 Gaba_1,057 NDB-SI-MA-STRv Lhx8 Gaba,08 CNU-MGE GABA,GABA,7,3.8833332,5.978031,0.5714285714285714
744,0879 NDB-SI-MA-STRv Lhx8 Gaba_3,0246 NDB-SI-MA-STRv Lhx8 Gaba_3,057 NDB-SI-MA-STRv Lhx8 Gaba,08 CNU-MGE GABA,GABA,22,4.757411,5.56835,0.8181818181818182
745,0880 NDB-SI-MA-STRv Lhx8 Gaba_3,0246 NDB-SI-MA-STRv Lhx8 Gaba_3,057 NDB-SI-MA-STRv Lhx8 Gaba,08 CNU-MGE GABA,GABA,2,5.854625,5.854625,1.0
746,0881 NDB-SI-MA-STRv Lhx8 Gaba_3,0246 NDB-SI-MA-STRv Lhx8 Gaba_3,057 NDB-SI-MA-STRv Lhx8 Gaba,08 CNU-MGE GABA,GABA,1,5.010572,5.010572,1.0
749,0884 NDB-SI-MA-STRv Lhx8 Gaba_3,0246 NDB-SI-MA-STRv Lhx8 Gaba_3,057 NDB-SI-MA-STRv Lhx8 Gaba,08 CNU-MGE GABA,GABA,8,3.9296486,5.5439777,0.625
750,0885 NDB-SI-MA-STRv Lhx8 Gaba_3,0246 NDB-SI-MA-STRv Lhx8 Gaba_3,057 NDB-SI-MA-STRv Lhx8 Gaba,08 CNU-MGE GABA,GABA,10,4.864337,5.970265,0.8
751,0886 NDB-SI-MA-STRv Lhx8 Gaba_3,0246 NDB-SI-MA-STRv Lhx8 Gaba_3,057 NDB-SI-MA-STRv Lhx8 Gaba,08 CNU-MGE GABA,GABA,1,7.3507495,7.3507495,1.0
753,0888 NDB-SI-MA-STRv Lhx8 Gaba_3,0246 NDB-SI-MA-STRv Lhx8 Gaba_3,057 NDB-SI-MA-STRv Lhx8 Gaba,08 CNU-MGE GABA,GABA,2,3.233308,3.233308,0.5
755,0898 NDB-SI-MA-STRv Lhx8 Gaba_5,0248 NDB-SI-MA-STRv Lhx8 Gaba_5,057 NDB-SI-MA-STRv Lhx8 Gaba,08 CNU-MGE GABA,GABA,21,5.4057136,6.546183,0.8095238095238095
756,0912 NDB-SI-MA-STRv Lhx8 Gaba_10,0253 NDB-SI-MA-STRv Lhx8 Gaba_10,057 NDB-SI-MA-STRv Lhx8 Gaba,08 CNU-MGE GABA,GABA,34,4.51064,5.29634,0.7941176470588235
757,0913 NDB-SI-MA-STRv Lhx8 Gaba_10,0253 NDB-SI-MA-STRv Lhx8 Gaba_10,057 NDB-SI-MA-STRv Lhx8 Gaba,08 CNU-MGE GABA,GABA,93,3.7637553,5.066919,0.6451612903225806
758,0914 NDB-SI-MA-STRv Lhx8 Gaba_10,0253 NDB-SI-MA-STRv Lhx8 Gaba_10,057 NDB-SI-MA-STRv Lhx8 Gaba,08 CNU-MGE GABA,GABA,75,4.195837,5.1900744,0.72
759,0846 Sst Chodl Gaba_1,0238 Sst Chodl Gaba_1,056 Sst Chodl Gaba,08 CNU-MGE GABA,GABA,97,4.184079,5.567387,0.6907216494845361
760,0855 Sst Chodl Gaba_3,0240 Sst Chodl Gaba_3,056 Sst Chodl Gaba,08 CNU-MGE GABA,GABA,12,5.0880723,6.182532,0.8333333333333334
761,0860 Sst Chodl Gaba_5,0242 Sst Chodl Gaba_5,056 Sst Chodl Gaba,08 CNU-MGE GABA,GABA,54,4.4232383,5.38022,0.7407407407407407
762,0853 Sst Chodl Gaba_2,0239 Sst Chodl Gaba_2,056 Sst Chodl Gaba,08 CNU-MGE GABA,GABA,10,4.625848,5.663435,0.8
763,0849 Sst Chodl Gaba_2,0239 Sst Chodl Gaba_2,056 Sst Chodl Gaba,08 CNU-MGE GABA,GABA,233,4.260049,5.424344,0.7124463519313304
764,0850 Sst Chodl Gaba_2,0239 Sst Chodl Gaba_2,056 Sst Chodl Gaba,08 CNU-MGE GABA,GABA,124,4.525922,5.794241,0.7419354838709677
765,0851 Sst Chodl Gaba_2,0239 Sst Chodl Gaba_2,056 Sst Chodl Gaba,08 CNU-MGE GABA,GABA,58,4.5763497,5.4015765,0.7931034482758621
766,0847 Sst Chodl Gaba_1,0238 Sst Chodl Gaba_1,056 Sst Chodl Gaba,08 CNU-MGE GABA,GABA,32,4.5395565,5.7835665,0.75
767,0859 Sst Chodl Gaba_4,0241 Sst Chodl Gaba_4,056 Sst Chodl Gaba,08 CNU-MGE GABA,GABA,49,3.6562176,4.70607,0.6326530612244898
768,0852 Sst Chodl Gaba_2,0239 Sst Chodl Gaba_2,056 Sst Chodl Gaba,08 CNU-MGE GABA,GABA,181,3.927125,5.322149,0.6740331491712708
769,0845 Sst Chodl Gaba_1,0238 Sst Chodl Gaba_1,056 Sst Chodl Gaba,08 CNU-MGE GABA,GABA,90,4.2987494,5.7237287,0.6777777777777778
770,0861 Sst Chodl Gaba_5,0242 Sst Chodl Gaba_5,056 Sst Chodl Gaba,08 CNU-MGE GABA,GABA,39,5.1411757,6.0366683,0.8205128205128205
771,0854 Sst Chodl Gaba_2,0239 Sst Chodl Gaba_2,056 Sst Chodl Gaba,08 CNU-MGE GABA,GABA,9,5.6048126,5.7215514,1.0
772,0856 Sst Chodl Gaba_3,0240 Sst Chodl Gaba_3,056 Sst Chodl Gaba,08 CNU-MGE GABA,GABA,41,4.4612117,5.5401883,0.7560975609756098
773,0848 Sst Chodl Gaba_1,0238 Sst Chodl Gaba_1,056 Sst Chodl Gaba,08 CNU-MGE GABA,GABA,80,4.1079235,5.3966217,0.7
774,0862 Sst Chodl Gaba_6,0243 Sst Chodl Gaba_6,056 Sst Chodl Gaba,08 CNU-MGE GABA,GABA,53,4.8417497,6.1004796,0.7547169811320755
775,0857 Sst Chodl Gaba_3,0240 Sst Chodl Gaba_3,056 Sst Chodl Gaba,08 CNU-MGE GABA,GABA,24,4.5590625,5.4590874,0.7916666666666666
779,1418 SI-MPO-LPO Lhx8 Gaba_1,0396 SI-MPO-LPO Lhx8 Gaba_1,085 SI-MPO-LPO Lhx8 Gaba,11 CNU-HYa GABA,GABA,38,3.364878,4.2468777,0.6578947368421053
780,1419 SI-MPO-LPO Lhx8 Gaba_1,0396 SI-MPO-LPO Lhx8 Gaba_1,085 SI-MPO-LPO Lhx8 Gaba,11 CNU-HYa GABA,GABA,8,4.9043674,5.5763826,0.875
781,1420 SI-MPO-LPO Lhx8 Gaba_1,0396 SI-MPO-LPO Lhx8 Gaba_1,085 SI-MPO-LPO Lhx8 Gaba,11 CNU-HYa GABA,GABA,1,4.628741,4.628741,1.0
783,1422 SI-MPO-LPO Lhx8 Gaba_1,0396 SI-MPO-LPO Lhx8 Gaba_1,085 SI-MPO-LPO Lhx8 Gaba,11 CNU-HYa GABA,GABA,82,4.0866876,5.2887597,0.7195121951219512
784,1423 SI-MPO-LPO Lhx8 Gaba_1,0396 SI-MPO-LPO Lhx8 Gaba_1,085 SI-MPO-LPO Lhx8 Gaba,11 CNU-HYa GABA,GABA,33,4.502578,5.2959547,0.8181818181818182
786,0917 NDB-SI-MA-STRv Lhx8 Gaba_13,0256 NDB-SI-MA-STRv Lhx8 Gaba_13,057 NDB-SI-MA-STRv Lhx8 Gaba,08 CNU-MGE GABA,GABA,41,3.2268133,4.59634,0.5853658536585366
787,1424 SI-MPO-LPO Lhx8 Gaba_1,0396 SI-MPO-LPO Lhx8 Gaba_1,085 SI-MPO-LPO Lhx8 Gaba,11 CNU-HYa GABA,GABA,52,4.0313373,5.1351423,0.6923076923076923
788,1425 SI-MPO-LPO Lhx8 Gaba_1,0396 SI-MPO-LPO Lhx8 Gaba_1,085 SI-MPO-LPO Lhx8 Gaba,11 CNU-HYa GABA,GABA,43,4.675088,5.258547,0.8604651162790697
789,1426 SI-MPO-LPO Lhx8 Gaba_1,0396 SI-MPO-LPO Lhx8 Gaba_1,085 SI-MPO-LPO Lhx8 Gaba,11 CNU-HYa GABA,GABA,46,3.5989857,4.5803146,0.6521739130434783
790,1455 SI-MPO-LPO Lhx8 Gaba_5,0400 SI-MPO-LPO Lhx8 Gaba_5,085 SI-MPO-LPO Lhx8 Gaba,11 CNU-HYa GABA,GABA,4,3.258204,3.1268973,0.5
791,1427 SI-MPO-LPO Lhx8 Gaba_1,0396 SI-MPO-LPO Lhx8 Gaba_1,085 SI-MPO-LPO Lhx8 Gaba,11 CNU-HYa GABA,GABA,21,3.6157262,4.835597,0.6666666666666666
792,1428 SI-MPO-LPO Lhx8 Gaba_1,0396 SI-MPO-LPO Lhx8 Gaba_1,085 SI-MPO-LPO Lhx8 Gaba,11 CNU-HYa GABA,GABA,19,2.6738806,0.0,0.47368421052631576
793,1429 SI-MPO-LPO Lhx8 Gaba_2,0397 SI-MPO-LPO Lhx8 Gaba_2,085 SI-MPO-LPO Lhx8 Gaba,11 CNU-HYa GABA,GABA,16,5.2150335,5.8057003,0.875
794,1439 SI-MPO-LPO Lhx8 Gaba_3,0398 SI-MPO-LPO Lhx8 Gaba_3,085 SI-MPO-LPO Lhx8 Gaba,11 CNU-HYa GABA,GABA,10,2.8405309,1.8982162,0.5
796,1446 SI-MPO-LPO Lhx8 Gaba_4,0399 SI-MPO-LPO Lhx8 Gaba_4,085 SI-MPO-LPO Lhx8 Gaba,11 CNU-HYa GABA,GABA,3,4.4698334,6.3660827,0.6666666666666666
797,1447 SI-MPO-LPO Lhx8 Gaba_4,0399 SI-MPO-LPO Lhx8 Gaba_4,085 SI-MPO-LPO Lhx8 Gaba,11 CNU-HYa GABA,GABA,1,6.577363,6.577363,1.0
798,1448 SI-MPO-LPO Lhx8 Gaba_4,0399 SI-MPO-LPO Lhx8 Gaba_4,085 SI-MPO-LPO Lhx8 Gaba,11 CNU-HYa GABA,GABA,2,6.0840406,6.0840406,1.0
799,1430 SI-MPO-LPO Lhx8 Gaba_2,0397 SI-MPO-LPO Lhx8 Gaba_2,085 SI-MPO-LPO Lhx8 Gaba,11 CNU-HYa GABA,GABA,1,0.0,0.0,0.0
800,1431 SI-MPO-LPO Lhx8 Gaba_2,0397 SI-MPO-LPO Lhx8 Gaba_2,085 SI-MPO-LPO Lhx8 Gaba,11 CNU-HYa GABA,GABA,2,5.540308,5.540308,1.0
801,1432 SI-MPO-LPO Lhx8 Gaba_2,0397 SI-MPO-LPO Lhx8 Gaba_2,085 SI-MPO-LPO Lhx8 Gaba,11 CNU-HYa GABA,GABA,1,5.913027,5.913027,1.0
802,1433 SI-MPO-LPO Lhx8 Gaba_2,0397 SI-MPO-LPO Lhx8 Gaba_2,085 SI-MPO-LPO Lhx8 Gaba,11 CNU-HYa GABA,GABA,1,6.838891,6.838891,1.0
803,1441 SI-MPO-LPO Lhx8 Gaba_3,0398 SI-MPO-LPO Lhx8 Gaba_3,085 SI-MPO-LPO Lhx8 Gaba,11 CNU-HYa GABA,GABA,1,0.0,0.0,0.0
807,1449 SI-MPO-LPO Lhx8 Gaba_4,0399 SI-MPO-LPO Lhx8 Gaba_4,085 SI-MPO-LPO Lhx8 Gaba,11 CNU-HYa GABA,GABA,1,0.0,0.0,0.0
808,1434 SI-MPO-LPO Lhx8 Gaba_2,0397 SI-MPO-LPO Lhx8 Gaba_2,085 SI-MPO-LPO Lhx8 Gaba,11 CNU-HYa GABA,GABA,10,3.156169,2.7225032,0.5
809,1450 SI-MPO-LPO Lhx8 Gaba_4,0399 SI-MPO-LPO Lhx8 Gaba_4,085 SI-MPO-LPO Lhx8 Gaba,11 CNU-HYa GABA,GABA,4,4.7480774,6.167096,0.75
811,1436 SI-MPO-LPO Lhx8 Gaba_2,0397 SI-MPO-LPO Lhx8 Gaba_2,085 SI-MPO-LPO Lhx8 Gaba,11 CNU-HYa GABA,GABA,9,2.9865096,0.0,0.4444444444444444
812,1437 SI-MPO-LPO Lhx8 Gaba_2,0397 SI-MPO-LPO Lhx8 Gaba_2,085 SI-MPO-LPO Lhx8 Gaba,11 CNU-HYa GABA,GABA,2,0.0,0.0,0.0
813,1438 SI-MPO-LPO Lhx8 Gaba_2,0397 SI-MPO-LPO Lhx8 Gaba_2,085 SI-MPO-LPO Lhx8 Gaba,11 CNU-HYa GABA,GABA,11,4.862894,5.899266,0.8181818181818182
815,1445 SI-MPO-LPO Lhx8 Gaba_3,0398 SI-MPO-LPO Lhx8 Gaba_3,085 SI-MPO-LPO Lhx8 Gaba,11 CNU-HYa GABA,GABA,1,0.0,0.0,0.0
816,0889 NDB-SI-MA-STRv Lhx8 Gaba_4,0247 NDB-SI-MA-STRv Lhx8 Gaba_4,057 NDB-SI-MA-STRv Lhx8 Gaba,08 CNU-MGE GABA,GABA,10,3.1171863,2.7929993,0.5
817,0907 NDB-SI-MA-STRv Lhx8 Gaba_8,0251 NDB-SI-MA-STRv Lhx8 Gaba_8,057 NDB-SI-MA-STRv Lhx8 Gaba,08 CNU-MGE GABA,GABA,40,5.262262,5.5965986,0.9
818,0870 NDB-SI-MA-STRv Lhx8 Gaba_2,0245 NDB-SI-MA-STRv Lhx8 Gaba_2,057 NDB-SI-MA-STRv Lhx8 Gaba,08 CNU-MGE GABA,GABA,36,3.8948758,4.945551,0.6944444444444444
819,0899 NDB-SI-MA-STRv Lhx8 Gaba_6,0249 NDB-SI-MA-STRv Lhx8 Gaba_6,057 NDB-SI-MA-STRv Lhx8 Gaba,08 CNU-MGE GABA,GABA,42,4.813995,5.422839,0.8571428571428571
820,0871 NDB-SI-MA-STRv Lhx8 Gaba_2,0245 NDB-SI-MA-STRv Lhx8 Gaba_2,057 NDB-SI-MA-STRv Lhx8 Gaba,08 CNU-MGE GABA,GABA,31,4.333367,5.126939,0.7419354838709677
821,0872 NDB-SI-MA-STRv Lhx8 Gaba_2,0245 NDB-SI-MA-STRv Lhx8 Gaba_2,057 NDB-SI-MA-STRv Lhx8 Gaba,08 CNU-MGE GABA,GABA,2,0.0,0.0,0.0
822,0873 NDB-SI-MA-STRv Lhx8 Gaba_2,0245 NDB-SI-MA-STRv Lhx8 Gaba_2,057 NDB-SI-MA-STRv Lhx8 Gaba,08 CNU-MGE GABA,GABA,3,4.886234,4.846999,1.0
823,0874 NDB-SI-MA-STRv Lhx8 Gaba_2,0245 NDB-SI-MA-STRv Lhx8 Gaba_2,057 NDB-SI-MA-STRv Lhx8 Gaba,08 CNU-MGE GABA,GABA,10,4.36473,5.750063,0.7
824,0875 NDB-SI-MA-STRv Lhx8 Gaba_2,0245 NDB-SI-MA-STRv Lhx8 Gaba_2,057 NDB-SI-MA-STRv Lhx8 Gaba,08 CNU-MGE GABA,GABA,1,4.7179637,4.7179637,1.0
825,0900 NDB-SI-MA-STRv Lhx8 Gaba_6,0249 NDB-SI-MA-STRv Lhx8 Gaba_6,057 NDB-SI-MA-STRv Lhx8 Gaba,08 CNU-MGE GABA,GABA,56,4.1103244,5.344098,0.7142857142857143
826,0901 NDB-SI-MA-STRv Lhx8 Gaba_6,0249 NDB-SI-MA-STRv Lhx8 Gaba_6,057 NDB-SI-MA-STRv Lhx8 Gaba,08 CNU-MGE GABA,GABA,59,4.025162,5.1906724,0.7288135593220338
827,0902 NDB-SI-MA-STRv Lhx8 Gaba_6,0249 NDB-SI-MA-STRv Lhx8 Gaba_6,057 NDB-SI-MA-STRv Lhx8 Gaba,08 CNU-MGE GABA,GABA,71,4.4713016,5.3377094,0.7887323943661971
828,0903 NDB-SI-MA-STRv Lhx8 Gaba_6,0249 NDB-SI-MA-STRv Lhx8 Gaba_6,057 NDB-SI-MA-STRv Lhx8 Gaba,08 CNU-MGE GABA,GABA,35,4.773364,5.334993,0.8285714285714286
829,0910 NDB-SI-MA-STRv Lhx8 Gaba_9,0252 NDB-SI-MA-STRv Lhx8 Gaba_9,057 NDB-SI-MA-STRv Lhx8 Gaba,08 CNU-MGE GABA,GABA,50,4.7577333,5.535898,0.82
830,0890 NDB-SI-MA-STRv Lhx8 Gaba_4,0247 NDB-SI-MA-STRv Lhx8 Gaba_4,057 NDB-SI-MA-STRv Lhx8 Gaba,08 CNU-MGE GABA,GABA,6,3.9646666,5.3858995,0.6666666666666666
831,0891 NDB-SI-MA-STRv Lhx8 Gaba_4,0247 NDB-SI-MA-STRv Lhx8 Gaba_4,057 NDB-SI-MA-STRv Lhx8 Gaba,08 CNU-MGE GABA,GABA,1,5.5364013,5.5364013,1.0
832,0892 NDB-SI-MA-STRv Lhx8 Gaba_4,0247 NDB-SI-MA-STRv Lhx8 Gaba_4,057 NDB-SI-MA-STRv Lhx8 Gaba,08 CNU-MGE GABA,GABA,5,6.2521143,6.311458,1.0
833,0915 NDB-SI-MA-STRv Lhx8 Gaba_11,0254 NDB-SI-MA-STRv Lhx8 Gaba_11,057 NDB-SI-MA-STRv Lhx8 Gaba,08 CNU-MGE GABA,GABA,12,4.799108,5.705238,0.8333333333333334
834,0876 NDB-SI-MA-STRv Lhx8 Gaba_2,0245 NDB-SI-MA-STRv Lhx8 Gaba_2,057 NDB-SI-MA-STRv Lhx8 Gaba,08 CNU-MGE GABA,GABA,42,3.851878,4.599733,0.7380952380952381
835,0916 NDB-SI-MA-STRv Lhx8 Gaba_12,0255 NDB-SI-MA-STRv Lhx8 Gaba_12,057 NDB-SI-MA-STRv Lhx8 Gaba,08 CNU-MGE GABA,GABA,26,4.981702,5.269691,0.8846153846153846
836,0877 NDB-SI-MA-STRv Lhx8 Gaba_2,0245 NDB-SI-MA-STRv Lhx8 Gaba_2,057 NDB-SI-MA-STRv Lhx8 Gaba,08 CNU-MGE GABA,GABA,70,4.343601,5.0914907,0.8
837,0908 NDB-SI-MA-STRv Lhx8 Gaba_8,0251 NDB-SI-MA-STRv Lhx8 Gaba_8,057 NDB-SI-MA-STRv Lhx8 Gaba,08 CNU-MGE GABA,GABA,23,4.596414,5.8990574,0.7391304347826086
838,0909 NDB-SI-MA-STRv Lhx8 Gaba_8,0251 NDB-SI-MA-STRv Lhx8 Gaba_8,057 NDB-SI-MA-STRv Lhx8 Gaba,08 CNU-MGE GABA,GABA,18,4.62446,5.713106,0.7222222222222222
839,0878 NDB-SI-MA-STRv Lhx8 Gaba_2,0245 NDB-SI-MA-STRv Lhx8 Gaba_2,057 NDB-SI-MA-STRv Lhx8 Gaba,08 CNU-MGE GABA,GABA,30,4.347777,5.09218,0.8
840,0911 NDB-SI-MA-STRv Lhx8 Gaba_9,0252 NDB-SI-MA-STRv Lhx8 Gaba_9,057 NDB-SI-MA-STRv Lhx8 Gaba,08 CNU-MGE GABA,GABA,20,5.2129855,5.431911,0.9
841,1108 LSX Nkx2-1 Gaba_8,0313 LSX Nkx2-1 Gaba_8,069 LSX Nkx2-1 Gaba,10 LSX GABA,GABA,38,2.4436095,0.0,0.4473684210526316
842,1093 LSX Nkx2-1 Gaba_4,0309 LSX Nkx2-1 Gaba_4,069 LSX Nkx2-1 Gaba,10 LSX GABA,GABA,229,3.4147363,4.7426457,0.5895196506550219
843,1097 LSX Nkx2-1 Gaba_5,0310 LSX Nkx2-1 Gaba_5,069 LSX Nkx2-1 Gaba,10 LSX GABA,GABA,233,3.0316064,4.4890294,0.5064377682403434
844,1098 LSX Nkx2-1 Gaba_5,0310 LSX Nkx2-1 Gaba_5,069 LSX Nkx2-1 Gaba,10 LSX GABA,GABA,298,3.633282,4.972688,0.6342281879194631
845,1094 LSX Nkx2-1 Gaba_4,0309 LSX Nkx2-1 Gaba_4,069 LSX Nkx2-1 Gaba,10 LSX GABA,GABA,36,4.2251797,5.239698,0.75
846,1095 LSX Nkx2-1 Gaba_4,0309 LSX Nkx2-1 Gaba_4,069 LSX Nkx2-1 Gaba,10 LSX GABA,GABA,257,3.801097,5.1428237,0.6498054474708171
847,1092 LSX Nkx2-1 Gaba_3,0308 LSX Nkx2-1 Gaba_3,069 LSX Nkx2-1 Gaba,10 LSX GABA,GABA,83,2.59909,0.0,0.4457831325301205
848,1099 LSX Nkx2-1 Gaba_5,0310 LSX Nkx2-1 Gaba_5,069 LSX Nkx2-1 Gaba,10 LSX GABA,GABA,177,2.891506,0.0,0.4971751412429379
849,1096 LSX Nkx2-1 Gaba_4,0309 LSX Nkx2-1 Gaba_4,069 LSX Nkx2-1 Gaba,10 LSX GABA,GABA,555,3.9786358,5.40661,0.6558558558558558
850,1100 LSX Nkx2-1 Gaba_5,0310 LSX Nkx2-1 Gaba_5,069 LSX Nkx2-1 Gaba,10 LSX GABA,GABA,168,3.2286127,4.6526403,0.5535714285714286
851,1105 LSX Nkx2-1 Gaba_7,0312 LSX Nkx2-1 Gaba_7,069 LSX Nkx2-1 Gaba,10 LSX GABA,GABA,106,3.2634666,4.8599195,0.5566037735849056
852,1111 LSX Nkx2-1 Gaba_9,0314 LSX Nkx2-1 Gaba_9,069 LSX Nkx2-1 Gaba,10 LSX GABA,GABA,500,3.0800776,4.596714,0.518
853,1101 LSX Nkx2-1 Gaba_6,0311 LSX Nkx2-1 Gaba_6,069 LSX Nkx2-1 Gaba,10 LSX GABA,GABA,89,2.6329954,0.0,0.47191011235955055
854,1063 LSX Otx2 Gaba_3,0303 LSX Otx2 Gaba_3,068 LSX Otx2 Gaba,10 LSX GABA,GABA,69,3.2969615,4.9479837,0.5072463768115942
855,1080 LSX Nkx2-1 Gaba_2,0307 LSX Nkx2-1 Gaba_2,069 LSX Nkx2-1 Gaba,10 LSX GABA,GABA,222,3.1356158,4.6348104,0.509009009009009
856,1076 LSX Nkx2-1 Gaba_2,0307 LSX Nkx2-1 Gaba_2,069 LSX Nkx2-1 Gaba,10 LSX GABA,GABA,50,4.5632315,5.384362,0.78
857,1077 LSX Nkx2-1 Gaba_2,0307 LSX Nkx2-1 Gaba_2,069 LSX Nkx2-1 Gaba,10 LSX GABA,GABA,234,3.5778222,5.3034143,0.5598290598290598
858,1106 LSX Nkx2-1 Gaba_7,0312 LSX Nkx2-1 Gaba_7,069 LSX Nkx2-1 Gaba,10 LSX GABA,GABA,249,2.8426867,0.0,0.4738955823293173
859,1074 LSX Nkx2-1 Gaba_1,0306 LSX Nkx2-1 Gaba_1,069 LSX Nkx2-1 Gaba,10 LSX GABA,GABA,138,4.1030025,5.7055206,0.6521739130434783
860,1107 LSX Nkx2-1 Gaba_7,0312 LSX Nkx2-1 Gaba_7,069 LSX Nkx2-1 Gaba,10 LSX GABA,GABA,41,3.4290645,4.6019325,0.6097560975609756
861,1081 LSX Nkx2-1 Gaba_2,0307 LSX Nkx2-1 Gaba_2,069 LSX Nkx2-1 Gaba,10 LSX GABA,Chol,54,4.487112,5.2994633,0.7777777777777778
862,1082 LSX Nkx2-1 Gaba_2,0307 LSX Nkx2-1 Gaba_2,069 LSX Nkx2-1 Gaba,10 LSX GABA,GABA,67,2.525916,0.0,0.417910447761194
863,1083 LSX Nkx2-1 Gaba_2,0307 LSX Nkx2-1 Gaba_2,069 LSX Nkx2-1 Gaba,10 LSX GABA,GABA,54,2.6903653,0.0,0.42592592592592593
864,1084 LSX Nkx2-1 Gaba_2,0307 LSX Nkx2-1 Gaba_2,069 LSX Nkx2-1 Gaba,10 LSX GABA,Chol,87,3.0553539,4.463546,0.5057471264367817
865,1085 LSX Nkx2-1 Gaba_2,0307 LSX Nkx2-1 Gaba_2,069 LSX Nkx2-1 Gaba,10 LSX GABA,GABA,193,3.7197335,5.256375,0.6062176165803109
866,1109 LSX Nkx2-1 Gaba_8,0313 LSX Nkx2-1 Gaba_8,069 LSX Nkx2-1 Gaba,10 LSX GABA,GABA,52,2.195358,0.0,0.38461538461538464
867,1112 LSX Nkx2-1 Gaba_10,0315 LSX Nkx2-1 Gaba_10,069 LSX Nkx2-1 Gaba,10 LSX GABA,GABA,459,3.001011,0.0,0.485838779956427
868,1078 LSX Nkx2-1 Gaba_2,0307 LSX Nkx2-1 Gaba_2,069 LSX Nkx2-1 Gaba,10 LSX GABA,GABA,105,4.174934,5.7621803,0.6666666666666666
869,1102 LSX Nkx2-1 Gaba_6,0311 LSX Nkx2-1 Gaba_6,069 LSX Nkx2-1 Gaba,10 LSX GABA,GABA,321,2.5376723,0.0,0.42990654205607476
870,1079 LSX Nkx2-1 Gaba_2,0307 LSX Nkx2-1 Gaba_2,069 LSX Nkx2-1 Gaba,10 LSX GABA,GABA,114,3.086784,4.5482416,0.5087719298245614
871,1086 LSX Nkx2-1 Gaba_2,0307 LSX Nkx2-1 Gaba_2,069 LSX Nkx2-1 Gaba,10 LSX GABA,GABA,64,3.5154803,5.061692,0.625
872,1113 LSX Nkx2-1 Gaba_11,0316 LSX Nkx2-1 Gaba_11,069 LSX Nkx2-1 Gaba,10 LSX GABA,GABA,82,3.451217,4.826853,0.6097560975609756
873,1515 PVR Six3 Sox3 Gaba_4,0414 PVR Six3 Sox3 Gaba_4,089 PVR Six3 Sox3 Gaba,11 CNU-HYa GABA,GABA,1,0.0,0.0,0.0
874,1516 PVR Six3 Sox3 Gaba_4,0414 PVR Six3 Sox3 Gaba_4,089 PVR Six3 Sox3 Gaba,11 CNU-HYa GABA,GABA,15,3.3072102,4.932975,0.5333333333333333
876,1069 LSX Otx2 Gaba_5,0305 LSX Otx2 Gaba_5,068 LSX Otx2 Gaba,10 LSX GABA,GABA,125,2.845218,0.0,0.48
877,1051 LSX Otx2 Gaba_1,0301 LSX Otx2 Gaba_1,068 LSX Otx2 Gaba,10 LSX GABA,GABA,514,2.6947355,0.0,0.44163424124513617
878,1064 LSX Otx2 Gaba_4,0304 LSX Otx2 Gaba_4,068 LSX Otx2 Gaba,10 LSX GABA,GABA,69,2.5135276,0.0,0.42028985507246375
879,1065 LSX Otx2 Gaba_4,0304 LSX Otx2 Gaba_4,068 LSX Otx2 Gaba,10 LSX GABA,GABA,74,3.0195935,2.276261,0.5
880,1066 LSX Otx2 Gaba_4,0304 LSX Otx2 Gaba_4,068 LSX Otx2 Gaba,10 LSX GABA,GABA,190,2.7604358,0.0,0.4421052631578947
881,1103 LSX Nkx2-1 Gaba_6,0311 LSX Nkx2-1 Gaba_6,069 LSX Nkx2-1 Gaba,10 LSX GABA,GABA,55,3.1267173,4.8410935,0.5454545454545454
882,1057 LSX Otx2 Gaba_3,0303 LSX Otx2 Gaba_3,068 LSX Otx2 Gaba,10 LSX GABA,GABA,183,3.4177222,5.091815,0.546448087431694
883,1061 LSX Otx2 Gaba_3,0303 LSX Otx2 Gaba_3,068 LSX Otx2 Gaba,10 LSX GABA,GABA,220,2.704223,0.0,0.45454545454545453
884,1088 LSX Nkx2-1 Gaba_3,0308 LSX Nkx2-1 Gaba_3,069 LSX Nkx2-1 Gaba,10 LSX GABA,GABA,207,2.7532337,0.0,0.4251207729468599
885,1050 LSX Otx2 Gaba_1,0301 LSX Otx2 Gaba_1,068 LSX Otx2 Gaba,10 LSX GABA,GABA,216,2.8504903,0.0,0.48148148148148145
886,1070 LSX Otx2 Gaba_5,0305 LSX Otx2 Gaba_5,068 LSX Otx2 Gaba,10 LSX GABA,GABA,77,2.7366111,0.0,0.4675324675324675
887,1058 LSX Otx2 Gaba_3,0303 LSX Otx2 Gaba_3,068 LSX Otx2 Gaba,10 LSX GABA,GABA,256,3.4476953,4.9452124,0.5703125
888,1059 LSX Otx2 Gaba_3,0303 LSX Otx2 Gaba_3,068 LSX Otx2 Gaba,10 LSX GABA,GABA,150,4.3087564,5.785161,0.6666666666666666
889,1060 LSX Otx2 Gaba_3,0303 LSX Otx2 Gaba_3,068 LSX Otx2 Gaba,10 LSX GABA,GABA,110,3.9526346,5.3551416,0.6363636363636364
890,1067 LSX Otx2 Gaba_4,0304 LSX Otx2 Gaba_4,068 LSX Otx2 Gaba,10 LSX GABA,GABA,15,3.4144194,4.6437454,0.6
891,1062 LSX Otx2 Gaba_3,0303 LSX Otx2 Gaba_3,068 LSX Otx2 Gaba,10 LSX GABA,GABA,253,2.3203156,0.0,0.36363636363636365
892,1075 LSX Nkx2-1 Gaba_1,0306 LSX Nkx2-1 Gaba_1,069 LSX Nkx2-1 Gaba,10 LSX GABA,GABA,196,3.526646,5.0152054,0.5969387755102041
893,1071 LSX Otx2 Gaba_5,0305 LSX Otx2 Gaba_5,068 LSX Otx2 Gaba,10 LSX GABA,GABA,64,1.9563653,0.0,0.328125
894,1072 LSX Otx2 Gaba_5,0305 LSX Otx2 Gaba_5,068 LSX Otx2 Gaba,10 LSX GABA,GABA,57,4.3637066,5.6238527,0.7192982456140351
895,1073 LSX Otx2 Gaba_5,0305 LSX Otx2 Gaba_5,068 LSX Otx2 Gaba,10 LSX GABA,GABA,66,2.5117822,0.0,0.4393939393939394
896,1055 LSX Otx2 Gaba_3,0303 LSX Otx2 Gaba_3,068 LSX Otx2 Gaba,10 LSX GABA,GABA,21,3.9407406,5.0406837,0.6666666666666666
897,1056 LSX Otx2 Gaba_3,0303 LSX Otx2 Gaba_3,068 LSX Otx2 Gaba,10 LSX GABA,GABA,149,3.1566095,0.0,0.4899328859060403
898,1052 LSX Otx2 Gaba_2,0302 LSX Otx2 Gaba_2,068 LSX Otx2 Gaba,10 LSX GABA,GABA,187,2.4746742,0.0,0.4117647058823529
899,1145 LSX Prdm12 Slit2 Gaba_7,0323 LSX Prdm12 Slit2 Gaba_7,070 LSX Prdm12 Slit2 Gaba,10 LSX GABA,GABA,37,3.249131,4.979236,0.5675675675675675
900,1174 LSX Sall3 Lmo1 Gaba_1,0331 LSX Sall3 Lmo1 Gaba_1,072 LSX Sall3 Lmo1 Gaba,10 LSX GABA,GABA,382,2.0673692,0.0,0.337696335078534
901,1176 LSX Sall3 Lmo1 Gaba_2,0332 LSX Sall3 Lmo1 Gaba_2,072 LSX Sall3 Lmo1 Gaba,10 LSX GABA,GABA,471,2.0733843,0.0,0.34182590233545646
902,1177 LSX Sall3 Lmo1 Gaba_2,0332 LSX Sall3 Lmo1 Gaba_2,072 LSX Sall3 Lmo1 Gaba,10 LSX GABA,GABA,123,2.7736423,0.0,0.4634146341463415
903,1175 LSX Sall3 Lmo1 Gaba_1,0331 LSX Sall3 Lmo1 Gaba_1,072 LSX Sall3 Lmo1 Gaba,10 LSX GABA,GABA,60,1.1304557,0.0,0.18333333333333332
904,1183 LSX Sall3 Lmo1 Gaba_5,0335 LSX Sall3 Lmo1 Gaba_5,072 LSX Sall3 Lmo1 Gaba,10 LSX GABA,GABA,61,1.9034723,0.0,0.32786885245901637
905,1158 LSX Prdm12 Zeb2 Gaba_2,0327 LSX Prdm12 Zeb2 Gaba_2,071 LSX Prdm12 Zeb2 Gaba,10 LSX GABA,GABA,138,2.3428655,0.0,0.391304347826087
906,1178 LSX Sall3 Lmo1 Gaba_2,0332 LSX Sall3 Lmo1 Gaba_2,072 LSX Sall3 Lmo1 Gaba,10 LSX GABA,GABA,161,2.696421,0.0,0.4658385093167702
907,1053 LSX Otx2 Gaba_2,0302 LSX Otx2 Gaba_2,068 LSX Otx2 Gaba,10 LSX GABA,GABA,65,2.2396073,0.0,0.36923076923076925
908,1184 LSX Sall3 Lmo1 Gaba_5,0335 LSX Sall3 Lmo1 Gaba_5,072 LSX Sall3 Lmo1 Gaba,10 LSX GABA,GABA,116,2.3419,0.0,0.4051724137931034
909,1157 LSX Prdm12 Zeb2 Gaba_1,0326 LSX Prdm12 Zeb2 Gaba_1,071 LSX Prdm12 Zeb2 Gaba,10 LSX GABA,GABA,98,0.6977885,0.0,0.12244897959183673
910,1179 LSX Sall3 Lmo1 Gaba_2,0332 LSX Sall3 Lmo1 Gaba_2,072 LSX Sall3 Lmo1 Gaba,10 LSX GABA,GABA,154,3.6433263,5.0893087,0.5974025974025974
911,1159 LSX Prdm12 Zeb2 Gaba_2,0327 LSX Prdm12 Zeb2 Gaba_2,071 LSX Prdm12 Zeb2 Gaba,10 LSX GABA,GABA,801,2.8114905,0.0,0.48564294631710364
912,1160 LSX Prdm12 Zeb2 Gaba_2,0327 LSX Prdm12 Zeb2 Gaba_2,071 LSX Prdm12 Zeb2 Gaba,10 LSX GABA,GABA,272,2.0066938,0.0,0.33455882352941174
913,1068 LSX Otx2 Gaba_4,0304 LSX Otx2 Gaba_4,068 LSX Otx2 Gaba,10 LSX GABA,GABA,66,2.521656,0.0,0.4090909090909091
914,1182 LSX Sall3 Lmo1 Gaba_4,0334 LSX Sall3 Lmo1 Gaba_4,072 LSX Sall3 Lmo1 Gaba,10 LSX GABA,GABA,62,2.9275882,2.3954651,0.5
915,1180 LSX Sall3 Lmo1 Gaba_3,0333 LSX Sall3 Lmo1 Gaba_3,072 LSX Sall3 Lmo1 Gaba,10 LSX GABA,GABA,181,3.0193312,4.628018,0.5193370165745856
916,1181 LSX Sall3 Lmo1 Gaba_3,0333 LSX Sall3 Lmo1 Gaba_3,072 LSX Sall3 Lmo1 Gaba,10 LSX GABA,GABA,169,3.1669292,4.8269935,0.5384615384615384
917,1161 LSX Prdm12 Zeb2 Gaba_2,0327 LSX Prdm12 Zeb2 Gaba_2,071 LSX Prdm12 Zeb2 Gaba,10 LSX GABA,GABA,42,2.2418551,0.0,0.40476190476190477
918,1087 LSX Nkx2-1 Gaba_2,0307 LSX Nkx2-1 Gaba_2,069 LSX Nkx2-1 Gaba,10 LSX GABA,GABA,531,3.2719061,4.795092,0.5480225988700564
919,1114 LSX Nkx2-1 Gaba_11,0316 LSX Nkx2-1 Gaba_11,069 LSX Nkx2-1 Gaba,10 LSX GABA,GABA,517,3.2803369,4.8645215,0.5493230174081238
920,1149 LSX Prdm12 Zeb2 Gaba_1,0326 LSX Prdm12 Zeb2 Gaba_1,071 LSX Prdm12 Zeb2 Gaba,10 LSX GABA,GABA,197,1.722083,0.0,0.3197969543147208
921,1155 LSX Prdm12 Zeb2 Gaba_1,0326 LSX Prdm12 Zeb2 Gaba_1,071 LSX Prdm12 Zeb2 Gaba,10 LSX GABA,GABA,354,2.2140064,0.0,0.3700564971751412
922,1165 LSX Prdm12 Zeb2 Gaba_3,0328 LSX Prdm12 Zeb2 Gaba_3,071 LSX Prdm12 Zeb2 Gaba,10 LSX GABA,GABA,331,2.7760217,0.0,0.4501510574018127
923,1156 LSX Prdm12 Zeb2 Gaba_1,0326 LSX Prdm12 Zeb2 Gaba_1,071 LSX Prdm12 Zeb2 Gaba,10 LSX GABA,GABA,625,2.1537156,0.0,0.392
924,1150 LSX Prdm12 Zeb2 Gaba_1,0326 LSX Prdm12 Zeb2 Gaba_1,071 LSX Prdm12 Zeb2 Gaba,10 LSX GABA,GABA,74,1.8840268,0.0,0.35135135135135137
925,1151 LSX Prdm12 Zeb2 Gaba_1,0326 LSX Prdm12 Zeb2 Gaba_1,071 LSX Prdm12 Zeb2 Gaba,10 LSX GABA,GABA,45,2.1026602,0.0,0.4444444444444444
926,1152 LSX Prdm12 Zeb2 Gaba_1,0326 LSX Prdm12 Zeb2 Gaba_1,071 LSX Prdm12 Zeb2 Gaba,10 LSX GABA,GABA,1047,2.4784405,0.0,0.4794651384909265
927,1153 LSX Prdm12 Zeb2 Gaba_1,0326 LSX Prdm12 Zeb2 Gaba_1,071 LSX Prdm12 Zeb2 Gaba,10 LSX GABA,GABA,128,2.5467944,0.0,0.4609375
928,1146 LSX Prdm12 Slit2 Gaba_7,0323 LSX Prdm12 Slit2 Gaba_7,070 LSX Prdm12 Slit2 Gaba,10 LSX GABA,GABA,254,2.3890464,0.0,0.42913385826771655
929,1162 LSX Prdm12 Zeb2 Gaba_3,0328 LSX Prdm12 Zeb2 Gaba_3,071 LSX Prdm12 Zeb2 Gaba,10 LSX GABA,GABA,84,2.6308055,0.0,0.47619047619047616
930,1163 LSX Prdm12 Zeb2 Gaba_3,0328 LSX Prdm12 Zeb2 Gaba_3,071 LSX Prdm12 Zeb2 Gaba,10 LSX GABA,GABA,55,2.8337858,4.5515604,0.509090909090909
931,1166 LSX Prdm12 Zeb2 Gaba_4,0329 LSX Prdm12 Zeb2 Gaba_4,071 LSX Prdm12 Zeb2 Gaba,10 LSX GABA,GABA,59,3.387048,4.942533,0.6101694915254238
932,1167 LSX Prdm12 Zeb2 Gaba_4,0329 LSX Prdm12 Zeb2 Gaba_4,071 LSX Prdm12 Zeb2 Gaba,10 LSX GABA,GABA,901,2.7318444,0.0,0.4961154273029967
933,1164 LSX Prdm12 Zeb2 Gaba_3,0328 LSX Prdm12 Zeb2 Gaba_3,071 LSX Prdm12 Zeb2 Gaba,10 LSX GABA,GABA,325,2.5885808,0.0,0.4523076923076923
934,1154 LSX Prdm12 Zeb2 Gaba_1,0326 LSX Prdm12 Zeb2 Gaba_1,071 LSX Prdm12 Zeb2 Gaba,10 LSX GABA,GABA,122,2.91619,4.3000884,0.5163934426229508
935,1054 LSX Otx2 Gaba_2,0302 LSX Otx2 Gaba_2,068 LSX Otx2 Gaba,10 LSX GABA,GABA,818,2.252335,0.0,0.36797066014669927
936,1115 LSX Prdm12 Slit2 Gaba_1,0317 LSX Prdm12 Slit2 Gaba_1,070 LSX Prdm12 Slit2 Gaba,10 LSX GABA,GABA,711,2.742892,0.0,0.48523206751054854
937,1186 LSX Sall3 Lmo1 Gaba_6,0336 LSX Sall3 Lmo1 Gaba_6,072 LSX Sall3 Lmo1 Gaba,10 LSX GABA,GABA,160,1.7652556,0.0,0.325
938,1187 LSX Sall3 Lmo1 Gaba_6,0336 LSX Sall3 Lmo1 Gaba_6,072 LSX Sall3 Lmo1 Gaba,10 LSX GABA,GABA,43,2.7349098,4.143775,0.5116279069767442
939,1139 LSX Prdm12 Slit2 Gaba_5,0321 LSX Prdm12 Slit2 Gaba_5,070 LSX Prdm12 Slit2 Gaba,10 LSX GABA,GABA,220,2.5241668,0.0,0.4318181818181818
940,1137 LSX Prdm12 Slit2 Gaba_4,0320 LSX Prdm12 Slit2 Gaba_4,070 LSX Prdm12 Slit2 Gaba,10 LSX GABA,GABA,134,2.7173302,0.0,0.48507462686567165
941,1131 LSX Prdm12 Slit2 Gaba_3,0319 LSX Prdm12 Slit2 Gaba_3,070 LSX Prdm12 Slit2 Gaba,10 LSX GABA,GABA,340,3.3318129,4.6802177,0.6029411764705882
942,1132 LSX Prdm12 Slit2 Gaba_3,0319 LSX Prdm12 Slit2 Gaba_3,070 LSX Prdm12 Slit2 Gaba,10 LSX GABA,GABA,225,1.7382736,0.0,0.3022222222222222
943,1124 LSX Prdm12 Slit2 Gaba_2,0318 LSX Prdm12 Slit2 Gaba_2,070 LSX Prdm12 Slit2 Gaba,10 LSX GABA,GABA,460,2.3868263,0.0,0.4391304347826087
944,1116 LSX Prdm12 Slit2 Gaba_1,0317 LSX Prdm12 Slit2 Gaba_1,070 LSX Prdm12 Slit2 Gaba,10 LSX GABA,GABA,944,3.2704654,4.7596064,0.5603813559322034
945,1125 LSX Prdm12 Slit2 Gaba_2,0318 LSX Prdm12 Slit2 Gaba_2,070 LSX Prdm12 Slit2 Gaba,10 LSX GABA,GABA,207,2.755452,0.0,0.4782608695652174
946,1126 LSX Prdm12 Slit2 Gaba_2,0318 LSX Prdm12 Slit2 Gaba_2,070 LSX Prdm12 Slit2 Gaba,10 LSX GABA,GABA,526,2.6628158,0.0,0.4828897338403042
947,1138 LSX Prdm12 Slit2 Gaba_4,0320 LSX Prdm12 Slit2 Gaba_4,070 LSX Prdm12 Slit2 Gaba,10 LSX GABA,GABA,152,3.159022,4.7289925,0.5328947368421053
948,1117 LSX Prdm12 Slit2 Gaba_1,0317 LSX Prdm12 Slit2 Gaba_1,070 LSX Prdm12 Slit2 Gaba,10 LSX GABA,GABA,301,2.5822816,0.0,0.4418604651162791
949,1143 LSX Prdm12 Slit2 Gaba_6,0322 LSX Prdm12 Slit2 Gaba_6,070 LSX Prdm12 Slit2 Gaba,10 LSX GABA,GABA,28,2.6593473,2.0468566,0.5
950,1118 LSX Prdm12 Slit2 Gaba_1,0317 LSX Prdm12 Slit2 Gaba_1,070 LSX Prdm12 Slit2 Gaba,10 LSX GABA,GABA,66,2.5057626,0.0,0.4090909090909091
951,1140 LSX Prdm12 Slit2 Gaba_5,0321 LSX Prdm12 Slit2 Gaba_5,070 LSX Prdm12 Slit2 Gaba,10 LSX GABA,GABA,187,3.2016065,4.7179637,0.5561497326203209
952,1133 LSX Prdm12 Slit2 Gaba_3,0319 LSX Prdm12 Slit2 Gaba_3,070 LSX Prdm12 Slit2 Gaba,10 LSX GABA,GABA,185,3.5530953,5.0061255,0.6
953,1127 LSX Prdm12 Slit2 Gaba_2,0318 LSX Prdm12 Slit2 Gaba_2,070 LSX Prdm12 Slit2 Gaba,10 LSX GABA,GABA,166,3.1679418,4.638051,0.5662650602409639
954,1128 LSX Prdm12 Slit2 Gaba_2,0318 LSX Prdm12 Slit2 Gaba_2,070 LSX Prdm12 Slit2 Gaba,10 LSX GABA,GABA,188,2.07434,0.0,0.3829787234042553
955,1119 LSX Prdm12 Slit2 Gaba_1,0317 LSX Prdm12 Slit2 Gaba_1,070 LSX Prdm12 Slit2 Gaba,10 LSX GABA,GABA,169,2.426037,0.0,0.4319526627218935
956,1120 LSX Prdm12 Slit2 Gaba_1,0317 LSX Prdm12 Slit2 Gaba_1,070 LSX Prdm12 Slit2 Gaba,10 LSX GABA,GABA,57,3.0970914,4.9436545,0.5263157894736842
957,1148 LSX Prdm12 Slit2 Gaba_9,0325 LSX Prdm12 Slit2 Gaba_9,070 LSX Prdm12 Slit2 Gaba,10 LSX GABA,GABA,103,3.5930493,4.703217,0.6407766990291263
958,1129 LSX Prdm12 Slit2 Gaba_2,0318 LSX Prdm12 Slit2 Gaba_2,070 LSX Prdm12 Slit2 Gaba,10 LSX GABA,GABA,170,2.658587,2.0285316,0.5
959,1121 LSX Prdm12 Slit2 Gaba_1,0317 LSX Prdm12 Slit2 Gaba_1,070 LSX Prdm12 Slit2 Gaba,10 LSX GABA,GABA,389,3.2951694,4.683417,0.5604113110539846
960,1122 LSX Prdm12 Slit2 Gaba_1,0317 LSX Prdm12 Slit2 Gaba_1,070 LSX Prdm12 Slit2 Gaba,10 LSX GABA,GABA,53,3.2646666,4.9081755,0.5660377358490566
961,1130 LSX Prdm12 Slit2 Gaba_2,0318 LSX Prdm12 Slit2 Gaba_2,070 LSX Prdm12 Slit2 Gaba,10 LSX GABA,GABA,43,3.242412,4.6196356,0.6046511627906976
962,1169 LSX Prdm12 Zeb2 Gaba_5,0330 LSX Prdm12 Zeb2 Gaba_5,071 LSX Prdm12 Zeb2 Gaba,10 LSX GABA,GABA,250,3.3350565,4.7772236,0.592
963,1168 LSX Prdm12 Zeb2 Gaba_5,0330 LSX Prdm12 Zeb2 Gaba_5,071 LSX Prdm12 Zeb2 Gaba,10 LSX GABA,GABA,64,3.3494396,4.4994116,0.625
964,1134 LSX Prdm12 Slit2 Gaba_3,0319 LSX Prdm12 Slit2 Gaba_3,070 LSX Prdm12 Slit2 Gaba,10 LSX GABA,GABA,208,3.4704232,4.9303007,0.6201923076923077
965,1170 LSX Prdm12 Zeb2 Gaba_5,0330 LSX Prdm12 Zeb2 Gaba_5,071 LSX Prdm12 Zeb2 Gaba,10 LSX GABA,GABA,101,2.9347093,0.0,0.49504950495049505
966,1171 LSX Prdm12 Zeb2 Gaba_5,0330 LSX Prdm12 Zeb2 Gaba_5,071 LSX Prdm12 Zeb2 Gaba,10 LSX GABA,GABA,143,2.9315891,0.0,0.4755244755244755
967,1144 LSX Prdm12 Slit2 Gaba_6,0322 LSX Prdm12 Slit2 Gaba_6,070 LSX Prdm12 Slit2 Gaba,10 LSX GABA,GABA,28,1.5671855,0.0,0.25
968,1141 LSX Prdm12 Slit2 Gaba_5,0321 LSX Prdm12 Slit2 Gaba_5,070 LSX Prdm12 Slit2 Gaba,10 LSX GABA,GABA,198,3.0671353,4.5513783,0.5151515151515151
969,1135 LSX Prdm12 Slit2 Gaba_3,0319 LSX Prdm12 Slit2 Gaba_3,070 LSX Prdm12 Slit2 Gaba,10 LSX GABA,GABA,188,2.7961953,0.0,0.48936170212765956
970,1136 LSX Prdm12 Slit2 Gaba_3,0319 LSX Prdm12 Slit2 Gaba_3,070 LSX Prdm12 Slit2 Gaba,10 LSX GABA,GABA,87,2.7283661,0.0,0.4827586206896552
971,1172 LSX Prdm12 Zeb2 Gaba_5,0330 LSX Prdm12 Zeb2 Gaba_5,071 LSX Prdm12 Zeb2 Gaba,10 LSX GABA,GABA,211,3.166054,4.606999,0.5450236966824644
972,1147 LSX Prdm12 Slit2 Gaba_8,0324 LSX Prdm12 Slit2 Gaba_8,070 LSX Prdm12 Slit2 Gaba,10 LSX GABA,GABA,539,3.78929,5.3507004,0.608534322820037
973,1142 LSX Prdm12 Slit2 Gaba_5,0321 LSX Prdm12 Slit2 Gaba_5,070 LSX Prdm12 Slit2 Gaba,10 LSX GABA,GABA,60,1.452357,0.0,0.25
974,1123 LSX Prdm12 Slit2 Gaba_1,0317 LSX Prdm12 Slit2 Gaba_1,070 LSX Prdm12 Slit2 Gaba,10 LSX GABA,GABA,47,3.5623593,5.0565805,0.5531914893617021
975,1173 LSX Prdm12 Zeb2 Gaba_5,0330 LSX Prdm12 Zeb2 Gaba_5,071 LSX Prdm12 Zeb2 Gaba,10 LSX GABA,GABA,58,3.0764956,4.8392515,0.5172413793103449
976,1110 LSX Nkx2-1 Gaba_8,0313 LSX Nkx2-1 Gaba_8,069 LSX Nkx2-1 Gaba,10 LSX GABA,GABA,56,2.4243965,0.0,0.42857142857142855
978,1049 LSX Sall3 Pax6 Gaba_2,0300 LSX Sall3 Pax6 Gaba_2,067 LSX Sall3 Pax6 Gaba,10 LSX GABA,GABA,84,2.3187587,0.0,0.39285714285714285
979,1185 LSX Sall3 Lmo1 Gaba_6,0336 LSX Sall3 Lmo1 Gaba_6,072 LSX Sall3 Lmo1 Gaba,10 LSX GABA,GABA,280,1.3553988,0.0,0.2357142857142857
980,1030 NDB-SI-ant Prdm12 Gaba_1,0295 NDB-SI-ant Prdm12 Gaba_1,066 NDB-SI-ant Prdm12 Gaba,11 CNU-HYa GABA,GABA,21,2.1781192,0.0,0.38095238095238093
981,1041 NDB-SI-ant Prdm12 Gaba_4,0298 NDB-SI-ant Prdm12 Gaba_4,066 NDB-SI-ant Prdm12 Gaba,11 CNU-HYa GABA,GABA,7,4.106038,5.677207,0.7142857142857143
982,1038 NDB-SI-ant Prdm12 Gaba_2,0296 NDB-SI-ant Prdm12 Gaba_2,066 NDB-SI-ant Prdm12 Gaba,11 CNU-HYa GABA,GABA,23,4.047982,5.153259,0.6956521739130435
983,1033 NDB-SI-ant Prdm12 Gaba_1,0295 NDB-SI-ant Prdm12 Gaba_1,066 NDB-SI-ant Prdm12 Gaba,11 CNU-HYa GABA,GABA,37,3.0585103,4.6061583,0.5675675675675675
984,1031 NDB-SI-ant Prdm12 Gaba_1,0295 NDB-SI-ant Prdm12 Gaba_1,066 NDB-SI-ant Prdm12 Gaba,11 CNU-HYa GABA,GABA,235,2.953877,4.377154,0.5276595744680851
985,1035 NDB-SI-ant Prdm12 Gaba_1,0295 NDB-SI-ant Prdm12 Gaba_1,066 NDB-SI-ant Prdm12 Gaba,11 CNU-HYa GABA,GABA,1,5.2033415,5.2033415,1.0
986,1028 NDB-SI-ant Prdm12 Gaba_1,0295 NDB-SI-ant Prdm12 Gaba_1,066 NDB-SI-ant Prdm12 Gaba,11 CNU-HYa GABA,GABA,13,2.4026358,0.0,0.46153846153846156
987,1034 NDB-SI-ant Prdm12 Gaba_1,0295 NDB-SI-ant Prdm12 Gaba_1,066 NDB-SI-ant Prdm12 Gaba,11 CNU-HYa GABA,GABA,11,0.8893478,0.0,0.18181818181818182
988,1036 NDB-SI-ant Prdm12 Gaba_1,0295 NDB-SI-ant Prdm12 Gaba_1,066 NDB-SI-ant Prdm12 Gaba,11 CNU-HYa GABA,GABA,1,5.152265,5.152265,1.0
989,1048 LSX Sall3 Pax6 Gaba_2,0300 LSX Sall3 Pax6 Gaba_2,067 LSX Sall3 Pax6 Gaba,10 LSX GABA,GABA,142,2.2583077,0.0,0.38028169014084506
990,1044 LSX Sall3 Pax6 Gaba_2,0300 LSX Sall3 Pax6 Gaba_2,067 LSX Sall3 Pax6 Gaba,10 LSX GABA,GABA,114,1.4226499,0.0,0.22807017543859648
991,1046 LSX Sall3 Pax6 Gaba_2,0300 LSX Sall3 Pax6 Gaba_2,067 LSX Sall3 Pax6 Gaba,10 LSX GABA,GABA,40,2.170246,0.0,0.35
992,1047 LSX Sall3 Pax6 Gaba_2,0300 LSX Sall3 Pax6 Gaba_2,067 LSX Sall3 Pax6 Gaba,10 LSX GABA,GABA,44,2.6338792,0.0,0.4090909090909091
993,1045 LSX Sall3 Pax6 Gaba_2,0300 LSX Sall3 Pax6 Gaba_2,067 LSX Sall3 Pax6 Gaba,10 LSX GABA,GABA,317,2.0031192,0.0,0.3312302839116719
994,1043 LSX Sall3 Pax6 Gaba_1,0299 LSX Sall3 Pax6 Gaba_1,067 LSX Sall3 Pax6 Gaba,10 LSX GABA,GABA,73,2.2976804,0.0,0.3835616438356164
995,1042 LSX Sall3 Pax6 Gaba_1,0299 LSX Sall3 Pax6 Gaba_1,067 LSX Sall3 Pax6 Gaba,10 LSX GABA,GABA,219,2.3955214,0.0,0.3789954337899543
996,1037 NDB-SI-ant Prdm12 Gaba_1,0295 NDB-SI-ant Prdm12 Gaba_1,066 NDB-SI-ant Prdm12 Gaba,11 CNU-HYa GABA,GABA,97,3.3035152,4.905143,0.5463917525773195
997,1325 SI-MA-ACB Ebf1 Bnc2 Gaba_3,0366 SI-MA-ACB Ebf1 Bnc2 Gaba_3,078 SI-MA-ACB Ebf1 Bnc2 Gaba,11 CNU-HYa GABA,GABA,42,3.7610397,5.113308,0.6428571428571429
998,1029 NDB-SI-ant Prdm12 Gaba_1,0295 NDB-SI-ant Prdm12 Gaba_1,066 NDB-SI-ant Prdm12 Gaba,11 CNU-HYa GABA,GABA,13,2.6374183,0.0,0.46153846153846156
999,1326 SI-MA-ACB Ebf1 Bnc2 Gaba_3,0366 SI-MA-ACB Ebf1 Bnc2 Gaba_3,078 SI-MA-ACB Ebf1 Bnc2 Gaba,11 CNU-HYa GABA,GABA,66,3.4373977,5.0035906,0.6060606060606061
1000,1324 SI-MA-ACB Ebf1 Bnc2 Gaba_3,0366 SI-MA-ACB Ebf1 Bnc2 Gaba_3,078 SI-MA-ACB Ebf1 Bnc2 Gaba,11 CNU-HYa GABA,GABA,24,4.063274,5.737855,0.6666666666666666
1001,1327 CEA-BST Six3 Cyp26b1 Gaba_1,0367 CEA-BST Six3 Cyp26b1 Gaba_1,079 CEA-BST Six3 Cyp26b1 Gaba,11 CNU-HYa GABA,GABA,50,3.9579039,4.9656653,0.74
1002,1330 CEA-BST Six3 Cyp26b1 Gaba_1,0367 CEA-BST Six3 Cyp26b1 Gaba_1,079 CEA-BST Six3 Cyp26b1 Gaba,11 CNU-HYa GABA,GABA,11,0.8098457,0.0,0.18181818181818182
1003,1358 CEA-AAA-BST Six3 Sp9 Gaba_2,0374 CEA-AAA-BST Six3 Sp9 Gaba_2,080 CEA-AAA-BST Six3 Sp9 Gaba,11 CNU-HYa GABA,GABA,144,3.7392955,5.3157535,0.6180555555555556
1004,1039 NDB-SI-ant Prdm12 Gaba_3,0297 NDB-SI-ant Prdm12 Gaba_3,066 NDB-SI-ant Prdm12 Gaba,11 CNU-HYa GABA,GABA,13,1.8068373,0.0,0.3076923076923077
1005,1340 CEA-BST Six3 Cyp26b1 Gaba_4,0370 CEA-BST Six3 Cyp26b1 Gaba_4,079 CEA-BST Six3 Cyp26b1 Gaba,11 CNU-HYa GABA,GABA,775,2.9220777,3.9940426,0.5045161290322581
1006,1331 CEA-BST Six3 Cyp26b1 Gaba_2,0368 CEA-BST Six3 Cyp26b1 Gaba_2,079 CEA-BST Six3 Cyp26b1 Gaba,11 CNU-HYa GABA,GABA,32,3.1527963,5.008936,0.53125
1007,1332 CEA-BST Six3 Cyp26b1 Gaba_2,0368 CEA-BST Six3 Cyp26b1 Gaba_2,079 CEA-BST Six3 Cyp26b1 Gaba,11 CNU-HYa GABA,GABA,1065,3.6524599,5.00267,0.6169014084507042
1008,1333 CEA-BST Six3 Cyp26b1 Gaba_2,0368 CEA-BST Six3 Cyp26b1 Gaba_2,079 CEA-BST Six3 Cyp26b1 Gaba,11 CNU-HYa GABA,GABA,344,3.9161806,5.0452604,0.6744186046511628
1009,1334 CEA-BST Six3 Cyp26b1 Gaba_2,0368 CEA-BST Six3 Cyp26b1 Gaba_2,079 CEA-BST Six3 Cyp26b1 Gaba,11 CNU-HYa GABA,GABA,126,4.229,5.272274,0.7380952380952381
1010,1344 CEA-BST Six3 Cyp26b1 Gaba_5,0371 CEA-BST Six3 Cyp26b1 Gaba_5,079 CEA-BST Six3 Cyp26b1 Gaba,11 CNU-HYa GABA,GABA,589,2.1034398,0.0,0.3769100169779287
1011,1343 CEA-BST Six3 Cyp26b1 Gaba_4,0370 CEA-BST Six3 Cyp26b1 Gaba_4,079 CEA-BST Six3 Cyp26b1 Gaba,11 CNU-HYa GABA,GABA,44,2.9859865,4.533837,0.5227272727272727
1012,1341 CEA-BST Six3 Cyp26b1 Gaba_4,0370 CEA-BST Six3 Cyp26b1 Gaba_4,079 CEA-BST Six3 Cyp26b1 Gaba,11 CNU-HYa GABA,GABA,155,2.8409615,4.235625,0.5161290322580645
1013,1342 CEA-BST Six3 Cyp26b1 Gaba_4,0370 CEA-BST Six3 Cyp26b1 Gaba_4,079 CEA-BST Six3 Cyp26b1 Gaba,11 CNU-HYa GABA,GABA,87,3.8298824,5.1326113,0.6781609195402298
1014,1336 CEA-BST Six3 Cyp26b1 Gaba_3,0369 CEA-BST Six3 Cyp26b1 Gaba_3,079 CEA-BST Six3 Cyp26b1 Gaba,11 CNU-HYa GABA,GABA,45,2.3173897,0.0,0.4222222222222222
1015,1335 CEA-BST Six3 Cyp26b1 Gaba_2,0368 CEA-BST Six3 Cyp26b1 Gaba_2,079 CEA-BST Six3 Cyp26b1 Gaba,11 CNU-HYa GABA,GABA,37,4.02958,4.927173,0.7297297297297297
1016,1365 CEA-AAA-BST Six3 Sp9 Gaba_4,0376 CEA-AAA-BST Six3 Sp9 Gaba_4,080 CEA-AAA-BST Six3 Sp9 Gaba,11 CNU-HYa GABA,GABA,27,3.3374882,4.7664065,0.5555555555555556
1017,1369 CEA-AAA-BST Six3 Sp9 Gaba_6,0378 CEA-AAA-BST Six3 Sp9 Gaba_6,080 CEA-AAA-BST Six3 Sp9 Gaba,11 CNU-HYa GABA,GABA,52,2.3351953,0.0,0.4423076923076923
1018,1349 CEA-AAA-BST Six3 Sp9 Gaba_1,0373 CEA-AAA-BST Six3 Sp9 Gaba_1,080 CEA-AAA-BST Six3 Sp9 Gaba,11 CNU-HYa GABA,GABA,1093,3.7850132,5.297139,0.6184812442817932
1019,1198 MEA-BST Sox6 Gaba_3,0339 MEA-BST Sox6 Gaba_3,073 MEA-BST Sox6 Gaba,11 CNU-HYa GABA,GABA,435,2.6245432,0.0,0.4528735632183908
1020,1350 CEA-AAA-BST Six3 Sp9 Gaba_1,0373 CEA-AAA-BST Six3 Sp9 Gaba_1,080 CEA-AAA-BST Six3 Sp9 Gaba,11 CNU-HYa GABA,GABA,140,2.267764,0.0,0.38571428571428573
1021,1348 CEA-AAA-BST Six3 Sp9 Gaba_1,0373 CEA-AAA-BST Six3 Sp9 Gaba_1,080 CEA-AAA-BST Six3 Sp9 Gaba,11 CNU-HYa GABA,GABA,155,3.0838327,4.556562,0.5032258064516129
1022,1040 NDB-SI-ant Prdm12 Gaba_3,0297 NDB-SI-ant Prdm12 Gaba_3,066 NDB-SI-ant Prdm12 Gaba,11 CNU-HYa GABA,GABA,33,4.103026,5.765731,0.6666666666666666
1023,1354 CEA-AAA-BST Six3 Sp9 Gaba_2,0374 CEA-AAA-BST Six3 Sp9 Gaba_2,080 CEA-AAA-BST Six3 Sp9 Gaba,11 CNU-HYa GABA,GABA,42,3.7812605,5.1891365,0.6428571428571429
1024,1372 CEA-AAA-BST Six3 Sp9 Gaba_8,0380 CEA-AAA-BST Six3 Sp9 Gaba_8,080 CEA-AAA-BST Six3 Sp9 Gaba,11 CNU-HYa GABA,GABA,33,2.0613256,0.0,0.36363636363636365
1025,1346 CEA-BST Six3 Cyp26b1 Gaba_6,0372 CEA-BST Six3 Cyp26b1 Gaba_6,079 CEA-BST Six3 Cyp26b1 Gaba,11 CNU-HYa GABA,GABA,322,2.9760172,4.382004,0.531055900621118
1026,1347 CEA-BST Six3 Cyp26b1 Gaba_6,0372 CEA-BST Six3 Cyp26b1 Gaba_6,079 CEA-BST Six3 Cyp26b1 Gaba,11 CNU-HYa GABA,GABA,29,1.9569016,0.0,0.3448275862068966
1027,1355 CEA-AAA-BST Six3 Sp9 Gaba_2,0374 CEA-AAA-BST Six3 Sp9 Gaba_2,080 CEA-AAA-BST Six3 Sp9 Gaba,11 CNU-HYa GABA,GABA,730,3.3084102,4.8673553,0.547945205479452
1028,1337 CEA-BST Six3 Cyp26b1 Gaba_3,0369 CEA-BST Six3 Cyp26b1 Gaba_3,079 CEA-BST Six3 Cyp26b1 Gaba,11 CNU-HYa GABA,GABA,222,3.0015073,4.5759726,0.5180180180180181
1029,1363 CEA-AAA-BST Six3 Sp9 Gaba_4,0376 CEA-AAA-BST Six3 Sp9 Gaba_4,080 CEA-AAA-BST Six3 Sp9 Gaba,11 CNU-HYa GABA,GABA,129,2.8832877,0.0,0.4806201550387597
1030,1366 CEA-AAA-BST Six3 Sp9 Gaba_4,0376 CEA-AAA-BST Six3 Sp9 Gaba_4,080 CEA-AAA-BST Six3 Sp9 Gaba,11 CNU-HYa GABA,GABA,54,3.5759206,5.034589,0.6111111111111112
1031,1351 CEA-AAA-BST Six3 Sp9 Gaba_1,0373 CEA-AAA-BST Six3 Sp9 Gaba_1,080 CEA-AAA-BST Six3 Sp9 Gaba,11 CNU-HYa GABA,GABA,86,3.3100936,4.629366,0.5697674418604651
1032,1368 CEA-AAA-BST Six3 Sp9 Gaba_5,0377 CEA-AAA-BST Six3 Sp9 Gaba_5,080 CEA-AAA-BST Six3 Sp9 Gaba,11 CNU-HYa GABA,GABA,60,2.153226,0.0,0.35
1033,1356 CEA-AAA-BST Six3 Sp9 Gaba_2,0374 CEA-AAA-BST Six3 Sp9 Gaba_2,080 CEA-AAA-BST Six3 Sp9 Gaba,11 CNU-HYa GABA,GABA,121,3.0778592,4.6576443,0.5206611570247934
1034,1357 CEA-AAA-BST Six3 Sp9 Gaba_2,0374 CEA-AAA-BST Six3 Sp9 Gaba_2,080 CEA-AAA-BST Six3 Sp9 Gaba,11 CNU-HYa GABA,GABA,89,2.6310563,0.0,0.4157303370786517
1035,1359 CEA-AAA-BST Six3 Sp9 Gaba_2,0374 CEA-AAA-BST Six3 Sp9 Gaba_2,080 CEA-AAA-BST Six3 Sp9 Gaba,11 CNU-HYa GABA,GABA,14,2.7586854,0.0,0.42857142857142855
1036,1367 CEA-AAA-BST Six3 Sp9 Gaba_4,0376 CEA-AAA-BST Six3 Sp9 Gaba_4,080 CEA-AAA-BST Six3 Sp9 Gaba,11 CNU-HYa GABA,GABA,145,2.7956865,0.0,0.47586206896551725
1037,1352 CEA-AAA-BST Six3 Sp9 Gaba_1,0373 CEA-AAA-BST Six3 Sp9 Gaba_1,080 CEA-AAA-BST Six3 Sp9 Gaba,11 CNU-HYa GABA,GABA,177,3.449784,4.865541,0.576271186440678
1038,1371 CEA-AAA-BST Six3 Sp9 Gaba_8,0380 CEA-AAA-BST Six3 Sp9 Gaba_8,080 CEA-AAA-BST Six3 Sp9 Gaba,11 CNU-HYa GABA,GABA,33,1.7818116,0.0,0.30303030303030304
1039,1625 PVHd Gsc Gaba_1,0441 PVHd Gsc Gaba_1,096 PVHd Gsc Gaba,12 HY GABA,GABA,2,2.4395308,2.4395308,0.5
1040,1338 CEA-BST Six3 Cyp26b1 Gaba_3,0369 CEA-BST Six3 Cyp26b1 Gaba_3,079 CEA-BST Six3 Cyp26b1 Gaba,11 CNU-HYa GABA,GABA,148,2.8598533,0.0,0.49324324324324326
1041,1328 CEA-BST Six3 Cyp26b1 Gaba_1,0367 CEA-BST Six3 Cyp26b1 Gaba_1,079 CEA-BST Six3 Cyp26b1 Gaba,11 CNU-HYa GABA,GABA,140,2.9973884,3.7871351,0.5071428571428571
1042,1329 CEA-BST Six3 Cyp26b1 Gaba_1,0367 CEA-BST Six3 Cyp26b1 Gaba_1,079 CEA-BST Six3 Cyp26b1 Gaba,11 CNU-HYa GABA,GABA,193,2.7516124,0.0,0.47150259067357514
1043,1360 CEA-AAA-BST Six3 Sp9 Gaba_3,0375 CEA-AAA-BST Six3 Sp9 Gaba_3,080 CEA-AAA-BST Six3 Sp9 Gaba,11 CNU-HYa GABA,GABA,62,2.5104883,0.0,0.43548387096774194
1044,1361 CEA-AAA-BST Six3 Sp9 Gaba_3,0375 CEA-AAA-BST Six3 Sp9 Gaba_3,080 CEA-AAA-BST Six3 Sp9 Gaba,11 CNU-HYa GABA,GABA,66,3.0901723,4.3790646,0.5454545454545454
1045,1339 CEA-BST Six3 Cyp26b1 Gaba_3,0369 CEA-BST Six3 Cyp26b1 Gaba_3,079 CEA-BST Six3 Cyp26b1 Gaba,11 CNU-HYa GABA,GABA,29,2.4637098,0.0,0.41379310344827586
1046,1370 CEA-AAA-BST Six3 Sp9 Gaba_7,0379 CEA-AAA-BST Six3 Sp9 Gaba_7,080 CEA-AAA-BST Six3 Sp9 Gaba,11 CNU-HYa GABA,GABA,67,3.247287,4.6732516,0.5223880597014925
1047,1362 CEA-AAA-BST Six3 Sp9 Gaba_3,0375 CEA-AAA-BST Six3 Sp9 Gaba_3,080 CEA-AAA-BST Six3 Sp9 Gaba,11 CNU-HYa GABA,GABA,31,3.1882064,4.5425677,0.5483870967741935
1048,1013 STR-PAL Chst9 Gaba_5,0289 STR-PAL Chst9 Gaba_5,064 STR-PAL Chst9 Gaba,09 CNU-LGE GABA,GABA,69,2.573127,0.0,0.42028985507246375
1049,1353 CEA-AAA-BST Six3 Sp9 Gaba_1,0373 CEA-AAA-BST Six3 Sp9 Gaba_1,080 CEA-AAA-BST Six3 Sp9 Gaba,11 CNU-HYa GABA,GABA,45,3.247668,4.691522,0.5555555555555556
1050,1364 CEA-AAA-BST Six3 Sp9 Gaba_4,0376 CEA-AAA-BST Six3 Sp9 Gaba_4,080 CEA-AAA-BST Six3 Sp9 Gaba,11 CNU-HYa GABA,GABA,44,2.2297838,0.0,0.4090909090909091
1051,1219 MEA-BST Sox6 Gaba_6,0342 MEA-BST Sox6 Gaba_6,073 MEA-BST Sox6 Gaba,11 CNU-HYa GABA,GABA,76,3.616232,5.0362453,0.5921052631578947
1052,1345 CEA-BST Six3 Cyp26b1 Gaba_5,0371 CEA-BST Six3 Cyp26b1 Gaba_5,079 CEA-BST Six3 Cyp26b1 Gaba,11 CNU-HYa GABA,GABA,256,3.3456798,4.645788,0.609375
1053,0955 STR D1 Gaba_5,0269 STR D1 Gaba_5,061 STR D1 Gaba,09 CNU-LGE GABA,GABA,163,4.24139,5.4247284,0.6993865030674846
1054,0965 STR D2 Gaba_1,0274 STR D2 Gaba_1,062 STR D2 Gaba,09 CNU-LGE GABA,GABA,32,2.6620421,0.0,0.46875
1055,0971 STR D2 Gaba_1,0274 STR D2 Gaba_1,062 STR D2 Gaba,09 CNU-LGE GABA,GABA,40,2.735732,2.0751872,0.5
1056,0983 STR D2 Gaba_5,0278 STR D2 Gaba_5,062 STR D2 Gaba,09 CNU-LGE GABA,GABA,193,1.6166064,0.0,0.27979274611398963
1057,0984 STR D2 Gaba_5,0278 STR D2 Gaba_5,062 STR D2 Gaba,09 CNU-LGE GABA,GABA,164,2.997304,0.0,0.49390243902439024
1058,0966 STR D2 Gaba_1,0274 STR D2 Gaba_1,062 STR D2 Gaba,09 CNU-LGE GABA,GABA,148,3.0468533,4.529648,0.527027027027027
1059,0985 STR D2 Gaba_5,0278 STR D2 Gaba_5,062 STR D2 Gaba,09 CNU-LGE GABA,GABA,644,2.6512246,0.0,0.453416149068323
1060,0967 STR D2 Gaba_1,0274 STR D2 Gaba_1,062 STR D2 Gaba,09 CNU-LGE GABA,GABA,98,3.939195,5.1296587,0.673469387755102
1061,0968 STR D2 Gaba_1,0274 STR D2 Gaba_1,062 STR D2 Gaba,09 CNU-LGE GABA,GABA,251,2.693498,3.6995983,0.50199203187251
1062,0970 STR D2 Gaba_1,0274 STR D2 Gaba_1,062 STR D2 Gaba,09 CNU-LGE GABA,GABA,527,2.3592896,0.0,0.4060721062618596
1063,0978 STR D2 Gaba_3,0276 STR D2 Gaba_3,062 STR D2 Gaba,09 CNU-LGE GABA,GABA,653,2.597307,0.0,0.43644716692189894
1064,0989 STR D2 Gaba_7,0280 STR D2 Gaba_7,062 STR D2 Gaba,09 CNU-LGE GABA,GABA,74,1.4675975,0.0,0.25675675675675674
1065,0972 STR D2 Gaba_2,0275 STR D2 Gaba_2,062 STR D2 Gaba,09 CNU-LGE GABA,GABA,43,0.8800873,0.0,0.16279069767441862
1066,0969 STR D2 Gaba_1,0274 STR D2 Gaba_1,062 STR D2 Gaba,09 CNU-LGE GABA,GABA,75,4.1911216,5.3843284,0.7066666666666667
1067,0961 STR D1 Gaba_8,0272 STR D1 Gaba_8,061 STR D1 Gaba,09 CNU-LGE GABA,GABA,773,3.447743,4.8049545,0.5989650711513583
1068,0956 STR D1 Gaba_5,0269 STR D1 Gaba_5,061 STR D1 Gaba,09 CNU-LGE GABA,GABA,93,3.6465757,4.9840236,0.6344086021505376
1069,0957 STR D1 Gaba_5,0269 STR D1 Gaba_5,061 STR D1 Gaba,09 CNU-LGE GABA,GABA,290,3.1837687,4.658085,0.5448275862068965
1070,0948 STR D1 Gaba_2,0266 STR D1 Gaba_2,061 STR D1 Gaba,09 CNU-LGE GABA,GABA,186,2.3097553,0.0,0.3978494623655914
1071,0962 STR D1 Gaba_8,0272 STR D1 Gaba_8,061 STR D1 Gaba,09 CNU-LGE GABA,GABA,340,3.5963335,5.02343,0.5941176470588235
1072,0960 STR D1 Gaba_7,0271 STR D1 Gaba_7,061 STR D1 Gaba,09 CNU-LGE GABA,GABA,164,3.661582,4.990108,0.6280487804878049
1074,0986 STR D2 Gaba_6,0279 STR D2 Gaba_6,062 STR D2 Gaba,09 CNU-LGE GABA,GABA,694,3.1591818,4.674311,0.5345821325648416
1075,0976 STR D2 Gaba_2,0275 STR D2 Gaba_2,062 STR D2 Gaba,09 CNU-LGE GABA,GABA,468,3.26071,4.667843,0.5961538461538461
1076,0977 STR D2 Gaba_2,0275 STR D2 Gaba_2,062 STR D2 Gaba,09 CNU-LGE GABA,GABA,7642,2.92459,4.3665094,0.5175346767861816
1077,0973 STR D2 Gaba_2,0275 STR D2 Gaba_2,062 STR D2 Gaba,09 CNU-LGE GABA,GABA,342,2.709714,0.0,0.4766081871345029
1078,0974 STR D2 Gaba_2,0275 STR D2 Gaba_2,062 STR D2 Gaba,09 CNU-LGE GABA,GABA,128,2.2550912,0.0,0.40625
1079,0975 STR D2 Gaba_2,0275 STR D2 Gaba_2,062 STR D2 Gaba,09 CNU-LGE GABA,GABA,1162,2.1302593,0.0,0.3924268502581756
1080,0963 STR D1 Gaba_8,0272 STR D1 Gaba_8,061 STR D1 Gaba,09 CNU-LGE GABA,GABA,511,3.5301492,4.997925,0.5831702544031311
1081,0949 STR D1 Gaba_2,0266 STR D1 Gaba_2,061 STR D1 Gaba,09 CNU-LGE GABA,GABA,172,2.7351294,0.0,0.4941860465116279
1082,0964 STR D1 Gaba_9,0273 STR D1 Gaba_9,061 STR D1 Gaba,09 CNU-LGE GABA,GABA,2681,3.7007093,5.0336037,0.6329727713539725
1083,0958 STR D1 Gaba_6,0270 STR D1 Gaba_6,061 STR D1 Gaba,09 CNU-LGE GABA,GABA,787,2.8861458,4.290681,0.5362134688691232
1084,0987 STR D2 Gaba_6,0279 STR D2 Gaba_6,062 STR D2 Gaba,09 CNU-LGE GABA,GABA,188,3.9912844,5.2235928,0.6542553191489362
1085,0988 STR D2 Gaba_6,0279 STR D2 Gaba_6,062 STR D2 Gaba,09 CNU-LGE GABA,GABA,207,4.7426105,5.750411,0.7777777777777778
1086,0979 STR D2 Gaba_4,0277 STR D2 Gaba_4,062 STR D2 Gaba,09 CNU-LGE GABA,GABA,3410,3.0239248,4.5989566,0.5096774193548387
1087,0980 STR D2 Gaba_4,0277 STR D2 Gaba_4,062 STR D2 Gaba,09 CNU-LGE GABA,GABA,408,3.1120703,4.5404773,0.5245098039215687
1088,0981 STR D2 Gaba_4,0277 STR D2 Gaba_4,062 STR D2 Gaba,09 CNU-LGE GABA,GABA,11351,2.9592838,4.5351963,0.5136992335477051
1089,0982 STR D2 Gaba_4,0277 STR D2 Gaba_4,062 STR D2 Gaba,09 CNU-LGE GABA,GABA,2156,3.4090207,4.9336348,0.5816326530612245
1090,0953 STR D1 Gaba_4,0268 STR D1 Gaba_4,061 STR D1 Gaba,09 CNU-LGE GABA,GABA,1242,4.256965,5.474293,0.6980676328502415
1091,0954 STR D1 Gaba_4,0268 STR D1 Gaba_4,061 STR D1 Gaba,09 CNU-LGE GABA,GABA,1862,3.580921,5.0681715,0.5972073039742213
1092,0950 STR D1 Gaba_3,0267 STR D1 Gaba_3,061 STR D1 Gaba,09 CNU-LGE GABA,GABA,12332,3.7492073,4.9598765,0.6550437885176776
1093,0951 STR D1 Gaba_3,0267 STR D1 Gaba_3,061 STR D1 Gaba,09 CNU-LGE GABA,GABA,764,4.9668674,5.7394524,0.8272251308900523
1094,0952 STR D1 Gaba_3,0267 STR D1 Gaba_3,061 STR D1 Gaba,09 CNU-LGE GABA,GABA,85,4.8747587,5.6491776,0.8235294117647058
1095,1373 ACB-BST-FS D1 Gaba_1,0381 ACB-BST-FS D1 Gaba_1,081 ACB-BST-FS D1 Gaba,11 CNU-HYa GABA,GABA,6,2.424284,2.174363,0.5
1096,1248 MEA-BST Lhx6 Sp9 Gaba_3,0349 MEA-BST Lhx6 Sp9 Gaba_3,074 MEA-BST Lhx6 Sp9 Gaba,11 CNU-HYa GABA,GABA,43,2.897125,4.2590346,0.5348837209302325
1097,1558 BST-MPN Six3 Nrgn Gaba_6,0425 BST-MPN Six3 Nrgn Gaba_6,090 BST-MPN Six3 Nrgn Gaba,11 CNU-HYa GABA,GABA,75,5.1556187,6.063857,0.84
1098,1559 BST-MPN Six3 Nrgn Gaba_6,0425 BST-MPN Six3 Nrgn Gaba_6,090 BST-MPN Six3 Nrgn Gaba,11 CNU-HYa GABA,GABA,26,5.1545987,6.1818123,0.8076923076923077
1099,1238 MEA-BST Lhx6 Sp9 Gaba_1,0347 MEA-BST Lhx6 Sp9 Gaba_1,074 MEA-BST Lhx6 Sp9 Gaba,11 CNU-HYa GABA,GABA,269,3.3173547,4.6359906,0.5910780669144982
1101,1253 MEA-BST Lhx6 Sp9 Gaba_4,0350 MEA-BST Lhx6 Sp9 Gaba_4,074 MEA-BST Lhx6 Sp9 Gaba,11 CNU-HYa GABA,GABA,491,2.5135286,0.0,0.46028513238289204
1102,1243 MEA-BST Lhx6 Sp9 Gaba_1,0347 MEA-BST Lhx6 Sp9 Gaba_1,074 MEA-BST Lhx6 Sp9 Gaba,11 CNU-HYa GABA,GABA,311,3.8408306,5.1281285,0.6495176848874598
1103,1239 MEA-BST Lhx6 Sp9 Gaba_1,0347 MEA-BST Lhx6 Sp9 Gaba_1,074 MEA-BST Lhx6 Sp9 Gaba,11 CNU-HYa GABA,GABA,436,2.7657933,0.0,0.4701834862385321
1104,1241 MEA-BST Lhx6 Sp9 Gaba_1,0347 MEA-BST Lhx6 Sp9 Gaba_1,074 MEA-BST Lhx6 Sp9 Gaba,11 CNU-HYa GABA,GABA,67,3.757049,5.215012,0.6417910447761194
1105,1242 MEA-BST Lhx6 Sp9 Gaba_1,0347 MEA-BST Lhx6 Sp9 Gaba_1,074 MEA-BST Lhx6 Sp9 Gaba,11 CNU-HYa GABA,GABA,1175,3.2515867,4.8085213,0.5472340425531915
1106,1249 MEA-BST Lhx6 Sp9 Gaba_3,0349 MEA-BST Lhx6 Sp9 Gaba_3,074 MEA-BST Lhx6 Sp9 Gaba,11 CNU-HYa GABA,GABA,110,3.2079628,4.795154,0.5545454545454546
1107,1262 MEA-BST Lhx6 Sp9 Gaba_6,0352 MEA-BST Lhx6 Sp9 Gaba_6,074 MEA-BST Lhx6 Sp9 Gaba,11 CNU-HYa GABA,GABA,369,3.4016395,4.900788,0.5826558265582655
1108,1257 MEA-BST Lhx6 Sp9 Gaba_5,0351 MEA-BST Lhx6 Sp9 Gaba_5,074 MEA-BST Lhx6 Sp9 Gaba,11 CNU-HYa GABA,GABA,314,3.3721519,4.7824235,0.5796178343949044
1109,1254 MEA-BST Lhx6 Sp9 Gaba_4,0350 MEA-BST Lhx6 Sp9 Gaba_4,074 MEA-BST Lhx6 Sp9 Gaba,11 CNU-HYa GABA,GABA,177,2.5696576,0.0,0.4576271186440678
1110,1250 MEA-BST Lhx6 Sp9 Gaba_3,0349 MEA-BST Lhx6 Sp9 Gaba_3,074 MEA-BST Lhx6 Sp9 Gaba,11 CNU-HYa GABA,GABA,48,2.4302146,0.0,0.4375
1111,1258 MEA-BST Lhx6 Sp9 Gaba_5,0351 MEA-BST Lhx6 Sp9 Gaba_5,074 MEA-BST Lhx6 Sp9 Gaba,11 CNU-HYa GABA,GABA,127,2.908933,0.0,0.49606299212598426
1112,1259 MEA-BST Lhx6 Sp9 Gaba_5,0351 MEA-BST Lhx6 Sp9 Gaba_5,074 MEA-BST Lhx6 Sp9 Gaba,11 CNU-HYa GABA,GABA,272,2.9435933,2.1922135,0.5
1113,1230 MEA-BST Sox6 Gaba_8,0344 MEA-BST Sox6 Gaba_8,073 MEA-BST Sox6 Gaba,11 CNU-HYa GABA,GABA,64,2.3063354,0.0,0.4375
1115,1227 MEA-BST Sox6 Gaba_7,0343 MEA-BST Sox6 Gaba_7,073 MEA-BST Sox6 Gaba,11 CNU-HYa GABA,GABA,1367,3.5833497,5.166318,0.5918068763716167
1117,1205 MEA-BST Sox6 Gaba_4,0340 MEA-BST Sox6 Gaba_4,073 MEA-BST Sox6 Gaba,11 CNU-HYa GABA,GABA,143,3.6151319,4.89733,0.6293706293706294
1118,1251 MEA-BST Lhx6 Sp9 Gaba_3,0349 MEA-BST Lhx6 Sp9 Gaba_3,074 MEA-BST Lhx6 Sp9 Gaba,11 CNU-HYa GABA,GABA,368,3.2255828,4.6902285,0.5815217391304348
1119,1255 MEA-BST Lhx6 Sp9 Gaba_4,0350 MEA-BST Lhx6 Sp9 Gaba_4,074 MEA-BST Lhx6 Sp9 Gaba,11 CNU-HYa GABA,GABA,507,3.2257085,4.6038985,0.5660749506903353
1120,1245 MEA-BST Lhx6 Sp9 Gaba_2,0348 MEA-BST Lhx6 Sp9 Gaba_2,074 MEA-BST Lhx6 Sp9 Gaba,11 CNU-HYa GABA,GABA,4,5.7253947,5.654963,1.0
1121,1246 MEA-BST Lhx6 Sp9 Gaba_2,0348 MEA-BST Lhx6 Sp9 Gaba_2,074 MEA-BST Lhx6 Sp9 Gaba,11 CNU-HYa GABA,GABA,1,0.0,0.0,0.0
1122,1240 MEA-BST Lhx6 Sp9 Gaba_1,0347 MEA-BST Lhx6 Sp9 Gaba_1,074 MEA-BST Lhx6 Sp9 Gaba,11 CNU-HYa GABA,GABA,200,3.5463483,4.9398003,0.605
1123,1247 MEA-BST Lhx6 Sp9 Gaba_2,0348 MEA-BST Lhx6 Sp9 Gaba_2,074 MEA-BST Lhx6 Sp9 Gaba,11 CNU-HYa GABA,GABA,243,3.4589863,5.202637,0.5555555555555556
1124,1252 MEA-BST Lhx6 Sp9 Gaba_3,0349 MEA-BST Lhx6 Sp9 Gaba_3,074 MEA-BST Lhx6 Sp9 Gaba,11 CNU-HYa GABA,GABA,124,3.2844982,4.578754,0.6129032258064516
1125,1260 MEA-BST Lhx6 Sp9 Gaba_5,0351 MEA-BST Lhx6 Sp9 Gaba_5,074 MEA-BST Lhx6 Sp9 Gaba,11 CNU-HYa GABA,GABA,228,2.9746573,4.156802,0.5350877192982456
1126,0824 Sst Gaba_17,0230 Sst Gaba_17,053 Sst Gaba,07 CTX-MGE GABA,GABA,8,3.085065,2.8378766,0.5
1127,1233 MEA-BST Sox6 Gaba_9,0345 MEA-BST Sox6 Gaba_9,073 MEA-BST Sox6 Gaba,11 CNU-HYa GABA,GABA,186,1.8225541,0.0,0.3279569892473118
1128,0203 MEA Slc17a7 Glut_2,0056 MEA Slc17a7 Glut_2,012 MEA Slc17a7 Glut,01 IT-ET Glut,Glut,261,2.7256436,0.0,0.45977011494252873
1129,1192 MEA-BST Sox6 Gaba_2,0338 MEA-BST Sox6 Gaba_2,073 MEA-BST Sox6 Gaba,11 CNU-HYa GABA,GABA,97,3.7290885,5.187163,0.6185567010309279
1130,1188 MEA-BST Sox6 Gaba_1,0337 MEA-BST Sox6 Gaba_1,073 MEA-BST Sox6 Gaba,11 CNU-HYa GABA,GABA,78,2.25254,0.0,0.3717948717948718
1131,1256 MEA-BST Lhx6 Sp9 Gaba_4,0350 MEA-BST Lhx6 Sp9 Gaba_4,074 MEA-BST Lhx6 Sp9 Gaba,11 CNU-HYa GABA,GABA,102,2.4887986,0.0,0.45098039215686275
1132,1193 MEA-BST Sox6 Gaba_2,0338 MEA-BST Sox6 Gaba_2,073 MEA-BST Sox6 Gaba,11 CNU-HYa GABA,GABA,246,2.3536255,0.0,0.4146341463414634
1133,1194 MEA-BST Sox6 Gaba_2,0338 MEA-BST Sox6 Gaba_2,073 MEA-BST Sox6 Gaba,11 CNU-HYa GABA,GABA,64,2.2006652,0.0,0.390625
1134,1212 MEA-BST Sox6 Gaba_5,0341 MEA-BST Sox6 Gaba_5,073 MEA-BST Sox6 Gaba,11 CNU-HYa GABA,GABA,68,2.9197693,4.247327,0.5147058823529411
1135,1213 MEA-BST Sox6 Gaba_5,0341 MEA-BST Sox6 Gaba_5,073 MEA-BST Sox6 Gaba,11 CNU-HYa GABA,GABA,315,3.2533782,4.7539682,0.5492063492063493
1136,1214 MEA-BST Sox6 Gaba_5,0341 MEA-BST Sox6 Gaba_5,073 MEA-BST Sox6 Gaba,11 CNU-HYa GABA,GABA,48,2.5514855,0.0,0.4375
1137,1215 MEA-BST Sox6 Gaba_5,0341 MEA-BST Sox6 Gaba_5,073 MEA-BST Sox6 Gaba,11 CNU-HYa GABA,GABA,205,2.8397026,0.0,0.4975609756097561
1138,1216 MEA-BST Sox6 Gaba_5,0341 MEA-BST Sox6 Gaba_5,073 MEA-BST Sox6 Gaba,11 CNU-HYa GABA,GABA,69,2.3347754,0.0,0.391304347826087
1139,1217 MEA-BST Sox6 Gaba_5,0341 MEA-BST Sox6 Gaba_5,073 MEA-BST Sox6 Gaba,11 CNU-HYa GABA,GABA,117,2.7038379,3.7232668,0.5042735042735043
1140,1218 MEA-BST Sox6 Gaba_5,0341 MEA-BST Sox6 Gaba_5,073 MEA-BST Sox6 Gaba,11 CNU-HYa GABA,GABA,178,3.2250106,4.8503737,0.5449438202247191
1141,1195 MEA-BST Sox6 Gaba_2,0338 MEA-BST Sox6 Gaba_2,073 MEA-BST Sox6 Gaba,11 CNU-HYa GABA,GABA,119,2.7836907,0.0,0.47058823529411764
1142,1232 MEA-BST Sox6 Gaba_9,0345 MEA-BST Sox6 Gaba_9,073 MEA-BST Sox6 Gaba,11 CNU-HYa GABA,GABA,50,2.863033,4.299418,0.52
1143,1189 MEA-BST Sox6 Gaba_1,0337 MEA-BST Sox6 Gaba_1,073 MEA-BST Sox6 Gaba,11 CNU-HYa GABA,GABA,192,2.0216599,0.0,0.3541666666666667
1145,1196 MEA-BST Sox6 Gaba_2,0338 MEA-BST Sox6 Gaba_2,073 MEA-BST Sox6 Gaba,11 CNU-HYa GABA,GABA,652,2.5007536,0.0,0.4539877300613497
1146,1206 MEA-BST Sox6 Gaba_4,0340 MEA-BST Sox6 Gaba_4,073 MEA-BST Sox6 Gaba,11 CNU-HYa GABA,GABA,71,3.2912085,4.8784676,0.5915492957746479
1147,1191 MEA-BST Sox6 Gaba_1,0337 MEA-BST Sox6 Gaba_1,073 MEA-BST Sox6 Gaba,11 CNU-HYa GABA,GABA,247,2.8479803,0.0,0.4979757085020243
1148,1190 MEA-BST Sox6 Gaba_1,0337 MEA-BST Sox6 Gaba_1,073 MEA-BST Sox6 Gaba,11 CNU-HYa GABA,GABA,64,2.7299786,0.0,0.46875
1149,1229 MEA-BST Sox6 Gaba_8,0344 MEA-BST Sox6 Gaba_8,073 MEA-BST Sox6 Gaba,11 CNU-HYa GABA,GABA,80,1.1639943,0.0,0.2125
1150,1234 MEA-BST Sox6 Gaba_9,0345 MEA-BST Sox6 Gaba_9,073 MEA-BST Sox6 Gaba,11 CNU-HYa GABA,GABA,144,2.8837566,0.0,0.4791666666666667
1151,1197 MEA-BST Sox6 Gaba_2,0338 MEA-BST Sox6 Gaba_2,073 MEA-BST Sox6 Gaba,11 CNU-HYa GABA,GABA,33,3.639438,5.20128,0.6060606060606061
1152,1263 MEA-BST Lhx6 Sp9 Gaba_7,0353 MEA-BST Lhx6 Sp9 Gaba_7,074 MEA-BST Lhx6 Sp9 Gaba,11 CNU-HYa GABA,GABA,3,1.6512499,0.0,0.3333333333333333
1153,1264 MEA-BST Lhx6 Sp9 Gaba_7,0353 MEA-BST Lhx6 Sp9 Gaba_7,074 MEA-BST Lhx6 Sp9 Gaba,11 CNU-HYa GABA,GABA,64,3.8083334,5.395047,0.609375
1155,1266 MEA-BST Lhx6 Sp9 Gaba_7,0353 MEA-BST Lhx6 Sp9 Gaba_7,074 MEA-BST Lhx6 Sp9 Gaba,11 CNU-HYa GABA,GABA,5,3.8247464,5.689288,0.6
1157,1220 MEA-BST Sox6 Gaba_6,0342 MEA-BST Sox6 Gaba_6,073 MEA-BST Sox6 Gaba,11 CNU-HYa GABA,GABA,313,2.7663355,0.0,0.476038338658147
1158,1207 MEA-BST Sox6 Gaba_4,0340 MEA-BST Sox6 Gaba_4,073 MEA-BST Sox6 Gaba,11 CNU-HYa GABA,GABA,163,2.6936111,0.0,0.4662576687116564
1159,1221 MEA-BST Sox6 Gaba_6,0342 MEA-BST Sox6 Gaba_6,073 MEA-BST Sox6 Gaba,11 CNU-HYa GABA,GABA,255,2.7760022,0.0,0.47843137254901963
1160,1208 MEA-BST Sox6 Gaba_4,0340 MEA-BST Sox6 Gaba_4,073 MEA-BST Sox6 Gaba,11 CNU-HYa GABA,GABA,170,3.2599628,4.6012077,0.5529411764705883
1161,1231 MEA-BST Sox6 Gaba_8,0344 MEA-BST Sox6 Gaba_8,073 MEA-BST Sox6 Gaba,11 CNU-HYa GABA,GABA,162,2.466318,0.0,0.43209876543209874
1162,1222 MEA-BST Sox6 Gaba_6,0342 MEA-BST Sox6 Gaba_6,073 MEA-BST Sox6 Gaba,11 CNU-HYa GABA,GABA,182,2.4316232,0.0,0.4340659340659341
1163,1199 MEA-BST Sox6 Gaba_3,0339 MEA-BST Sox6 Gaba_3,073 MEA-BST Sox6 Gaba,11 CNU-HYa GABA,GABA,104,3.7154028,5.2317185,0.6153846153846154
1164,1209 MEA-BST Sox6 Gaba_4,0340 MEA-BST Sox6 Gaba_4,073 MEA-BST Sox6 Gaba,11 CNU-HYa GABA,GABA,135,2.9186487,4.109131,0.5037037037037037
1165,1200 MEA-BST Sox6 Gaba_3,0339 MEA-BST Sox6 Gaba_3,073 MEA-BST Sox6 Gaba,11 CNU-HYa GABA,GABA,178,3.1302655,4.6093216,0.5449438202247191
1166,1201 MEA-BST Sox6 Gaba_3,0339 MEA-BST Sox6 Gaba_3,073 MEA-BST Sox6 Gaba,11 CNU-HYa GABA,GABA,71,2.9987106,0.0,0.4647887323943662
1167,1202 MEA-BST Sox6 Gaba_3,0339 MEA-BST Sox6 Gaba_3,073 MEA-BST Sox6 Gaba,11 CNU-HYa GABA,GABA,26,3.0176313,0.0,0.46153846153846156
1168,1203 MEA-BST Sox6 Gaba_3,0339 MEA-BST Sox6 Gaba_3,073 MEA-BST Sox6 Gaba,11 CNU-HYa GABA,GABA,196,2.5984037,0.0,0.42857142857142855
1169,1204 MEA-BST Sox6 Gaba_3,0339 MEA-BST Sox6 Gaba_3,073 MEA-BST Sox6 Gaba,11 CNU-HYa GABA,GABA,127,3.0366707,4.47907,0.5118110236220472
1170,1025 IA Mgp Gaba_5,0294 IA Mgp Gaba_5,065 IA Mgp Gaba,09 CNU-LGE GABA,GABA,30,2.5451481,0.0,0.43333333333333335
1171,1026 IA Mgp Gaba_5,0294 IA Mgp Gaba_5,065 IA Mgp Gaba,09 CNU-LGE GABA,GABA,98,2.0993009,0.0,0.35714285714285715
1172,1027 IA Mgp Gaba_5,0294 IA Mgp Gaba_5,065 IA Mgp Gaba,09 CNU-LGE GABA,GABA,19,2.7042966,0.0,0.47368421052631576
1173,1223 MEA-BST Sox6 Gaba_6,0342 MEA-BST Sox6 Gaba_6,073 MEA-BST Sox6 Gaba,11 CNU-HYa GABA,GABA,129,2.692702,0.0,0.4573643410852713
1174,1224 MEA-BST Sox6 Gaba_6,0342 MEA-BST Sox6 Gaba_6,073 MEA-BST Sox6 Gaba,11 CNU-HYa GABA,GABA,86,2.7984414,0.0,0.46511627906976744
1175,1210 MEA-BST Sox6 Gaba_4,0340 MEA-BST Sox6 Gaba_4,073 MEA-BST Sox6 Gaba,11 CNU-HYa GABA,GABA,58,3.2423072,4.7579193,0.5689655172413793
1176,1225 MEA-BST Sox6 Gaba_6,0342 MEA-BST Sox6 Gaba_6,073 MEA-BST Sox6 Gaba,11 CNU-HYa GABA,GABA,639,2.6538763,0.0,0.458528951486698
1177,1211 MEA-BST Sox6 Gaba_4,0340 MEA-BST Sox6 Gaba_4,073 MEA-BST Sox6 Gaba,11 CNU-HYa GABA,GABA,110,1.7992582,0.0,0.3181818181818182
1178,0918 GPe-SI Sox6 Cyp26b1 Gaba_1,0257 GPe-SI Sox6 Cyp26b1 Gaba_1,059 GPe-SI Sox6 Cyp26b1 Gaba,09 CNU-LGE GABA,GABA,13,2.4984362,0.0,0.46153846153846156
1179,0919 GPe-SI Sox6 Cyp26b1 Gaba_2,0258 GPe-SI Sox6 Cyp26b1 Gaba_2,059 GPe-SI Sox6 Cyp26b1 Gaba,09 CNU-LGE GABA,GABA,71,3.4629686,4.89946,0.6056338028169014
1180,0920 GPe-SI Sox6 Cyp26b1 Gaba_2,0258 GPe-SI Sox6 Cyp26b1 Gaba_2,059 GPe-SI Sox6 Cyp26b1 Gaba,09 CNU-LGE GABA,GABA,35,3.538171,5.1224747,0.6
1181,0921 GPe-SI Sox6 Cyp26b1 Gaba_2,0258 GPe-SI Sox6 Cyp26b1 Gaba_2,059 GPe-SI Sox6 Cyp26b1 Gaba,09 CNU-LGE GABA,GABA,19,4.110559,4.955551,0.7368421052631579
1182,0922 GPe-SI Sox6 Cyp26b1 Gaba_2,0258 GPe-SI Sox6 Cyp26b1 Gaba_2,059 GPe-SI Sox6 Cyp26b1 Gaba,09 CNU-LGE GABA,GABA,70,3.150334,4.8168716,0.5714285714285714
1183,1032 NDB-SI-ant Prdm12 Gaba_1,0295 NDB-SI-ant Prdm12 Gaba_1,066 NDB-SI-ant Prdm12 Gaba,11 CNU-HYa GABA,GABA,9,4.850305,5.1184034,0.8888888888888888
1184,0943 STR D1 Gaba_1,0265 STR D1 Gaba_1,061 STR D1 Gaba,09 CNU-LGE GABA,GABA,494,3.0679603,4.451703,0.5344129554655871
1185,1376 ACB-BST-FS D1 Gaba_2,0382 ACB-BST-FS D1 Gaba_2,081 ACB-BST-FS D1 Gaba,11 CNU-HYa GABA,GABA,75,3.4026275,4.5794806,0.6266666666666667
1186,0944 STR D1 Gaba_1,0265 STR D1 Gaba_1,061 STR D1 Gaba,09 CNU-LGE GABA,GABA,216,3.4271116,5.2247725,0.5555555555555556
1187,0945 STR D1 Gaba_1,0265 STR D1 Gaba_1,061 STR D1 Gaba,09 CNU-LGE GABA,GABA,144,2.7139575,0.0,0.4930555555555556
1188,0946 STR D1 Gaba_1,0265 STR D1 Gaba_1,061 STR D1 Gaba,09 CNU-LGE GABA,GABA,309,3.3221629,4.818748,0.5760517799352751
1189,0959 STR D1 Gaba_6,0270 STR D1 Gaba_6,061 STR D1 Gaba,09 CNU-LGE GABA,GABA,5869,3.543695,4.8197713,0.6275345033225421
1190,0947 STR D1 Gaba_1,0265 STR D1 Gaba_1,061 STR D1 Gaba,09 CNU-LGE GABA,GABA,128,3.1405747,4.681422,0.5546875
1191,0941 OT D3 Folh1 Gaba_3,0264 OT D3 Folh1 Gaba_3,060 OT D3 Folh1 Gaba,09 CNU-LGE GABA,GABA,785,3.3907437,5.0866327,0.5452229299363057
1192,0942 OT D3 Folh1 Gaba_3,0264 OT D3 Folh1 Gaba_3,060 OT D3 Folh1 Gaba,09 CNU-LGE GABA,GABA,1212,3.224352,4.7838564,0.5041254125412541
1193,0940 OT D3 Folh1 Gaba_2,0263 OT D3 Folh1 Gaba_2,060 OT D3 Folh1 Gaba,09 CNU-LGE GABA,GABA,120,3.9502745,5.856512,0.5916666666666667
1194,0939 OT D3 Folh1 Gaba_1,0262 OT D3 Folh1 Gaba_1,060 OT D3 Folh1 Gaba,09 CNU-LGE GABA,GABA,5583,3.373457,0.0,0.4845065377037435
1195,1377 ACB-BST-FS D1 Gaba_2,0382 ACB-BST-FS D1 Gaba_2,081 ACB-BST-FS D1 Gaba,11 CNU-HYa GABA,GABA,25,1.935138,0.0,0.36
1196,1381 ACB-BST-FS D1 Gaba_3,0383 ACB-BST-FS D1 Gaba_3,081 ACB-BST-FS D1 Gaba,11 CNU-HYa GABA,Glut-GABA,8,3.597766,4.872154,0.625
1197,1382 ACB-BST-FS D1 Gaba_3,0383 ACB-BST-FS D1 Gaba_3,081 ACB-BST-FS D1 Gaba,11 CNU-HYa GABA,Glut-GABA,61,3.800111,5.0065174,0.6557377049180327
1198,1383 ACB-BST-FS D1 Gaba_3,0383 ACB-BST-FS D1 Gaba_3,081 ACB-BST-FS D1 Gaba,11 CNU-HYa GABA,GABA,4,5.41811,5.341921,1.0
1199,1374 ACB-BST-FS D1 Gaba_1,0381 ACB-BST-FS D1 Gaba_1,081 ACB-BST-FS D1 Gaba,11 CNU-HYa GABA,GABA,41,2.9871867,4.495404,0.5121951219512195
1200,1375 ACB-BST-FS D1 Gaba_1,0381 ACB-BST-FS D1 Gaba_1,081 ACB-BST-FS D1 Gaba,11 CNU-HYa GABA,GABA,50,3.424487,4.6669846,0.6
1201,1378 ACB-BST-FS D1 Gaba_2,0382 ACB-BST-FS D1 Gaba_2,081 ACB-BST-FS D1 Gaba,11 CNU-HYa GABA,GABA,211,3.4389977,4.782165,0.5924170616113744
1202,1380 ACB-BST-FS D1 Gaba_3,0383 ACB-BST-FS D1 Gaba_3,081 ACB-BST-FS D1 Gaba,11 CNU-HYa GABA,GABA,8,1.6249512,0.0,0.25
1203,1379 ACB-BST-FS D1 Gaba_2,0382 ACB-BST-FS D1 Gaba_2,081 ACB-BST-FS D1 Gaba,11 CNU-HYa GABA,GABA,34,4.1684318,5.0931816,0.7352941176470589
1204,1274 MEA-BST Lhx6 Nr2e1 Gaba_2,0355 MEA-BST Lhx6 Nr2e1 Gaba_2,075 MEA-BST Lhx6 Nr2e1 Gaba,11 CNU-HYa GABA,GABA,157,3.6319358,5.378314,0.5796178343949044
1205,1275 MEA-BST Lhx6 Nr2e1 Gaba_2,0355 MEA-BST Lhx6 Nr2e1 Gaba_2,075 MEA-BST Lhx6 Nr2e1 Gaba,11 CNU-HYa GABA,GABA,88,3.515488,5.017247,0.5681818181818182
1206,1269 MEA-BST Lhx6 Nr2e1 Gaba_1,0354 MEA-BST Lhx6 Nr2e1 Gaba_1,075 MEA-BST Lhx6 Nr2e1 Gaba,11 CNU-HYa GABA,GABA,107,3.1626503,4.334687,0.5981308411214953
1207,1270 MEA-BST Lhx6 Nr2e1 Gaba_1,0354 MEA-BST Lhx6 Nr2e1 Gaba_1,075 MEA-BST Lhx6 Nr2e1 Gaba,11 CNU-HYa GABA,GABA,200,2.7827647,0.0,0.485
1208,1271 MEA-BST Lhx6 Nr2e1 Gaba_1,0354 MEA-BST Lhx6 Nr2e1 Gaba_1,075 MEA-BST Lhx6 Nr2e1 Gaba,11 CNU-HYa GABA,GABA,362,2.4645844,0.0,0.4198895027624309
1209,1272 MEA-BST Lhx6 Nr2e1 Gaba_1,0354 MEA-BST Lhx6 Nr2e1 Gaba_1,075 MEA-BST Lhx6 Nr2e1 Gaba,11 CNU-HYa GABA,GABA,123,3.2910225,4.878111,0.5853658536585366
1210,1273 MEA-BST Lhx6 Nr2e1 Gaba_2,0355 MEA-BST Lhx6 Nr2e1 Gaba_2,075 MEA-BST Lhx6 Nr2e1 Gaba,11 CNU-HYa GABA,GABA,62,2.5869782,0.0,0.46774193548387094
1211,1276 MEA-BST Lhx6 Nr2e1 Gaba_2,0355 MEA-BST Lhx6 Nr2e1 Gaba_2,075 MEA-BST Lhx6 Nr2e1 Gaba,11 CNU-HYa GABA,GABA,69,3.4268742,4.9740834,0.5942028985507246
1212,1278 MEA-BST Lhx6 Nr2e1 Gaba_2,0355 MEA-BST Lhx6 Nr2e1 Gaba_2,075 MEA-BST Lhx6 Nr2e1 Gaba,11 CNU-HYa GABA,GABA,110,3.232984,4.652006,0.5454545454545454
1213,1280 MEA-BST Lhx6 Nr2e1 Gaba_3,0356 MEA-BST Lhx6 Nr2e1 Gaba_3,075 MEA-BST Lhx6 Nr2e1 Gaba,11 CNU-HYa GABA,GABA,137,2.770635,0.0,0.4744525547445255
1214,1277 MEA-BST Lhx6 Nr2e1 Gaba_2,0355 MEA-BST Lhx6 Nr2e1 Gaba_2,075 MEA-BST Lhx6 Nr2e1 Gaba,11 CNU-HYa GABA,GABA,13,2.7698717,0.0,0.46153846153846156
1215,1279 MEA-BST Lhx6 Nr2e1 Gaba_2,0355 MEA-BST Lhx6 Nr2e1 Gaba_2,075 MEA-BST Lhx6 Nr2e1 Gaba,11 CNU-HYa GABA,GABA,974,3.7544954,5.2709913,0.606776180698152
1217,0829 STR Prox1 Lhx6 Gaba_1,0233 STR Prox1 Lhx6 Gaba_1,054 STR Prox1 Lhx6 Gaba,08 CNU-MGE GABA,GABA,29,4.321725,5.4585114,0.7241379310344828
1218,1311 MEA-BST Lhx6 Nfib Gaba_6,0362 MEA-BST Lhx6 Nfib Gaba_6,076 MEA-BST Lhx6 Nfib Gaba,11 CNU-HYa GABA,GABA,223,3.1503973,4.735791,0.5381165919282511
1219,1312 MEA-BST Lhx6 Nfib Gaba_6,0362 MEA-BST Lhx6 Nfib Gaba_6,076 MEA-BST Lhx6 Nfib Gaba,11 CNU-HYa GABA,GABA,101,3.070669,4.49377,0.5445544554455446
1220,0830 STR Prox1 Lhx6 Gaba_1,0233 STR Prox1 Lhx6 Gaba_1,054 STR Prox1 Lhx6 Gaba,08 CNU-MGE GABA,GABA,58,3.7695389,5.102644,0.6379310344827587
1221,1313 MEA-BST Lhx6 Nfib Gaba_6,0362 MEA-BST Lhx6 Nfib Gaba_6,076 MEA-BST Lhx6 Nfib Gaba,11 CNU-HYa GABA,GABA,8,4.4238396,5.2159195,0.75
1222,0831 STR Prox1 Lhx6 Gaba_1,0233 STR Prox1 Lhx6 Gaba_1,054 STR Prox1 Lhx6 Gaba,08 CNU-MGE GABA,GABA,51,2.5613105,0.0,0.43137254901960786
1223,1306 MEA-BST Lhx6 Nfib Gaba_5,0361 MEA-BST Lhx6 Nfib Gaba_5,076 MEA-BST Lhx6 Nfib Gaba,11 CNU-HYa GABA,GABA,1,0.0,0.0,0.0
1224,1307 MEA-BST Lhx6 Nfib Gaba_5,0361 MEA-BST Lhx6 Nfib Gaba_5,076 MEA-BST Lhx6 Nfib Gaba,11 CNU-HYa GABA,GABA,5,2.0873528,0.0,0.4
1225,1296 MEA-BST Lhx6 Nfib Gaba_3,0359 MEA-BST Lhx6 Nfib Gaba_3,076 MEA-BST Lhx6 Nfib Gaba,11 CNU-HYa GABA,GABA,107,4.045319,5.3611035,0.6728971962616822
1226,1281 MEA-BST Lhx6 Nfib Gaba_1,0357 MEA-BST Lhx6 Nfib Gaba_1,076 MEA-BST Lhx6 Nfib Gaba,11 CNU-HYa GABA,GABA,217,3.9572055,5.113732,0.663594470046083
1227,1289 MEA-BST Lhx6 Nfib Gaba_2,0358 MEA-BST Lhx6 Nfib Gaba_2,076 MEA-BST Lhx6 Nfib Gaba,11 CNU-HYa GABA,GABA,105,3.065187,4.913408,0.5238095238095238
1228,1290 MEA-BST Lhx6 Nfib Gaba_2,0358 MEA-BST Lhx6 Nfib Gaba_2,076 MEA-BST Lhx6 Nfib Gaba,11 CNU-HYa GABA,GABA,169,2.6649976,0.0,0.46153846153846156
1229,1291 MEA-BST Lhx6 Nfib Gaba_2,0358 MEA-BST Lhx6 Nfib Gaba_2,076 MEA-BST Lhx6 Nfib Gaba,11 CNU-HYa GABA,GABA,260,4.0346303,5.0498667,0.7
1230,1292 MEA-BST Lhx6 Nfib Gaba_2,0358 MEA-BST Lhx6 Nfib Gaba_2,076 MEA-BST Lhx6 Nfib Gaba,11 CNU-HYa GABA,GABA,354,2.511504,0.0,0.4152542372881356
1232,1293 MEA-BST Lhx6 Nfib Gaba_2,0358 MEA-BST Lhx6 Nfib Gaba_2,076 MEA-BST Lhx6 Nfib Gaba,11 CNU-HYa GABA,GABA,334,3.034536,4.5500417,0.5209580838323353
1233,1282 MEA-BST Lhx6 Nfib Gaba_1,0357 MEA-BST Lhx6 Nfib Gaba_1,076 MEA-BST Lhx6 Nfib Gaba,11 CNU-HYa GABA,GABA,34,5.1051264,6.1096573,0.8235294117647058
1234,1283 MEA-BST Lhx6 Nfib Gaba_1,0357 MEA-BST Lhx6 Nfib Gaba_1,076 MEA-BST Lhx6 Nfib Gaba,11 CNU-HYa GABA,GABA,5,4.117972,5.0205646,0.8
1235,1284 MEA-BST Lhx6 Nfib Gaba_1,0357 MEA-BST Lhx6 Nfib Gaba_1,076 MEA-BST Lhx6 Nfib Gaba,11 CNU-HYa GABA,GABA,33,4.5452085,5.5097995,0.7575757575757576
1236,1285 MEA-BST Lhx6 Nfib Gaba_1,0357 MEA-BST Lhx6 Nfib Gaba_1,076 MEA-BST Lhx6 Nfib Gaba,11 CNU-HYa GABA,GABA,17,3.1189399,4.519426,0.5294117647058824
1237,1297 MEA-BST Lhx6 Nfib Gaba_3,0359 MEA-BST Lhx6 Nfib Gaba_3,076 MEA-BST Lhx6 Nfib Gaba,11 CNU-HYa GABA,GABA,831,4.015755,5.160114,0.6726835138387485
1238,1298 MEA-BST Lhx6 Nfib Gaba_3,0359 MEA-BST Lhx6 Nfib Gaba_3,076 MEA-BST Lhx6 Nfib Gaba,11 CNU-HYa GABA,GABA,115,3.1892695,4.508245,0.5826086956521739
1239,1286 MEA-BST Lhx6 Nfib Gaba_1,0357 MEA-BST Lhx6 Nfib Gaba_1,076 MEA-BST Lhx6 Nfib Gaba,11 CNU-HYa GABA,GABA,8,3.7235637,5.1682167,0.625
1240,1302 MEA-BST Lhx6 Nfib Gaba_4,0360 MEA-BST Lhx6 Nfib Gaba_4,076 MEA-BST Lhx6 Nfib Gaba,11 CNU-HYa GABA,GABA,15,2.9575243,0.0,0.4666666666666667
1241,1294 MEA-BST Lhx6 Nfib Gaba_2,0358 MEA-BST Lhx6 Nfib Gaba_2,076 MEA-BST Lhx6 Nfib Gaba,11 CNU-HYa GABA,GABA,15,3.0241327,4.9080544,0.5333333333333333
1242,1299 MEA-BST Lhx6 Nfib Gaba_3,0359 MEA-BST Lhx6 Nfib Gaba_3,076 MEA-BST Lhx6 Nfib Gaba,11 CNU-HYa GABA,GABA,69,3.4958775,4.9124737,0.5942028985507246
1243,1300 MEA-BST Lhx6 Nfib Gaba_3,0359 MEA-BST Lhx6 Nfib Gaba_3,076 MEA-BST Lhx6 Nfib Gaba,11 CNU-HYa GABA,GABA,40,3.4255948,4.882574,0.6
1244,1287 MEA-BST Lhx6 Nfib Gaba_1,0357 MEA-BST Lhx6 Nfib Gaba_1,076 MEA-BST Lhx6 Nfib Gaba,11 CNU-HYa GABA,GABA,20,4.8764215,5.729788,0.8
1250,1288 MEA-BST Lhx6 Nfib Gaba_1,0357 MEA-BST Lhx6 Nfib Gaba_1,076 MEA-BST Lhx6 Nfib Gaba,11 CNU-HYa GABA,GABA,13,3.081861,0.0,0.46153846153846156
1251,0832 STR Prox1 Lhx6 Gaba_1,0233 STR Prox1 Lhx6 Gaba_1,054 STR Prox1 Lhx6 Gaba,08 CNU-MGE GABA,GABA,258,3.3789103,4.8302145,0.5697674418604651
1252,1314 MEA-BST Lhx6 Nfib Gaba_6,0362 MEA-BST Lhx6 Nfib Gaba_6,076 MEA-BST Lhx6 Nfib Gaba,11 CNU-HYa GABA,GABA,235,2.733427,0.0,0.4723404255319149
1253,1295 MEA-BST Lhx6 Nfib Gaba_2,0358 MEA-BST Lhx6 Nfib Gaba_2,076 MEA-BST Lhx6 Nfib Gaba,11 CNU-HYa GABA,GABA,176,3.43694,4.9982033,0.5681818181818182
1254,1001 STR-PAL Chst9 Gaba_1,0285 STR-PAL Chst9 Gaba_1,064 STR-PAL Chst9 Gaba,09 CNU-LGE GABA,GABA,114,1.9167364,0.0,0.30701754385964913
1255,1002 STR-PAL Chst9 Gaba_1,0285 STR-PAL Chst9 Gaba_1,064 STR-PAL Chst9 Gaba,09 CNU-LGE GABA,GABA,48,2.5983036,0.0,0.4166666666666667
1256,1016 IA Mgp Gaba_1,0290 IA Mgp Gaba_1,065 IA Mgp Gaba,09 CNU-LGE GABA,GABA,38,2.633946,0.0,0.3684210526315789
1257,0998 STR D1 Sema5a Gaba_3,0283 STR D1 Sema5a Gaba_3,063 STR D1 Sema5a Gaba,09 CNU-LGE GABA,GABA,113,2.6346316,0.0,0.45132743362831856
1258,0518 OB Meis2 Thsd7b Gaba_1,0143 OB Meis2 Thsd7b Gaba_1,039 OB Meis2 Thsd7b Gaba,05 OB-IMN GABA,GABA,54,2.0496411,0.0,0.2777777777777778
1259,0999 STR D1 Sema5a Gaba_4,0284 STR D1 Sema5a Gaba_4,063 STR D1 Sema5a Gaba,09 CNU-LGE GABA,GABA,52,2.944654,0.0,0.4807692307692308
1260,1008 STR-PAL Chst9 Gaba_3,0287 STR-PAL Chst9 Gaba_3,064 STR-PAL Chst9 Gaba,09 CNU-LGE GABA,GABA,42,3.317267,5.114847,0.5476190476190477
1261,1003 STR-PAL Chst9 Gaba_1,0285 STR-PAL Chst9 Gaba_1,064 STR-PAL Chst9 Gaba,09 CNU-LGE GABA,GABA,1065,2.7416112,0.0,0.428169014084507
1262,1009 STR-PAL Chst9 Gaba_3,0287 STR-PAL Chst9 Gaba_3,064 STR-PAL Chst9 Gaba,09 CNU-LGE GABA,GABA,928,3.7833252,5.534896,0.5829741379310345
1263,1010 STR-PAL Chst9 Gaba_3,0287 STR-PAL Chst9 Gaba_3,064 STR-PAL Chst9 Gaba,09 CNU-LGE GABA,GABA,174,2.4488432,0.0,0.39080459770114945
1264,1000 STR D1 Sema5a Gaba_4,0284 STR D1 Sema5a Gaba_4,063 STR D1 Sema5a Gaba,09 CNU-LGE GABA,GABA,768,3.5645838,5.255748,0.5716145833333334
1265,0993 STR D1 Sema5a Gaba_2,0282 STR D1 Sema5a Gaba_2,063 STR D1 Sema5a Gaba,09 CNU-LGE GABA,GABA,75,3.0825715,4.804505,0.5066666666666667
1266,0992 STR D1 Sema5a Gaba_2,0282 STR D1 Sema5a Gaba_2,063 STR D1 Sema5a Gaba,09 CNU-LGE GABA,GABA,1676,3.8068905,5.200678,0.6342482100238663
1267,0995 STR D1 Sema5a Gaba_2,0282 STR D1 Sema5a Gaba_2,063 STR D1 Sema5a Gaba,09 CNU-LGE GABA,GABA,28,3.616082,5.021592,0.6071428571428571
1268,0997 STR D1 Sema5a Gaba_3,0283 STR D1 Sema5a Gaba_3,063 STR D1 Sema5a Gaba,09 CNU-LGE GABA,GABA,249,3.2661405,4.7856345,0.5622489959839357
1269,0994 STR D1 Sema5a Gaba_2,0282 STR D1 Sema5a Gaba_2,063 STR D1 Sema5a Gaba,09 CNU-LGE GABA,GABA,61,2.7864625,0.0,0.47540983606557374
1270,0996 STR D1 Sema5a Gaba_2,0282 STR D1 Sema5a Gaba_2,063 STR D1 Sema5a Gaba,09 CNU-LGE GABA,GABA,62,3.0292478,4.748108,0.532258064516129
1271,1004 STR-PAL Chst9 Gaba_2,0286 STR-PAL Chst9 Gaba_2,064 STR-PAL Chst9 Gaba,09 CNU-LGE GABA,GABA,23,3.2740982,5.321436,0.5217391304347826
1272,0990 STR D1 Sema5a Gaba_1,0281 STR D1 Sema5a Gaba_1,063 STR D1 Sema5a Gaba,09 CNU-LGE GABA,GABA,203,3.856748,5.1768365,0.645320197044335
1273,0991 STR D1 Sema5a Gaba_1,0281 STR D1 Sema5a Gaba_1,063 STR D1 Sema5a Gaba,09 CNU-LGE GABA,GABA,417,4.369259,5.506283,0.7218225419664268
1274,1014 STR-PAL Chst9 Gaba_5,0289 STR-PAL Chst9 Gaba_5,064 STR-PAL Chst9 Gaba,09 CNU-LGE GABA,GABA,81,2.5752823,0.0,0.41975308641975306
1275,1015 STR-PAL Chst9 Gaba_5,0289 STR-PAL Chst9 Gaba_5,064 STR-PAL Chst9 Gaba,09 CNU-LGE GABA,GABA,193,3.1720657,4.6250978,0.5181347150259067
1276,1011 STR-PAL Chst9 Gaba_4,0288 STR-PAL Chst9 Gaba_4,064 STR-PAL Chst9 Gaba,09 CNU-LGE GABA,GABA,1685,3.3399694,5.185697,0.5210682492581602
1277,1005 STR-PAL Chst9 Gaba_2,0286 STR-PAL Chst9 Gaba_2,064 STR-PAL Chst9 Gaba,09 CNU-LGE GABA,GABA,1289,2.448101,0.0,0.39875872769588827
1278,1006 STR-PAL Chst9 Gaba_2,0286 STR-PAL Chst9 Gaba_2,064 STR-PAL Chst9 Gaba,09 CNU-LGE GABA,GABA,25,0.9365413,0.0,0.16
1279,1007 STR-PAL Chst9 Gaba_2,0286 STR-PAL Chst9 Gaba_2,064 STR-PAL Chst9 Gaba,09 CNU-LGE GABA,GABA,50,1.1970505,0.0,0.2
1280,1012 STR-PAL Chst9 Gaba_4,0288 STR-PAL Chst9 Gaba_4,064 STR-PAL Chst9 Gaba,09 CNU-LGE GABA,GABA,90,2.6626995,0.0,0.4222222222222222
1281,0617 OB-STR-CTX Inh IMN_5,0170 OB-STR-CTX Inh IMN_5,045 OB-STR-CTX Inh IMN,05 OB-IMN GABA,GABA,8,0.0,0.0,0.0
1283,0528 OB Meis2 Thsd7b Gaba_5,0147 OB Meis2 Thsd7b Gaba_5,039 OB Meis2 Thsd7b Gaba,05 OB-IMN GABA,GABA,5,2.987081,0.0,0.4
1284,0527 OB Meis2 Thsd7b Gaba_5,0147 OB Meis2 Thsd7b Gaba_5,039 OB Meis2 Thsd7b Gaba,05 OB-IMN GABA,GABA,2,3.916818,3.916818,0.5
1285,0525 OB Meis2 Thsd7b Gaba_3,0145 OB Meis2 Thsd7b Gaba_3,039 OB Meis2 Thsd7b Gaba,05 OB-IMN GABA,GABA,1,0.0,0.0,0.0
1286,0522 OB Meis2 Thsd7b Gaba_2,0144 OB Meis2 Thsd7b Gaba_2,039 OB Meis2 Thsd7b Gaba,05 OB-IMN GABA,GABA,23,0.5489956,0.0,0.08695652173913043
1287,0523 OB Meis2 Thsd7b Gaba_2,0144 OB Meis2 Thsd7b Gaba_2,039 OB Meis2 Thsd7b Gaba,05 OB-IMN GABA,GABA,3,1.8108215,0.0,0.3333333333333333
1288,0526 OB Meis2 Thsd7b Gaba_4,0146 OB Meis2 Thsd7b Gaba_4,039 OB Meis2 Thsd7b Gaba,05 OB-IMN GABA,GABA,8,0.0,0.0,0.0
1289,0520 OB Meis2 Thsd7b Gaba_1,0143 OB Meis2 Thsd7b Gaba_1,039 OB Meis2 Thsd7b Gaba,05 OB-IMN GABA,GABA,4,0.0,0.0,0.0
1290,0519 OB Meis2 Thsd7b Gaba_1,0143 OB Meis2 Thsd7b Gaba_1,039 OB Meis2 Thsd7b Gaba,05 OB-IMN GABA,GABA,8,1.7488395,0.0,0.25
1292,1017 IA Mgp Gaba_1,0290 IA Mgp Gaba_1,065 IA Mgp Gaba,09 CNU-LGE GABA,GABA,20,3.3009496,5.101474,0.55
1293,1021 IA Mgp Gaba_3,0292 IA Mgp Gaba_3,065 IA Mgp Gaba,09 CNU-LGE GABA,GABA,9,2.9391017,4.086355,0.5555555555555556
1294,1022 IA Mgp Gaba_3,0292 IA Mgp Gaba_3,065 IA Mgp Gaba,09 CNU-LGE GABA,GABA,9,2.0902731,0.0,0.3333333333333333
1295,1023 IA Mgp Gaba_3,0292 IA Mgp Gaba_3,065 IA Mgp Gaba,09 CNU-LGE GABA,GABA,13,2.2761989,0.0,0.38461538461538464
1296,1019 IA Mgp Gaba_2,0291 IA Mgp Gaba_2,065 IA Mgp Gaba,09 CNU-LGE GABA,GABA,45,2.8026602,0.0,0.4888888888888889
1297,1018 IA Mgp Gaba_1,0290 IA Mgp Gaba_1,065 IA Mgp Gaba,09 CNU-LGE GABA,GABA,4,4.6358557,5.9590883,0.75
1298,1020 IA Mgp Gaba_2,0291 IA Mgp Gaba_2,065 IA Mgp Gaba,09 CNU-LGE GABA,GABA,9,3.3123221,5.3867416,0.5555555555555556
1299,0529 OB Trdn Gaba_1,0148 OB Trdn Gaba_1,040 OB Trdn Gaba,05 OB-IMN GABA,GABA,20,0.75328964,0.0,0.1
1300,0567 OB-in Frmd7 Gaba_8,0157 OB-in Frmd7 Gaba_8,041 OB-in Frmd7 Gaba,05 OB-IMN GABA,GABA,11,0.71335536,0.0,0.09090909090909091
1301,0560 OB-in Frmd7 Gaba_5,0154 OB-in Frmd7 Gaba_5,041 OB-in Frmd7 Gaba,05 OB-IMN GABA,GABA,6,0.0,0.0,0.0
1302,0538 OB-in Frmd7 Gaba_1,0150 OB-in Frmd7 Gaba_1,041 OB-in Frmd7 Gaba,05 OB-IMN GABA,GABA,22,1.5789543,0.0,0.22727272727272727
1303,0561 OB-in Frmd7 Gaba_5,0154 OB-in Frmd7 Gaba_5,041 OB-in Frmd7 Gaba,05 OB-IMN GABA,GABA,62,0.93141234,0.0,0.14516129032258066
1304,0532 OB-in Frmd7 Gaba_1,0150 OB-in Frmd7 Gaba_1,041 OB-in Frmd7 Gaba,05 OB-IMN GABA,GABA,6,0.0,0.0,0.0
1305,0533 OB-in Frmd7 Gaba_1,0150 OB-in Frmd7 Gaba_1,041 OB-in Frmd7 Gaba,05 OB-IMN GABA,GABA,10,0.5859344,0.0,0.1
1306,0534 OB-in Frmd7 Gaba_1,0150 OB-in Frmd7 Gaba_1,041 OB-in Frmd7 Gaba,05 OB-IMN GABA,GABA,8,2.4660296,0.0,0.375
1307,0535 OB-in Frmd7 Gaba_1,0150 OB-in Frmd7 Gaba_1,041 OB-in Frmd7 Gaba,05 OB-IMN GABA,GABA,12,0.5781757,0.0,0.08333333333333333
1308,0562 OB-in Frmd7 Gaba_5,0154 OB-in Frmd7 Gaba_5,041 OB-in Frmd7 Gaba,05 OB-IMN GABA,GABA,16,0.8130095,0.0,0.125
1309,0541 OB-in Frmd7 Gaba_1,0150 OB-in Frmd7 Gaba_1,041 OB-in Frmd7 Gaba,05 OB-IMN GABA,GABA,3,2.184628,0.0,0.3333333333333333
1310,0539 OB-in Frmd7 Gaba_1,0150 OB-in Frmd7 Gaba_1,041 OB-in Frmd7 Gaba,05 OB-IMN GABA,GABA,2,0.0,0.0,0.0
1312,0564 OB-in Frmd7 Gaba_5,0154 OB-in Frmd7 Gaba_5,041 OB-in Frmd7 Gaba,05 OB-IMN GABA,GABA,11,2.466948,0.0,0.36363636363636365
1313,0559 OB-in Frmd7 Gaba_5,0154 OB-in Frmd7 Gaba_5,041 OB-in Frmd7 Gaba,05 OB-IMN GABA,GABA,5,2.5548558,0.0,0.4
1314,0524 OB Meis2 Thsd7b Gaba_2,0144 OB Meis2 Thsd7b Gaba_2,039 OB Meis2 Thsd7b Gaba,05 OB-IMN GABA,GABA,1,6.1881747,6.1881747,1.0
1316,0549 OB-in Frmd7 Gaba_2,0151 OB-in Frmd7 Gaba_2,041 OB-in Frmd7 Gaba,05 OB-IMN GABA,GABA,27,0.7794326,0.0,0.1111111111111111
1317,0556 OB-in Frmd7 Gaba_4,0153 OB-in Frmd7 Gaba_4,041 OB-in Frmd7 Gaba,05 OB-IMN GABA,GABA,3,0.0,0.0,0.0
1318,0543 OB-in Frmd7 Gaba_2,0151 OB-in Frmd7 Gaba_2,041 OB-in Frmd7 Gaba,05 OB-IMN GABA,GABA,86,1.495536,0.0,0.20930232558139536
1319,0544 OB-in Frmd7 Gaba_2,0151 OB-in Frmd7 Gaba_2,041 OB-in Frmd7 Gaba,05 OB-IMN GABA,GABA,35,1.9746667,0.0,0.2857142857142857
1320,0558 OB-in Frmd7 Gaba_4,0153 OB-in Frmd7 Gaba_4,041 OB-in Frmd7 Gaba,05 OB-IMN GABA,GABA,10,0.0,0.0,0.0
1321,0531 OB Trdn Gaba_2,0149 OB Trdn Gaba_2,040 OB Trdn Gaba,05 OB-IMN GABA,GABA,17,0.7249696,0.0,0.11764705882352941
1322,0530 OB Trdn Gaba_2,0149 OB Trdn Gaba_2,040 OB Trdn Gaba,05 OB-IMN GABA,GABA,13,0.0,0.0,0.0
1323,0550 OB-in Frmd7 Gaba_3,0152 OB-in Frmd7 Gaba_3,041 OB-in Frmd7 Gaba,05 OB-IMN GABA,GABA,1,0.0,0.0,0.0
1325,0552 OB-in Frmd7 Gaba_3,0152 OB-in Frmd7 Gaba_3,041 OB-in Frmd7 Gaba,05 OB-IMN GABA,GABA,9,1.5413266,0.0,0.2222222222222222
1326,0553 OB-in Frmd7 Gaba_3,0152 OB-in Frmd7 Gaba_3,041 OB-in Frmd7 Gaba,05 OB-IMN GABA,GABA,5,1.5791277,0.0,0.2
1327,0542 OB-in Frmd7 Gaba_2,0151 OB-in Frmd7 Gaba_2,041 OB-in Frmd7 Gaba,05 OB-IMN GABA,GABA,29,0.43994278,0.0,0.06896551724137931
1328,0536 OB-in Frmd7 Gaba_1,0150 OB-in Frmd7 Gaba_1,041 OB-in Frmd7 Gaba,05 OB-IMN GABA,GABA,1,0.0,0.0,0.0
1330,0566 OB-in Frmd7 Gaba_7,0156 OB-in Frmd7 Gaba_7,041 OB-in Frmd7 Gaba,05 OB-IMN GABA,GABA,8,0.8977324,0.0,0.125
1331,0545 OB-in Frmd7 Gaba_2,0151 OB-in Frmd7 Gaba_2,041 OB-in Frmd7 Gaba,05 OB-IMN GABA,GABA,26,0.2933297,0.0,0.038461538461538464
1332,0546 OB-in Frmd7 Gaba_2,0151 OB-in Frmd7 Gaba_2,041 OB-in Frmd7 Gaba,05 OB-IMN GABA,GABA,7,0.92935705,0.0,0.14285714285714285
1333,0548 OB-in Frmd7 Gaba_2,0151 OB-in Frmd7 Gaba_2,041 OB-in Frmd7 Gaba,05 OB-IMN GABA,GABA,109,0.4204607,0.0,0.05504587155963303
1334,0537 OB-in Frmd7 Gaba_1,0150 OB-in Frmd7 Gaba_1,041 OB-in Frmd7 Gaba,05 OB-IMN GABA,GABA,65,1.0252094,0.0,0.13846153846153847
1335,0540 OB-in Frmd7 Gaba_1,0150 OB-in Frmd7 Gaba_1,041 OB-in Frmd7 Gaba,05 OB-IMN GABA,GABA,39,0.4156018,0.0,0.05128205128205128
1336,0547 OB-in Frmd7 Gaba_2,0151 OB-in Frmd7 Gaba_2,041 OB-in Frmd7 Gaba,05 OB-IMN GABA,GABA,15,0.0,0.0,0.0
1337,0554 OB-in Frmd7 Gaba_3,0152 OB-in Frmd7 Gaba_3,041 OB-in Frmd7 Gaba,05 OB-IMN GABA,GABA,2,0.0,0.0,0.0
1338,0557 OB-in Frmd7 Gaba_4,0153 OB-in Frmd7 Gaba_4,041 OB-in Frmd7 Gaba,05 OB-IMN GABA,GABA,1,0.0,0.0,0.0
1341,0616 OB-STR-CTX Inh IMN_5,0170 OB-STR-CTX Inh IMN_5,045 OB-STR-CTX Inh IMN,05 OB-IMN GABA,GABA,22,1.6477382,0.0,0.22727272727272727
1342,0618 OB-STR-CTX Inh IMN_5,0170 OB-STR-CTX Inh IMN_5,045 OB-STR-CTX Inh IMN,05 OB-IMN GABA,,103,0.80838346,0.0,0.10679611650485436
1343,0619 OB-STR-CTX Inh IMN_5,0170 OB-STR-CTX Inh IMN_5,045 OB-STR-CTX Inh IMN,05 OB-IMN GABA,GABA,17,1.2505356,0.0,0.17647058823529413
1344,0611 OB-STR-CTX Inh IMN_4,0169 OB-STR-CTX Inh IMN_4,045 OB-STR-CTX Inh IMN,05 OB-IMN GABA,GABA,1,0.0,0.0,0.0
1345,0608 OB-STR-CTX Inh IMN_3,0168 OB-STR-CTX Inh IMN_3,045 OB-STR-CTX Inh IMN,05 OB-IMN GABA,GABA,24,0.30237255,0.0,0.041666666666666664
1346,0620 OB-STR-CTX Inh IMN_5,0170 OB-STR-CTX Inh IMN_5,045 OB-STR-CTX Inh IMN,05 OB-IMN GABA,,27,0.0,0.0,0.0
1347,0612 OB-STR-CTX Inh IMN_4,0169 OB-STR-CTX Inh IMN_4,045 OB-STR-CTX Inh IMN,05 OB-IMN GABA,,1349,0.52037376,0.0,0.07116382505559674
1348,0613 OB-STR-CTX Inh IMN_4,0169 OB-STR-CTX Inh IMN_4,045 OB-STR-CTX Inh IMN,05 OB-IMN GABA,GABA,1,0.0,0.0,0.0
1350,0605 OB-STR-CTX Inh IMN_2,0167 OB-STR-CTX Inh IMN_2,045 OB-STR-CTX Inh IMN,05 OB-IMN GABA,GABA,148,0.2526929,0.0,0.033783783783783786
1351,0606 OB-STR-CTX Inh IMN_2,0167 OB-STR-CTX Inh IMN_2,045 OB-STR-CTX Inh IMN,05 OB-IMN GABA,GABA,3,2.155518,0.0,0.3333333333333333
1352,0615 OB-STR-CTX Inh IMN_4,0169 OB-STR-CTX Inh IMN_4,045 OB-STR-CTX Inh IMN,05 OB-IMN GABA,GABA,26,0.2606439,0.0,0.038461538461538464
1353,0603 OB-STR-CTX Inh IMN_2,0167 OB-STR-CTX Inh IMN_2,045 OB-STR-CTX Inh IMN,05 OB-IMN GABA,GABA,36,0.5650173,0.0,0.08333333333333333
1354,0604 OB-STR-CTX Inh IMN_2,0167 OB-STR-CTX Inh IMN_2,045 OB-STR-CTX Inh IMN,05 OB-IMN GABA,GABA,24,1.6476775,0.0,0.25
1355,0601 OB-STR-CTX Inh IMN_2,0167 OB-STR-CTX Inh IMN_2,045 OB-STR-CTX Inh IMN,05 OB-IMN GABA,GABA,43,0.60782313,0.0,0.09302325581395349
1357,0593 OB-STR-CTX Inh IMN_1,0166 OB-STR-CTX Inh IMN_1,045 OB-STR-CTX Inh IMN,05 OB-IMN GABA,,25,4.9728866,5.8973937,0.76
1358,0621 OB-STR-CTX Inh IMN_6,0171 OB-STR-CTX Inh IMN_6,045 OB-STR-CTX Inh IMN,05 OB-IMN GABA,GABA,16,1.3441241,0.0,0.1875
1359,0609 OB-STR-CTX Inh IMN_3,0168 OB-STR-CTX Inh IMN_3,045 OB-STR-CTX Inh IMN,05 OB-IMN GABA,GABA,449,0.9408341,0.0,0.13140311804008908
1360,0594 OB-STR-CTX Inh IMN_1,0166 OB-STR-CTX Inh IMN_1,045 OB-STR-CTX Inh IMN,05 OB-IMN GABA,,164,3.1963196,0.0,0.49390243902439024
1361,0610 OB-STR-CTX Inh IMN_3,0168 OB-STR-CTX Inh IMN_3,045 OB-STR-CTX Inh IMN,05 OB-IMN GABA,GABA,62,0.3443518,0.0,0.04838709677419355
1363,0511 DG-PIR Ex IMN_1,0140 DG-PIR Ex IMN_1,038 DG-PIR Ex IMN,04 DG-IMN Glut,Glut,23,1.9021856,0.0,0.2608695652173913
1364,0595 OB-STR-CTX Inh IMN_1,0166 OB-STR-CTX Inh IMN_1,045 OB-STR-CTX Inh IMN,05 OB-IMN GABA,,62,4.04456,6.0022993,0.5645161290322581
1365,0596 OB-STR-CTX Inh IMN_1,0166 OB-STR-CTX Inh IMN_1,045 OB-STR-CTX Inh IMN,05 OB-IMN GABA,,49,4.9959116,6.831365,0.6938775510204082
1366,0597 OB-STR-CTX Inh IMN_1,0166 OB-STR-CTX Inh IMN_1,045 OB-STR-CTX Inh IMN,05 OB-IMN GABA,,204,3.1904175,0.0,0.46078431372549017
1367,0598 OB-STR-CTX Inh IMN_1,0166 OB-STR-CTX Inh IMN_1,045 OB-STR-CTX Inh IMN,05 OB-IMN GABA,,124,4.7099605,5.9563255,0.717741935483871
1368,0599 OB-STR-CTX Inh IMN_1,0166 OB-STR-CTX Inh IMN_1,045 OB-STR-CTX Inh IMN,05 OB-IMN GABA,,85,4.5810113,6.5349064,0.6235294117647059
1369,0600 OB-STR-CTX Inh IMN_1,0166 OB-STR-CTX Inh IMN_1,045 OB-STR-CTX Inh IMN,05 OB-IMN GABA,GABA,343,1.6046327,0.0,0.25072886297376096
1370,0607 OB-STR-CTX Inh IMN_2,0167 OB-STR-CTX Inh IMN_2,045 OB-STR-CTX Inh IMN,05 OB-IMN GABA,GABA,4,0.0,0.0,0.0
1372,0513 DG-PIR Ex IMN_2,0141 DG-PIR Ex IMN_2,038 DG-PIR Ex IMN,04 DG-IMN Glut,Glut,2,3.7063527,3.7063527,0.5
1373,0590 OB Dopa-Gaba_2,0163 OB Dopa-Gaba_2,044 OB Dopa-Gaba,05 OB-IMN GABA,GABA,13,1.5929084,0.0,0.23076923076923078
1374,0579 OB-mi Frmd7 Gaba_1,0161 OB-mi Frmd7 Gaba_1,043 OB-mi Frmd7 Gaba,05 OB-IMN GABA,GABA,1,6.8736353,6.8736353,1.0
1375,0580 OB-mi Frmd7 Gaba_1,0161 OB-mi Frmd7 Gaba_1,043 OB-mi Frmd7 Gaba,05 OB-IMN GABA,GABA,5,1.4995334,0.0,0.2
1376,0581 OB-mi Frmd7 Gaba_1,0161 OB-mi Frmd7 Gaba_1,043 OB-mi Frmd7 Gaba,05 OB-IMN GABA,GABA,2,0.0,0.0,0.0
1377,0585 OB Dopa-Gaba_1,0162 OB Dopa-Gaba_1,044 OB Dopa-Gaba,05 OB-IMN GABA,Dopa,2,3.3468971,3.3468971,0.5
1378,0591 OB Dopa-Gaba_3,0164 OB Dopa-Gaba_3,044 OB Dopa-Gaba,05 OB-IMN GABA,Glut-GABA,1,8.066787,8.066787,1.0
1379,0575 OB-out Frmd7 Gaba_2,0159 OB-out Frmd7 Gaba_2,042 OB-out Frmd7 Gaba,05 OB-IMN GABA,GABA,1,0.0,0.0,0.0
1380,0576 OB-out Frmd7 Gaba_2,0159 OB-out Frmd7 Gaba_2,042 OB-out Frmd7 Gaba,05 OB-IMN GABA,GABA,2,0.0,0.0,0.0
1381,0577 OB-out Frmd7 Gaba_2,0159 OB-out Frmd7 Gaba_2,042 OB-out Frmd7 Gaba,05 OB-IMN GABA,GABA,5,0.0,0.0,0.0
1382,0578 OB-out Frmd7 Gaba_3,0160 OB-out Frmd7 Gaba_3,042 OB-out Frmd7 Gaba,05 OB-IMN GABA,GABA,1,7.840175,7.840175,1.0
1383,0568 OB-out Frmd7 Gaba_1,0158 OB-out Frmd7 Gaba_1,042 OB-out Frmd7 Gaba,05 OB-IMN GABA,GABA,4,0.0,0.0,0.0
1384,0569 OB-out Frmd7 Gaba_1,0158 OB-out Frmd7 Gaba_1,042 OB-out Frmd7 Gaba,05 OB-IMN GABA,GABA,53,0.29317296,0.0,0.03773584905660377
1385,0571 OB-out Frmd7 Gaba_1,0158 OB-out Frmd7 Gaba_1,042 OB-out Frmd7 Gaba,05 OB-IMN GABA,GABA,54,0.45097587,0.0,0.05555555555555555
1386,0572 OB-out Frmd7 Gaba_1,0158 OB-out Frmd7 Gaba_1,042 OB-out Frmd7 Gaba,05 OB-IMN GABA,GABA,22,1.029504,0.0,0.13636363636363635
1387,0573 OB-out Frmd7 Gaba_1,0158 OB-out Frmd7 Gaba_1,042 OB-out Frmd7 Gaba,05 OB-IMN GABA,GABA,53,0.4565599,0.0,0.05660377358490566
1388,0574 OB-out Frmd7 Gaba_1,0158 OB-out Frmd7 Gaba_1,042 OB-out Frmd7 Gaba,05 OB-IMN GABA,GABA,4,0.0,0.0,0.0
1389,0592 OB Dopa-Gaba_4,0165 OB Dopa-Gaba_4,044 OB Dopa-Gaba,05 OB-IMN GABA,GABA,2,3.9029794,3.9029794,0.5
1390,0570 OB-out Frmd7 Gaba_1,0158 OB-out Frmd7 Gaba_1,042 OB-out Frmd7 Gaba,05 OB-IMN GABA,GABA,2,0.0,0.0,0.0
1391,0587 OB Dopa-Gaba_1,0162 OB Dopa-Gaba_1,044 OB Dopa-Gaba,05 OB-IMN GABA,GABA,8,2.3758447,0.0,0.375
1392,0589 OB Dopa-Gaba_1,0162 OB Dopa-Gaba_1,044 OB Dopa-Gaba,05 OB-IMN GABA,Dopa,9,0.8656665,0.0,0.1111111111111111
1395,0582 OB Dopa-Gaba_1,0162 OB Dopa-Gaba_1,044 OB Dopa-Gaba,05 OB-IMN GABA,Dopa,2,0.0,0.0,0.0
1396,0583 OB Dopa-Gaba_1,0162 OB Dopa-Gaba_1,044 OB Dopa-Gaba,05 OB-IMN GABA,GABA,12,1.1374445,0.0,0.16666666666666666
1397,0584 OB Dopa-Gaba_1,0162 OB Dopa-Gaba_1,044 OB Dopa-Gaba,05 OB-IMN GABA,GABA,5,0.0,0.0,0.0
1398,0502 DG Glut_1,0136 DG Glut_1,037 DG Glut,04 DG-IMN Glut,Glut,227,2.3903751,0.0,0.3876651982378855
1399,0503 DG Glut_1,0136 DG Glut_1,037 DG Glut,04 DG-IMN Glut,Glut,12,3.4189692,5.2717047,0.5833333333333334
1400,0504 DG Glut_1,0136 DG Glut_1,037 DG Glut,04 DG-IMN Glut,Glut,23,1.7287296,0.0,0.30434782608695654
1409,1524 PVR Six3 Sox3 Gaba_7,0417 PVR Six3 Sox3 Gaba_7,089 PVR Six3 Sox3 Gaba,11 CNU-HYa GABA,GABA,4,5.1246696,6.619997,0.75
1412,1536 PVR Six3 Sox3 Gaba_9,0419 PVR Six3 Sox3 Gaba_9,089 PVR Six3 Sox3 Gaba,11 CNU-HYa GABA,GABA,2,3.1921194,3.1921194,0.5
1416,1526 PVR Six3 Sox3 Gaba_7,0417 PVR Six3 Sox3 Gaba_7,089 PVR Six3 Sox3 Gaba,11 CNU-HYa GABA,GABA,5,3.6640117,5.7033176,0.6
1424,1534 PVR Six3 Sox3 Gaba_9,0419 PVR Six3 Sox3 Gaba_9,089 PVR Six3 Sox3 Gaba,11 CNU-HYa GABA,GABA,1,5.1373005,5.1373005,1.0
1426,1605 SCH Six6 Cdc14a Gaba_1,0436 SCH Six6 Cdc14a Gaba_1,094 SCH Six6 Cdc14a Gaba,12 HY GABA,GABA,1,0.0,0.0,0.0
1431,1614 SCH Six6 Cdc14a Gaba_2,0437 SCH Six6 Cdc14a Gaba_2,094 SCH Six6 Cdc14a Gaba,12 HY GABA,GABA,1,7.012052,7.012052,1.0
1434,1565 BST-MPN Six3 Nrgn Gaba_7,0426 BST-MPN Six3 Nrgn Gaba_7,090 BST-MPN Six3 Nrgn Gaba,11 CNU-HYa GABA,GABA,1,5.7494516,5.7494516,1.0
1435,1566 BST-MPN Six3 Nrgn Gaba_7,0426 BST-MPN Six3 Nrgn Gaba_7,090 BST-MPN Six3 Nrgn Gaba,11 CNU-HYa GABA,GABA,1,5.5437284,5.5437284,1.0
1448,1882 PVpo-VMPO-MPN Hmx2 Gaba_1,0482 PVpo-VMPO-MPN Hmx2 Gaba_1,106 PVpo-VMPO-MPN Hmx2 Gaba,12 HY GABA,GABA,1,0.0,0.0,0.0
1451,1504 PVR Six3 Sox3 Gaba_1,0411 PVR Six3 Sox3 Gaba_1,089 PVR Six3 Sox3 Gaba,11 CNU-HYa GABA,GABA,10,3.687096,5.271171,0.6
1452,1505 PVR Six3 Sox3 Gaba_1,0411 PVR Six3 Sox3 Gaba_1,089 PVR Six3 Sox3 Gaba,11 CNU-HYa GABA,GABA,1,5.134141,5.134141,1.0
1453,1506 PVR Six3 Sox3 Gaba_1,0411 PVR Six3 Sox3 Gaba_1,089 PVR Six3 Sox3 Gaba,11 CNU-HYa GABA,GABA,2,6.734432,6.734432,1.0
1458,1509 PVR Six3 Sox3 Gaba_2,0412 PVR Six3 Sox3 Gaba_2,089 PVR Six3 Sox3 Gaba,11 CNU-HYa GABA,GABA,1,0.0,0.0,0.0
1465,1610 SCH Six6 Cdc14a Gaba_1,0436 SCH Six6 Cdc14a Gaba_1,094 SCH Six6 Cdc14a Gaba,12 HY GABA,GABA,1,7.250747,7.250747,1.0
1470,2564 HY Gnrh1 Glut_1,0628 HY Gnrh1 Glut_1,142 HY Gnrh1 Glut,15 HY Gnrh1 Glut,Glut,1,5.7422566,5.7422566,1.0
1472,1683 SBPV-PVa Six6 Satb2 Gaba_1,0453 SBPV-PVa Six6 Satb2 Gaba_1,099 SBPV-PVa Six6 Satb2 Gaba,12 HY GABA,Dopa,1,0.0,0.0,0.0
1474,1685 SBPV-PVa Six6 Satb2 Gaba_1,0453 SBPV-PVa Six6 Satb2 Gaba_1,099 SBPV-PVa Six6 Satb2 Gaba,12 HY GABA,GABA,1,0.0,0.0,0.0
1476,1697 SBPV-PVa Six6 Satb2 Gaba_3,0455 SBPV-PVa Six6 Satb2 Gaba_3,099 SBPV-PVa Six6 Satb2 Gaba,12 HY GABA,GABA,1,0.0,0.0,0.0
1481,1686 SBPV-PVa Six6 Satb2 Gaba_1,0453 SBPV-PVa Six6 Satb2 Gaba_1,099 SBPV-PVa Six6 Satb2 Gaba,12 HY GABA,GABA,1,7.189316,7.189316,1.0
1482,1687 SBPV-PVa Six6 Satb2 Gaba_1,0453 SBPV-PVa Six6 Satb2 Gaba_1,099 SBPV-PVa Six6 Satb2 Gaba,12 HY GABA,GABA,1,0.0,0.0,0.0
1485,1571 ARH-PVi Six6 Dopa-Gaba_1,0427 ARH-PVi Six6 Dopa-Gaba_1,091 ARH-PVi Six6 Dopa-Gaba,12 HY GABA,Dopa,1,5.277455,5.277455,1.0
1488,1648 AHN-SBPV-PVHd Pdrm12 Gaba_1,0446 AHN-SBPV-PVHd Pdrm12 Gaba_1,098 AHN-SBPV-PVHd Pdrm12 Gaba,12 HY GABA,GABA,1,5.2896175,5.2896175,1.0
1505,1662 AHN-SBPV-PVHd Pdrm12 Gaba_3,0448 AHN-SBPV-PVHd Pdrm12 Gaba_3,098 AHN-SBPV-PVHd Pdrm12 Gaba,12 HY GABA,GABA,1,0.0,0.0,0.0
1511,1675 AHN-SBPV-PVHd Pdrm12 Gaba_6,0451 AHN-SBPV-PVHd Pdrm12 Gaba_6,098 AHN-SBPV-PVHd Pdrm12 Gaba,12 HY GABA,GABA,1,6.340363,6.340363,1.0
1514,1551 BST-MPN Six3 Nrgn Gaba_5,0424 BST-MPN Six3 Nrgn Gaba_5,090 BST-MPN Six3 Nrgn Gaba,11 CNU-HYa GABA,GABA,29,2.798531,0.0,0.4827586206896552
1515,1552 BST-MPN Six3 Nrgn Gaba_5,0424 BST-MPN Six3 Nrgn Gaba_5,090 BST-MPN Six3 Nrgn Gaba,11 CNU-HYa GABA,GABA,33,4.4074244,5.96292,0.696969696969697
1516,1553 BST-MPN Six3 Nrgn Gaba_5,0424 BST-MPN Six3 Nrgn Gaba_5,090 BST-MPN Six3 Nrgn Gaba,11 CNU-HYa GABA,GABA,11,3.0548384,4.7822385,0.5454545454545454
1517,1556 BST-MPN Six3 Nrgn Gaba_5,0424 BST-MPN Six3 Nrgn Gaba_5,090 BST-MPN Six3 Nrgn Gaba,11 CNU-HYa GABA,GABA,56,3.643438,5.026042,0.5714285714285714
1518,1554 BST-MPN Six3 Nrgn Gaba_5,0424 BST-MPN Six3 Nrgn Gaba_5,090 BST-MPN Six3 Nrgn Gaba,11 CNU-HYa GABA,GABA,91,2.6815975,0.0,0.45054945054945056
1519,1547 BST-MPN Six3 Nrgn Gaba_4,0423 BST-MPN Six3 Nrgn Gaba_4,090 BST-MPN Six3 Nrgn Gaba,11 CNU-HYa GABA,GABA,34,4.016341,5.2714014,0.6176470588235294
1520,1540 BST-MPN Six3 Nrgn Gaba_2,0421 BST-MPN Six3 Nrgn Gaba_2,090 BST-MPN Six3 Nrgn Gaba,11 CNU-HYa GABA,GABA,5,4.916222,5.778763,0.8
1521,1562 BST-MPN Six3 Nrgn Gaba_6,0425 BST-MPN Six3 Nrgn Gaba_6,090 BST-MPN Six3 Nrgn Gaba,11 CNU-HYa GABA,GABA,51,4.5427976,5.5582395,0.7450980392156863
1522,1563 BST-MPN Six3 Nrgn Gaba_6,0425 BST-MPN Six3 Nrgn Gaba_6,090 BST-MPN Six3 Nrgn Gaba,11 CNU-HYa GABA,GABA,67,4.129994,5.477053,0.6865671641791045
1523,1315 CEA-BST Gal Avp Gaba_1,0363 CEA-BST Gal Avp Gaba_1,077 CEA-BST Gal Avp Gaba,11 CNU-HYa GABA,GABA,79,4.3835235,5.275279,0.7468354430379747
1524,1316 CEA-BST Gal Avp Gaba_1,0363 CEA-BST Gal Avp Gaba_1,077 CEA-BST Gal Avp Gaba,11 CNU-HYa GABA,GABA,116,4.8273735,5.555152,0.8275862068965517
1525,1548 BST-MPN Six3 Nrgn Gaba_4,0423 BST-MPN Six3 Nrgn Gaba_4,090 BST-MPN Six3 Nrgn Gaba,11 CNU-HYa GABA,GABA,20,4.2865806,5.6194963,0.7
1527,1543 BST-MPN Six3 Nrgn Gaba_3,0422 BST-MPN Six3 Nrgn Gaba_3,090 BST-MPN Six3 Nrgn Gaba,11 CNU-HYa GABA,GABA,14,2.0805058,0.0,0.35714285714285715
1529,1545 BST-MPN Six3 Nrgn Gaba_3,0422 BST-MPN Six3 Nrgn Gaba_3,090 BST-MPN Six3 Nrgn Gaba,11 CNU-HYa GABA,GABA,1,0.0,0.0,0.0
1534,1498 BST Tac2 Gaba_1,0409 BST Tac2 Gaba_1,088 BST Tac2 Gaba,11 CNU-HYa GABA,GABA,4,6.189185,5.9384346,1.0
1535,1557 BST-MPN Six3 Nrgn Gaba_5,0424 BST-MPN Six3 Nrgn Gaba_5,090 BST-MPN Six3 Nrgn Gaba,11 CNU-HYa GABA,GABA,38,3.322653,5.02215,0.5263157894736842
1537,1414 BST-SI-AAA Six3 Slc22a3 Gaba_2,0395 BST-SI-AAA Six3 Slc22a3 Gaba_2,084 BST-SI-AAA Six3 Slc22a3 Gaba,11 CNU-HYa GABA,GABA,8,2.779418,2.5090187,0.5
1538,1560 BST-MPN Six3 Nrgn Gaba_6,0425 BST-MPN Six3 Nrgn Gaba_6,090 BST-MPN Six3 Nrgn Gaba,11 CNU-HYa GABA,GABA,101,4.1674147,5.337349,0.7128712871287128
1539,1564 BST-MPN Six3 Nrgn Gaba_6,0425 BST-MPN Six3 Nrgn Gaba_6,090 BST-MPN Six3 Nrgn Gaba,11 CNU-HYa GABA,GABA,73,3.5815592,5.095947,0.6027397260273972
1540,1411 BST-SI-AAA Six3 Slc22a3 Gaba_1,0394 BST-SI-AAA Six3 Slc22a3 Gaba_1,084 BST-SI-AAA Six3 Slc22a3 Gaba,11 CNU-HYa GABA,GABA,25,5.0706744,5.4123397,0.88
1541,1412 BST-SI-AAA Six3 Slc22a3 Gaba_1,0394 BST-SI-AAA Six3 Slc22a3 Gaba_1,084 BST-SI-AAA Six3 Slc22a3 Gaba,11 CNU-HYa GABA,GABA,93,3.6031392,4.961181,0.6129032258064516
1543,1416 BST-SI-AAA Six3 Slc22a3 Gaba_2,0395 BST-SI-AAA Six3 Slc22a3 Gaba_2,084 BST-SI-AAA Six3 Slc22a3 Gaba,11 CNU-HYa GABA,GABA,11,3.82668,5.4084783,0.6363636363636364
1544,1413 BST-SI-AAA Six3 Slc22a3 Gaba_1,0394 BST-SI-AAA Six3 Slc22a3 Gaba_1,084 BST-SI-AAA Six3 Slc22a3 Gaba,11 CNU-HYa GABA,GABA,47,3.8083677,5.135624,0.6382978723404256
1545,1417 BST-SI-AAA Six3 Slc22a3 Gaba_2,0395 BST-SI-AAA Six3 Slc22a3 Gaba_2,084 BST-SI-AAA Six3 Slc22a3 Gaba,11 CNU-HYa GABA,GABA,60,3.679672,4.8942213,0.65
1547,1494 BST Tac2 Gaba_1,0409 BST Tac2 Gaba_1,088 BST Tac2 Gaba,11 CNU-HYa GABA,GABA,6,5.053563,5.879093,0.8333333333333334
1548,1495 BST Tac2 Gaba_1,0409 BST Tac2 Gaba_1,088 BST Tac2 Gaba,11 CNU-HYa GABA,GABA,58,3.0051577,4.2509522,0.5172413793103449
1550,1497 BST Tac2 Gaba_1,0409 BST Tac2 Gaba_1,088 BST Tac2 Gaba,11 CNU-HYa GABA,GABA,8,2.8195202,2.5343475,0.5
1555,1461 MPO-ADP Lhx8 Gaba_2,0403 MPO-ADP Lhx8 Gaba_2,086 MPO-ADP Lhx8 Gaba,11 CNU-HYa GABA,GABA,1,6.618007,6.618007,1.0
1557,1462 MPO-ADP Lhx8 Gaba_2,0403 MPO-ADP Lhx8 Gaba_2,086 MPO-ADP Lhx8 Gaba,11 CNU-HYa GABA,GABA,2,2.2510836,2.2510836,0.5
1559,1476 MPO-ADP Lhx8 Gaba_4,0405 MPO-ADP Lhx8 Gaba_4,086 MPO-ADP Lhx8 Gaba,11 CNU-HYa GABA,GABA,1,6.340306,6.340306,1.0
1561,1463 MPO-ADP Lhx8 Gaba_2,0403 MPO-ADP Lhx8 Gaba_2,086 MPO-ADP Lhx8 Gaba,11 CNU-HYa GABA,GABA,3,3.8823922,5.2146316,0.6666666666666666
1564,1481 MPO-ADP Lhx8 Gaba_5,0406 MPO-ADP Lhx8 Gaba_5,086 MPO-ADP Lhx8 Gaba,11 CNU-HYa GABA,GABA,5,2.8055515,0.0,0.4
1566,1472 MPO-ADP Lhx8 Gaba_4,0405 MPO-ADP Lhx8 Gaba_4,086 MPO-ADP Lhx8 Gaba,11 CNU-HYa GABA,GABA,1,0.0,0.0,0.0
1567,1473 MPO-ADP Lhx8 Gaba_4,0405 MPO-ADP Lhx8 Gaba_4,086 MPO-ADP Lhx8 Gaba,11 CNU-HYa GABA,GABA,10,4.233515,5.7338343,0.7
1570,1464 MPO-ADP Lhx8 Gaba_2,0403 MPO-ADP Lhx8 Gaba_2,086 MPO-ADP Lhx8 Gaba,11 CNU-HYa GABA,GABA,1,6.295529,6.295529,1.0
1571,1457 MPO-ADP Lhx8 Gaba_1,0402 MPO-ADP Lhx8 Gaba_1,086 MPO-ADP Lhx8 Gaba,11 CNU-HYa GABA,GABA,23,3.3310215,4.857992,0.5652173913043478
1572,1482 MPO-ADP Lhx8 Gaba_5,0406 MPO-ADP Lhx8 Gaba_5,086 MPO-ADP Lhx8 Gaba,11 CNU-HYa GABA,GABA,1,6.647161,6.647161,1.0
1573,1458 MPO-ADP Lhx8 Gaba_1,0402 MPO-ADP Lhx8 Gaba_1,086 MPO-ADP Lhx8 Gaba,11 CNU-HYa GABA,GABA,2,2.5210564,2.5210564,0.5
1578,1483 MPN-MPO-LPO Lhx6 Zfhx3 Gaba_1,0407 MPN-MPO-LPO Lhx6 Zfhx3 Gaba_1,087 MPN-MPO-LPO Lhx6 Zfhx3 Gaba,11 CNU-HYa GABA,GABA,37,3.793448,5.068877,0.6216216216216216
1579,1489 MPN-MPO-LPO Lhx6 Zfhx3 Gaba_2,0408 MPN-MPO-LPO Lhx6 Zfhx3 Gaba_2,087 MPN-MPO-LPO Lhx6 Zfhx3 Gaba,11 CNU-HYa GABA,GABA,6,4.5809283,6.4438515,0.6666666666666666
1580,1267 MEA-BST Lhx6 Sp9 Gaba_7,0353 MEA-BST Lhx6 Sp9 Gaba_7,074 MEA-BST Lhx6 Sp9 Gaba,11 CNU-HYa GABA,GABA,47,4.1028547,5.743968,0.6595744680851063
1581,1268 MEA-BST Lhx6 Sp9 Gaba_7,0353 MEA-BST Lhx6 Sp9 Gaba_7,074 MEA-BST Lhx6 Sp9 Gaba,11 CNU-HYa GABA,GABA,9,3.1198282,4.9340057,0.5555555555555556
1582,1484 MPN-MPO-LPO Lhx6 Zfhx3 Gaba_1,0407 MPN-MPO-LPO Lhx6 Zfhx3 Gaba_1,087 MPN-MPO-LPO Lhx6 Zfhx3 Gaba,11 CNU-HYa GABA,GABA,15,4.1988378,5.297948,0.7333333333333333
1583,1485 MPN-MPO-LPO Lhx6 Zfhx3 Gaba_1,0407 MPN-MPO-LPO Lhx6 Zfhx3 Gaba_1,087 MPN-MPO-LPO Lhx6 Zfhx3 Gaba,11 CNU-HYa GABA,GABA,56,4.520365,5.5346546,0.75
1585,1486 MPN-MPO-LPO Lhx6 Zfhx3 Gaba_1,0407 MPN-MPO-LPO Lhx6 Zfhx3 Gaba_1,087 MPN-MPO-LPO Lhx6 Zfhx3 Gaba,11 CNU-HYa GABA,GABA,26,3.8263712,5.7182293,0.6153846153846154
1588,1490 MPN-MPO-LPO Lhx6 Zfhx3 Gaba_2,0408 MPN-MPO-LPO Lhx6 Zfhx3 Gaba_2,087 MPN-MPO-LPO Lhx6 Zfhx3 Gaba,11 CNU-HYa GABA,GABA,8,4.2275653,5.2620435,0.75
1589,1520 PVR Six3 Sox3 Gaba_5,0415 PVR Six3 Sox3 Gaba_5,089 PVR Six3 Sox3 Gaba,11 CNU-HYa GABA,GABA,20,3.950742,5.5245256,0.65
1590,1104 LSX Nkx2-1 Gaba_7,0312 LSX Nkx2-1 Gaba_7,069 LSX Nkx2-1 Gaba,10 LSX GABA,GABA,16,4.1448545,5.53182,0.6875
1591,1521 PVR Six3 Sox3 Gaba_5,0415 PVR Six3 Sox3 Gaba_5,089 PVR Six3 Sox3 Gaba,11 CNU-HYa GABA,GABA,2,6.8957148,6.8957148,1.0
1592,1089 LSX Nkx2-1 Gaba_3,0308 LSX Nkx2-1 Gaba_3,069 LSX Nkx2-1 Gaba,10 LSX GABA,GABA,354,1.9455637,0.0,0.3220338983050847
1593,1090 LSX Nkx2-1 Gaba_3,0308 LSX Nkx2-1 Gaba_3,069 LSX Nkx2-1 Gaba,10 LSX GABA,GABA,37,3.1788046,5.0500016,0.5405405405405406
1594,1555 BST-MPN Six3 Nrgn Gaba_5,0424 BST-MPN Six3 Nrgn Gaba_5,090 BST-MPN Six3 Nrgn Gaba,11 CNU-HYa GABA,GABA,90,2.2355366,0.0,0.37777777777777777
1595,1091 LSX Nkx2-1 Gaba_3,0308 LSX Nkx2-1 Gaba_3,069 LSX Nkx2-1 Gaba,10 LSX GABA,GABA,186,2.2203453,0.0,0.3655913978494624
1596,1523 PVR Six3 Sox3 Gaba_6,0416 PVR Six3 Sox3 Gaba_6,089 PVR Six3 Sox3 Gaba,11 CNU-HYa GABA,GABA,28,4.2710576,5.596981,0.7142857142857143
1597,2065 MS-SF Bsx Glut_1,0518 MS-SF Bsx Glut_1,115 MS-SF Bsx Glut,13 CNU-HYa Glut,Glut,4,4.589864,6.0289187,0.75
1598,2054 MS-SF Bsx Glut_1,0518 MS-SF Bsx Glut_1,115 MS-SF Bsx Glut,13 CNU-HYa Glut,Glut,4,4.45954,5.497535,0.75
1599,2070 MS-SF Bsx Glut_1,0518 MS-SF Bsx Glut_1,115 MS-SF Bsx Glut,13 CNU-HYa Glut,Glut,45,2.849521,4.34939,0.5111111111111111
1600,1522 PVR Six3 Sox3 Gaba_5,0415 PVR Six3 Sox3 Gaba_5,089 PVR Six3 Sox3 Gaba,11 CNU-HYa GABA,GABA,6,5.632581,6.7579727,0.8333333333333334
1601,2066 MS-SF Bsx Glut_1,0518 MS-SF Bsx Glut_1,115 MS-SF Bsx Glut,13 CNU-HYa Glut,Glut,10,6.099456,6.7132425,0.9
1602,1518 PVR Six3 Sox3 Gaba_4,0414 PVR Six3 Sox3 Gaba_4,089 PVR Six3 Sox3 Gaba,11 CNU-HYa GABA,GABA,61,4.3286304,5.415331,0.6885245901639344
1603,2060 MS-SF Bsx Glut_1,0518 MS-SF Bsx Glut_1,115 MS-SF Bsx Glut,13 CNU-HYa Glut,Glut,12,4.958081,6.0159183,0.8333333333333334
1604,2055 MS-SF Bsx Glut_1,0518 MS-SF Bsx Glut_1,115 MS-SF Bsx Glut,13 CNU-HYa Glut,Glut,25,4.3753757,4.908014,0.8
1605,2071 MS-SF Bsx Glut_1,0518 MS-SF Bsx Glut_1,115 MS-SF Bsx Glut,13 CNU-HYa Glut,Glut-GABA,18,5.1511936,5.829174,0.8888888888888888
1606,2056 MS-SF Bsx Glut_1,0518 MS-SF Bsx Glut_1,115 MS-SF Bsx Glut,13 CNU-HYa Glut,Glut,147,3.9030209,5.0125384,0.6462585034013606
1607,2057 MS-SF Bsx Glut_1,0518 MS-SF Bsx Glut_1,115 MS-SF Bsx Glut,13 CNU-HYa Glut,Glut,38,4.2866044,5.8020344,0.6842105263157895
1608,2058 MS-SF Bsx Glut_1,0518 MS-SF Bsx Glut_1,115 MS-SF Bsx Glut,13 CNU-HYa Glut,Glut,34,3.4776533,4.9118834,0.5882352941176471
1609,2063 MS-SF Bsx Glut_1,0518 MS-SF Bsx Glut_1,115 MS-SF Bsx Glut,13 CNU-HYa Glut,Glut,48,5.0504913,6.076021,0.8125
1610,2059 MS-SF Bsx Glut_1,0518 MS-SF Bsx Glut_1,115 MS-SF Bsx Glut,13 CNU-HYa Glut,Glut,50,3.5071654,5.1004333,0.58
1611,1519 PVR Six3 Sox3 Gaba_4,0414 PVR Six3 Sox3 Gaba_4,089 PVR Six3 Sox3 Gaba,11 CNU-HYa GABA,GABA,8,3.858671,5.3134885,0.625
1612,2072 MS-SF Bsx Glut_1,0518 MS-SF Bsx Glut_1,115 MS-SF Bsx Glut,13 CNU-HYa Glut,Glut,4,3.937624,4.7754927,0.75
1613,2067 MS-SF Bsx Glut_1,0518 MS-SF Bsx Glut_1,115 MS-SF Bsx Glut,13 CNU-HYa Glut,Glut,6,6.4336658,6.316676,1.0
1615,2064 MS-SF Bsx Glut_1,0518 MS-SF Bsx Glut_1,115 MS-SF Bsx Glut,13 CNU-HYa Glut,Glut,7,5.5982056,6.858977,0.8571428571428571
1616,2061 MS-SF Bsx Glut_1,0518 MS-SF Bsx Glut_1,115 MS-SF Bsx Glut,13 CNU-HYa Glut,Glut,6,4.2962937,5.573307,0.6666666666666666
1617,2069 MS-SF Bsx Glut_1,0518 MS-SF Bsx Glut_1,115 MS-SF Bsx Glut,13 CNU-HYa Glut,Glut,16,4.185554,5.2397447,0.75
1618,2062 MS-SF Bsx Glut_1,0518 MS-SF Bsx Glut_1,115 MS-SF Bsx Glut,13 CNU-HYa Glut,Glut,3,5.602651,5.817718,1.0
1619,1712 AHN Onecut3 Gaba_3,0458 AHN Onecut3 Gaba_3,100 AHN Onecut3 Gaba,12 HY GABA,GABA,1,6.689348,6.689348,1.0
1625,1701 AHN Onecut3 Gaba_1,0456 AHN Onecut3 Gaba_1,100 AHN Onecut3 Gaba,12 HY GABA,GABA,1,5.6780233,5.6780233,1.0
1628,1703 AHN Onecut3 Gaba_1,0456 AHN Onecut3 Gaba_1,100 AHN Onecut3 Gaba,12 HY GABA,GABA,1,6.743837,6.743837,1.0
1634,1666 AHN-SBPV-PVHd Pdrm12 Gaba_4,0449 AHN-SBPV-PVHd Pdrm12 Gaba_4,098 AHN-SBPV-PVHd Pdrm12 Gaba,12 HY GABA,GABA,2,6.42161,6.42161,1.0
1654,1690 SBPV-PVa Six6 Satb2 Gaba_2,0454 SBPV-PVa Six6 Satb2 Gaba_2,099 SBPV-PVa Six6 Satb2 Gaba,12 HY GABA,GABA,1,5.4030557,5.4030557,1.0
1663,1719 ZI Pax6 Gaba_1,0459 ZI Pax6 Gaba_1,101 ZI Pax6 Gaba,12 HY GABA,GABA,1,6.439212,6.439212,1.0
1690,1759 ZI Pax6 Gaba_7,0465 ZI Pax6 Gaba_7,101 ZI Pax6 Gaba,12 HY GABA,GABA,2,5.4104548,5.4104548,1.0
1702,1743 ZI Pax6 Gaba_4,0462 ZI Pax6 Gaba_4,101 ZI Pax6 Gaba,12 HY GABA,GABA,1,6.1837816,6.1837816,1.0
1712,1750 ZI Pax6 Gaba_5,0463 ZI Pax6 Gaba_5,101 ZI Pax6 Gaba,12 HY GABA,GABA,1,0.0,0.0,0.0
1715,1764 ZI Pax6 Gaba_7,0465 ZI Pax6 Gaba_7,101 ZI Pax6 Gaba,12 HY GABA,GABA,2,6.6372776,6.6372776,1.0
1722,1236 MEA-BST Sox6 Gaba_10,0346 MEA-BST Sox6 Gaba_10,073 MEA-BST Sox6 Gaba,11 CNU-HYa GABA,GABA,84,3.5360732,5.083973,0.5714285714285714
1724,1595 RT-ZI Gnb3 Gaba_4,0434 RT-ZI Gnb3 Gaba_4,093 RT-ZI Gnb3 Gaba,12 HY GABA,GABA,10,4.234193,5.005041,0.8
1725,1766 ZI Pax6 Gaba_8,0466 ZI Pax6 Gaba_8,101 ZI Pax6 Gaba,12 HY GABA,GABA,1,5.7393594,5.7393594,1.0
1729,1768 ZI Pax6 Gaba_8,0466 ZI Pax6 Gaba_8,101 ZI Pax6 Gaba,12 HY GABA,GABA,1,7.4148936,7.4148936,1.0
1732,1638 PVHd-SBPV Six3 Prox1 Gaba_3,0444 PVHd-SBPV Six3 Prox1 Gaba_3,097 PVHd-SBPV Six3 Prox1 Gaba,12 HY GABA,GABA,1,6.678859,6.678859,1.0
1733,1639 PVHd-SBPV Six3 Prox1 Gaba_3,0444 PVHd-SBPV Six3 Prox1 Gaba_3,097 PVHd-SBPV Six3 Prox1 Gaba,12 HY GABA,GABA,1,6.0040336,6.0040336,1.0
1740,1641 PVHd-SBPV Six3 Prox1 Gaba_3,0444 PVHd-SBPV Six3 Prox1 Gaba_3,097 PVHd-SBPV Six3 Prox1 Gaba,12 HY GABA,GABA,2,0.0,0.0,0.0
1744,1237 MEA-BST Sox6 Gaba_10,0346 MEA-BST Sox6 Gaba_10,073 MEA-BST Sox6 Gaba,11 CNU-HYa GABA,GABA,110,3.6126857,5.315445,0.5909090909090909
1745,1777 ZI Pax6 Gaba_9,0467 ZI Pax6 Gaba_9,101 ZI Pax6 Gaba,12 HY GABA,GABA,1,6.3070636,6.3070636,1.0
1747,1772 ZI Pax6 Gaba_8,0466 ZI Pax6 Gaba_8,101 ZI Pax6 Gaba,12 HY GABA,GABA,1,5.1211004,5.1211004,1.0
1748,1773 ZI Pax6 Gaba_8,0466 ZI Pax6 Gaba_8,101 ZI Pax6 Gaba,12 HY GABA,GABA,1,0.0,0.0,0.0
1753,1778 ZI Pax6 Gaba_9,0467 ZI Pax6 Gaba_9,101 ZI Pax6 Gaba,12 HY GABA,GABA,1,0.0,0.0,0.0
1755,1985 LGv-ZI Otx2 Gaba_5,0500 LGv-ZI Otx2 Gaba_5,109 LGv-ZI Otx2 Gaba,12 HY GABA,GABA,1,0.0,0.0,0.0
1756,1735 ZI Pax6 Gaba_3,0461 ZI Pax6 Gaba_3,101 ZI Pax6 Gaba,12 HY GABA,GABA,1,0.0,0.0,0.0
1757,1980 LGv-ZI Otx2 Gaba_4,0499 LGv-ZI Otx2 Gaba_4,109 LGv-ZI Otx2 Gaba,12 HY GABA,GABA,1,4.744759,4.744759,1.0
1763,1979 LGv-ZI Otx2 Gaba_3,0498 LGv-ZI Otx2 Gaba_3,109 LGv-ZI Otx2 Gaba,12 HY GABA,GABA,1,6.10745,6.10745,1.0
1767,1978 LGv-ZI Otx2 Gaba_2,0497 LGv-ZI Otx2 Gaba_2,109 LGv-ZI Otx2 Gaba,12 HY GABA,GABA,1,7.081214,7.081214,1.0
1775,1724 ZI Pax6 Gaba_1,0459 ZI Pax6 Gaba_1,101 ZI Pax6 Gaba,12 HY GABA,GABA,3,6.165316,6.2943144,1.0
1781,1582 RT-ZI Gnb3 Gaba_1,0431 RT-ZI Gnb3 Gaba_1,093 RT-ZI Gnb3 Gaba,12 HY GABA,GABA,7,3.7458985,4.6845813,0.7142857142857143
1782,1585 RT-ZI Gnb3 Gaba_1,0431 RT-ZI Gnb3 Gaba_1,093 RT-ZI Gnb3 Gaba,12 HY GABA,GABA,3,5.0849357,5.340005,1.0
1784,1586 RT-ZI Gnb3 Gaba_2,0432 RT-ZI Gnb3 Gaba_2,093 RT-ZI Gnb3 Gaba,12 HY GABA,GABA,1,0.0,0.0,0.0
1785,1583 RT-ZI Gnb3 Gaba_1,0431 RT-ZI Gnb3 Gaba_1,093 RT-ZI Gnb3 Gaba,12 HY GABA,GABA,1,4.793902,4.793902,1.0
1787,1588 RT-ZI Gnb3 Gaba_2,0432 RT-ZI Gnb3 Gaba_2,093 RT-ZI Gnb3 Gaba,12 HY GABA,GABA,2,6.927023,6.927023,1.0
1789,1590 RT-ZI Gnb3 Gaba_2,0432 RT-ZI Gnb3 Gaba_2,093 RT-ZI Gnb3 Gaba,12 HY GABA,GABA,2,6.301758,6.301758,1.0
1791,1600 RT-ZI Gnb3 Gaba_5,0435 RT-ZI Gnb3 Gaba_5,093 RT-ZI Gnb3 Gaba,12 HY GABA,GABA,5,3.6505451,5.5382614,0.6
1797,1593 RT-ZI Gnb3 Gaba_3,0433 RT-ZI Gnb3 Gaba_3,093 RT-ZI Gnb3 Gaba,12 HY GABA,GABA,3,6.0750923,5.914373,1.0
1798,1597 RT-ZI Gnb3 Gaba_4,0434 RT-ZI Gnb3 Gaba_4,093 RT-ZI Gnb3 Gaba,12 HY GABA,GABA,1,5.594429,5.594429,1.0
1800,1598 RT-ZI Gnb3 Gaba_4,0434 RT-ZI Gnb3 Gaba_4,093 RT-ZI Gnb3 Gaba,12 HY GABA,GABA,1,6.0678267,6.0678267,1.0
1804,1502 BST Tac2 Gaba_2,0410 BST Tac2 Gaba_2,088 BST Tac2 Gaba,11 CNU-HYa GABA,GABA,37,2.941428,0.0,0.4864864864864865
1805,1499 BST Tac2 Gaba_2,0410 BST Tac2 Gaba_2,088 BST Tac2 Gaba,11 CNU-HYa GABA,GABA,1,6.2920265,6.2920265,1.0
1806,1500 BST Tac2 Gaba_2,0410 BST Tac2 Gaba_2,088 BST Tac2 Gaba,11 CNU-HYa GABA,GABA,17,2.5723128,0.0,0.47058823529411764
1807,1501 BST Tac2 Gaba_2,0410 BST Tac2 Gaba_2,088 BST Tac2 Gaba,11 CNU-HYa GABA,GABA,12,2.8595502,2.5963337,0.5
1808,1390 CEA-BST Ebf1 Pdyn Gaba_3,0386 CEA-BST Ebf1 Pdyn Gaba_3,082 CEA-BST Ebf1 Pdyn Gaba,11 CNU-HYa GABA,GABA,141,5.928158,6.3165617,0.9219858156028369
1809,1391 CEA-BST Ebf1 Pdyn Gaba_3,0386 CEA-BST Ebf1 Pdyn Gaba_3,082 CEA-BST Ebf1 Pdyn Gaba,11 CNU-HYa GABA,GABA,259,4.359052,5.6594033,0.7027027027027027
1810,1392 CEA-BST Ebf1 Pdyn Gaba_3,0386 CEA-BST Ebf1 Pdyn Gaba_3,082 CEA-BST Ebf1 Pdyn Gaba,11 CNU-HYa GABA,GABA,59,5.221194,6.2702427,0.7966101694915254
1811,1393 CEA-BST Ebf1 Pdyn Gaba_3,0386 CEA-BST Ebf1 Pdyn Gaba_3,082 CEA-BST Ebf1 Pdyn Gaba,11 CNU-HYa GABA,GABA,623,4.841898,6.0201573,0.7592295345104334
1812,1394 CEA-BST Ebf1 Pdyn Gaba_3,0386 CEA-BST Ebf1 Pdyn Gaba_3,082 CEA-BST Ebf1 Pdyn Gaba,11 CNU-HYa GABA,GABA,100,4.6567197,5.770274,0.76
1813,1404 CEA-BST Ebf1 Pdyn Gaba_7,0390 CEA-BST Ebf1 Pdyn Gaba_7,082 CEA-BST Ebf1 Pdyn Gaba,11 CNU-HYa GABA,GABA,65,3.5612078,4.940127,0.6
1814,1387 CEA-BST Ebf1 Pdyn Gaba_2,0385 CEA-BST Ebf1 Pdyn Gaba_2,082 CEA-BST Ebf1 Pdyn Gaba,11 CNU-HYa GABA,GABA,610,3.565781,5.0805283,0.5819672131147541
1815,1388 CEA-BST Ebf1 Pdyn Gaba_2,0385 CEA-BST Ebf1 Pdyn Gaba_2,082 CEA-BST Ebf1 Pdyn Gaba,11 CNU-HYa GABA,GABA,97,3.656401,4.8529315,0.6391752577319587
1816,1395 CEA-BST Ebf1 Pdyn Gaba_4,0387 CEA-BST Ebf1 Pdyn Gaba_4,082 CEA-BST Ebf1 Pdyn Gaba,11 CNU-HYa GABA,GABA,46,3.41564,4.5206428,0.6304347826086957
1817,1403 CEA-BST Ebf1 Pdyn Gaba_6,0389 CEA-BST Ebf1 Pdyn Gaba_6,082 CEA-BST Ebf1 Pdyn Gaba,11 CNU-HYa GABA,GABA,341,3.197137,4.685164,0.5513196480938416
1818,1402 CEA-BST Ebf1 Pdyn Gaba_6,0389 CEA-BST Ebf1 Pdyn Gaba_6,082 CEA-BST Ebf1 Pdyn Gaba,11 CNU-HYa GABA,GABA,142,3.6676774,4.942403,0.6338028169014085
1820,1407 CEA-BST Rai14 Pdyn Crh Gaba_1,0392 CEA-BST Rai14 Pdyn Crh Gaba_1,083 CEA-BST Rai14 Pdyn Crh Gaba,11 CNU-HYa GABA,GABA,44,2.5777745,0.0,0.45454545454545453
1821,1408 CEA-BST Rai14 Pdyn Crh Gaba_1,0392 CEA-BST Rai14 Pdyn Crh Gaba_1,083 CEA-BST Rai14 Pdyn Crh Gaba,11 CNU-HYa GABA,GABA,135,2.886055,4.381726,0.5185185185185185
1822,1396 CEA-BST Ebf1 Pdyn Gaba_4,0387 CEA-BST Ebf1 Pdyn Gaba_4,082 CEA-BST Ebf1 Pdyn Gaba,11 CNU-HYa GABA,GABA,52,3.6801503,4.547615,0.6730769230769231
1823,1389 CEA-BST Ebf1 Pdyn Gaba_2,0385 CEA-BST Ebf1 Pdyn Gaba_2,082 CEA-BST Ebf1 Pdyn Gaba,11 CNU-HYa GABA,GABA,57,2.9078414,4.438546,0.5087719298245614
1824,1398 CEA-BST Ebf1 Pdyn Gaba_5,0388 CEA-BST Ebf1 Pdyn Gaba_5,082 CEA-BST Ebf1 Pdyn Gaba,11 CNU-HYa GABA,GABA,12,4.024378,5.025252,0.75
1825,1384 CEA-BST Ebf1 Pdyn Gaba_1,0384 CEA-BST Ebf1 Pdyn Gaba_1,082 CEA-BST Ebf1 Pdyn Gaba,11 CNU-HYa GABA,GABA,3715,3.8409956,5.114203,0.6489905787348587
1826,1385 CEA-BST Ebf1 Pdyn Gaba_1,0384 CEA-BST Ebf1 Pdyn Gaba_1,082 CEA-BST Ebf1 Pdyn Gaba,11 CNU-HYa GABA,GABA,71,2.5077994,0.0,0.4647887323943662
1827,1386 CEA-BST Ebf1 Pdyn Gaba_1,0384 CEA-BST Ebf1 Pdyn Gaba_1,082 CEA-BST Ebf1 Pdyn Gaba,11 CNU-HYa GABA,GABA,9,1.883412,0.0,0.3333333333333333
1828,1399 CEA-BST Ebf1 Pdyn Gaba_5,0388 CEA-BST Ebf1 Pdyn Gaba_5,082 CEA-BST Ebf1 Pdyn Gaba,11 CNU-HYa GABA,GABA,95,2.910713,4.236015,0.5263157894736842
1829,1400 CEA-BST Ebf1 Pdyn Gaba_5,0388 CEA-BST Ebf1 Pdyn Gaba_5,082 CEA-BST Ebf1 Pdyn Gaba,11 CNU-HYa GABA,GABA,122,2.5383365,0.0,0.48360655737704916
1830,1401 CEA-BST Ebf1 Pdyn Gaba_5,0388 CEA-BST Ebf1 Pdyn Gaba_5,082 CEA-BST Ebf1 Pdyn Gaba,11 CNU-HYa GABA,GABA,142,2.8926775,3.9108558,0.5211267605633803
1831,1397 CEA-BST Ebf1 Pdyn Gaba_4,0387 CEA-BST Ebf1 Pdyn Gaba_4,082 CEA-BST Ebf1 Pdyn Gaba,11 CNU-HYa GABA,GABA,120,2.6888735,0.0,0.49166666666666664
1832,1405 CEA-BST Ebf1 Pdyn Gaba_8,0391 CEA-BST Ebf1 Pdyn Gaba_8,082 CEA-BST Ebf1 Pdyn Gaba,11 CNU-HYa GABA,GABA,56,3.3495991,4.4369574,0.6607142857142857
1833,1406 CEA-BST Ebf1 Pdyn Gaba_8,0391 CEA-BST Ebf1 Pdyn Gaba_8,082 CEA-BST Ebf1 Pdyn Gaba,11 CNU-HYa GABA,GABA,47,2.9063182,4.3198094,0.5319148936170213
1835,1409 CEA-BST Rai14 Pdyn Crh Gaba_2,0393 CEA-BST Rai14 Pdyn Crh Gaba_2,083 CEA-BST Rai14 Pdyn Crh Gaba,11 CNU-HYa GABA,GABA,29,3.2514403,5.2428446,0.5517241379310345
1836,1410 CEA-BST Rai14 Pdyn Crh Gaba_2,0393 CEA-BST Rai14 Pdyn Crh Gaba_2,083 CEA-BST Rai14 Pdyn Crh Gaba,11 CNU-HYa GABA,GABA,11,2.6456232,4.403993,0.5454545454545454
1837,1319 SI-MA-ACB Ebf1 Bnc2 Gaba_1,0364 SI-MA-ACB Ebf1 Bnc2 Gaba_1,078 SI-MA-ACB Ebf1 Bnc2 Gaba,11 CNU-HYa GABA,GABA,51,3.9721844,5.562871,0.6470588235294118
1838,1321 SI-MA-ACB Ebf1 Bnc2 Gaba_2,0365 SI-MA-ACB Ebf1 Bnc2 Gaba_2,078 SI-MA-ACB Ebf1 Bnc2 Gaba,11 CNU-HYa GABA,GABA,23,3.867035,5.327977,0.6521739130434783
1839,1317 SI-MA-ACB Ebf1 Bnc2 Gaba_1,0364 SI-MA-ACB Ebf1 Bnc2 Gaba_1,078 SI-MA-ACB Ebf1 Bnc2 Gaba,11 CNU-HYa GABA,GABA,59,3.4500232,4.8840227,0.559322033898305
1840,1320 SI-MA-ACB Ebf1 Bnc2 Gaba_2,0365 SI-MA-ACB Ebf1 Bnc2 Gaba_2,078 SI-MA-ACB Ebf1 Bnc2 Gaba,11 CNU-HYa GABA,GABA,11,4.197012,6.4168673,0.6363636363636364
1841,1318 SI-MA-ACB Ebf1 Bnc2 Gaba_1,0364 SI-MA-ACB Ebf1 Bnc2 Gaba_1,078 SI-MA-ACB Ebf1 Bnc2 Gaba,11 CNU-HYa GABA,GABA,18,3.909219,5.326866,0.6666666666666666
1842,1322 SI-MA-ACB Ebf1 Bnc2 Gaba_2,0365 SI-MA-ACB Ebf1 Bnc2 Gaba_2,078 SI-MA-ACB Ebf1 Bnc2 Gaba,11 CNU-HYa GABA,GABA,21,4.582725,5.575408,0.7619047619047619
1843,1323 SI-MA-ACB Ebf1 Bnc2 Gaba_2,0365 SI-MA-ACB Ebf1 Bnc2 Gaba_2,078 SI-MA-ACB Ebf1 Bnc2 Gaba,11 CNU-HYa GABA,GABA,7,3.4803586,4.4162774,0.5714285714285714
1846,1870 PVpo-VMPO-MPN Hmx2 Gaba_1,0482 PVpo-VMPO-MPN Hmx2 Gaba_1,106 PVpo-VMPO-MPN Hmx2 Gaba,12 HY GABA,GABA,1,5.486398,5.486398,1.0
1856,1893 PVpo-VMPO-MPN Hmx2 Gaba_2,0483 PVpo-VMPO-MPN Hmx2 Gaba_2,106 PVpo-VMPO-MPN Hmx2 Gaba,12 HY GABA,GABA,1,3.9375067,3.9375067,1.0
1861,1913 PVpo-VMPO-MPN Hmx2 Gaba_5,0486 PVpo-VMPO-MPN Hmx2 Gaba_5,106 PVpo-VMPO-MPN Hmx2 Gaba,12 HY GABA,GABA,1,6.410381,6.410381,1.0
1862,1910 PVpo-VMPO-MPN Hmx2 Gaba_4,0485 PVpo-VMPO-MPN Hmx2 Gaba_4,106 PVpo-VMPO-MPN Hmx2 Gaba,12 HY GABA,Dopa,1,0.0,0.0,0.0
1867,1875 PVpo-VMPO-MPN Hmx2 Gaba_1,0482 PVpo-VMPO-MPN Hmx2 Gaba_1,106 PVpo-VMPO-MPN Hmx2 Gaba,12 HY GABA,GABA,1,0.0,0.0,0.0
1868,1911 PVpo-VMPO-MPN Hmx2 Gaba_4,0485 PVpo-VMPO-MPN Hmx2 Gaba_4,106 PVpo-VMPO-MPN Hmx2 Gaba,12 HY GABA,GABA,1,7.3205175,7.3205175,1.0
1869,1876 PVpo-VMPO-MPN Hmx2 Gaba_1,0482 PVpo-VMPO-MPN Hmx2 Gaba_1,106 PVpo-VMPO-MPN Hmx2 Gaba,12 HY GABA,GABA,1,6.146205,6.146205,1.0
1870,1877 PVpo-VMPO-MPN Hmx2 Gaba_1,0482 PVpo-VMPO-MPN Hmx2 Gaba_1,106 PVpo-VMPO-MPN Hmx2 Gaba,12 HY GABA,GABA,1,4.6700273,4.6700273,1.0
1874,1884 PVpo-VMPO-MPN Hmx2 Gaba_1,0482 PVpo-VMPO-MPN Hmx2 Gaba_1,106 PVpo-VMPO-MPN Hmx2 Gaba,12 HY GABA,GABA,1,5.7856126,5.7856126,1.0
1882,1906 PVpo-VMPO-MPN Hmx2 Gaba_3,0484 PVpo-VMPO-MPN Hmx2 Gaba_3,106 PVpo-VMPO-MPN Hmx2 Gaba,12 HY GABA,GABA,4,5.2046657,5.1235313,1.0
1885,1959 DMH Hmx2 Gaba_6,0492 DMH Hmx2 Gaba_6,107 DMH Hmx2 Gaba,12 HY GABA,GABA,1,6.9346895,6.9346895,1.0
1899,1941 DMH Hmx2 Gaba_3,0489 DMH Hmx2 Gaba_3,107 DMH Hmx2 Gaba,12 HY GABA,GABA,1,0.0,0.0,0.0
1907,1956 DMH Hmx2 Gaba_5,0491 DMH Hmx2 Gaba_5,107 DMH Hmx2 Gaba,12 HY GABA,GABA,1,6.2440176,6.2440176,1.0
1913,2252 MPN-MPO-PVpo Hmx2 Glut_4,0549 MPN-MPO-PVpo Hmx2 Glut_4,124 MPN-MPO-PVpo Hmx2 Glut,14 HY Glut,Glut,1,6.2076497,6.2076497,1.0
1920,2256 MPN-MPO-PVpo Hmx2 Glut_4,0549 MPN-MPO-PVpo Hmx2 Glut_4,124 MPN-MPO-PVpo Hmx2 Glut,14 HY Glut,Glut,1,7.017379,7.017379,1.0
1924,2242 MPN-MPO-PVpo Hmx2 Glut_2,0547 MPN-MPO-PVpo Hmx2 Glut_2,124 MPN-MPO-PVpo Hmx2 Glut,14 HY Glut,Glut,1,0.0,0.0,0.0
1930,2259 MPN-MPO-PVpo Hmx2 Glut_5,0550 MPN-MPO-PVpo Hmx2 Glut_5,124 MPN-MPO-PVpo Hmx2 Glut,14 HY Glut,Glut,1,5.801974,5.801974,1.0
1945,2283 ARH-PVp Tbx3 Glut_4,0557 ARH-PVp Tbx3 Glut_4,126 ARH-PVp Tbx3 Glut,14 HY Glut,Glut,1,7.642179,7.642179,1.0
1946,2289 DMH-LHA Vgll2 Glut_4,0562 DMH-LHA Vgll2 Glut_4,127 DMH-LHA Vgll2 Glut,14 HY Glut,Glut,1,0.0,0.0,0.0
1947,2238 MPN-MPO-PVpo Hmx2 Glut_1,0546 MPN-MPO-PVpo Hmx2 Glut_1,124 MPN-MPO-PVpo Hmx2 Glut,14 HY Glut,Glut,5,6.286661,6.6546164,1.0
1950,2271 DMH Hmx2 Glut_1,0552 DMH Hmx2 Glut_1,125 DMH Hmx2 Glut,14 HY Glut,Glut,1,7.1618366,7.1618366,1.0
1961,1967 ARH-PVp Tbx3 Gaba_2,0494 ARH-PVp Tbx3 Gaba_2,108 ARH-PVp Tbx3 Gaba,12 HY GABA,GABA,2,3.722943,3.722943,0.5
1969,2279 ARH-PVp Tbx3 Glut_2,0555 ARH-PVp Tbx3 Glut_2,126 ARH-PVp Tbx3 Glut,14 HY Glut,Glut-GABA,1,6.3883233,6.3883233,1.0
1972,2281 ARH-PVp Tbx3 Glut_3,0556 ARH-PVp Tbx3 Glut_3,126 ARH-PVp Tbx3 Glut,14 HY Glut,Glut,1,0.0,0.0,0.0
1976,1961 ARH-PVp Tbx3 Gaba_1,0493 ARH-PVp Tbx3 Gaba_1,108 ARH-PVp Tbx3 Gaba,12 HY GABA,GABA,1,8.005471,8.005471,1.0
1977,1971 ARH-PVp Tbx3 Gaba_3,0495 ARH-PVp Tbx3 Gaba_3,108 ARH-PVp Tbx3 Gaba,12 HY GABA,GABA,1,4.682116,4.682116,1.0
1980,1970 ARH-PVp Tbx3 Gaba_3,0495 ARH-PVp Tbx3 Gaba_3,108 ARH-PVp Tbx3 Gaba,12 HY GABA,GABA,1,7.6015334,7.6015334,1.0
1983,1837 TU-ARH Otp Six6 Gaba_1,0478 TU-ARH Otp Six6 Gaba_1,104 TU-ARH Otp Six6 Gaba,12 HY GABA,GABA,1,6.194791,6.194791,1.0
1986,1840 TU-ARH Otp Six6 Gaba_1,0478 TU-ARH Otp Six6 Gaba_1,104 TU-ARH Otp Six6 Gaba,12 HY GABA,GABA,2,3.1595433,3.1595433,0.5
1989,1844 TU-ARH Otp Six6 Gaba_2,0479 TU-ARH Otp Six6 Gaba_2,104 TU-ARH Otp Six6 Gaba,12 HY GABA,GABA,1,5.8230934,5.8230934,1.0
2021,1936 DMH Hmx2 Gaba_2,0488 DMH Hmx2 Gaba_2,107 DMH Hmx2 Gaba,12 HY GABA,GABA,1,6.9822083,6.9822083,1.0
2037,1951 DMH Hmx2 Gaba_4,0490 DMH Hmx2 Gaba_4,107 DMH Hmx2 Gaba,12 HY GABA,GABA,1,6.507509,6.507509,1.0
2045,1788 DMH-LHA Gsx1 Gaba_1,0470 DMH-LHA Gsx1 Gaba_1,102 DMH-LHA Gsx1 Gaba,12 HY GABA,GABA,1,6.064731,6.064731,1.0
2046,1789 DMH-LHA Gsx1 Gaba_1,0470 DMH-LHA Gsx1 Gaba_1,102 DMH-LHA Gsx1 Gaba,12 HY GABA,GABA,1,0.0,0.0,0.0
2049,1790 DMH-LHA Gsx1 Gaba_1,0470 DMH-LHA Gsx1 Gaba_1,102 DMH-LHA Gsx1 Gaba,12 HY GABA,GABA,1,5.120864,5.120864,1.0
2059,1797 DMH-LHA Gsx1 Gaba_2,0471 DMH-LHA Gsx1 Gaba_2,102 DMH-LHA Gsx1 Gaba,12 HY GABA,GABA,1,0.0,0.0,0.0
2065,1804 DMH-LHA Gsx1 Gaba_2,0471 DMH-LHA Gsx1 Gaba_2,102 DMH-LHA Gsx1 Gaba,12 HY GABA,GABA,1,0.0,0.0,0.0
2073,2317 VMH Nr5a1 Glut_5,0570 VMH Nr5a1 Glut_5,129 VMH Nr5a1 Glut,14 HY Glut,Glut,1,6.2024713,6.2024713,1.0
2078,2314 VMH Nr5a1 Glut_4,0569 VMH Nr5a1 Glut_4,129 VMH Nr5a1 Glut,14 HY Glut,Glut,1,0.0,0.0,0.0
2082,2315 VMH Nr5a1 Glut_4,0569 VMH Nr5a1 Glut_4,129 VMH Nr5a1 Glut,14 HY Glut,Glut,1,0.0,0.0,0.0
2097,2308 VMH Nr5a1 Glut_2,0567 VMH Nr5a1 Glut_2,129 VMH Nr5a1 Glut,14 HY Glut,Glut,1,8.689784,8.689784,1.0
2098,2309 VMH Nr5a1 Glut_2,0567 VMH Nr5a1 Glut_2,129 VMH Nr5a1 Glut,14 HY Glut,Glut,2,6.660961,6.660961,1.0
2100,2293 VMH Fezf1 Glut_1,0563 VMH Fezf1 Glut_1,128 VMH Fezf1 Glut,14 HY Glut,Glut,1,7.668286,7.668286,1.0
2102,1619 DMH Prdm13 Gaba_1,0439 DMH Prdm13 Gaba_1,095 DMH Prdm13 Gaba,12 HY GABA,GABA,1,7.5659294,7.5659294,1.0
2106,1624 DMH Prdm13 Gaba_2,0440 DMH Prdm13 Gaba_2,095 DMH Prdm13 Gaba,12 HY GABA,GABA,1,6.0767775,6.0767775,1.0
2110,2229 DMH Nkx2-4 Glut_2,0545 DMH Nkx2-4 Glut_2,123 DMH Nkx2-4 Glut,14 HY Glut,Glut,1,7.8830886,7.8830886,1.0
2111,2225 DMH Nkx2-4 Glut_1,0544 DMH Nkx2-4 Glut_1,123 DMH Nkx2-4 Glut,14 HY Glut,Glut,1,0.0,0.0,0.0
2114,2325 LHA-AHN-PVH Otp Trh Glut_1,0574 LHA-AHN-PVH Otp Trh Glut_1,131 LHA-AHN-PVH Otp Trh Glut,14 HY Glut,Glut,6,3.7405465,5.039571,0.6666666666666666
2121,2511 PH-LHA Foxb1 Glut_3,0614 PH-LHA Foxb1 Glut_3,139 PH-LHA Foxb1 Glut,14 HY Glut,Glut,1,5.7265058,5.7265058,1.0
2124,2505 PH-LHA Foxb1 Glut_2,0613 PH-LHA Foxb1 Glut_2,139 PH-LHA Foxb1 Glut,14 HY Glut,Glut,4,6.2622356,6.0214157,1.0
2125,2513 PH-LHA Foxb1 Glut_3,0614 PH-LHA Foxb1 Glut_3,139 PH-LHA Foxb1 Glut,14 HY Glut,Glut,2,5.7759447,5.7759447,1.0
2137,2509 PH-LHA Foxb1 Glut_3,0614 PH-LHA Foxb1 Glut_3,139 PH-LHA Foxb1 Glut,14 HY Glut,Glut,2,7.0633354,7.0633354,1.0
2142,2390 PH-ant-LHA Otp Bsx Glut_1,0591 PH-ant-LHA Otp Bsx Glut_1,134 PH-ant-LHA Otp Bsx Glut,14 HY Glut,Glut,1,5.420154,5.420154,1.0
2163,2760 MB-ant-ve Dmrta2 Glut_1,0681 MB-ant-ve Dmrta2 Glut_1,156 MB-ant-ve Dmrta2 Glut,19 MB Glut,Glut,1,5.5207844,5.5207844,1.0
2165,3005 SPA-SPFm-SPFp-POL-PIL-PoT Sp9 Glut_12,0729 SPA-SPFm-SPFp-POL-PIL-PoT Sp9 Glut_12,168 SPA-SPFm-SPFp-POL-PIL-PoT Sp9 Glut,19 MB Glut,Glut,1,7.7797494,7.7797494,1.0
2200,2485 PH Pitx2 Glut_2,0611 PH Pitx2 Glut_2,138 PH Pitx2 Glut,14 HY Glut,Glut,1,7.9237113,7.9237113,1.0
2204,2482 PH Pitx2 Glut_1,0610 PH Pitx2 Glut_1,138 PH Pitx2 Glut,14 HY Glut,Glut,1,0.0,0.0,0.0
2211,2497 PH Pitx2 Glut_2,0611 PH Pitx2 Glut_2,138 PH Pitx2 Glut,14 HY Glut,Glut,1,6.2346253,6.2346253,1.0
2225,2454 STN-PSTN Pitx2 Glut_5,0602 STN-PSTN Pitx2 Glut_5,135 STN-PSTN Pitx2 Glut,14 HY Glut,Glut,1,4.598876,4.598876,1.0
2234,2435 STN-PSTN Pitx2 Glut_1,0598 STN-PSTN Pitx2 Glut_1,135 STN-PSTN Pitx2 Glut,14 HY Glut,Glut,1,5.7581124,5.7581124,1.0
2236,2439 STN-PSTN Pitx2 Glut_2,0599 STN-PSTN Pitx2 Glut_2,135 STN-PSTN Pitx2 Glut,14 HY Glut,Glut,1,6.333065,6.333065,1.0
2251,2121 ADP-MPO Trp73 Glut_2,0528 ADP-MPO Trp73 Glut_2,118 ADP-MPO Trp73 Glut,13 CNU-HYa Glut,Glut,2,7.6355324,7.6355324,1.0
2252,2096 AVPV-MEPO-SFO Tbr1 Glut_5,0523 AVPV-MEPO-SFO Tbr1 Glut_5,116 AVPV-MEPO-SFO Tbr1 Glut,13 CNU-HYa Glut,Glut,18,1.7594653,0.0,0.3333333333333333
2253,2113 ADP-MPO Trp73 Glut_1,0527 ADP-MPO Trp73 Glut_1,118 ADP-MPO Trp73 Glut,13 CNU-HYa Glut,Glut,4,4.5581584,5.754344,0.75
2258,2097 AVPV-MEPO-SFO Tbr1 Glut_5,0523 AVPV-MEPO-SFO Tbr1 Glut_5,116 AVPV-MEPO-SFO Tbr1 Glut,13 CNU-HYa Glut,Glut,3,3.87441,5.1468725,0.6666666666666666
2259,2098 AVPV-MEPO-SFO Tbr1 Glut_5,0523 AVPV-MEPO-SFO Tbr1 Glut_5,116 AVPV-MEPO-SFO Tbr1 Glut,13 CNU-HYa Glut,Glut,1,6.101954,6.101954,1.0
2266,2086 AVPV-MEPO-SFO Tbr1 Glut_3,0521 AVPV-MEPO-SFO Tbr1 Glut_3,116 AVPV-MEPO-SFO Tbr1 Glut,13 CNU-HYa Glut,Glut,1,0.0,0.0,0.0
2267,2087 AVPV-MEPO-SFO Tbr1 Glut_3,0521 AVPV-MEPO-SFO Tbr1 Glut_3,116 AVPV-MEPO-SFO Tbr1 Glut,13 CNU-HYa Glut,Glut,1,6.7579565,6.7579565,1.0
2269,2080 AVPV-MEPO-SFO Tbr1 Glut_2,0520 AVPV-MEPO-SFO Tbr1 Glut_2,116 AVPV-MEPO-SFO Tbr1 Glut,13 CNU-HYa Glut,Glut,1,5.67758,5.67758,1.0
2273,2049 COAa-PAA-MEA Barhl2 Glut_8,0516 COAa-PAA-MEA Barhl2 Glut_8,114 COAa-PAA-MEA Barhl2 Glut,13 CNU-HYa Glut,Glut,39,4.5110164,5.244866,0.7948717948717948
2275,2122 ADP-MPO Trp73 Glut_2,0528 ADP-MPO Trp73 Glut_2,118 ADP-MPO Trp73 Glut,13 CNU-HYa Glut,Glut,1,0.0,0.0,0.0
2276,2119 ADP-MPO Trp73 Glut_1,0527 ADP-MPO Trp73 Glut_1,118 ADP-MPO Trp73 Glut,13 CNU-HYa Glut,Glut,2,6.240107,6.240107,1.0
2278,2115 ADP-MPO Trp73 Glut_1,0527 ADP-MPO Trp73 Glut_1,118 ADP-MPO Trp73 Glut,13 CNU-HYa Glut,Glut,14,5.5892954,6.550772,0.8571428571428571
2283,2125 ADP-MPO Trp73 Glut_2,0528 ADP-MPO Trp73 Glut_2,118 ADP-MPO Trp73 Glut,13 CNU-HYa Glut,Glut,7,3.224329,4.924589,0.5714285714285714
2286,2111 LHA Barhl2 Glut_2,0525 LHA Barhl2 Glut_2,117 LHA Barhl2 Glut,13 CNU-HYa Glut,Glut,1,5.3677235,5.3677235,1.0
2289,2107 LHA Barhl2 Glut_2,0525 LHA Barhl2 Glut_2,117 LHA Barhl2 Glut,13 CNU-HYa Glut,Glut,2,6.6003666,6.6003666,1.0
2295,2117 ADP-MPO Trp73 Glut_1,0527 ADP-MPO Trp73 Glut_1,118 ADP-MPO Trp73 Glut,13 CNU-HYa Glut,Glut,2,3.4613085,3.4613085,0.5
2321,2527 PMd-LHA Foxb1 Glut_2,0620 PMd-LHA Foxb1 Glut_2,140 PMd-LHA Foxb1 Glut,14 HY Glut,Glut,1,4.8420568,4.8420568,1.0
2360,2546 PH-SUM Foxa1 Glut_3,0624 PH-SUM Foxa1 Glut_3,141 PH-SUM Foxa1 Glut,14 HY Glut,Glut,1,0.0,0.0,0.0
2365,2542 PH-SUM Foxa1 Glut_2,0623 PH-SUM Foxa1 Glut_2,141 PH-SUM Foxa1 Glut,14 HY Glut,Glut,1,6.2134724,6.2134724,1.0
2375,2559 PH-SUM Foxa1 Glut_6,0627 PH-SUM Foxa1 Glut_6,141 PH-SUM Foxa1 Glut,14 HY Glut,Glut,1,5.3549647,5.3549647,1.0
2381,2545 PH-SUM Foxa1 Glut_3,0624 PH-SUM Foxa1 Glut_3,141 PH-SUM Foxa1 Glut,14 HY Glut,Glut,1,7.26717,7.26717,1.0
2418,3838 SNc-VTA-RAmb Foxa1 Dopa_1,0880 SNc-VTA-RAmb Foxa1 Dopa_1,215 SNc-VTA-RAmb Foxa1 Dopa,21 MB Dopa,Dopa,1,0.0,0.0,0.0
2449,2405 PH-ant-LHA Otp Bsx Glut_3,0593 PH-ant-LHA Otp Bsx Glut_3,134 PH-ant-LHA Otp Bsx Glut,14 HY Glut,Glut,1,6.199614,6.199614,1.0
2450,2414 PH-ant-LHA Otp Bsx Glut_5,0595 PH-ant-LHA Otp Bsx Glut_5,134 PH-ant-LHA Otp Bsx Glut,14 HY Glut,Glut,1,4.437351,4.437351,1.0
2465,2379 PVH-SO-PVa Otp Glut_4,0588 PVH-SO-PVa Otp Glut_4,133 PVH-SO-PVa Otp Glut,14 HY Glut,Glut,1,7.0746465,7.0746465,1.0
2466,2380 PVH-SO-PVa Otp Glut_4,0588 PVH-SO-PVa Otp Glut_4,133 PVH-SO-PVa Otp Glut,14 HY Glut,Glut,119,3.7976623,5.146197,0.6554621848739496
2467,2381 PVH-SO-PVa Otp Glut_4,0588 PVH-SO-PVa Otp Glut_4,133 PVH-SO-PVa Otp Glut,14 HY Glut,Glut,6,2.8896224,2.3678246,0.5
2468,2364 PVH-SO-PVa Otp Glut_1,0585 PVH-SO-PVa Otp Glut_1,133 PVH-SO-PVa Otp Glut,14 HY Glut,Glut,1,6.9300385,6.9300385,1.0
2471,2367 PVH-SO-PVa Otp Glut_1,0585 PVH-SO-PVa Otp Glut_1,133 PVH-SO-PVa Otp Glut,14 HY Glut,Glut,1,6.731528,6.731528,1.0
2475,2386 PVH-SO-PVa Otp Glut_6,0590 PVH-SO-PVa Otp Glut_6,133 PVH-SO-PVa Otp Glut,14 HY Glut,Glut,7,3.973906,5.095947,0.7142857142857143
2476,2326 LHA-AHN-PVH Otp Trh Glut_1,0574 LHA-AHN-PVH Otp Trh Glut_1,131 LHA-AHN-PVH Otp Trh Glut,14 HY Glut,Glut-GABA,6,1.9789429,0.0,0.3333333333333333
2477,2224 LHA-MEA Otp Glut_2,0543 LHA-MEA Otp Glut_2,122 LHA-MEA Otp Glut,13 CNU-HYa Glut,Glut,164,4.0321627,5.453706,0.6524390243902439
2478,2218 LHA-MEA Otp Glut_1,0542 LHA-MEA Otp Glut_1,122 LHA-MEA Otp Glut,13 CNU-HYa Glut,Glut,232,3.3071005,4.606435,0.5603448275862069
2479,2214 MEA-BST Otp Zic2 Glut_2,0540 MEA-BST Otp Zic2 Glut_2,121 MEA-BST Otp Zic2 Glut,13 CNU-HYa Glut,Glut,251,3.2715976,4.8514166,0.5338645418326693
2480,2215 MEA-BST Otp Zic2 Glut_2,0540 MEA-BST Otp Zic2 Glut_2,121 MEA-BST Otp Zic2 Glut,13 CNU-HYa Glut,Glut,301,4.067065,5.2806454,0.6877076411960132
2481,2220 LHA-MEA Otp Glut_1,0542 LHA-MEA Otp Glut_1,122 LHA-MEA Otp Glut,13 CNU-HYa Glut,Glut,126,3.6336505,5.0117593,0.6111111111111112
2482,2221 LHA-MEA Otp Glut_1,0542 LHA-MEA Otp Glut_1,122 LHA-MEA Otp Glut,13 CNU-HYa Glut,Glut,64,4.451906,5.487155,0.75
2483,2222 LHA-MEA Otp Glut_1,0542 LHA-MEA Otp Glut_1,122 LHA-MEA Otp Glut,13 CNU-HYa Glut,Glut,23,2.6160553,0.0,0.4782608695652174
2484,2219 LHA-MEA Otp Glut_1,0542 LHA-MEA Otp Glut_1,122 LHA-MEA Otp Glut,13 CNU-HYa Glut,Glut,117,3.1194396,4.6849585,0.5213675213675214
2485,2208 MEA-BST Otp Zic2 Glut_1,0539 MEA-BST Otp Zic2 Glut_1,121 MEA-BST Otp Zic2 Glut,13 CNU-HYa Glut,Glut,24,3.5515487,5.0499525,0.5833333333333334
2486,2211 MEA-BST Otp Zic2 Glut_1,0539 MEA-BST Otp Zic2 Glut_1,121 MEA-BST Otp Zic2 Glut,13 CNU-HYa Glut,Glut,9,2.6201372,0.0,0.4444444444444444
2487,2209 MEA-BST Otp Zic2 Glut_1,0539 MEA-BST Otp Zic2 Glut_1,121 MEA-BST Otp Zic2 Glut,13 CNU-HYa Glut,Glut,39,4.256654,5.625219,0.6923076923076923
2488,2212 MEA-BST Otp Zic2 Glut_1,0539 MEA-BST Otp Zic2 Glut_1,121 MEA-BST Otp Zic2 Glut,13 CNU-HYa Glut,Glut,15,2.8856423,0.0,0.4666666666666667
2489,2216 MEA-BST Otp Zic2 Glut_2,0540 MEA-BST Otp Zic2 Glut_2,121 MEA-BST Otp Zic2 Glut,13 CNU-HYa Glut,Glut,237,3.5173812,5.0358706,0.5907172995780591
2491,2331 LHA-AHN-PVH Otp Trh Glut_2,0575 LHA-AHN-PVH Otp Trh Glut_2,131 LHA-AHN-PVH Otp Trh Glut,14 HY Glut,Glut,33,5.0604687,5.7707314,0.8484848484848485
2498,2339 LHA-AHN-PVH Otp Trh Glut_5,0578 LHA-AHN-PVH Otp Trh Glut_5,131 LHA-AHN-PVH Otp Trh Glut,14 HY Glut,Glut-GABA,1,6.209969,6.209969,1.0
2500,2337 LHA-AHN-PVH Otp Trh Glut_4,0577 LHA-AHN-PVH Otp Trh Glut_4,131 LHA-AHN-PVH Otp Trh Glut,14 HY Glut,Glut,2,0.0,0.0,0.0
2502,2336 LHA-AHN-PVH Otp Trh Glut_3,0576 LHA-AHN-PVH Otp Trh Glut_3,131 LHA-AHN-PVH Otp Trh Glut,14 HY Glut,Glut,1,0.0,0.0,0.0
2503,2213 MEA-BST Otp Zic2 Glut_1,0539 MEA-BST Otp Zic2 Glut_1,121 MEA-BST Otp Zic2 Glut,13 CNU-HYa Glut,Glut,17,3.2161565,4.394655,0.5294117647058824
2505,2210 MEA-BST Otp Zic2 Glut_1,0539 MEA-BST Otp Zic2 Glut_1,121 MEA-BST Otp Zic2 Glut,13 CNU-HYa Glut,Glut,79,2.9781733,4.3086777,0.5063291139240507
2506,2223 LHA-MEA Otp Glut_1,0542 LHA-MEA Otp Glut_1,122 LHA-MEA Otp Glut,13 CNU-HYa Glut,Glut,26,3.16383,4.6008773,0.5384615384615384
2509,2345 AHN-RCH-LHA Otp Fezf1 Glut_2,0580 AHN-RCH-LHA Otp Fezf1 Glut_2,132 AHN-RCH-LHA Otp Fezf1 Glut,14 HY Glut,Glut,1,5.3819194,5.3819194,1.0
2513,2347 AHN-RCH-LHA Otp Fezf1 Glut_2,0580 AHN-RCH-LHA Otp Fezf1 Glut_2,132 AHN-RCH-LHA Otp Fezf1 Glut,14 HY Glut,Glut,1,0.0,0.0,0.0
2515,2350 AHN-RCH-LHA Otp Fezf1 Glut_2,0580 AHN-RCH-LHA Otp Fezf1 Glut_2,132 AHN-RCH-LHA Otp Fezf1 Glut,14 HY Glut,Glut,1,5.8491883,5.8491883,1.0
2516,2385 PVH-SO-PVa Otp Glut_6,0590 PVH-SO-PVa Otp Glut_6,133 PVH-SO-PVa Otp Glut,14 HY Glut,,1,0.0,0.0,0.0
2520,2343 AHN-RCH-LHA Otp Fezf1 Glut_1,0579 AHN-RCH-LHA Otp Fezf1 Glut_1,132 AHN-RCH-LHA Otp Fezf1 Glut,14 HY Glut,Glut,2,4.8270507,4.8270507,1.0
2521,2353 AHN-RCH-LHA Otp Fezf1 Glut_3,0581 AHN-RCH-LHA Otp Fezf1 Glut_3,132 AHN-RCH-LHA Otp Fezf1 Glut,14 HY Glut,Glut,1,0.0,0.0,0.0
2528,2360 AHN-RCH-LHA Otp Fezf1 Glut_5,0583 AHN-RCH-LHA Otp Fezf1 Glut_5,132 AHN-RCH-LHA Otp Fezf1 Glut,14 HY Glut,Glut,1,6.6633058,6.6633058,1.0
2532,2041 COAa-PAA-MEA Barhl2 Glut_7,0515 COAa-PAA-MEA Barhl2 Glut_7,114 COAa-PAA-MEA Barhl2 Glut,13 CNU-HYa Glut,Glut,330,3.6528409,5.050024,0.6212121212121212
2533,2217 MEA-BST Otp Zic2 Glut_3,0541 MEA-BST Otp Zic2 Glut_3,121 MEA-BST Otp Zic2 Glut,13 CNU-HYa Glut,Glut,283,3.5809286,4.9982276,0.6113074204946997
2534,2042 COAa-PAA-MEA Barhl2 Glut_7,0515 COAa-PAA-MEA Barhl2 Glut_7,114 COAa-PAA-MEA Barhl2 Glut,13 CNU-HYa Glut,Glut,323,3.5853434,5.037072,0.6037151702786377
2535,2043 COAa-PAA-MEA Barhl2 Glut_7,0515 COAa-PAA-MEA Barhl2 Glut_7,114 COAa-PAA-MEA Barhl2 Glut,13 CNU-HYa Glut,Glut,150,3.4641829,4.7463417,0.6333333333333333
2536,2044 COAa-PAA-MEA Barhl2 Glut_7,0515 COAa-PAA-MEA Barhl2 Glut_7,114 COAa-PAA-MEA Barhl2 Glut,13 CNU-HYa Glut,Glut,156,3.3931544,4.93034,0.5833333333333334
2537,2045 COAa-PAA-MEA Barhl2 Glut_7,0515 COAa-PAA-MEA Barhl2 Glut_7,114 COAa-PAA-MEA Barhl2 Glut,13 CNU-HYa Glut,Glut,200,3.5887504,4.9957924,0.615
2538,2046 COAa-PAA-MEA Barhl2 Glut_7,0515 COAa-PAA-MEA Barhl2 Glut_7,114 COAa-PAA-MEA Barhl2 Glut,13 CNU-HYa Glut,Glut,32,3.0856683,4.3487406,0.59375
2539,2014 COAa-PAA-MEA Barhl2 Glut_1,0509 COAa-PAA-MEA Barhl2 Glut_1,114 COAa-PAA-MEA Barhl2 Glut,13 CNU-HYa Glut,Glut,49,3.5451393,5.2238693,0.5918367346938775
2540,2047 COAa-PAA-MEA Barhl2 Glut_7,0515 COAa-PAA-MEA Barhl2 Glut_7,114 COAa-PAA-MEA Barhl2 Glut,13 CNU-HYa Glut,Glut,47,4.6583123,5.5272007,0.8085106382978723
2541,2543 PH-SUM Foxa1 Glut_3,0624 PH-SUM Foxa1 Glut_3,141 PH-SUM Foxa1 Glut,14 HY Glut,Glut,1,7.734374,7.734374,1.0
2542,2015 COAa-PAA-MEA Barhl2 Glut_1,0509 COAa-PAA-MEA Barhl2 Glut_1,114 COAa-PAA-MEA Barhl2 Glut,13 CNU-HYa Glut,Glut,44,2.8484526,0.0,0.4772727272727273
2543,2048 COAa-PAA-MEA Barhl2 Glut_7,0515 COAa-PAA-MEA Barhl2 Glut_7,114 COAa-PAA-MEA Barhl2 Glut,13 CNU-HYa Glut,Glut,77,3.9275734,5.288332,0.6623376623376623
2546,1999 MEA-COA-BMA Ccdc42 Glut_1,0505 MEA-COA-BMA Ccdc42 Glut_1,113 MEA-COA-BMA Ccdc42 Glut,13 CNU-HYa Glut,Glut,30,3.8252778,5.2342377,0.6666666666666666
2547,2000 MEA-COA-BMA Ccdc42 Glut_1,0505 MEA-COA-BMA Ccdc42 Glut_1,113 MEA-COA-BMA Ccdc42 Glut,13 CNU-HYa Glut,Glut,3,2.2130663,0.0,0.3333333333333333
2548,0206 MEA Slc17a7 Glut_2,0056 MEA Slc17a7 Glut_2,012 MEA Slc17a7 Glut,01 IT-ET Glut,Glut,1,5.7669034,5.7669034,1.0
2549,2001 MEA-COA-BMA Ccdc42 Glut_1,0505 MEA-COA-BMA Ccdc42 Glut_1,113 MEA-COA-BMA Ccdc42 Glut,13 CNU-HYa Glut,Glut,3,2.0646505,0.0,0.3333333333333333
2550,2002 MEA-COA-BMA Ccdc42 Glut_1,0505 MEA-COA-BMA Ccdc42 Glut_1,113 MEA-COA-BMA Ccdc42 Glut,13 CNU-HYa Glut,Glut,38,3.4146447,4.953171,0.5789473684210527
2551,2004 MEA-COA-BMA Ccdc42 Glut_2,0506 MEA-COA-BMA Ccdc42 Glut_2,113 MEA-COA-BMA Ccdc42 Glut,13 CNU-HYa Glut,Glut,147,2.8491948,0.0,0.4897959183673469
2552,2003 MEA-COA-BMA Ccdc42 Glut_1,0505 MEA-COA-BMA Ccdc42 Glut_1,113 MEA-COA-BMA Ccdc42 Glut,13 CNU-HYa Glut,Glut,7,5.1800604,6.0329995,0.8571428571428571
2553,2010 MEA-COA-BMA Ccdc42 Glut_4,0508 MEA-COA-BMA Ccdc42 Glut_4,113 MEA-COA-BMA Ccdc42 Glut,13 CNU-HYa Glut,Glut,452,3.0484378,4.456891,0.5154867256637168
2554,2011 MEA-COA-BMA Ccdc42 Glut_4,0508 MEA-COA-BMA Ccdc42 Glut_4,113 MEA-COA-BMA Ccdc42 Glut,13 CNU-HYa Glut,Glut,53,3.8350346,5.0016937,0.6415094339622641
2555,2053 COAa-PAA-MEA Barhl2 Glut_9,0517 COAa-PAA-MEA Barhl2 Glut_9,114 COAa-PAA-MEA Barhl2 Glut,13 CNU-HYa Glut,Glut,68,3.0138628,4.197873,0.5147058823529411
2556,2016 COAa-PAA-MEA Barhl2 Glut_1,0509 COAa-PAA-MEA Barhl2 Glut_1,114 COAa-PAA-MEA Barhl2 Glut,13 CNU-HYa Glut,Glut,214,2.8478878,0.0,0.4719626168224299
2557,2017 COAa-PAA-MEA Barhl2 Glut_1,0509 COAa-PAA-MEA Barhl2 Glut_1,114 COAa-PAA-MEA Barhl2 Glut,13 CNU-HYa Glut,Glut,17,1.7685112,0.0,0.29411764705882354
2558,2018 COAa-PAA-MEA Barhl2 Glut_1,0509 COAa-PAA-MEA Barhl2 Glut_1,114 COAa-PAA-MEA Barhl2 Glut,13 CNU-HYa Glut,Glut,68,2.340696,0.0,0.38235294117647056
2559,2019 COAa-PAA-MEA Barhl2 Glut_1,0509 COAa-PAA-MEA Barhl2 Glut_1,114 COAa-PAA-MEA Barhl2 Glut,13 CNU-HYa Glut,Glut,62,2.7180517,0.0,0.46774193548387094
2560,2020 COAa-PAA-MEA Barhl2 Glut_1,0509 COAa-PAA-MEA Barhl2 Glut_1,114 COAa-PAA-MEA Barhl2 Glut,13 CNU-HYa Glut,Glut,114,4.0709157,5.4276524,0.6754385964912281
2561,0207 MEA Slc17a7 Glut_2,0056 MEA Slc17a7 Glut_2,012 MEA Slc17a7 Glut,01 IT-ET Glut,Glut,130,2.945638,4.4157195,0.5076923076923077
2562,2005 MEA-COA-BMA Ccdc42 Glut_3,0507 MEA-COA-BMA Ccdc42 Glut_3,113 MEA-COA-BMA Ccdc42 Glut,13 CNU-HYa Glut,Glut,53,2.858521,4.1927686,0.5094339622641509
2563,2008 MEA-COA-BMA Ccdc42 Glut_3,0507 MEA-COA-BMA Ccdc42 Glut_3,113 MEA-COA-BMA Ccdc42 Glut,13 CNU-HYa Glut,Glut,1043,3.2711568,4.6114354,0.5790987535953979
2564,2006 MEA-COA-BMA Ccdc42 Glut_3,0507 MEA-COA-BMA Ccdc42 Glut_3,113 MEA-COA-BMA Ccdc42 Glut,13 CNU-HYa Glut,Glut,7344,3.1478689,4.619342,0.5378540305010894
2565,2007 MEA-COA-BMA Ccdc42 Glut_3,0507 MEA-COA-BMA Ccdc42 Glut_3,113 MEA-COA-BMA Ccdc42 Glut,13 CNU-HYa Glut,Glut,226,2.977329,4.3617077,0.5132743362831859
2566,2009 MEA-COA-BMA Ccdc42 Glut_3,0507 MEA-COA-BMA Ccdc42 Glut_3,113 MEA-COA-BMA Ccdc42 Glut,13 CNU-HYa Glut,Glut,41,2.8745344,3.7153485,0.5121951219512195
2567,2032 COAa-PAA-MEA Barhl2 Glut_4,0512 COAa-PAA-MEA Barhl2 Glut_4,114 COAa-PAA-MEA Barhl2 Glut,13 CNU-HYa Glut,Glut,44,2.2873895,0.0,0.45454545454545453
2568,2021 COAa-PAA-MEA Barhl2 Glut_1,0509 COAa-PAA-MEA Barhl2 Glut_1,114 COAa-PAA-MEA Barhl2 Glut,13 CNU-HYa Glut,Glut,177,2.9904869,4.1322956,0.5084745762711864
2569,2013 MEA-COA-BMA Ccdc42 Glut_4,0508 MEA-COA-BMA Ccdc42 Glut_4,113 MEA-COA-BMA Ccdc42 Glut,13 CNU-HYa Glut,Glut,175,3.1537395,4.7024527,0.52
2571,2012 MEA-COA-BMA Ccdc42 Glut_4,0508 MEA-COA-BMA Ccdc42 Glut_4,113 MEA-COA-BMA Ccdc42 Glut,13 CNU-HYa Glut,Glut,39,3.0455658,4.8132286,0.5128205128205128
2572,2050 COAa-PAA-MEA Barhl2 Glut_8,0516 COAa-PAA-MEA Barhl2 Glut_8,114 COAa-PAA-MEA Barhl2 Glut,13 CNU-HYa Glut,Glut,27,5.005121,6.098998,0.8148148148148148
2573,2033 COAa-PAA-MEA Barhl2 Glut_4,0512 COAa-PAA-MEA Barhl2 Glut_4,114 COAa-PAA-MEA Barhl2 Glut,13 CNU-HYa Glut,Glut,1,0.0,0.0,0.0
2574,2038 COAa-PAA-MEA Barhl2 Glut_6,0514 COAa-PAA-MEA Barhl2 Glut_6,114 COAa-PAA-MEA Barhl2 Glut,13 CNU-HYa Glut,Glut,2,2.1406918,2.1406918,0.5
2576,2051 COAa-PAA-MEA Barhl2 Glut_8,0516 COAa-PAA-MEA Barhl2 Glut_8,114 COAa-PAA-MEA Barhl2 Glut,13 CNU-HYa Glut,Glut,31,3.3472204,4.28591,0.6129032258064516
2577,2052 COAa-PAA-MEA Barhl2 Glut_8,0516 COAa-PAA-MEA Barhl2 Glut_8,114 COAa-PAA-MEA Barhl2 Glut,13 CNU-HYa Glut,Glut,22,3.7150862,5.0380316,0.6363636363636364
2578,2034 COAa-PAA-MEA Barhl2 Glut_4,0512 COAa-PAA-MEA Barhl2 Glut_4,114 COAa-PAA-MEA Barhl2 Glut,13 CNU-HYa Glut,Glut,41,3.6851215,5.2580495,0.5853658536585366
2579,2022 COAa-PAA-MEA Barhl2 Glut_1,0509 COAa-PAA-MEA Barhl2 Glut_1,114 COAa-PAA-MEA Barhl2 Glut,13 CNU-HYa Glut,Glut,28,1.5469494,0.0,0.2857142857142857
2580,2023 COAa-PAA-MEA Barhl2 Glut_1,0509 COAa-PAA-MEA Barhl2 Glut_1,114 COAa-PAA-MEA Barhl2 Glut,13 CNU-HYa Glut,Glut,43,3.7389905,4.91083,0.6744186046511628
2581,2024 COAa-PAA-MEA Barhl2 Glut_2,0510 COAa-PAA-MEA Barhl2 Glut_2,114 COAa-PAA-MEA Barhl2 Glut,13 CNU-HYa Glut,Glut,18,2.0921013,0.0,0.3888888888888889
2582,2025 COAa-PAA-MEA Barhl2 Glut_2,0510 COAa-PAA-MEA Barhl2 Glut_2,114 COAa-PAA-MEA Barhl2 Glut,13 CNU-HYa Glut,Glut,46,3.4297144,4.4788885,0.6739130434782609
2583,2026 COAa-PAA-MEA Barhl2 Glut_2,0510 COAa-PAA-MEA Barhl2 Glut_2,114 COAa-PAA-MEA Barhl2 Glut,13 CNU-HYa Glut,Glut,15,3.088128,4.364449,0.6
2584,2040 COAa-PAA-MEA Barhl2 Glut_6,0514 COAa-PAA-MEA Barhl2 Glut_6,114 COAa-PAA-MEA Barhl2 Glut,13 CNU-HYa Glut,Glut,13,3.4312475,4.304354,0.6923076923076923
2585,2035 COAa-PAA-MEA Barhl2 Glut_5,0513 COAa-PAA-MEA Barhl2 Glut_5,114 COAa-PAA-MEA Barhl2 Glut,13 CNU-HYa Glut,Glut,17,2.8579643,4.2906046,0.5294117647058824
2586,2036 COAa-PAA-MEA Barhl2 Glut_5,0513 COAa-PAA-MEA Barhl2 Glut_5,114 COAa-PAA-MEA Barhl2 Glut,13 CNU-HYa Glut,Glut,6,2.4102275,1.852039,0.5
2587,2037 COAa-PAA-MEA Barhl2 Glut_5,0513 COAa-PAA-MEA Barhl2 Glut_5,114 COAa-PAA-MEA Barhl2 Glut,13 CNU-HYa Glut,Glut,6,1.5889736,0.0,0.3333333333333333
2588,2027 COAa-PAA-MEA Barhl2 Glut_3,0511 COAa-PAA-MEA Barhl2 Glut_3,114 COAa-PAA-MEA Barhl2 Glut,13 CNU-HYa Glut,Glut,275,2.4908733,0.0,0.4727272727272727
2589,2028 COAa-PAA-MEA Barhl2 Glut_3,0511 COAa-PAA-MEA Barhl2 Glut_3,114 COAa-PAA-MEA Barhl2 Glut,13 CNU-HYa Glut,Glut,201,2.034651,0.0,0.38308457711442784
2590,2029 COAa-PAA-MEA Barhl2 Glut_3,0511 COAa-PAA-MEA Barhl2 Glut_3,114 COAa-PAA-MEA Barhl2 Glut,13 CNU-HYa Glut,Glut,412,2.2410629,0.0,0.44902912621359226
2591,2030 COAa-PAA-MEA Barhl2 Glut_3,0511 COAa-PAA-MEA Barhl2 Glut_3,114 COAa-PAA-MEA Barhl2 Glut,13 CNU-HYa Glut,Glut,122,2.5131204,3.8563118,0.5163934426229508
2592,2031 COAa-PAA-MEA Barhl2 Glut_3,0511 COAa-PAA-MEA Barhl2 Glut_3,114 COAa-PAA-MEA Barhl2 Glut,13 CNU-HYa Glut,Glut,140,2.6101468,0.0,0.4928571428571429
2593,2100 LHA Barhl2 Glut_1,0524 LHA Barhl2 Glut_1,117 LHA Barhl2 Glut,13 CNU-HYa Glut,Glut,8,4.593173,5.767662,0.75
2674,2203 MEA Otp Foxp2 Glut_1,0538 MEA Otp Foxp2 Glut_1,120 MEA Otp Foxp2 Glut,13 CNU-HYa Glut,Glut,82,3.5502923,4.8865795,0.5975609756097561
2675,2204 MEA Otp Foxp2 Glut_1,0538 MEA Otp Foxp2 Glut_1,120 MEA Otp Foxp2 Glut,13 CNU-HYa Glut,Glut,1215,3.2598622,4.665695,0.5670781893004115
2676,2206 MEA Otp Foxp2 Glut_1,0538 MEA Otp Foxp2 Glut_1,120 MEA Otp Foxp2 Glut,13 CNU-HYa Glut,Glut,83,2.6575658,0.0,0.4578313253012048
2677,2207 MEA Otp Foxp2 Glut_1,0538 MEA Otp Foxp2 Glut_1,120 MEA Otp Foxp2 Glut,13 CNU-HYa Glut,Glut,82,3.4884052,4.774412,0.6219512195121951
2678,2205 MEA Otp Foxp2 Glut_1,0538 MEA Otp Foxp2 Glut_1,120 MEA Otp Foxp2 Glut,13 CNU-HYa Glut,Glut,42,3.009228,2.2321212,0.5
2679,1989 BST-po Iigp1 Glut_1,0501 BST-po Iigp1 Glut_1,110 BST-po Iigp1 Glut,13 CNU-HYa Glut,Glut,5,4.100835,5.80081,0.6
2680,2193 SI-MA-LPO-LHA Skor1 Glut_7,0536 SI-MA-LPO-LHA Skor1 Glut_7,119 SI-MA-LPO-LHA Skor1 Glut,13 CNU-HYa Glut,Glut,15,3.7806,5.42095,0.6666666666666666
2681,2198 SI-MA-LPO-LHA Skor1 Glut_8,0537 SI-MA-LPO-LHA Skor1 Glut_8,119 SI-MA-LPO-LHA Skor1 Glut,13 CNU-HYa Glut,Glut,14,3.7486942,4.728613,0.7142857142857143
2682,2173 SI-MA-LPO-LHA Skor1 Glut_5,0534 SI-MA-LPO-LHA Skor1 Glut_5,119 SI-MA-LPO-LHA Skor1 Glut,13 CNU-HYa Glut,Glut,36,4.7246785,5.5076323,0.7777777777777778
2683,2183 SI-MA-LPO-LHA Skor1 Glut_6,0535 SI-MA-LPO-LHA Skor1 Glut_6,119 SI-MA-LPO-LHA Skor1 Glut,13 CNU-HYa Glut,Glut,70,2.3863647,0.0,0.4142857142857143
2684,2184 SI-MA-LPO-LHA Skor1 Glut_6,0535 SI-MA-LPO-LHA Skor1 Glut_6,119 SI-MA-LPO-LHA Skor1 Glut,13 CNU-HYa Glut,Glut,59,1.7588272,0.0,0.3220338983050847
2686,2146 SI-MA-LPO-LHA Skor1 Glut_2,0531 SI-MA-LPO-LHA Skor1 Glut_2,119 SI-MA-LPO-LHA Skor1 Glut,13 CNU-HYa Glut,Glut,36,2.7387347,0.0,0.4444444444444444
2687,2187 SI-MA-LPO-LHA Skor1 Glut_6,0535 SI-MA-LPO-LHA Skor1 Glut_6,119 SI-MA-LPO-LHA Skor1 Glut,13 CNU-HYa Glut,Glut,52,3.409306,4.907736,0.5769230769230769
2688,2180 SI-MA-LPO-LHA Skor1 Glut_6,0535 SI-MA-LPO-LHA Skor1 Glut_6,119 SI-MA-LPO-LHA Skor1 Glut,13 CNU-HYa Glut,Glut,34,2.9414582,4.372341,0.5294117647058824
2689,2181 SI-MA-LPO-LHA Skor1 Glut_6,0535 SI-MA-LPO-LHA Skor1 Glut_6,119 SI-MA-LPO-LHA Skor1 Glut,13 CNU-HYa Glut,Glut,73,2.0789347,0.0,0.3698630136986301
2690,2188 SI-MA-LPO-LHA Skor1 Glut_6,0535 SI-MA-LPO-LHA Skor1 Glut_6,119 SI-MA-LPO-LHA Skor1 Glut,13 CNU-HYa Glut,Glut,88,1.8598301,0.0,0.32954545454545453
2691,2185 SI-MA-LPO-LHA Skor1 Glut_6,0535 SI-MA-LPO-LHA Skor1 Glut_6,119 SI-MA-LPO-LHA Skor1 Glut,13 CNU-HYa Glut,Glut,134,2.479111,0.0,0.44029850746268656
2692,2182 SI-MA-LPO-LHA Skor1 Glut_6,0535 SI-MA-LPO-LHA Skor1 Glut_6,119 SI-MA-LPO-LHA Skor1 Glut,13 CNU-HYa Glut,Glut,120,3.2463522,4.840009,0.5333333333333333
2693,0495 OB Eomes Ms4a15 Glut_5,0134 OB Eomes Ms4a15 Glut_5,035 OB Eomes Ms4a15 Glut,03 OB-CR Glut,Glut,1,0.0,0.0,0.0
2694,0496 OB Eomes Ms4a15 Glut_5,0134 OB Eomes Ms4a15 Glut_5,035 OB Eomes Ms4a15 Glut,03 OB-CR Glut,Glut,2,0.0,0.0,0.0
2695,0492 OB Eomes Ms4a15 Glut_3,0132 OB Eomes Ms4a15 Glut_3,035 OB Eomes Ms4a15 Glut,03 OB-CR Glut,Glut,21,2.0751817,0.0,0.3333333333333333
2696,2160 SI-MA-LPO-LHA Skor1 Glut_3,0532 SI-MA-LPO-LHA Skor1 Glut_3,119 SI-MA-LPO-LHA Skor1 Glut,13 CNU-HYa Glut,Glut-GABA,81,3.3428423,4.973956,0.5432098765432098
2697,2161 SI-MA-LPO-LHA Skor1 Glut_3,0532 SI-MA-LPO-LHA Skor1 Glut_3,119 SI-MA-LPO-LHA Skor1 Glut,13 CNU-HYa Glut,Glut-GABA,3,3.5482585,4.9791937,0.6666666666666666
2698,2156 SI-MA-LPO-LHA Skor1 Glut_3,0532 SI-MA-LPO-LHA Skor1 Glut_3,119 SI-MA-LPO-LHA Skor1 Glut,13 CNU-HYa Glut,Glut,54,3.4480002,5.1073294,0.5740740740740741
2699,2174 SI-MA-LPO-LHA Skor1 Glut_5,0534 SI-MA-LPO-LHA Skor1 Glut_5,119 SI-MA-LPO-LHA Skor1 Glut,13 CNU-HYa Glut,Glut,51,3.9790382,5.36574,0.6470588235294118
2700,2175 SI-MA-LPO-LHA Skor1 Glut_5,0534 SI-MA-LPO-LHA Skor1 Glut_5,119 SI-MA-LPO-LHA Skor1 Glut,13 CNU-HYa Glut,Glut,53,4.744448,6.1040244,0.7547169811320755
2701,2133 SI-MA-LPO-LHA Skor1 Glut_1,0530 SI-MA-LPO-LHA Skor1 Glut_1,119 SI-MA-LPO-LHA Skor1 Glut,13 CNU-HYa Glut,Glut,55,4.340506,5.481143,0.7090909090909091
2702,2176 SI-MA-LPO-LHA Skor1 Glut_5,0534 SI-MA-LPO-LHA Skor1 Glut_5,119 SI-MA-LPO-LHA Skor1 Glut,13 CNU-HYa Glut,Glut,21,4.0465245,5.1929173,0.7142857142857143
2703,2177 SI-MA-LPO-LHA Skor1 Glut_5,0534 SI-MA-LPO-LHA Skor1 Glut_5,119 SI-MA-LPO-LHA Skor1 Glut,13 CNU-HYa Glut,Glut,25,4.2702584,5.646711,0.72
2704,2178 SI-MA-LPO-LHA Skor1 Glut_5,0534 SI-MA-LPO-LHA Skor1 Glut_5,119 SI-MA-LPO-LHA Skor1 Glut,13 CNU-HYa Glut,Glut,20,2.3097067,0.0,0.4
2705,2179 SI-MA-LPO-LHA Skor1 Glut_5,0534 SI-MA-LPO-LHA Skor1 Glut_5,119 SI-MA-LPO-LHA Skor1 Glut,13 CNU-HYa Glut,Glut,33,3.8802135,5.381948,0.6666666666666666
2706,2199 SI-MA-LPO-LHA Skor1 Glut_8,0537 SI-MA-LPO-LHA Skor1 Glut_8,119 SI-MA-LPO-LHA Skor1 Glut,13 CNU-HYa Glut,Glut,27,5.080797,6.17649,0.8148148148148148
2707,2194 SI-MA-LPO-LHA Skor1 Glut_7,0536 SI-MA-LPO-LHA Skor1 Glut_7,119 SI-MA-LPO-LHA Skor1 Glut,13 CNU-HYa Glut,Glut,25,3.707492,4.9838524,0.6
2708,2147 SI-MA-LPO-LHA Skor1 Glut_2,0531 SI-MA-LPO-LHA Skor1 Glut_2,119 SI-MA-LPO-LHA Skor1 Glut,13 CNU-HYa Glut,Glut,23,4.1789284,4.885296,0.6956521739130435
2709,2148 SI-MA-LPO-LHA Skor1 Glut_2,0531 SI-MA-LPO-LHA Skor1 Glut_2,119 SI-MA-LPO-LHA Skor1 Glut,13 CNU-HYa Glut,Glut,58,3.4155433,4.848492,0.5689655172413793
2710,2149 SI-MA-LPO-LHA Skor1 Glut_2,0531 SI-MA-LPO-LHA Skor1 Glut_2,119 SI-MA-LPO-LHA Skor1 Glut,13 CNU-HYa Glut,Glut,178,3.955912,5.3983526,0.6741573033707865
2711,2150 SI-MA-LPO-LHA Skor1 Glut_2,0531 SI-MA-LPO-LHA Skor1 Glut_2,119 SI-MA-LPO-LHA Skor1 Glut,13 CNU-HYa Glut,Glut,68,2.6408863,0.0,0.39705882352941174
2712,2151 SI-MA-LPO-LHA Skor1 Glut_2,0531 SI-MA-LPO-LHA Skor1 Glut_2,119 SI-MA-LPO-LHA Skor1 Glut,13 CNU-HYa Glut,Glut,20,2.6569488,0.0,0.45
2713,2200 SI-MA-LPO-LHA Skor1 Glut_8,0537 SI-MA-LPO-LHA Skor1 Glut_8,119 SI-MA-LPO-LHA Skor1 Glut,13 CNU-HYa Glut,Glut,21,4.7579226,5.6928,0.8095238095238095
2714,2201 SI-MA-LPO-LHA Skor1 Glut_8,0537 SI-MA-LPO-LHA Skor1 Glut_8,119 SI-MA-LPO-LHA Skor1 Glut,13 CNU-HYa Glut,Glut,37,3.493776,4.8252416,0.6486486486486487
2716,2153 SI-MA-LPO-LHA Skor1 Glut_2,0531 SI-MA-LPO-LHA Skor1 Glut_2,119 SI-MA-LPO-LHA Skor1 Glut,13 CNU-HYa Glut,Glut,66,3.0663807,4.635953,0.5303030303030303
2717,2154 SI-MA-LPO-LHA Skor1 Glut_2,0531 SI-MA-LPO-LHA Skor1 Glut_2,119 SI-MA-LPO-LHA Skor1 Glut,13 CNU-HYa Glut,Glut,34,1.8416542,0.0,0.3235294117647059
2718,2202 SI-MA-LPO-LHA Skor1 Glut_8,0537 SI-MA-LPO-LHA Skor1 Glut_8,119 SI-MA-LPO-LHA Skor1 Glut,13 CNU-HYa Glut,Glut,5,4.5790205,5.2838426,0.8
2719,2195 SI-MA-LPO-LHA Skor1 Glut_7,0536 SI-MA-LPO-LHA Skor1 Glut_7,119 SI-MA-LPO-LHA Skor1 Glut,13 CNU-HYa Glut,Glut,35,3.2172534,4.4907165,0.5428571428571428
2720,2171 SI-MA-LPO-LHA Skor1 Glut_5,0534 SI-MA-LPO-LHA Skor1 Glut_5,119 SI-MA-LPO-LHA Skor1 Glut,13 CNU-HYa Glut,Glut,9,3.8127017,5.603887,0.6666666666666666
2721,2172 SI-MA-LPO-LHA Skor1 Glut_5,0534 SI-MA-LPO-LHA Skor1 Glut_5,119 SI-MA-LPO-LHA Skor1 Glut,13 CNU-HYa Glut,Glut,1,4.9344187,4.9344187,1.0
2722,2196 SI-MA-LPO-LHA Skor1 Glut_7,0536 SI-MA-LPO-LHA Skor1 Glut_7,119 SI-MA-LPO-LHA Skor1 Glut,13 CNU-HYa Glut,Glut,20,3.9152818,5.509076,0.6
2723,2157 SI-MA-LPO-LHA Skor1 Glut_3,0532 SI-MA-LPO-LHA Skor1 Glut_3,119 SI-MA-LPO-LHA Skor1 Glut,13 CNU-HYa Glut,Glut,54,4.160597,5.4512663,0.7037037037037037
2724,2158 SI-MA-LPO-LHA Skor1 Glut_3,0532 SI-MA-LPO-LHA Skor1 Glut_3,119 SI-MA-LPO-LHA Skor1 Glut,13 CNU-HYa Glut,Glut,8,2.1750479,0.0,0.375
2725,2159 SI-MA-LPO-LHA Skor1 Glut_3,0532 SI-MA-LPO-LHA Skor1 Glut_3,119 SI-MA-LPO-LHA Skor1 Glut,13 CNU-HYa Glut,Glut,26,5.24645,6.5075817,0.8076923076923077
2726,2186 SI-MA-LPO-LHA Skor1 Glut_6,0535 SI-MA-LPO-LHA Skor1 Glut_6,119 SI-MA-LPO-LHA Skor1 Glut,13 CNU-HYa Glut,Glut,5,4.042474,4.581319,0.8
2727,2197 SI-MA-LPO-LHA Skor1 Glut_7,0536 SI-MA-LPO-LHA Skor1 Glut_7,119 SI-MA-LPO-LHA Skor1 Glut,13 CNU-HYa Glut,Glut,29,4.6463194,5.5497346,0.7931034482758621
2728,2152 SI-MA-LPO-LHA Skor1 Glut_2,0531 SI-MA-LPO-LHA Skor1 Glut_2,119 SI-MA-LPO-LHA Skor1 Glut,13 CNU-HYa Glut,Glut,15,2.0187554,0.0,0.3333333333333333
2729,2163 SI-MA-LPO-LHA Skor1 Glut_4,0533 SI-MA-LPO-LHA Skor1 Glut_4,119 SI-MA-LPO-LHA Skor1 Glut,13 CNU-HYa Glut,Glut,6,3.31088,2.3319697,0.5
2730,2189 SI-MA-LPO-LHA Skor1 Glut_6,0535 SI-MA-LPO-LHA Skor1 Glut_6,119 SI-MA-LPO-LHA Skor1 Glut,13 CNU-HYa Glut,Glut,22,1.2083603,0.0,0.22727272727272727
2731,2190 SI-MA-LPO-LHA Skor1 Glut_6,0535 SI-MA-LPO-LHA Skor1 Glut_6,119 SI-MA-LPO-LHA Skor1 Glut,13 CNU-HYa Glut,Glut,53,2.7034347,4.034833,0.5094339622641509
2733,2127 ADP-MPO Trp73 Glut_2,0528 ADP-MPO Trp73 Glut_2,118 ADP-MPO Trp73 Glut,13 CNU-HYa Glut,Glut,47,3.076809,4.9371457,0.5319148936170213
2734,2164 SI-MA-LPO-LHA Skor1 Glut_4,0533 SI-MA-LPO-LHA Skor1 Glut_4,119 SI-MA-LPO-LHA Skor1 Glut,13 CNU-HYa Glut,Glut,56,4.2962008,5.762215,0.6964285714285714
2735,2134 SI-MA-LPO-LHA Skor1 Glut_1,0530 SI-MA-LPO-LHA Skor1 Glut_1,119 SI-MA-LPO-LHA Skor1 Glut,13 CNU-HYa Glut,Glut,27,2.4990485,0.0,0.48148148148148145
2736,2135 SI-MA-LPO-LHA Skor1 Glut_1,0530 SI-MA-LPO-LHA Skor1 Glut_1,119 SI-MA-LPO-LHA Skor1 Glut,13 CNU-HYa Glut,Glut,8,3.5819583,5.2479763,0.625
2737,2136 SI-MA-LPO-LHA Skor1 Glut_1,0530 SI-MA-LPO-LHA Skor1 Glut_1,119 SI-MA-LPO-LHA Skor1 Glut,13 CNU-HYa Glut,Glut,1,4.107144,4.107144,1.0
2738,2191 SI-MA-LPO-LHA Skor1 Glut_6,0535 SI-MA-LPO-LHA Skor1 Glut_6,119 SI-MA-LPO-LHA Skor1 Glut,13 CNU-HYa Glut,Glut,7,1.1909019,0.0,0.2857142857142857
2739,2192 SI-MA-LPO-LHA Skor1 Glut_6,0535 SI-MA-LPO-LHA Skor1 Glut_6,119 SI-MA-LPO-LHA Skor1 Glut,13 CNU-HYa Glut,Glut,14,2.1862943,2.0365374,0.5
2740,2162 SI-MA-LPO-LHA Skor1 Glut_3,0532 SI-MA-LPO-LHA Skor1 Glut_3,119 SI-MA-LPO-LHA Skor1 Glut,13 CNU-HYa Glut,Glut,1,0.0,0.0,0.0
2741,2103 LHA Barhl2 Glut_1,0524 LHA Barhl2 Glut_1,117 LHA Barhl2 Glut,13 CNU-HYa Glut,Glut,2,5.4932766,5.4932766,1.0
2742,2102 LHA Barhl2 Glut_1,0524 LHA Barhl2 Glut_1,117 LHA Barhl2 Glut,13 CNU-HYa Glut,Glut,1,4.899098,4.899098,1.0
2743,2104 LHA Barhl2 Glut_1,0524 LHA Barhl2 Glut_1,117 LHA Barhl2 Glut,13 CNU-HYa Glut,Glut,25,5.201242,6.0431123,0.84
2745,2109 LHA Barhl2 Glut_2,0525 LHA Barhl2 Glut_2,117 LHA Barhl2 Glut,13 CNU-HYa Glut,Glut,2,0.0,0.0,0.0
2746,2137 SI-MA-LPO-LHA Skor1 Glut_1,0530 SI-MA-LPO-LHA Skor1 Glut_1,119 SI-MA-LPO-LHA Skor1 Glut,13 CNU-HYa Glut,Glut,11,4.5874014,5.417652,0.8181818181818182
2747,2138 SI-MA-LPO-LHA Skor1 Glut_1,0530 SI-MA-LPO-LHA Skor1 Glut_1,119 SI-MA-LPO-LHA Skor1 Glut,13 CNU-HYa Glut,Glut,14,4.3372436,5.690056,0.7142857142857143
2748,2139 SI-MA-LPO-LHA Skor1 Glut_1,0530 SI-MA-LPO-LHA Skor1 Glut_1,119 SI-MA-LPO-LHA Skor1 Glut,13 CNU-HYa Glut,Glut,1,0.0,0.0,0.0
2749,2140 SI-MA-LPO-LHA Skor1 Glut_1,0530 SI-MA-LPO-LHA Skor1 Glut_1,119 SI-MA-LPO-LHA Skor1 Glut,13 CNU-HYa Glut,Glut,3,2.0816944,0.0,0.3333333333333333
2750,2165 SI-MA-LPO-LHA Skor1 Glut_4,0533 SI-MA-LPO-LHA Skor1 Glut_4,119 SI-MA-LPO-LHA Skor1 Glut,13 CNU-HYa Glut,Glut,3,2.5024421,0.0,0.3333333333333333
2751,2141 SI-MA-LPO-LHA Skor1 Glut_1,0530 SI-MA-LPO-LHA Skor1 Glut_1,119 SI-MA-LPO-LHA Skor1 Glut,13 CNU-HYa Glut,Glut,3,1.9237543,0.0,0.3333333333333333
2752,2142 SI-MA-LPO-LHA Skor1 Glut_1,0530 SI-MA-LPO-LHA Skor1 Glut_1,119 SI-MA-LPO-LHA Skor1 Glut,13 CNU-HYa Glut,Glut,11,4.093143,4.921029,0.7272727272727273
2754,2144 SI-MA-LPO-LHA Skor1 Glut_1,0530 SI-MA-LPO-LHA Skor1 Glut_1,119 SI-MA-LPO-LHA Skor1 Glut,13 CNU-HYa Glut,Glut,1,6.7748785,6.7748785,1.0
2757,2166 SI-MA-LPO-LHA Skor1 Glut_4,0533 SI-MA-LPO-LHA Skor1 Glut_4,119 SI-MA-LPO-LHA Skor1 Glut,13 CNU-HYa Glut,Glut,6,5.0254617,5.87062,0.8333333333333334
2758,2167 SI-MA-LPO-LHA Skor1 Glut_4,0533 SI-MA-LPO-LHA Skor1 Glut_4,119 SI-MA-LPO-LHA Skor1 Glut,13 CNU-HYa Glut,Glut,9,2.7773082,0.0,0.4444444444444444
2759,2168 SI-MA-LPO-LHA Skor1 Glut_4,0533 SI-MA-LPO-LHA Skor1 Glut_4,119 SI-MA-LPO-LHA Skor1 Glut,13 CNU-HYa Glut,Glut,37,1.9768858,0.0,0.35135135135135137
2760,2169 SI-MA-LPO-LHA Skor1 Glut_4,0533 SI-MA-LPO-LHA Skor1 Glut_4,119 SI-MA-LPO-LHA Skor1 Glut,13 CNU-HYa Glut,Glut,54,2.8425534,2.1070817,0.5
2761,2145 SI-MA-LPO-LHA Skor1 Glut_1,0530 SI-MA-LPO-LHA Skor1 Glut_1,119 SI-MA-LPO-LHA Skor1 Glut,13 CNU-HYa Glut,Glut,52,3.4310493,4.9527674,0.5961538461538461
2762,0497 HPF CR Glut_1,0135 HPF CR Glut_1,036 HPF CR Glut,03 OB-CR Glut,Glut,323,2.3301861,0.0,0.3219814241486068
2763,0501 HPF CR Glut_1,0135 HPF CR Glut_1,036 HPF CR Glut,03 OB-CR Glut,Glut,15,4.2953267,6.1625214,0.6
2764,0493 OB Eomes Ms4a15 Glut_3,0132 OB Eomes Ms4a15 Glut_3,035 OB Eomes Ms4a15 Glut,03 OB-CR Glut,Glut,29,0.42503336,0.0,0.06896551724137931
2765,0498 HPF CR Glut_1,0135 HPF CR Glut_1,036 HPF CR Glut,03 OB-CR Glut,Glut,20,1.8323033,0.0,0.3
2766,0499 HPF CR Glut_1,0135 HPF CR Glut_1,036 HPF CR Glut,03 OB-CR Glut,Glut,23,1.228003,0.0,0.17391304347826086
2767,0500 HPF CR Glut_1,0135 HPF CR Glut_1,036 HPF CR Glut,03 OB-CR Glut,Glut,42,2.3463237,0.0,0.3333333333333333
2820,2565 MM-ant Foxb1 Glut_1,0629 MM-ant Foxb1 Glut_1,143 MM-ant Foxb1 Glut,16 HY MM Glut,Glut,1,5.2254024,5.2254024,1.0
2822,2571 MM Foxb1 Glut_1,0630 MM Foxb1 Glut_1,144 MM Foxb1 Glut,16 HY MM Glut,Glut,2,5.65541,5.65541,1.0
2825,2573 MM Foxb1 Glut_1,0630 MM Foxb1 Glut_1,144 MM Foxb1 Glut,16 HY MM Glut,Glut,1,0.0,0.0,0.0
2826,2519 PH-LHA Foxb1 Glut_6,0617 PH-LHA Foxb1 Glut_6,139 PH-LHA Foxb1 Glut,14 HY Glut,Glut,1,7.798512,7.798512,1.0
2827,2570 MM-ant Foxb1 Glut_1,0629 MM-ant Foxb1 Glut_1,143 MM-ant Foxb1 Glut,16 HY MM Glut,Glut,1,6.564832,6.564832,1.0
2828,2566 MM-ant Foxb1 Glut_1,0629 MM-ant Foxb1 Glut_1,143 MM-ant Foxb1 Glut,16 HY MM Glut,Glut,1,6.7699237,6.7699237,1.0
2829,2567 MM-ant Foxb1 Glut_1,0629 MM-ant Foxb1 Glut_1,143 MM-ant Foxb1 Glut,16 HY MM Glut,Glut,1,6.4616985,6.4616985,1.0
2830,2568 MM-ant Foxb1 Glut_1,0629 MM-ant Foxb1 Glut_1,143 MM-ant Foxb1 Glut,16 HY MM Glut,Glut,4,3.1442666,3.017898,0.5
2832,2577 MM Foxb1 Glut_2,0631 MM Foxb1 Glut_2,144 MM Foxb1 Glut,16 HY MM Glut,Glut,1,0.0,0.0,0.0
2833,2574 MM Foxb1 Glut_2,0631 MM Foxb1 Glut_2,144 MM Foxb1 Glut,16 HY MM Glut,Glut,3,6.4558997,6.4491186,1.0
2866,1990 TRS-BAC Sln Glut_1,0502 TRS-BAC Sln Glut_1,111 TRS-BAC Sln Glut,13 CNU-HYa Glut,Glut,461,3.3698583,4.891639,0.5292841648590022
2867,1991 TRS-BAC Sln Glut_1,0502 TRS-BAC Sln Glut_1,111 TRS-BAC Sln Glut,13 CNU-HYa Glut,Glut,22,3.5040228,5.3019,0.5909090909090909
2868,1992 TRS-BAC Sln Glut_1,0502 TRS-BAC Sln Glut_1,111 TRS-BAC Sln Glut,13 CNU-HYa Glut,Glut,50,4.387203,6.002966,0.68
2869,1993 TRS-BAC Sln Glut_2,0503 TRS-BAC Sln Glut_2,111 TRS-BAC Sln Glut,13 CNU-HYa Glut,Glut,2,6.3885536,6.3885536,1.0
2870,1994 TRS-BAC Sln Glut_2,0503 TRS-BAC Sln Glut_2,111 TRS-BAC Sln Glut,13 CNU-HYa Glut,Glut,1,8.330232,8.330232,1.0
2871,0486 OB Eomes Ms4a15 Glut_1,0130 OB Eomes Ms4a15 Glut_1,035 OB Eomes Ms4a15 Glut,03 OB-CR Glut,Glut,1,5.40323,5.40323,1.0
2872,0487 OB Eomes Ms4a15 Glut_1,0130 OB Eomes Ms4a15 Glut_1,035 OB Eomes Ms4a15 Glut,03 OB-CR Glut,Glut,3,2.1840093,0.0,0.3333333333333333
2874,0488 OB Eomes Ms4a15 Glut_2,0131 OB Eomes Ms4a15 Glut_2,035 OB Eomes Ms4a15 Glut,03 OB-CR Glut,Glut,1,5.210352,5.210352,1.0
2876,0490 OB Eomes Ms4a15 Glut_2,0131 OB Eomes Ms4a15 Glut_2,035 OB Eomes Ms4a15 Glut,03 OB-CR Glut,Glut,4,1.9075967,0.0,0.25
2877,0491 OB Eomes Ms4a15 Glut_2,0131 OB Eomes Ms4a15 Glut_2,035 OB Eomes Ms4a15 Glut,03 OB-CR Glut,Glut,3,2.1441414,0.0,0.3333333333333333
2891,2593 MH Tac2 Glut_3,0634 MH Tac2 Glut_3,145 MH Tac2 Glut,17 MH-LH Glut,Chol,1,6.868876,6.868876,1.0
2907,2608 LH Pou4f1 Sox1 Glut_3,0639 LH Pou4f1 Sox1 Glut_3,146 LH Pou4f1 Sox1 Glut,17 MH-LH Glut,Glut,1,5.14779,5.14779,1.0
3132,3552 PAG-ND-PCG Onecut1 Gaba_3,0820 PAG-ND-PCG Onecut1 Gaba_3,200 PAG-ND-PCG Onecut1 Gaba,20 MB GABA,GABA,1,5.638819,5.638819,1.0
3374,3438 SNr-VTA Pax5 Npas1 Gaba_1,0800 SNr-VTA Pax5 Npas1 Gaba_1,195 SNr-VTA Pax5 Npas1 Gaba,20 MB GABA,GABA,2,2.1481304,2.1481304,0.5
3492,3656 LGv-SPFp-SPFm Nkx2-2 Tcf7l2 Gaba_4,0837 LGv-SPFp-SPFm Nkx2-2 Tcf7l2 Gaba_4,203 LGv-SPFp-SPFm Nkx2-2 Tcf7l2 Gaba,20 MB GABA,GABA,1,6.5142446,6.5142446,1.0
3587,3800 SCsg Gabrr2 Gaba_1,0872 SCsg Gabrr2 Gaba_1,213 SCsg Gabrr2 Gaba,20 MB GABA,GABA,1,0.0,0.0,0.0
4634,3133 PAG Pou4f1 Ebf2 Glut_5,0741 PAG Pou4f1 Ebf2 Glut_5,172 PAG Pou4f1 Ebf2 Glut,19 MB Glut,Glut,1,0.0,0.0,0.0
4702,2914 PRC-PAG Tcf7l2 Irx2 Glut_2,0714 PRC-PAG Tcf7l2 Irx2 Glut_2,167 PRC-PAG Tcf7l2 Irx2 Glut,19 MB Glut,Glut,2,6.0014277,6.0014277,1.0
4722,2844 APN C1ql2 Glut_1,0702 APN C1ql2 Glut_1,163 APN C1ql2 Glut,19 MB Glut,Glut,1,0.0,0.0,0.0
4763,2997 SPA-SPFm-SPFp-POL-PIL-PoT Sp9 Glut_9,0726 SPA-SPFm-SPFp-POL-PIL-PoT Sp9 Glut_9,168 SPA-SPFm-SPFp-POL-PIL-PoT Sp9 Glut,19 MB Glut,Glut,1,7.388556,7.388556,1.0
4780,2949 SPA-SPFm-SPFp-POL-PIL-PoT Sp9 Glut_3,0720 SPA-SPFm-SPFp-POL-PIL-PoT Sp9 Glut_3,168 SPA-SPFm-SPFp-POL-PIL-PoT Sp9 Glut,19 MB Glut,Glut,1,7.5154214,7.5154214,1.0
4846,2977 SPA-SPFm-SPFp-POL-PIL-PoT Sp9 Glut_6,0723 SPA-SPFm-SPFp-POL-PIL-PoT Sp9 Glut_6,168 SPA-SPFm-SPFp-POL-PIL-PoT Sp9 Glut,19 MB Glut,Glut,1,5.7211485,5.7211485,1.0
4858,2934 SPA-SPFm-SPFp-POL-PIL-PoT Sp9 Glut_1,0718 SPA-SPFm-SPFp-POL-PIL-PoT Sp9 Glut_1,168 SPA-SPFm-SPFp-POL-PIL-PoT Sp9 Glut,19 MB Glut,Glut,1,5.5791054,5.5791054,1.0
5020,2613 AD Serpinb7 Glut_1,0641 AD Serpinb7 Glut_1,147 AD Serpinb7 Glut,18 TH Glut,Glut,1,5.956835,5.956835,1.0
5023,2616 AV Col27a1 Glut_1,0642 AV Col27a1 Glut_1,148 AV Col27a1 Glut,18 TH Glut,Glut,18,4.339631,5.7516627,0.7222222222222222
5032,2671 TH Prkcd Grin2c Glut_8,0661 TH Prkcd Grin2c Glut_8,151 TH Prkcd Grin2c Glut,18 TH Glut,Glut,1,4.799193,4.799193,1.0
5035,2665 TH Prkcd Grin2c Glut_7,0660 TH Prkcd Grin2c Glut_7,151 TH Prkcd Grin2c Glut,18 TH Glut,Glut,1,0.0,0.0,0.0
5039,2635 CM-IAD-CL-PCN Sema5b Glut_1,0649 CM-IAD-CL-PCN Sema5b Glut_1,150 CM-IAD-CL-PCN Sema5b Glut,18 TH Glut,Glut,2,0.0,0.0,0.0
5042,2675 TH Prkcd Grin2c Glut_9,0662 TH Prkcd Grin2c Glut_9,151 TH Prkcd Grin2c Glut,18 TH Glut,Glut,1,5.0326266,5.0326266,1.0
5050,2678 TH Prkcd Grin2c Glut_10,0663 TH Prkcd Grin2c Glut_10,151 TH Prkcd Grin2c Glut,18 TH Glut,Glut,1,6.6320295,6.6320295,1.0
5053,2696 RE-Xi Nox4 Glut_2,0669 RE-Xi Nox4 Glut_2,152 RE-Xi Nox4 Glut,18 TH Glut,Glut,1,0.0,0.0,0.0
5056,2659 TH Prkcd Grin2c Glut_6,0659 TH Prkcd Grin2c Glut_6,151 TH Prkcd Grin2c Glut,18 TH Glut,Glut,3,3.8160374,5.2925406,0.6666666666666666
5060,2662 TH Prkcd Grin2c Glut_6,0659 TH Prkcd Grin2c Glut_6,151 TH Prkcd Grin2c Glut,18 TH Glut,Glut,1,5.433456,5.433456,1.0
5065,2683 TH Prkcd Grin2c Glut_13,0666 TH Prkcd Grin2c Glut_13,151 TH Prkcd Grin2c Glut,18 TH Glut,Glut,1,0.0,0.0,0.0
5071,2663 TH Prkcd Grin2c Glut_6,0659 TH Prkcd Grin2c Glut_6,151 TH Prkcd Grin2c Glut,18 TH Glut,Glut,1,3.699774,3.699774,1.0
5073,2651 TH Prkcd Grin2c Glut_3,0656 TH Prkcd Grin2c Glut_3,151 TH Prkcd Grin2c Glut,18 TH Glut,Glut,27,5.1674833,5.412164,0.9259259259259259
5076,2650 TH Prkcd Grin2c Glut_2,0655 TH Prkcd Grin2c Glut_2,151 TH Prkcd Grin2c Glut,18 TH Glut,Glut,2,6.355789,6.355789,1.0
5090,2621 PVT-PT Ntrk1 Glut_2,0644 PVT-PT Ntrk1 Glut_2,149 PVT-PT Ntrk1 Glut,18 TH Glut,Glut,1,5.5276465,5.5276465,1.0
5118,2712 PF Fzd5 Glut_1,0674 PF Fzd5 Glut_1,154 PF Fzd5 Glut,18 TH Glut,Glut,1,0.0,0.0,0.0
5150,5197 CB Granule Glut_1,1154 CB Granule Glut_1,314 CB Granule Glut,29 CB Glut,Glut,5,8.2476225,8.001859,1.0
5203,5269 OPC NN_1,1179 OPC NN_1,326 OPC NN,31 OPC-Oligo,,12947,6.987308,7.959619,0.8659148837568549
5204,5271 OPC NN_2,1180 OPC NN_2,326 OPC NN,31 OPC-Oligo,,65,7.87444,8.91393,0.8923076923076924
5205,5266 OPC NN_1,1179 OPC NN_1,326 OPC NN,31 OPC-Oligo,,46,7.0503554,7.9123354,0.8913043478260869
5206,5267 OPC NN_1,1179 OPC NN_1,326 OPC NN,31 OPC-Oligo,,16,7.793966,7.7398276,1.0
5207,5270 OPC NN_1,1179 OPC NN_1,326 OPC NN,31 OPC-Oligo,,241,6.8801622,7.620868,0.8879668049792531
5208,5268 OPC NN_1,1179 OPC NN_1,326 OPC NN,31 OPC-Oligo,,172,6.9769974,7.774058,0.8895348837209303
5211,5272 COP NN_1,1181 COP NN_1,327 Oligo NN,31 OPC-Oligo,,538,5.3875895,6.851899,0.7267657992565055
5212,5273 COP NN_1,1181 COP NN_1,327 Oligo NN,31 OPC-Oligo,,666,4.8781075,6.37962,0.7042042042042042
5214,5275 COP NN_1,1181 COP NN_1,327 Oligo NN,31 OPC-Oligo,,219,4.183149,5.820338,0.6210045662100456
5215,5276 COP NN_1,1181 COP NN_1,327 Oligo NN,31 OPC-Oligo,,27,5.926482,6.3564763,0.9259259259259259
5216,5277 COP NN_1,1181 COP NN_1,327 Oligo NN,31 OPC-Oligo,,15,4.453265,6.2194242,0.6666666666666666
5218,5279 NFOL NN_2,1182 NFOL NN_2,327 Oligo NN,31 OPC-Oligo,,90,5.1872973,5.9760294,0.8444444444444444
5220,5280 NFOL NN_2,1182 NFOL NN_2,327 Oligo NN,31 OPC-Oligo,,141,4.24958,5.6676245,0.6666666666666666
5222,5281 NFOL NN_2,1182 NFOL NN_2,327 Oligo NN,31 OPC-Oligo,,56,6.758511,7.0137186,0.9642857142857143
5230,5284 MOL NN_4,1184 MOL NN_4,327 Oligo NN,31 OPC-Oligo,,5180,7.6905727,8.175639,0.9418918918918919
5231,5285 MOL NN_4,1184 MOL NN_4,327 Oligo NN,31 OPC-Oligo,,13886,7.935507,8.65822,0.9142301598732536
5232,5286 MOL NN_4,1184 MOL NN_4,327 Oligo NN,31 OPC-Oligo,,46,5.9985414,6.953883,0.8478260869565217
5233,5287 MOL NN_4,1184 MOL NN_4,327 Oligo NN,31 OPC-Oligo,,140,7.427683,8.296754,0.8785714285714286
5234,5282 MFOL NN_3,1183 MFOL NN_3,327 Oligo NN,31 OPC-Oligo,,575,7.6277165,7.850921,0.9773913043478261
5236,5283 MFOL NN_3,1183 MFOL NN_3,327 Oligo NN,31 OPC-Oligo,,63,7.2487135,7.475831,0.9682539682539683
5237,5288 MOL NN_4,1184 MOL NN_4,327 Oligo NN,31 OPC-Oligo,,36,8.164661,8.49526,0.9722222222222222
5239,5289 OEC NN_1,1185 OEC NN_1,328 OEC NN,32 OEC,,2,0.0,0.0,0.0
5240,5290 OEC NN_1,1185 OEC NN_1,328 OEC NN,32 OEC,,2,0.0,0.0,0.0
5241,5291 OEC NN_1,1185 OEC NN_1,328 OEC NN,32 OEC,,6,1.3357624,0.0,0.16666666666666666
5243,5304 Peri NN_1,1191 Peri NN_1,331 Peri NN,33 Vascular,,2152,2.831357,0.0,0.349907063197026
5244,5306 SMC NN_1,1192 SMC NN_1,332 SMC NN,33 Vascular,,402,3.2793067,0.0,0.41044776119402987
5248,5305 Peri NN_1,1191 Peri NN_1,331 Peri NN,33 Vascular,,27,3.0766194,0.0,0.37037037037037035
5249,5307 SMC NN_1,1192 SMC NN_1,332 SMC NN,33 Vascular,,1351,4.835316,6.9232197,0.6217616580310881
5250,5308 SMC NN_1,1192 SMC NN_1,332 SMC NN,33 Vascular,,74,5.7900743,7.2998734,0.7567567567567568
5252,5309 Endo NN_1,1193 Endo NN_1,333 Endo NN,33 Vascular,,727,3.8431065,5.779565,0.5130674002751031
5254,5310 Endo NN_1,1193 Endo NN_1,333 Endo NN,33 Vascular,,4005,2.953323,0.0,0.36878901373283396
5255,5311 Endo NN_1,1193 Endo NN_1,333 Endo NN,33 Vascular,,2509,4.481994,6.6346965,0.5930649661219609
5256,5293 ABC NN_1,1186 ABC NN_1,329 ABC NN,33 Vascular,,3,7.6433854,7.763713,1.0
5257,5294 ABC NN_1,1186 ABC NN_1,329 ABC NN,33 Vascular,,2,6.7763577,6.7763577,1.0
5258,5295 ABC NN_1,1186 ABC NN_1,329 ABC NN,33 Vascular,,5,2.5112054,0.0,0.4
5259,5296 VLMC NN_1,1187 VLMC NN_1,330 VLMC NN,33 Vascular,,5,6.5026436,5.9639664,1.0
5260,5297 VLMC NN_1,1187 VLMC NN_1,330 VLMC NN,33 Vascular,,7,2.213794,0.0,0.2857142857142857
5261,5301 VLMC NN_2,1188 VLMC NN_2,330 VLMC NN,33 Vascular,,591,3.5934403,0.0,0.47715736040609136
5262,5300 VLMC NN_2,1188 VLMC NN_2,330 VLMC NN,33 Vascular,,20,3.3965657,2.8826385,0.5
5263,5298 VLMC NN_1,1187 VLMC NN_1,330 VLMC NN,33 Vascular,,75,3.4414868,0.0,0.4666666666666667
5264,5302 VLMC NN_3,1189 VLMC NN_3,330 VLMC NN,33 Vascular,,2,3.1942205,3.1942205,0.5
5266,5299 VLMC NN_1,1187 VLMC NN_1,330 VLMC NN,33 Vascular,,22,4.196998,6.215441,0.5909090909090909
5267,5313 BAM NN_1,1195 BAM NN_1,335 BAM NN,34 Immune,,333,4.428712,6.9882355,0.5645645645645646
5268,5314 BAM NN_1,1195 BAM NN_1,335 BAM NN,34 Immune,,297,4.0541935,6.3688145,0.5454545454545454
5272,5320 ILC NN_2,1199 ILC NN_2,338 Lymphoid NN,34 Immune,,3,5.015229,6.7452536,0.6666666666666666
5273,5322 T cells NN_4,1201 T cells NN_4,338 Lymphoid NN,34 Immune,,15,0.465152,0.0,0.06666666666666667
5274,5321 NK cells NN_3,1200 NK cells NN_3,338 Lymphoid NN,34 Immune,,12,0.773063,0.0,0.08333333333333333
5275,5319 B cells NN_1,1198 B cells NN_1,338 Lymphoid NN,34 Immune,,6,2.653491,0.0,0.3333333333333333
5276,5315 Monocytes NN_1,1196 Monocytes NN_1,336 Monocytes NN,34 Immune,,1,0.0,0.0,0.0
5277,5316 DC NN_1,1197 DC NN_1,337 DC NN,34 Immune,,3,2.2076132,0.0,0.3333333333333333
5278,5317 DC NN_1,1197 DC NN_1,337 DC NN,34 Immune,,7,6.0260935,6.700254,0.8571428571428571
5279,5318 DC NN_1,1197 DC NN_1,337 DC NN,34 Immune,,10,6.1009445,6.7559824,0.8
5283,5312 Microglia NN_1,1194 Microglia NN_1,334 Microglia NN,34 Immune,,10698,3.8953516,0.0,0.4973826883529632
5339,0684 Sncg Gaba_8,0192 Sncg Gaba_8,047 Sncg Gaba,06 CTX-CGE GABA,GABA,10,2.126958,0.0,0.4
5343,0677 Sncg Gaba_3,0187 Sncg Gaba_3,047 Sncg Gaba,06 CTX-CGE GABA,GABA,13,2.6199977,0.0,0.46153846153846156
5344,1261 MEA-BST Lhx6 Sp9 Gaba_6,0352 MEA-BST Lhx6 Sp9 Gaba_6,074 MEA-BST Lhx6 Sp9 Gaba,11 CNU-HYa GABA,GABA,352,3.4512131,4.783663,0.5994318181818182
5354,1244 MEA-BST Lhx6 Sp9 Gaba_2,0348 MEA-BST Lhx6 Sp9 Gaba_2,074 MEA-BST Lhx6 Sp9 Gaba,11 CNU-HYa GABA,GABA,2,0.0,0.0,0.0
14851,5224 Astro-TE NN_3,1163 Astro-TE NN_3,319 Astro-TE NN,30 Astro-Epen,,257,1.6939973,0.0,0.22568093385214008
14852,5239 Astroependymal NN_1,1169 Astroependymal NN_1,321 Astroependymal NN,30 Astro-Epen,,142,2.1946487,0.0,0.2887323943661972
14857,5235 Astro-OLF NN_3,1168 Astro-OLF NN_3,320 Astro-OLF NN,30 Astro-Epen,,3,5.7704253,8.456407,0.6666666666666666
14858,5236 Astro-OLF NN_3,1168 Astro-OLF NN_3,320 Astro-OLF NN,30 Astro-Epen,,2,0.0,0.0,0.0
14859,5228 Astro-TE NN_4,1164 Astro-TE NN_4,319 Astro-TE NN,30 Astro-Epen,,74,2.6192367,0.0,0.35135135135135137
14865,5237 Astroependymal NN_1,1169 Astroependymal NN_1,321 Astroependymal NN,30 Astro-Epen,,1,8.431596,8.431596,1.0
14871,5238 Astroependymal NN_1,1169 Astroependymal NN_1,321 Astroependymal NN,30 Astro-Epen,,8,3.738182,3.362522,0.5
14872,5211 Astro-NT NN_1,1159 Astro-NT NN_1,318 Astro-NT NN,30 Astro-Epen,,64,3.2689753,0.0,0.453125
14878,5251 Ependymal NN_1,1175 Ependymal NN_1,323 Ependymal NN,30 Astro-Epen,,1,5.1690626,5.1690626,1.0
14884,5241 Astroependymal NN_3,1171 Astroependymal NN_3,321 Astroependymal NN,30 Astro-Epen,,2,3.4290442,3.4290442,0.5
14885,5242 Astroependymal NN_3,1171 Astroependymal NN_3,321 Astroependymal NN,30 Astro-Epen,,2,3.915026,3.915026,0.5
14918,5244 Tanycyte NN_1,1172 Tanycyte NN_1,322 Tanycyte NN,30 Astro-Epen,,1,0.0,0.0,0.0
14919,5243 Tanycyte NN_1,1172 Tanycyte NN_1,322 Tanycyte NN,30 Astro-Epen,,1,7.154441,7.154441,1.0
14920,5222 Astro-TE NN_2,1162 Astro-TE NN_2,319 Astro-TE NN,30 Astro-Epen,,4,0.0,0.0,0.0
14926,5218 Astro-TE NN_1,1161 Astro-TE NN_1,319 Astro-TE NN,30 Astro-Epen,,110,2.4521773,0.0,0.34545454545454546
14930,5219 Astro-TE NN_1,1161 Astro-TE NN_1,319 Astro-TE NN,30 Astro-Epen,,44,1.8205605,0.0,0.25
14932,5220 Astro-TE NN_1,1161 Astro-TE NN_1,319 Astro-TE NN,30 Astro-Epen,,8,3.722664,3.4396505,0.5
14933,5221 Astro-TE NN_1,1161 Astro-TE NN_1,319 Astro-TE NN,30 Astro-Epen,Glut,13,2.5824637,0.0,0.38461538461538464
14939,5225 Astro-TE NN_3,1163 Astro-TE NN_3,319 Astro-TE NN,30 Astro-Epen,,11566,3.9590175,6.290347,0.5389936019367111
14945,5226 Astro-TE NN_3,1163 Astro-TE NN_3,319 Astro-TE NN,30 Astro-Epen,,6738,2.7693982,0.0,0.3530721282279608
14947,5227 Astro-TE NN_3,1163 Astro-TE NN_3,319 Astro-TE NN,30 Astro-Epen,,5981,3.9323306,6.2647204,0.5366995485704732
14948,5233 Astro-OLF NN_2,1167 Astro-OLF NN_2,320 Astro-OLF NN,30 Astro-Epen,,3,4.666742,6.417289,0.6666666666666666
14949,5234 Astro-OLF NN_2,1167 Astro-OLF NN_2,320 Astro-OLF NN,30 Astro-Epen,,1,0.0,0.0,0.0
14951,5231 Astro-OLF NN_1,1166 Astro-OLF NN_1,320 Astro-OLF NN,30 Astro-Epen,,7,1.9788761,0.0,0.2857142857142857
14953,5232 Astro-OLF NN_1,1166 Astro-OLF NN_1,320 Astro-OLF NN,30 Astro-Epen,,1,0.0,0.0,0.0
14954,5229 Astro-TE NN_5,1165 Astro-TE NN_5,319 Astro-TE NN,30 Astro-Epen,,461,2.530343,0.0,0.3297180043383948
14955,5230 Astro-TE NN_5,1165 Astro-TE NN_5,319 Astro-TE NN,30 Astro-Epen,,534,3.2271214,0.0,0.42134831460674155
14956,5214 Astro-NT NN_2,1160 Astro-NT NN_2,318 Astro-NT NN,30 Astro-Epen,,12632,4.118579,6.6973143,0.5394236858771374
14962,5215 Astro-NT NN_2,1160 Astro-NT NN_2,318 Astro-NT NN,30 Astro-Epen,,28,4.6920037,7.0288486,0.6071428571428571
14965,5216 Astro-NT NN_2,1160 Astro-NT NN_2,318 Astro-NT NN,30 Astro-Epen,,4,3.6501303,3.2427566,0.5
14977,5212 Astro-NT NN_1,1159 Astro-NT NN_1,318 Astro-NT NN,30 Astro-Epen,,3,2.1215632,0.0,0.3333333333333333
14980,5209 Astro-NT NN_1,1159 Astro-NT NN_1,318 Astro-NT NN,30 Astro-Epen,,39,3.304287,0.0,0.46153846153846156
14986,5252 Ependymal NN_1,1175 Ependymal NN_1,323 Ependymal NN,30 Astro-Epen,,4,6.5424266,6.637991,1.0
14990,5256 Ependymal NN_1,1175 Ependymal NN_1,323 Ependymal NN,30 Astro-Epen,,145,2.7139475,0.0,0.38620689655172413
14991,5257 Ependymal NN_1,1175 Ependymal NN_1,323 Ependymal NN,30 Astro-Epen,,41,4.0817122,6.4230814,0.5609756097560976
14993,5258 Ependymal NN_1,1175 Ependymal NN_1,323 Ependymal NN,30 Astro-Epen,,267,2.0148194,0.0,0.27340823970037453
