cluster_alias,cluster,supertype,subclass,class,neurotransmitter,n_cells,mean_Kif13a,median_Kif13a,fraction_expressing
1651,1780 ZI Pax6 Gaba_10,0468 ZI Pax6 Gaba_10,101 ZI Pax6 Gaba,12 HY GABA,GABA,1,0.0,0.0,0.0
1658,1717 ZI Pax6 Gaba_1,0459 ZI Pax6 Gaba_1,101 ZI Pax6 Gaba,12 HY GABA,GABA,3,1.6256281,0.0,0.3333333333333333
1694,1752 ZI Pax6 Gaba_6,0464 ZI Pax6 Gaba_6,101 ZI Pax6 Gaba,12 HY GABA,GABA,1,4.340432,4.340432,1.0
1729,1768 ZI Pax6 Gaba_8,0466 ZI Pax6 Gaba_8,101 ZI Pax6 Gaba,12 HY GABA,GABA,1,4.9081755,4.9081755,1.0
1758,1736 ZI Pax6 Gaba_3,0461 ZI Pax6 Gaba_3,101 ZI Pax6 Gaba,12 HY GABA,GABA,1,4.8157964,4.8157964,1.0
2124,2505 PH-LHA Foxb1 Glut_2,0613 PH-LHA Foxb1 Glut_2,139 PH-LHA Foxb1 Glut,14 HY Glut,Glut,1,4.930174,4.930174,1.0
2141,2389 PH-ant-LHA Otp Bsx Glut_1,0591 PH-ant-LHA Otp Bsx Glut_1,134 PH-ant-LHA Otp Bsx Glut,14 HY Glut,Glut,1,7.385722,7.385722,1.0
2159,5066 MV Nr4a2 Gly-Gaba_1,1127 MV Nr4a2 Gly-Gaba_1,301 MV Nr4a2 Gly-Gaba,27 MY GABA,Dopa,17,3.6330843,5.205053,0.6470588235294118
2160,5067 MV Xdh Gly-Gaba_1,1128 MV Xdh Gly-Gaba_1,302 MV Xdh Gly-Gaba,27 MY GABA,GABA-Glyc,38,4.2720456,5.691079,0.7105263157894737
2161,2763 MRN-PAG Nkx6-1 Glut_1,0683 MRN-PAG Nkx6-1 Glut_1,158 MRN-PAG Nkx6-1 Glut,19 MB Glut,Glut-GABA,2,2.5704982,2.5704982,0.5
2171,4949 MV-SPIV-PRP Dmbx1 Gly-Gaba_3,1101 MV-SPIV-PRP Dmbx1 Gly-Gaba_3,287 MV-SPIV-PRP Dmbx1 Gly-Gaba,27 MY GABA,GABA,2,6.8985543,6.8985543,1.0
2172,4935 MV-SPIV-PRP Dmbx1 Gly-Gaba_1,1099 MV-SPIV-PRP Dmbx1 Gly-Gaba_1,287 MV-SPIV-PRP Dmbx1 Gly-Gaba,27 MY GABA,GABA,18,5.0341535,5.7752037,0.8333333333333334
2173,5000 CBN Dmbx1 Gaba_1,1115 CBN Dmbx1 Gaba_1,295 CBN Dmbx1 Gaba,27 MY GABA,GABA,51,4.3454137,5.939463,0.7058823529411765
2174,5001 CBN Dmbx1 Gaba_1,1115 CBN Dmbx1 Gaba_1,295 CBN Dmbx1 Gaba,27 MY GABA,GABA,1,5.632071,5.632071,1.0
2175,2754 MB-ant-ve Dmrta2 Glut_1,0681 MB-ant-ve Dmrta2 Glut_1,156 MB-ant-ve Dmrta2 Glut,19 MB Glut,Glut,1,5.5895243,5.5895243,1.0
2200,2485 PH Pitx2 Glut_2,0611 PH Pitx2 Glut_2,138 PH Pitx2 Glut,14 HY Glut,Glut,2,5.8911924,5.8911924,1.0
2305,2730 PRC-PAG Pax6 Glut_1,0676 PRC-PAG Pax6 Glut_1,155 PRC-PAG Pax6 Glut,19 MB Glut,Glut,1,5.5961347,5.5961347,1.0
2570,4142 PRNc-PARN Tlx1 Glut_3,0937 PRNc-PARN Tlx1 Glut_3,226 PRNc-PARN Tlx1 Glut,23 P Glut,Glut,42,3.6485484,5.0837917,0.6428571428571429
2606,4075 PB Evx2 Glut_7,0920 PB Evx2 Glut_7,222 PB Evx2 Glut,23 P Glut,Glut,3,3.9445133,5.405774,0.6666666666666666
2607,4021 PB Evx2 Glut_1,0914 PB Evx2 Glut_1,222 PB Evx2 Glut,23 P Glut,Glut,11,3.120781,4.7876687,0.5454545454545454
2618,4018 PB Evx2 Glut_1,0914 PB Evx2 Glut_1,222 PB Evx2 Glut,23 P Glut,Glut,2,5.1500177,5.1500177,1.0
2619,4072 PB Evx2 Glut_7,0920 PB Evx2 Glut_7,222 PB Evx2 Glut,23 P Glut,Glut,1,7.121814,7.121814,1.0
2620,4022 PB Evx2 Glut_1,0914 PB Evx2 Glut_1,222 PB Evx2 Glut,23 P Glut,Glut,13,2.9829156,0.0,0.46153846153846156
2625,4061 PB Evx2 Glut_5,0918 PB Evx2 Glut_5,222 PB Evx2 Glut,23 P Glut,Glut,15,4.910483,5.520721,0.8666666666666667
2626,4019 PB Evx2 Glut_1,0914 PB Evx2 Glut_1,222 PB Evx2 Glut,23 P Glut,Glut,11,5.8057356,6.4333982,0.9090909090909091
2632,4042 PB Evx2 Glut_3,0916 PB Evx2 Glut_3,222 PB Evx2 Glut,23 P Glut,Glut,1,5.301943,5.301943,1.0
2633,4020 PB Evx2 Glut_1,0914 PB Evx2 Glut_1,222 PB Evx2 Glut,23 P Glut,Glut,19,4.874743,6.0735674,0.7894736842105263
2637,4099 B-PB Nr4a2 Glut_2,0924 B-PB Nr4a2 Glut_2,223 B-PB Nr4a2 Glut,23 P Glut,Glut,3,2.1020577,0.0,0.3333333333333333
2639,4062 PB Evx2 Glut_5,0918 PB Evx2 Glut_5,222 PB Evx2 Glut,23 P Glut,Glut,2,4.0373783,4.0373783,0.5
2656,3337 CUN-PPN Evx2 Meis2 Glut_2,0777 CUN-PPN Evx2 Meis2 Glut_2,182 CUN-PPN Evx2 Meis2 Glut,19 MB Glut,Glut,1,6.753633,6.753633,1.0
2671,3346 CUN-PPN Evx2 Meis2 Glut_4,0779 CUN-PPN Evx2 Meis2 Glut_4,182 CUN-PPN Evx2 Meis2 Glut,19 MB Glut,Dopa,2,2.3575077,2.3575077,0.5
2742,2102 LHA Barhl2 Glut_1,0524 LHA Barhl2 Glut_1,117 LHA Barhl2 Glut,13 CNU-HYa Glut,Glut,1,7.6445208,7.6445208,1.0
2769,3917 PB Lmx1a Glut_1,0895 PB Lmx1a Glut_1,217 PB Lmx1a Glut,23 P Glut,Glut,5,4.4811444,5.238089,0.8
2771,3913 PB Lmx1a Glut_1,0895 PB Lmx1a Glut_1,217 PB Lmx1a Glut,23 P Glut,Glut,3,5.5991445,5.2690897,1.0
2772,3914 PB Lmx1a Glut_1,0895 PB Lmx1a Glut_1,217 PB Lmx1a Glut,23 P Glut,Glut,1,0.0,0.0,0.0
2773,3918 PB Lmx1a Glut_1,0895 PB Lmx1a Glut_1,217 PB Lmx1a Glut,23 P Glut,Glut,4,4.7615395,5.557715,0.75
2774,3919 PB Lmx1a Glut_1,0895 PB Lmx1a Glut_1,217 PB Lmx1a Glut,23 P Glut,Glut,6,4.9476304,5.6484613,0.8333333333333334
2775,3920 PB Lmx1a Glut_1,0895 PB Lmx1a Glut_1,217 PB Lmx1a Glut,23 P Glut,Glut,2,3.0366893,3.0366893,0.5
2776,3921 PB Lmx1a Glut_1,0895 PB Lmx1a Glut_1,217 PB Lmx1a Glut,23 P Glut,Glut,5,6.378346,6.372757,1.0
2779,3928 PB Lmx1a Glut_3,0897 PB Lmx1a Glut_3,217 PB Lmx1a Glut,23 P Glut,Glut,9,3.1185224,4.39251,0.5555555555555556
2780,4547 NTS Dbh Glut_4,1007 NTS Dbh Glut_4,251 NTS Dbh Glut,24 MY Glut,Glut,5,3.9840293,6.352186,0.6
2782,4144 PB-PSV Phox2b Glut_1,0938 PB-PSV Phox2b Glut_1,227 PB-PSV Phox2b Glut,23 P Glut,Glut,32,5.101502,6.105504,0.8125
2783,3923 PB Lmx1a Glut_1,0895 PB Lmx1a Glut_1,217 PB Lmx1a Glut,23 P Glut,Glut,1,4.299712,4.299712,1.0
2785,3915 PB Lmx1a Glut_1,0895 PB Lmx1a Glut_1,217 PB Lmx1a Glut,23 P Glut,Glut,2,5.7082243,5.7082243,1.0
2786,3916 PB Lmx1a Glut_1,0895 PB Lmx1a Glut_1,217 PB Lmx1a Glut,23 P Glut,Glut,2,2.5793264,2.5793264,0.5
2787,3924 PB Lmx1a Glut_1,0895 PB Lmx1a Glut_1,217 PB Lmx1a Glut,23 P Glut,Glut,7,4.0021462,4.5919213,0.7142857142857143
2788,3925 PB Lmx1a Glut_1,0895 PB Lmx1a Glut_1,217 PB Lmx1a Glut,23 P Glut,Glut,8,4.081268,5.3682446,0.75
2790,3931 PB Lmx1a Glut_3,0897 PB Lmx1a Glut_3,217 PB Lmx1a Glut,23 P Glut,Glut,3,2.1294215,0.0,0.3333333333333333
2791,3932 PB Lmx1a Glut_3,0897 PB Lmx1a Glut_3,217 PB Lmx1a Glut,23 P Glut,Glut,1,0.0,0.0,0.0
2792,3933 PB Lmx1a Glut_3,0897 PB Lmx1a Glut_3,217 PB Lmx1a Glut,23 P Glut,Glut,2,3.2170036,3.2170036,0.5
2793,3934 PB Lmx1a Glut_3,0897 PB Lmx1a Glut_3,217 PB Lmx1a Glut,23 P Glut,Glut,1,0.0,0.0,0.0
2794,3935 PB Lmx1a Glut_3,0897 PB Lmx1a Glut_3,217 PB Lmx1a Glut,23 P Glut,Glut,5,2.4655776,0.0,0.4
2795,3926 PB Lmx1a Glut_2,0896 PB Lmx1a Glut_2,217 PB Lmx1a Glut,23 P Glut,Glut,1,5.1241827,5.1241827,1.0
2796,3936 PB Lmx1a Glut_4,0898 PB Lmx1a Glut_4,217 PB Lmx1a Glut,23 P Glut,Glut,2,5.882403,5.882403,1.0
2797,3944 PB Lmx1a Glut_5,0899 PB Lmx1a Glut_5,217 PB Lmx1a Glut,23 P Glut,Glut,3,5.50235,5.511939,1.0
2799,3938 PB Lmx1a Glut_4,0898 PB Lmx1a Glut_4,217 PB Lmx1a Glut,23 P Glut,Glut,3,5.8162065,6.0905495,1.0
2803,3945 PB Lmx1a Glut_5,0899 PB Lmx1a Glut_5,217 PB Lmx1a Glut,23 P Glut,Glut,5,5.0686975,6.539338,0.8
2804,3946 PB Lmx1a Glut_5,0899 PB Lmx1a Glut_5,217 PB Lmx1a Glut,23 P Glut,Glut,2,5.705641,5.705641,1.0
2805,3947 PB Lmx1a Glut_5,0899 PB Lmx1a Glut_5,217 PB Lmx1a Glut,23 P Glut,Glut,1,5.704584,5.704584,1.0
2809,3951 PB Lmx1a Glut_6,0900 PB Lmx1a Glut_6,217 PB Lmx1a Glut,23 P Glut,Glut,8,4.593825,5.940277,0.75
2810,3952 PB Lmx1a Glut_6,0900 PB Lmx1a Glut_6,217 PB Lmx1a Glut,23 P Glut,Glut,2,5.883851,5.883851,1.0
2811,3953 PB Lmx1a Glut_6,0900 PB Lmx1a Glut_6,217 PB Lmx1a Glut,23 P Glut,Glut,2,6.6243877,6.6243877,1.0
2812,3954 PB Lmx1a Glut_6,0900 PB Lmx1a Glut_6,217 PB Lmx1a Glut,23 P Glut,Glut,8,4.6130314,5.677535,0.75
2813,3955 PB Lmx1a Glut_6,0900 PB Lmx1a Glut_6,217 PB Lmx1a Glut,23 P Glut,Glut,10,4.227748,5.613463,0.7
2815,3949 PB Lmx1a Glut_5,0899 PB Lmx1a Glut_5,217 PB Lmx1a Glut,23 P Glut,Glut,3,4.242816,6.050096,0.6666666666666666
2840,3888 MB-MY Tph2 Glut-Sero_2,0889 MB-MY Tph2 Glut-Sero_2,216 MB-MY Tph2 Glut-Sero,22 MB-HB Sero,Sero,2,2.4184318,2.4184318,0.5
2851,3905 MB-MY Tph2 Glut-Sero_4,0891 MB-MY Tph2 Glut-Sero_4,216 MB-MY Tph2 Glut-Sero,22 MB-HB Sero,Sero,20,4.313012,4.9722786,0.8
2852,3886 MB-MY Tph2 Glut-Sero_1,0888 MB-MY Tph2 Glut-Sero_1,216 MB-MY Tph2 Glut-Sero,22 MB-HB Sero,Sero,1,6.1042657,6.1042657,1.0
2857,3890 MB-MY Tph2 Glut-Sero_2,0889 MB-MY Tph2 Glut-Sero_2,216 MB-MY Tph2 Glut-Sero,22 MB-HB Sero,Glut,3,6.7251124,6.648319,1.0
2861,3894 MB-MY Tph2 Glut-Sero_2,0889 MB-MY Tph2 Glut-Sero_2,216 MB-MY Tph2 Glut-Sero,22 MB-HB Sero,Glut,2,6.1016088,6.1016088,1.0
2864,3895 MB-MY Tph2 Glut-Sero_2,0889 MB-MY Tph2 Glut-Sero_2,216 MB-MY Tph2 Glut-Sero,22 MB-HB Sero,Glut,6,3.2311764,2.847729,0.5
2922,3409 MRN-PPN-CUN Pax8 Gaba_1,0795 MRN-PPN-CUN Pax8 Gaba_1,193 MRN-PPN-CUN Pax8 Gaba,20 MB GABA,GABA,1,4.0547104,4.0547104,1.0
2923,4670 CS-PRNr-PCG Tmem163 Otp Gaba_1,1044 CS-PRNr-PCG Tmem163 Otp Gaba_1,267 CS-PRNr-PCG Tmem163 Otp Gaba,26 P GABA,GABA,1,0.0,0.0,0.0
2927,4785 DTN-LDT-IPN Otp Pax3 Gaba_3,1071 DTN-LDT-IPN Otp Pax3 Gaba_3,277 DTN-LDT-IPN Otp Pax3 Gaba,26 P GABA,GABA,1,7.5810213,7.5810213,1.0
2940,4685 CS-PRNr-PCG Tmem163 Otp Gaba_2,1045 CS-PRNr-PCG Tmem163 Otp Gaba_2,267 CS-PRNr-PCG Tmem163 Otp Gaba,26 P GABA,GABA,1,4.024533,4.024533,1.0
2941,3410 MRN-PPN-CUN Pax8 Gaba_1,0795 MRN-PPN-CUN Pax8 Gaba_1,193 MRN-PPN-CUN Pax8 Gaba,20 MB GABA,GABA,1,6.2039194,6.2039194,1.0
2949,4671 CS-PRNr-PCG Tmem163 Otp Gaba_1,1044 CS-PRNr-PCG Tmem163 Otp Gaba_1,267 CS-PRNr-PCG Tmem163 Otp Gaba,26 P GABA,GABA,6,6.994715,7.190014,1.0
2961,4758 PDTg Otp Shroom3 Gaba_1,1065 PDTg Otp Shroom3 Gaba_1,274 PDTg Otp Shroom3 Gaba,26 P GABA,GABA,5,2.421929,0.0,0.4
2971,3407 PPN-CUN-PCG Otp En1 Gaba_3,0794 PPN-CUN-PCG Otp En1 Gaba_3,192 PPN-CUN-PCG Otp En1 Gaba,20 MB GABA,GABA,2,3.3702006,3.3702006,0.5
2976,4763 LDT-PCG St18 Gaba_1,1067 LDT-PCG St18 Gaba_1,276 LDT-PCG St18 Gaba,26 P GABA,GABA,5,4.3521996,5.354094,0.8
2979,4761 PDTg Otp Olig3 Gaba_1,1066 PDTg Otp Olig3 Gaba_1,275 PDTg Otp Olig3 Gaba,26 P GABA,GABA,5,5.3258934,6.4469237,0.8
2980,4762 PDTg Otp Olig3 Gaba_1,1066 PDTg Otp Olig3 Gaba_1,275 PDTg Otp Olig3 Gaba,26 P GABA,GABA,28,4.6484723,5.9395084,0.7142857142857143
2981,4776 DTN-LDT-IPN Otp Pax3 Gaba_1,1069 DTN-LDT-IPN Otp Pax3 Gaba_1,277 DTN-LDT-IPN Otp Pax3 Gaba,26 P GABA,GABA,18,4.871035,5.9796276,0.7777777777777778
2982,4777 DTN-LDT-IPN Otp Pax3 Gaba_1,1069 DTN-LDT-IPN Otp Pax3 Gaba_1,277 DTN-LDT-IPN Otp Pax3 Gaba,26 P GABA,GABA,2,2.891963,2.891963,0.5
3002,4764 LDT-PCG St18 Gaba_1,1067 LDT-PCG St18 Gaba_1,276 LDT-PCG St18 Gaba,26 P GABA,GABA,8,4.4436345,6.394018,0.625
3003,4768 LDT-PCG St18 Gaba_1,1067 LDT-PCG St18 Gaba_1,276 LDT-PCG St18 Gaba,26 P GABA,GABA,1,0.0,0.0,0.0
3004,4620 CS-RPO Meis2 Gaba_3,1033 CS-RPO Meis2 Gaba_3,263 CS-RPO Meis2 Gaba,26 P GABA,GABA,1,5.702848,5.702848,1.0
3005,4621 CS-RPO Meis2 Gaba_3,1033 CS-RPO Meis2 Gaba_3,263 CS-RPO Meis2 Gaba,26 P GABA,Glut-GABA,2,5.2194777,5.2194777,1.0
3014,3831 IPN Otp Crisp1 Gaba_2,0878 IPN Otp Crisp1 Gaba_2,214 IPN Otp Crisp1 Gaba,20 MB GABA,GABA,1,7.752778,7.752778,1.0
3015,3999 LDT-PCG Vsx2 Lhx4 Glut_5,0910 LDT-PCG Vsx2 Lhx4 Glut_5,221 LDT-PCG Vsx2 Lhx4 Glut,23 P Glut,Glut,14,3.6251073,4.9562044,0.5714285714285714
3018,3985 LDT-PCG Vsx2 Lhx4 Glut_2,0907 LDT-PCG Vsx2 Lhx4 Glut_2,221 LDT-PCG Vsx2 Lhx4 Glut,23 P Glut,Glut,1,6.8018913,6.8018913,1.0
3019,3980 LDT-PCG Vsx2 Lhx4 Glut_2,0907 LDT-PCG Vsx2 Lhx4 Glut_2,221 LDT-PCG Vsx2 Lhx4 Glut,23 P Glut,Glut,1,6.5555434,6.5555434,1.0
3020,3981 LDT-PCG Vsx2 Lhx4 Glut_2,0907 LDT-PCG Vsx2 Lhx4 Glut_2,221 LDT-PCG Vsx2 Lhx4 Glut,23 P Glut,Glut,4,5.96786,5.9981265,1.0
3021,3987 LDT-PCG Vsx2 Lhx4 Glut_3,0908 LDT-PCG Vsx2 Lhx4 Glut_3,221 LDT-PCG Vsx2 Lhx4 Glut,23 P Glut,Glut,6,4.2281556,5.202344,0.6666666666666666
3022,3988 LDT-PCG Vsx2 Lhx4 Glut_3,0908 LDT-PCG Vsx2 Lhx4 Glut_3,221 LDT-PCG Vsx2 Lhx4 Glut,23 P Glut,Glut,6,5.17276,5.730036,0.8333333333333334
3023,4000 LDT-PCG Vsx2 Lhx4 Glut_5,0910 LDT-PCG Vsx2 Lhx4 Glut_5,221 LDT-PCG Vsx2 Lhx4 Glut,23 P Glut,Glut,1,6.7975764,6.7975764,1.0
3024,3989 LDT-PCG Vsx2 Lhx4 Glut_3,0908 LDT-PCG Vsx2 Lhx4 Glut_3,221 LDT-PCG Vsx2 Lhx4 Glut,23 P Glut,Glut,2,6.6676435,6.6676435,1.0
3025,3990 LDT-PCG Vsx2 Lhx4 Glut_3,0908 LDT-PCG Vsx2 Lhx4 Glut_3,221 LDT-PCG Vsx2 Lhx4 Glut,23 P Glut,Glut,1,5.169848,5.169848,1.0
3035,4009 LDT-PCG Vsx2 Lhx4 Glut_7,0912 LDT-PCG Vsx2 Lhx4 Glut_7,221 LDT-PCG Vsx2 Lhx4 Glut,23 P Glut,Glut,2,2.6692154,2.6692154,0.5
3036,4010 LDT-PCG Vsx2 Lhx4 Glut_7,0912 LDT-PCG Vsx2 Lhx4 Glut_7,221 LDT-PCG Vsx2 Lhx4 Glut,23 P Glut,Glut,1,6.569314,6.569314,1.0
3038,3983 LDT-PCG Vsx2 Lhx4 Glut_2,0907 LDT-PCG Vsx2 Lhx4 Glut_2,221 LDT-PCG Vsx2 Lhx4 Glut,23 P Glut,Glut,3,4.236837,6.288093,0.6666666666666666
3039,4006 LDT-PCG Vsx2 Lhx4 Glut_6,0911 LDT-PCG Vsx2 Lhx4 Glut_6,221 LDT-PCG Vsx2 Lhx4 Glut,23 P Glut,Glut,16,3.9734256,5.515073,0.625
3042,4012 LDT-PCG Vsx2 Lhx4 Glut_7,0912 LDT-PCG Vsx2 Lhx4 Glut_7,221 LDT-PCG Vsx2 Lhx4 Glut,23 P Glut,Glut,5,6.936853,6.884822,1.0
3046,3991 LDT-PCG Vsx2 Lhx4 Glut_3,0908 LDT-PCG Vsx2 Lhx4 Glut_3,221 LDT-PCG Vsx2 Lhx4 Glut,23 P Glut,Glut,4,2.8552194,2.5083275,0.5
3048,4001 LDT-PCG Vsx2 Lhx4 Glut_5,0910 LDT-PCG Vsx2 Lhx4 Glut_5,221 LDT-PCG Vsx2 Lhx4 Glut,23 P Glut,Glut,37,4.1166325,6.1065807,0.6216216216216216
3049,4002 LDT-PCG Vsx2 Lhx4 Glut_5,0910 LDT-PCG Vsx2 Lhx4 Glut_5,221 LDT-PCG Vsx2 Lhx4 Glut,23 P Glut,Glut,5,5.048579,5.8095245,0.8
3050,4003 LDT-PCG Vsx2 Lhx4 Glut_5,0910 LDT-PCG Vsx2 Lhx4 Glut_5,221 LDT-PCG Vsx2 Lhx4 Glut,23 P Glut,Glut,37,4.923492,6.2967997,0.7567567567567568
3051,4004 LDT-PCG Vsx2 Lhx4 Glut_5,0910 LDT-PCG Vsx2 Lhx4 Glut_5,221 LDT-PCG Vsx2 Lhx4 Glut,23 P Glut,Glut,32,4.403592,6.000575,0.65625
3052,4014 LDT-PCG Vsx2 Lhx4 Glut_7,0912 LDT-PCG Vsx2 Lhx4 Glut_7,221 LDT-PCG Vsx2 Lhx4 Glut,23 P Glut,Glut,1,6.8795514,6.8795514,1.0
3054,3984 LDT-PCG Vsx2 Lhx4 Glut_2,0907 LDT-PCG Vsx2 Lhx4 Glut_2,221 LDT-PCG Vsx2 Lhx4 Glut,23 P Glut,Glut,2,3.1313884,3.1313884,0.5
3055,3979 LDT-PCG Vsx2 Lhx4 Glut_1,0906 LDT-PCG Vsx2 Lhx4 Glut_1,221 LDT-PCG Vsx2 Lhx4 Glut,23 P Glut,Glut,1,6.1145525,6.1145525,1.0
3056,3986 LDT-PCG Vsx2 Lhx4 Glut_2,0907 LDT-PCG Vsx2 Lhx4 Glut_2,221 LDT-PCG Vsx2 Lhx4 Glut,23 P Glut,Glut,5,4.4932656,6.7568455,0.6
3057,4110 PCG-PRNr Vsx2 Nkx6-1 Glut_3,0927 PCG-PRNr Vsx2 Nkx6-1 Glut_3,224 PCG-PRNr Vsx2 Nkx6-1 Glut,23 P Glut,Glut,2,2.7775586,2.7775586,0.5
3059,4111 PCG-PRNr Vsx2 Nkx6-1 Glut_3,0927 PCG-PRNr Vsx2 Nkx6-1 Glut_3,224 PCG-PRNr Vsx2 Nkx6-1 Glut,23 P Glut,Glut,2,6.326883,6.326883,1.0
3060,4112 PCG-PRNr Vsx2 Nkx6-1 Glut_3,0927 PCG-PRNr Vsx2 Nkx6-1 Glut_3,224 PCG-PRNr Vsx2 Nkx6-1 Glut,23 P Glut,Glut,2,3.6667979,3.6667979,0.5
3061,4116 PCG-PRNr Vsx2 Nkx6-1 Glut_4,0928 PCG-PRNr Vsx2 Nkx6-1 Glut_4,224 PCG-PRNr Vsx2 Nkx6-1 Glut,23 P Glut,Glut,3,4.4037433,6.2482195,0.6666666666666666
3070,4103 PCG-PRNr Vsx2 Nkx6-1 Glut_2,0926 PCG-PRNr Vsx2 Nkx6-1 Glut_2,224 PCG-PRNr Vsx2 Nkx6-1 Glut,23 P Glut,Glut,3,7.870577,7.815805,1.0
3078,4106 PCG-PRNr Vsx2 Nkx6-1 Glut_2,0926 PCG-PRNr Vsx2 Nkx6-1 Glut_2,224 PCG-PRNr Vsx2 Nkx6-1 Glut,23 P Glut,Glut,1,4.2349916,4.2349916,1.0
3084,4145 PB-PSV Phox2b Glut_1,0938 PB-PSV Phox2b Glut_1,227 PB-PSV Phox2b Glut,23 P Glut,Glut,13,4.4405246,5.520024,0.6923076923076923
3094,4134 PRNc-NI-SG-RPO Vsx2 Nr4a2 Glut_4,0934 PRNc-NI-SG-RPO Vsx2 Nr4a2 Glut_4,225 PRNc-NI-SG-RPO Vsx2 Nr4a2 Glut,23 P Glut,Glut,17,3.4953518,4.7037034,0.6470588235294118
3096,4133 PRNc-NI-SG-RPO Vsx2 Nr4a2 Glut_3,0933 PRNc-NI-SG-RPO Vsx2 Nr4a2 Glut_3,225 PRNc-NI-SG-RPO Vsx2 Nr4a2 Glut,23 P Glut,Glut,1,0.0,0.0,0.0
3097,4130 PRNc-NI-SG-RPO Vsx2 Nr4a2 Glut_2,0932 PRNc-NI-SG-RPO Vsx2 Nr4a2 Glut_2,225 PRNc-NI-SG-RPO Vsx2 Nr4a2 Glut,23 P Glut,Glut,9,4.136921,5.4684834,0.6666666666666666
3098,4123 PRNc-NI-SG-RPO Vsx2 Nr4a2 Glut_1,0931 PRNc-NI-SG-RPO Vsx2 Nr4a2 Glut_1,225 PRNc-NI-SG-RPO Vsx2 Nr4a2 Glut,23 P Glut,Glut,4,2.9948158,2.7868638,0.5
3099,4124 PRNc-NI-SG-RPO Vsx2 Nr4a2 Glut_1,0931 PRNc-NI-SG-RPO Vsx2 Nr4a2 Glut_1,225 PRNc-NI-SG-RPO Vsx2 Nr4a2 Glut,23 P Glut,Glut,6,4.237332,5.0328608,0.6666666666666666
3100,4100 PCG-PRNr Vsx2 Nkx6-1 Glut_1,0925 PCG-PRNr Vsx2 Nkx6-1 Glut_1,224 PCG-PRNr Vsx2 Nkx6-1 Glut,23 P Glut,Glut,5,5.8767176,5.792342,1.0
3101,4101 PCG-PRNr Vsx2 Nkx6-1 Glut_1,0925 PCG-PRNr Vsx2 Nkx6-1 Glut_1,224 PCG-PRNr Vsx2 Nkx6-1 Glut,23 P Glut,Glut,3,5.928413,6.294039,1.0
3102,4125 PRNc-NI-SG-RPO Vsx2 Nr4a2 Glut_1,0931 PRNc-NI-SG-RPO Vsx2 Nr4a2 Glut_1,225 PRNc-NI-SG-RPO Vsx2 Nr4a2 Glut,23 P Glut,Glut,26,5.6880054,6.2145405,0.8846153846153846
3103,4127 PRNc-NI-SG-RPO Vsx2 Nr4a2 Glut_2,0932 PRNc-NI-SG-RPO Vsx2 Nr4a2 Glut_2,225 PRNc-NI-SG-RPO Vsx2 Nr4a2 Glut,23 P Glut,Glut,6,5.413313,6.3002615,0.8333333333333334
3104,4128 PRNc-NI-SG-RPO Vsx2 Nr4a2 Glut_2,0932 PRNc-NI-SG-RPO Vsx2 Nr4a2 Glut_2,225 PRNc-NI-SG-RPO Vsx2 Nr4a2 Glut,23 P Glut,Glut,4,4.5361166,6.0209193,0.75
3105,4129 PRNc-NI-SG-RPO Vsx2 Nr4a2 Glut_2,0932 PRNc-NI-SG-RPO Vsx2 Nr4a2 Glut_2,225 PRNc-NI-SG-RPO Vsx2 Nr4a2 Glut,23 P Glut,Glut,8,5.2907114,5.5173883,0.875
3107,4135 PRNc-NI-SG-RPO Vsx2 Nr4a2 Glut_4,0934 PRNc-NI-SG-RPO Vsx2 Nr4a2 Glut_4,225 PRNc-NI-SG-RPO Vsx2 Nr4a2 Glut,23 P Glut,Glut,68,3.0924513,4.724018,0.5147058823529411
3108,4117 PCG-PRNr Vsx2 Nkx6-1 Glut_5,0929 PCG-PRNr Vsx2 Nkx6-1 Glut_5,224 PCG-PRNr Vsx2 Nkx6-1 Glut,23 P Glut,Glut,15,4.188779,5.182671,0.6666666666666666
3109,4118 PCG-PRNr Vsx2 Nkx6-1 Glut_5,0929 PCG-PRNr Vsx2 Nkx6-1 Glut_5,224 PCG-PRNr Vsx2 Nkx6-1 Glut,23 P Glut,Glut,30,4.9593587,6.0185432,0.8
3110,4126 PRNc-NI-SG-RPO Vsx2 Nr4a2 Glut_2,0932 PRNc-NI-SG-RPO Vsx2 Nr4a2 Glut_2,225 PRNc-NI-SG-RPO Vsx2 Nr4a2 Glut,23 P Glut,Glut,24,5.161712,6.288994,0.7916666666666666
3111,4131 PRNc-NI-SG-RPO Vsx2 Nr4a2 Glut_2,0932 PRNc-NI-SG-RPO Vsx2 Nr4a2 Glut_2,225 PRNc-NI-SG-RPO Vsx2 Nr4a2 Glut,23 P Glut,Glut,14,3.2383914,2.6349409,0.5
3112,4119 PCG-PRNr Vsx2 Nkx6-1 Glut_5,0929 PCG-PRNr Vsx2 Nkx6-1 Glut_5,224 PCG-PRNr Vsx2 Nkx6-1 Glut,23 P Glut,Glut,29,4.235173,5.3633914,0.6896551724137931
3113,4120 PCG-PRNr Vsx2 Nkx6-1 Glut_5,0929 PCG-PRNr Vsx2 Nkx6-1 Glut_5,224 PCG-PRNr Vsx2 Nkx6-1 Glut,23 P Glut,Glut,14,5.153095,5.911904,0.8571428571428571
3116,4948 MV-SPIV-PRP Dmbx1 Gly-Gaba_3,1101 MV-SPIV-PRP Dmbx1 Gly-Gaba_3,287 MV-SPIV-PRP Dmbx1 Gly-Gaba,27 MY GABA,GABA-Glyc,1,6.4103208,6.4103208,1.0
3123,3547 PAG-ND-PCG Onecut1 Gaba_2,0819 PAG-ND-PCG Onecut1 Gaba_2,200 PAG-ND-PCG Onecut1 Gaba,20 MB GABA,GABA,3,4.7676096,6.8914585,0.6666666666666666
3126,3548 PAG-ND-PCG Onecut1 Gaba_2,0819 PAG-ND-PCG Onecut1 Gaba_2,200 PAG-ND-PCG Onecut1 Gaba,20 MB GABA,GABA,1,5.8841558,5.8841558,1.0
3128,3538 PAG-ND-PCG Onecut1 Gaba_1,0818 PAG-ND-PCG Onecut1 Gaba_1,200 PAG-ND-PCG Onecut1 Gaba,20 MB GABA,GABA,6,5.245649,5.627504,1.0
3132,3552 PAG-ND-PCG Onecut1 Gaba_3,0820 PAG-ND-PCG Onecut1 Gaba_3,200 PAG-ND-PCG Onecut1 Gaba,20 MB GABA,GABA,1,7.2588587,7.2588587,1.0
3133,3539 PAG-ND-PCG Onecut1 Gaba_1,0818 PAG-ND-PCG Onecut1 Gaba_1,200 PAG-ND-PCG Onecut1 Gaba,20 MB GABA,GABA,29,4.9885015,5.6702347,0.8275862068965517
3136,3545 PAG-ND-PCG Onecut1 Gaba_2,0819 PAG-ND-PCG Onecut1 Gaba_2,200 PAG-ND-PCG Onecut1 Gaba,20 MB GABA,GABA,2,6.0299783,6.0299783,1.0
3146,4730 NI-RPO Gata3 Nr4a2 Gaba_4,1055 NI-RPO Gata3 Nr4a2 Gaba_4,271 NI-RPO Gata3 Nr4a2 Gaba,26 P GABA,GABA,4,4.445012,5.7100973,0.75
3147,3554 PAG-ND-PCG Onecut1 Gaba_5,0822 PAG-ND-PCG Onecut1 Gaba_5,200 PAG-ND-PCG Onecut1 Gaba,20 MB GABA,GABA-Glyc,3,3.9913642,5.8294926,0.6666666666666666
3154,3534 PAG-ND-PCG Onecut1 Gaba_1,0818 PAG-ND-PCG Onecut1 Gaba_1,200 PAG-ND-PCG Onecut1 Gaba,20 MB GABA,GABA,1,6.422477,6.422477,1.0
3158,3546 PAG-ND-PCG Onecut1 Gaba_2,0819 PAG-ND-PCG Onecut1 Gaba_2,200 PAG-ND-PCG Onecut1 Gaba,20 MB GABA,GABA,2,6.2478046,6.2478046,1.0
3166,3556 PAG-ND-PCG Onecut1 Gaba_5,0822 PAG-ND-PCG Onecut1 Gaba_5,200 PAG-ND-PCG Onecut1 Gaba,20 MB GABA,GABA-Glyc,1,0.0,0.0,0.0
3168,3557 PAG-ND-PCG Onecut1 Gaba_5,0822 PAG-ND-PCG Onecut1 Gaba_5,200 PAG-ND-PCG Onecut1 Gaba,20 MB GABA,GABA-Glyc,6,5.728338,6.02487,1.0
3171,3601 PRT Tcf7l2 Gaba_1,0829 PRT Tcf7l2 Gaba_1,202 PRT Tcf7l2 Gaba,20 MB GABA,GABA,2,5.705814,5.705814,1.0
3172,3602 PRT Tcf7l2 Gaba_1,0829 PRT Tcf7l2 Gaba_1,202 PRT Tcf7l2 Gaba,20 MB GABA,GABA,2,3.2471945,3.2471945,0.5
3174,3720 SCm-PAG Cdh23 Gaba_4,0851 SCm-PAG Cdh23 Gaba_4,206 SCm-PAG Cdh23 Gaba,20 MB GABA,GABA,1,8.053874,8.053874,1.0
3176,3589 PAG-RN Nkx2-2 Otx1 Gaba_5,0827 PAG-RN Nkx2-2 Otx1 Gaba_5,201 PAG-RN Nkx2-2 Otx1 Gaba,20 MB GABA,GABA,4,3.3867917,3.3169503,0.5
3192,4745 LDT-PCG-CS Gata3 Lhx1 Gaba_4,1059 LDT-PCG-CS Gata3 Lhx1 Gaba_4,272 LDT-PCG-CS Gata3 Lhx1 Gaba,26 P GABA,Glut-GABA,1,4.7784467,4.7784467,1.0
3195,4739 LDT-PCG-CS Gata3 Lhx1 Gaba_2,1057 LDT-PCG-CS Gata3 Lhx1 Gaba_2,272 LDT-PCG-CS Gata3 Lhx1 Gaba,26 P GABA,GABA,3,3.7447042,5.347567,0.6666666666666666
3196,4740 LDT-PCG-CS Gata3 Lhx1 Gaba_2,1057 LDT-PCG-CS Gata3 Lhx1 Gaba_2,272 LDT-PCG-CS Gata3 Lhx1 Gaba,26 P GABA,GABA,7,4.273067,5.819355,0.7142857142857143
3197,4735 LDT-PCG-CS Gata3 Lhx1 Gaba_1,1056 LDT-PCG-CS Gata3 Lhx1 Gaba_1,272 LDT-PCG-CS Gata3 Lhx1 Gaba,26 P GABA,GABA,1,6.837999,6.837999,1.0
3200,4744 LDT-PCG-CS Gata3 Lhx1 Gaba_3,1058 LDT-PCG-CS Gata3 Lhx1 Gaba_3,272 LDT-PCG-CS Gata3 Lhx1 Gaba,26 P GABA,Glut-GABA,9,6.3666763,6.37712,1.0
3201,4754 PDTg-PCG Pax6 Gaba_3,1063 PDTg-PCG Pax6 Gaba_3,273 PDTg-PCG Pax6 Gaba,26 P GABA,GABA,12,5.3131413,6.1046944,0.8333333333333334
3202,4747 LDT-PCG-CS Gata3 Lhx1 Gaba_5,1060 LDT-PCG-CS Gata3 Lhx1 Gaba_5,272 LDT-PCG-CS Gata3 Lhx1 Gaba,26 P GABA,GABA,2,0.0,0.0,0.0
3203,4717 NI-RPO Gata3 Nr4a2 Gaba_1,1052 NI-RPO Gata3 Nr4a2 Gaba_1,271 NI-RPO Gata3 Nr4a2 Gaba,26 P GABA,Glut-GABA,7,3.7551765,6.025371,0.5714285714285714
3204,4723 NI-RPO Gata3 Nr4a2 Gaba_2,1053 NI-RPO Gata3 Nr4a2 Gaba_2,271 NI-RPO Gata3 Nr4a2 Gaba,26 P GABA,GABA,11,4.8111877,5.7835813,0.8181818181818182
3205,4741 LDT-PCG-CS Gata3 Lhx1 Gaba_2,1057 LDT-PCG-CS Gata3 Lhx1 Gaba_2,272 LDT-PCG-CS Gata3 Lhx1 Gaba,26 P GABA,GABA,3,4.9647994,4.4326105,1.0
3207,4756 PDTg-PCG Pax6 Gaba_4,1064 PDTg-PCG Pax6 Gaba_4,273 PDTg-PCG Pax6 Gaba,26 P GABA,Glut-GABA,18,2.9980097,0.0,0.4444444444444444
3208,4718 NI-RPO Gata3 Nr4a2 Gaba_1,1052 NI-RPO Gata3 Nr4a2 Gaba_1,271 NI-RPO Gata3 Nr4a2 Gaba,26 P GABA,GABA,6,4.1703167,5.922248,0.6666666666666666
3209,4719 NI-RPO Gata3 Nr4a2 Gaba_1,1052 NI-RPO Gata3 Nr4a2 Gaba_1,271 NI-RPO Gata3 Nr4a2 Gaba,26 P GABA,GABA,5,5.819346,7.0465064,0.8
3210,4733 NI-RPO Gata3 Nr4a2 Gaba_4,1055 NI-RPO Gata3 Nr4a2 Gaba_4,271 NI-RPO Gata3 Nr4a2 Gaba,26 P GABA,Glut,10,5.2421904,5.3448725,0.9
3211,4722 NI-RPO Gata3 Nr4a2 Gaba_2,1053 NI-RPO Gata3 Nr4a2 Gaba_2,271 NI-RPO Gata3 Nr4a2 Gaba,26 P GABA,Glut-GABA,2,7.1513944,7.1513944,1.0
3212,4724 NI-RPO Gata3 Nr4a2 Gaba_2,1053 NI-RPO Gata3 Nr4a2 Gaba_2,271 NI-RPO Gata3 Nr4a2 Gaba,26 P GABA,Glut-GABA,3,5.4314523,5.338764,1.0
3214,4725 NI-RPO Gata3 Nr4a2 Gaba_2,1053 NI-RPO Gata3 Nr4a2 Gaba_2,271 NI-RPO Gata3 Nr4a2 Gaba,26 P GABA,Glut-GABA,2,6.083802,6.083802,1.0
3215,4726 NI-RPO Gata3 Nr4a2 Gaba_2,1053 NI-RPO Gata3 Nr4a2 Gaba_2,271 NI-RPO Gata3 Nr4a2 Gaba,26 P GABA,GABA,1,6.2790847,6.2790847,1.0
3216,4727 NI-RPO Gata3 Nr4a2 Gaba_2,1053 NI-RPO Gata3 Nr4a2 Gaba_2,271 NI-RPO Gata3 Nr4a2 Gaba,26 P GABA,Glut,7,5.383342,5.8684745,0.8571428571428571
3217,4728 NI-RPO Gata3 Nr4a2 Gaba_2,1053 NI-RPO Gata3 Nr4a2 Gaba_2,271 NI-RPO Gata3 Nr4a2 Gaba,26 P GABA,Glut-GABA,3,5.575695,5.4521646,1.0
3218,4757 PDTg-PCG Pax6 Gaba_4,1064 PDTg-PCG Pax6 Gaba_4,273 PDTg-PCG Pax6 Gaba,26 P GABA,Glut-GABA,14,3.2878344,2.9211495,0.5
3219,4749 PDTg-PCG Pax6 Gaba_1,1061 PDTg-PCG Pax6 Gaba_1,273 PDTg-PCG Pax6 Gaba,26 P GABA,GABA,29,3.8836846,5.5605206,0.6206896551724138
3223,4710 LDT-DTN Gata3 Nfix Gaba_1,1050 LDT-DTN Gata3 Nfix Gaba_1,270 LDT-DTN Gata3 Nfix Gaba,26 P GABA,GABA,1,6.098926,6.098926,1.0
3226,4742 LDT-PCG-CS Gata3 Lhx1 Gaba_2,1057 LDT-PCG-CS Gata3 Lhx1 Gaba_2,272 LDT-PCG-CS Gata3 Lhx1 Gaba,26 P GABA,GABA,3,3.42987,4.6257863,0.6666666666666666
3227,4750 PDTg-PCG Pax6 Gaba_1,1061 PDTg-PCG Pax6 Gaba_1,273 PDTg-PCG Pax6 Gaba,26 P GABA,GABA,12,5.8206677,6.879817,0.8333333333333334
3232,4751 PDTg-PCG Pax6 Gaba_1,1061 PDTg-PCG Pax6 Gaba_1,273 PDTg-PCG Pax6 Gaba,26 P GABA,GABA,25,5.3526583,5.733804,0.88
3234,4752 PDTg-PCG Pax6 Gaba_1,1061 PDTg-PCG Pax6 Gaba_1,273 PDTg-PCG Pax6 Gaba,26 P GABA,GABA,30,3.885627,5.339121,0.5666666666666667
3235,4753 PDTg-PCG Pax6 Gaba_2,1062 PDTg-PCG Pax6 Gaba_2,273 PDTg-PCG Pax6 Gaba,26 P GABA,Glut-GABA,3,6.134538,5.969558,1.0
3239,5016 MARN-PPY Ngfr Gly-Gaba_1,1119 MARN-PPY Ngfr Gly-Gaba_1,299 MARN-PPY Ngfr Gly-Gaba,27 MY GABA,GABA-Glyc,13,4.6327643,5.637233,0.7692307692307693
3240,4721 NI-RPO Gata3 Nr4a2 Gaba_1,1052 NI-RPO Gata3 Nr4a2 Gaba_1,271 NI-RPO Gata3 Nr4a2 Gaba,26 P GABA,Glut-GABA,7,4.880977,6.5520277,0.7142857142857143
3241,5165 RO-RPA Pkd2l1 Gaba_1,1140 RO-RPA Pkd2l1 Gaba_1,307 RO-RPA Pkd2l1 Gaba,27 MY GABA,GABA,83,5.124121,6.2740445,0.7710843373493976
3242,5002 RPA Pax6 Hoxb5 Gly-Gaba_1,1116 RPA Pax6 Hoxb5 Gly-Gaba_1,296 RPA Pax6 Hoxb5 Gly-Gaba,27 MY GABA,GABA-Glyc,14,2.9307804,2.4515421,0.5
3243,5003 RPA Pax6 Hoxb5 Gly-Gaba_1,1116 RPA Pax6 Hoxb5 Gly-Gaba_1,296 RPA Pax6 Hoxb5 Gly-Gaba,27 MY GABA,GABA-Glyc,60,4.7645636,6.1176476,0.7333333333333333
3244,5007 RPA Pax6 Hoxb5 Gly-Gaba_1,1116 RPA Pax6 Hoxb5 Gly-Gaba_1,296 RPA Pax6 Hoxb5 Gly-Gaba,27 MY GABA,GABA,18,4.618535,6.2777376,0.7222222222222222
3245,5004 RPA Pax6 Hoxb5 Gly-Gaba_1,1116 RPA Pax6 Hoxb5 Gly-Gaba_1,296 RPA Pax6 Hoxb5 Gly-Gaba,27 MY GABA,GABA-Glyc,39,5.0748177,5.987738,0.8205128205128205
3246,5005 RPA Pax6 Hoxb5 Gly-Gaba_1,1116 RPA Pax6 Hoxb5 Gly-Gaba_1,296 RPA Pax6 Hoxb5 Gly-Gaba,27 MY GABA,GABA-Glyc,83,4.579522,5.8820987,0.7108433734939759
3247,5166 RO-RPA Pkd2l1 Gaba_1,1140 RO-RPA Pkd2l1 Gaba_1,307 RO-RPA Pkd2l1 Gaba,27 MY GABA,GABA,307,4.529678,5.989972,0.6872964169381107
3248,5017 MARN-PPY Ngfr Gly-Gaba_1,1119 MARN-PPY Ngfr Gly-Gaba_1,299 MARN-PPY Ngfr Gly-Gaba,27 MY GABA,GABA-Glyc,15,4.159639,5.2606044,0.8
3249,5006 RPA Pax6 Hoxb5 Gly-Gaba_1,1116 RPA Pax6 Hoxb5 Gly-Gaba_1,296 RPA Pax6 Hoxb5 Gly-Gaba,27 MY GABA,GABA-Glyc,50,5.8504176,6.3997135,0.9
3362,3422 MRN-VTN-PPN Pax5 Cdh23 Gaba_1,0798 MRN-VTN-PPN Pax5 Cdh23 Gaba_1,194 MRN-VTN-PPN Pax5 Cdh23 Gaba,20 MB GABA,GABA,1,0.0,0.0,0.0
3366,4691 CS-PRNr-DR En1 Sox2 Gaba_1,1047 CS-PRNr-DR En1 Sox2 Gaba_1,268 CS-PRNr-DR En1 Sox2 Gaba,26 P GABA,GABA,2,7.002529,7.002529,1.0
3374,3438 SNr-VTA Pax5 Npas1 Gaba_1,0800 SNr-VTA Pax5 Npas1 Gaba_1,195 SNr-VTA Pax5 Npas1 Gaba,20 MB GABA,GABA,2,5.506749,5.506749,1.0
3384,3387 PAG-MRN Rln3 Gaba_1,0791 PAG-MRN Rln3 Gaba_1,191 PAG-MRN Rln3 Gaba,20 MB GABA,GABA,1,0.0,0.0,0.0
3389,3575 PAG-RN Nkx2-2 Otx1 Gaba_3,0825 PAG-RN Nkx2-2 Otx1 Gaba_3,201 PAG-RN Nkx2-2 Otx1 Gaba,20 MB GABA,GABA-Glyc,1,0.0,0.0,0.0
3421,3614 PRT Tcf7l2 Gaba_3,0831 PRT Tcf7l2 Gaba_3,202 PRT Tcf7l2 Gaba,20 MB GABA,GABA,1,6.8806376,6.8806376,1.0
3427,3606 PRT Tcf7l2 Gaba_1,0829 PRT Tcf7l2 Gaba_1,202 PRT Tcf7l2 Gaba,20 MB GABA,GABA,4,4.8911433,6.3839054,0.75
3455,4707 LDT Fgf7 Gaba_1,1049 LDT Fgf7 Gaba_1,269 LDT Fgf7 Gaba,26 P GABA,GABA,20,5.526225,5.9857826,0.9
3526,3691 SC-PAG Lef1 Emx2 Gaba_3,0845 SC-PAG Lef1 Emx2 Gaba_3,205 SC-PAG Lef1 Emx2 Gaba,20 MB GABA,GABA,1,6.631749,6.631749,1.0
3615,4372 PGRN-PARN-MDRN Hoxb5 Glut_5,0977 PGRN-PARN-MDRN Hoxb5 Glut_5,243 PGRN-PARN-MDRN Hoxb5 Glut,24 MY Glut,Glut,75,4.5679755,5.6645975,0.72
3616,4373 PGRN-PARN-MDRN Hoxb5 Glut_5,0977 PGRN-PARN-MDRN Hoxb5 Glut_5,243 PGRN-PARN-MDRN Hoxb5 Glut,24 MY Glut,Glut,52,6.3016157,6.7752686,0.9423076923076923
3623,4557 IO Fgl2 Glut_1,1012 IO Fgl2 Glut_1,253 IO Fgl2 Glut,24 MY Glut,Glut,142,4.785581,5.5400524,0.8591549295774648
3628,4327 PGRN-PARN-MDRN Hoxb5 Glut_1,0973 PGRN-PARN-MDRN Hoxb5 Glut_1,243 PGRN-PARN-MDRN Hoxb5 Glut,24 MY Glut,Chol,38,5.5023403,6.3545027,0.8421052631578947
3629,4316 PGRN-PARN-MDRN Hoxb5 Glut_1,0973 PGRN-PARN-MDRN Hoxb5 Glut_1,243 PGRN-PARN-MDRN Hoxb5 Glut,24 MY Glut,Glut,30,5.315117,6.070115,0.8666666666666667
3630,4352 PGRN-PARN-MDRN Hoxb5 Glut_3,0975 PGRN-PARN-MDRN Hoxb5 Glut_3,243 PGRN-PARN-MDRN Hoxb5 Glut,24 MY Glut,Glut,69,5.291144,5.634374,0.9130434782608695
3640,4334 PGRN-PARN-MDRN Hoxb5 Glut_2,0974 PGRN-PARN-MDRN Hoxb5 Glut_2,243 PGRN-PARN-MDRN Hoxb5 Glut,24 MY Glut,Glut,35,6.113822,6.47389,0.9428571428571428
3641,4337 PGRN-PARN-MDRN Hoxb5 Glut_2,0974 PGRN-PARN-MDRN Hoxb5 Glut_2,243 PGRN-PARN-MDRN Hoxb5 Glut,24 MY Glut,Glut,17,3.6893525,5.0090446,0.6470588235294118
3642,4309 MDRNv Lhx4 Qrfprl Glut_1,0970 MDRNv Lhx4 Qrfprl Glut_1,240 MDRNv Lhx4 Qrfprl Glut,24 MY Glut,Glut,74,3.88104,5.351961,0.6351351351351351
3645,4317 PGRN-PARN-MDRN Hoxb5 Glut_1,0973 PGRN-PARN-MDRN Hoxb5 Glut_1,243 PGRN-PARN-MDRN Hoxb5 Glut,24 MY Glut,Glut,62,5.0545945,6.0264425,0.8225806451612904
3646,4318 PGRN-PARN-MDRN Hoxb5 Glut_1,0973 PGRN-PARN-MDRN Hoxb5 Glut_1,243 PGRN-PARN-MDRN Hoxb5 Glut,24 MY Glut,Glut,22,6.180489,6.382367,0.9545454545454546
3647,4319 PGRN-PARN-MDRN Hoxb5 Glut_1,0973 PGRN-PARN-MDRN Hoxb5 Glut_1,243 PGRN-PARN-MDRN Hoxb5 Glut,24 MY Glut,Glut,38,4.3946548,5.27468,0.7631578947368421
3649,4320 PGRN-PARN-MDRN Hoxb5 Glut_1,0973 PGRN-PARN-MDRN Hoxb5 Glut_1,243 PGRN-PARN-MDRN Hoxb5 Glut,24 MY Glut,Glut,29,4.631237,5.960193,0.7586206896551724
3650,4353 PGRN-PARN-MDRN Hoxb5 Glut_3,0975 PGRN-PARN-MDRN Hoxb5 Glut_3,243 PGRN-PARN-MDRN Hoxb5 Glut,24 MY Glut,Glut,20,5.44967,6.1143136,0.85
3651,4321 PGRN-PARN-MDRN Hoxb5 Glut_1,0973 PGRN-PARN-MDRN Hoxb5 Glut_1,243 PGRN-PARN-MDRN Hoxb5 Glut,24 MY Glut,Glut,24,4.5240016,5.618913,0.7916666666666666
3652,4322 PGRN-PARN-MDRN Hoxb5 Glut_1,0973 PGRN-PARN-MDRN Hoxb5 Glut_1,243 PGRN-PARN-MDRN Hoxb5 Glut,24 MY Glut,Glut,37,4.671327,5.6661453,0.7567567567567568
3653,4374 PGRN-PARN-MDRN Hoxb5 Glut_5,0977 PGRN-PARN-MDRN Hoxb5 Glut_5,243 PGRN-PARN-MDRN Hoxb5 Glut,24 MY Glut,Glut,63,4.7170014,5.9848957,0.7619047619047619
3654,4325 PGRN-PARN-MDRN Hoxb5 Glut_1,0973 PGRN-PARN-MDRN Hoxb5 Glut_1,243 PGRN-PARN-MDRN Hoxb5 Glut,24 MY Glut,Glut,154,5.3584456,5.9731545,0.8831168831168831
3655,4326 PGRN-PARN-MDRN Hoxb5 Glut_1,0973 PGRN-PARN-MDRN Hoxb5 Glut_1,243 PGRN-PARN-MDRN Hoxb5 Glut,24 MY Glut,Chol,26,4.913722,5.3197165,0.8076923076923077
3664,4323 PGRN-PARN-MDRN Hoxb5 Glut_1,0973 PGRN-PARN-MDRN Hoxb5 Glut_1,243 PGRN-PARN-MDRN Hoxb5 Glut,24 MY Glut,Glut,55,5.067306,5.914162,0.8181818181818182
3665,4354 PGRN-PARN-MDRN Hoxb5 Glut_3,0975 PGRN-PARN-MDRN Hoxb5 Glut_3,243 PGRN-PARN-MDRN Hoxb5 Glut,24 MY Glut,Glut,31,5.7561603,6.1351256,0.9032258064516129
3668,4205 PRP-NI-PRNc-GRN Otp Glut_1,0955 PRP-NI-PRNc-GRN Otp Glut_1,237 PRP-NI-PRNc-GRN Otp Glut,24 MY Glut,Glut,70,5.158084,5.902544,0.8428571428571429
3669,4206 PRP-NI-PRNc-GRN Otp Glut_1,0955 PRP-NI-PRNc-GRN Otp Glut_1,237 PRP-NI-PRNc-GRN Otp Glut,24 MY Glut,Glut,45,5.770958,6.1625214,0.9333333333333333
3671,4349 PGRN-PARN-MDRN Hoxb5 Glut_3,0975 PGRN-PARN-MDRN Hoxb5 Glut_3,243 PGRN-PARN-MDRN Hoxb5 Glut,24 MY Glut,Glut,28,3.298571,4.5470295,0.5714285714285714
3672,4310 NTS Mbnl3 Glut_1,0971 NTS Mbnl3 Glut_1,241 NTS Mbnl3 Glut,24 MY Glut,Glut,162,4.456781,5.636602,0.7098765432098766
3673,4284 NTS Phox2b Glut_7,0965 NTS Phox2b Glut_7,238 NTS Phox2b Glut,24 MY Glut,Glut,20,5.4796424,5.844599,0.9
3674,4355 PGRN-PARN-MDRN Hoxb5 Glut_3,0975 PGRN-PARN-MDRN Hoxb5 Glut_3,243 PGRN-PARN-MDRN Hoxb5 Glut,24 MY Glut,Glut,41,4.990106,6.296054,0.7804878048780488
3678,4335 PGRN-PARN-MDRN Hoxb5 Glut_2,0974 PGRN-PARN-MDRN Hoxb5 Glut_2,243 PGRN-PARN-MDRN Hoxb5 Glut,24 MY Glut,Chol,28,5.068997,6.0614347,0.8214285714285714
3679,4336 PGRN-PARN-MDRN Hoxb5 Glut_2,0974 PGRN-PARN-MDRN Hoxb5 Glut_2,243 PGRN-PARN-MDRN Hoxb5 Glut,24 MY Glut,Glut,23,4.865364,5.6147323,0.782608695652174
3682,4324 PGRN-PARN-MDRN Hoxb5 Glut_1,0973 PGRN-PARN-MDRN Hoxb5 Glut_1,243 PGRN-PARN-MDRN Hoxb5 Glut,24 MY Glut,Glut,31,5.8928413,6.1517363,0.9354838709677419
3683,4375 PGRN-PARN-MDRN Hoxb5 Glut_5,0977 PGRN-PARN-MDRN Hoxb5 Glut_5,243 PGRN-PARN-MDRN Hoxb5 Glut,24 MY Glut,Glut,66,4.5043817,5.542795,0.7575757575757576
3684,4550 NTS Dbh Glut_6,1009 NTS Dbh Glut_6,251 NTS Dbh Glut,24 MY Glut,Glut,116,5.995147,6.702033,0.896551724137931
3689,4406 MV-SPIV Slc6a2 Glut_1,0980 MV-SPIV Slc6a2 Glut_1,244 MV-SPIV Slc6a2 Glut,24 MY Glut,Glut,116,5.4397764,5.9761763,0.8879310344827587
3690,4407 MV-SPIV Slc6a2 Glut_1,0980 MV-SPIV Slc6a2 Glut_1,244 MV-SPIV Slc6a2 Glut,24 MY Glut,Glut,97,5.7260156,6.190428,0.9175257731958762
3691,4408 MV-SPIV Slc6a2 Glut_1,0980 MV-SPIV Slc6a2 Glut_1,244 MV-SPIV Slc6a2 Glut,24 MY Glut,Glut,56,5.2051244,5.715232,0.875
3692,4409 MV-SPIV Slc6a2 Glut_1,0980 MV-SPIV Slc6a2 Glut_1,244 MV-SPIV Slc6a2 Glut,24 MY Glut,Glut,124,5.438752,6.28524,0.8629032258064516
3693,4944 MV-SPIV-PRP Dmbx1 Gly-Gaba_1,1099 MV-SPIV-PRP Dmbx1 Gly-Gaba_1,287 MV-SPIV-PRP Dmbx1 Gly-Gaba,27 MY GABA,GABA-Glyc,84,5.757323,6.2447014,0.9166666666666666
3694,4945 MV-SPIV-PRP Dmbx1 Gly-Gaba_1,1099 MV-SPIV-PRP Dmbx1 Gly-Gaba_1,287 MV-SPIV-PRP Dmbx1 Gly-Gaba,27 MY GABA,GABA-Glyc,40,4.474793,5.7113075,0.75
3695,4941 MV-SPIV-PRP Dmbx1 Gly-Gaba_1,1099 MV-SPIV-PRP Dmbx1 Gly-Gaba_1,287 MV-SPIV-PRP Dmbx1 Gly-Gaba,27 MY GABA,Glut-GABA,29,5.2194505,5.7961636,0.8620689655172413
3696,4942 MV-SPIV-PRP Dmbx1 Gly-Gaba_1,1099 MV-SPIV-PRP Dmbx1 Gly-Gaba_1,287 MV-SPIV-PRP Dmbx1 Gly-Gaba,27 MY GABA,GABA-Glyc,29,5.071315,6.143361,0.7931034482758621
3698,4936 MV-SPIV-PRP Dmbx1 Gly-Gaba_1,1099 MV-SPIV-PRP Dmbx1 Gly-Gaba_1,287 MV-SPIV-PRP Dmbx1 Gly-Gaba,27 MY GABA,GABA,43,5.1546125,5.974849,0.813953488372093
3699,4225 NTS Phox2b Glut_1,0959 NTS Phox2b Glut_1,238 NTS Phox2b Glut,24 MY Glut,Glut,34,5.5379333,6.0299883,0.8823529411764706
3700,4338 PGRN-PARN-MDRN Hoxb5 Glut_2,0974 PGRN-PARN-MDRN Hoxb5 Glut_2,243 PGRN-PARN-MDRN Hoxb5 Glut,24 MY Glut,Glut,45,4.174767,5.3390975,0.6888888888888889
3701,4440 SPVI-SPVC Tlx3 Ebf3 Glut_5,0985 SPVI-SPVC Tlx3 Ebf3 Glut_5,245 SPVI-SPVC Tlx3 Ebf3 Glut,24 MY Glut,Glut,13,5.6984634,6.268002,0.9230769230769231
3703,4215 PRP-NI-PRNc-GRN Otp Glut_3,0957 PRP-NI-PRNc-GRN Otp Glut_3,237 PRP-NI-PRNc-GRN Otp Glut,24 MY Glut,Glut,2,6.5463853,6.5463853,1.0
3705,4647 PRNc Otp Gly-Gaba_3,1038 PRNc Otp Gly-Gaba_3,264 PRNc Otp Gly-Gaba,26 P GABA,GABA,3,4.8455215,7.2025304,0.6666666666666666
3707,4641 PRNc Otp Gly-Gaba_2,1037 PRNc Otp Gly-Gaba_2,264 PRNc Otp Gly-Gaba,26 P GABA,GABA-Glyc,1,6.1549554,6.1549554,1.0
3709,4608 CS-RPO Meis2 Gaba_1,1031 CS-RPO Meis2 Gaba_1,263 CS-RPO Meis2 Gaba,26 P GABA,GABA,1,5.6057057,5.6057057,1.0
3717,4643 PRNc Otp Gly-Gaba_2,1037 PRNc Otp Gly-Gaba_2,264 PRNc Otp Gly-Gaba,26 P GABA,GABA-Glyc,6,4.8076367,5.5683537,0.8333333333333334
3723,4216 PRP-NI-PRNc-GRN Otp Glut_3,0957 PRP-NI-PRNc-GRN Otp Glut_3,237 PRP-NI-PRNc-GRN Otp Glut,24 MY Glut,Glut,2,3.179566,3.179566,0.5
3725,4218 PRP-NI-PRNc-GRN Otp Glut_3,0957 PRP-NI-PRNc-GRN Otp Glut_3,237 PRP-NI-PRNc-GRN Otp Glut,24 MY Glut,Glut,8,3.1007442,2.5767748,0.5
3726,4220 PRP-NI-PRNc-GRN Otp Glut_3,0957 PRP-NI-PRNc-GRN Otp Glut_3,237 PRP-NI-PRNc-GRN Otp Glut,24 MY Glut,Glut,3,4.1085734,5.5010867,0.6666666666666666
3727,4632 CS-RPO Meis2 Gaba_5,1035 CS-RPO Meis2 Gaba_5,263 CS-RPO Meis2 Gaba,26 P GABA,GABA-Glyc,13,3.936925,5.5263734,0.6153846153846154
3728,4649 PRNc Otp Gly-Gaba_3,1038 PRNc Otp Gly-Gaba_3,264 PRNc Otp Gly-Gaba,26 P GABA,GABA-Glyc,1,0.0,0.0,0.0
3729,4650 PRNc Otp Gly-Gaba_3,1038 PRNc Otp Gly-Gaba_3,264 PRNc Otp Gly-Gaba,26 P GABA,GABA-Glyc,7,5.2222886,5.38519,0.8571428571428571
3733,4221 PRP-NI-PRNc-GRN Otp Glut_4,0958 PRP-NI-PRNc-GRN Otp Glut_4,237 PRP-NI-PRNc-GRN Otp Glut,24 MY Glut,Glut,1,6.0843353,6.0843353,1.0
3734,4831 PRP Otp Gly-Gaba_3,1085 PRP Otp Gly-Gaba_3,283 PRP Otp Gly-Gaba,27 MY GABA,GABA-Glyc,41,4.938633,6.1260247,0.7560975609756098
3736,4946 MV-SPIV-PRP Dmbx1 Gly-Gaba_2,1100 MV-SPIV-PRP Dmbx1 Gly-Gaba_2,287 MV-SPIV-PRP Dmbx1 Gly-Gaba,27 MY GABA,GABA,23,5.0280633,5.8276725,0.8695652173913043
3737,4947 MV-SPIV-PRP Dmbx1 Gly-Gaba_2,1100 MV-SPIV-PRP Dmbx1 Gly-Gaba_2,287 MV-SPIV-PRP Dmbx1 Gly-Gaba,27 MY GABA,GABA-Glyc,44,4.822086,5.449752,0.8636363636363636
3739,4341 PGRN-PARN-MDRN Hoxb5 Glut_2,0974 PGRN-PARN-MDRN Hoxb5 Glut_2,243 PGRN-PARN-MDRN Hoxb5 Glut,24 MY Glut,Glut,8,5.1199036,6.396327,0.75
3740,4812 POR Spp1 Gly-Gaba_1,1082 POR Spp1 Gly-Gaba_1,282 POR Spp1 Gly-Gaba,26 P GABA,GABA-Glyc,1,4.357687,4.357687,1.0
3744,4646 PRNc Otp Gly-Gaba_2,1037 PRNc Otp Gly-Gaba_2,264 PRNc Otp Gly-Gaba,26 P GABA,GABA-Glyc,10,7.2091155,7.1919613,1.0
3745,4633 PRNc Otp Gly-Gaba_1,1036 PRNc Otp Gly-Gaba_1,264 PRNc Otp Gly-Gaba,26 P GABA,GABA-Glyc,1,8.124237,8.124237,1.0
3746,4645 PRNc Otp Gly-Gaba_2,1037 PRNc Otp Gly-Gaba_2,264 PRNc Otp Gly-Gaba,26 P GABA,GABA-Glyc,3,6.0659294,6.5458136,1.0
3755,4640 PRNc Otp Gly-Gaba_2,1037 PRNc Otp Gly-Gaba_2,264 PRNc Otp Gly-Gaba,26 P GABA,GABA-Glyc,13,6.724871,6.7354445,1.0
3756,4314 PGRN-PARN-MDRN Hoxb5 Glut_1,0973 PGRN-PARN-MDRN Hoxb5 Glut_1,243 PGRN-PARN-MDRN Hoxb5 Glut,24 MY Glut,Glut,21,4.495733,5.9048123,0.7142857142857143
3757,4654 PRNc Otp Gly-Gaba_3,1038 PRNc Otp Gly-Gaba_3,264 PRNc Otp Gly-Gaba,26 P GABA,GABA-Glyc,47,5.1883144,6.364574,0.8085106382978723
3759,4612 CS-RPO Meis2 Gaba_1,1031 CS-RPO Meis2 Gaba_1,263 CS-RPO Meis2 Gaba,26 P GABA,GABA,18,4.0475683,5.618539,0.6111111111111112
3761,4311 PGRNd Dmbx1 Glut_1,0972 PGRNd Dmbx1 Glut_1,242 PGRNd Dmbx1 Glut,24 MY Glut,Chol,62,3.8896997,5.1248055,0.6612903225806451
3763,4222 PRP-NI-PRNc-GRN Otp Glut_4,0958 PRP-NI-PRNc-GRN Otp Glut_4,237 PRP-NI-PRNc-GRN Otp Glut,24 MY Glut,Glut,1,5.5825477,5.5825477,1.0
3764,4223 PRP-NI-PRNc-GRN Otp Glut_4,0958 PRP-NI-PRNc-GRN Otp Glut_4,237 PRP-NI-PRNc-GRN Otp Glut,24 MY Glut,Glut,2,3.1925704,3.1925704,0.5
3767,4224 PRP-NI-PRNc-GRN Otp Glut_4,0958 PRP-NI-PRNc-GRN Otp Glut_4,237 PRP-NI-PRNc-GRN Otp Glut,24 MY Glut,Glut,2,6.983624,6.983624,1.0
3768,4822 PRP Otp Gly-Gaba_2,1084 PRP Otp Gly-Gaba_2,283 PRP Otp Gly-Gaba,27 MY GABA,GABA-Glyc,73,6.1612697,6.6983914,0.9315068493150684
3769,4083 PB Evx2 Glut_9,0922 PB Evx2 Glut_9,222 PB Evx2 Glut,23 P Glut,Glut,2,5.6779256,5.6779256,1.0
3777,4376 PGRN-PARN-MDRN Hoxb5 Glut_5,0977 PGRN-PARN-MDRN Hoxb5 Glut_5,243 PGRN-PARN-MDRN Hoxb5 Glut,24 MY Glut,Glut,45,5.124601,5.8756995,0.8666666666666667
3781,4548 NTS Dbh Glut_4,1007 NTS Dbh Glut_4,251 NTS Dbh Glut,24 MY Glut,Nora,8,4.9674425,4.609366,1.0
3782,4339 PGRN-PARN-MDRN Hoxb5 Glut_2,0974 PGRN-PARN-MDRN Hoxb5 Glut_2,243 PGRN-PARN-MDRN Hoxb5 Glut,24 MY Glut,Glut,89,4.659518,5.69553,0.7752808988764045
3783,4312 PGRNd Dmbx1 Glut_1,0972 PGRNd Dmbx1 Glut_1,242 PGRNd Dmbx1 Glut,24 MY Glut,Glut,6,5.8276906,5.660551,1.0
3784,4832 PRP Otp Gly-Gaba_4,1086 PRP Otp Gly-Gaba_4,283 PRP Otp Gly-Gaba,27 MY GABA,GABA-Glyc,58,5.5326843,6.120631,0.8793103448275862
3785,4833 PRP Otp Gly-Gaba_4,1086 PRP Otp Gly-Gaba_4,283 PRP Otp Gly-Gaba,27 MY GABA,GABA-Glyc,35,4.978559,5.5334554,0.8571428571428571
3786,4340 PGRN-PARN-MDRN Hoxb5 Glut_2,0974 PGRN-PARN-MDRN Hoxb5 Glut_2,243 PGRN-PARN-MDRN Hoxb5 Glut,24 MY Glut,Glut,21,5.633936,5.8698187,0.9523809523809523
3788,4834 PRP Otp Gly-Gaba_4,1086 PRP Otp Gly-Gaba_4,283 PRP Otp Gly-Gaba,27 MY GABA,GABA-Glyc,76,4.453989,5.2891216,0.7894736842105263
3794,3959 PSV Lmx1a Trpv6 Glut_1,0902 PSV Lmx1a Trpv6 Glut_1,218 PSV Lmx1a Trpv6 Glut,23 P Glut,Glut,5,6.1551313,5.981691,1.0
3796,3960 PSV Lmx1a Trpv6 Glut_1,0902 PSV Lmx1a Trpv6 Glut_1,218 PSV Lmx1a Trpv6 Glut,23 P Glut,Glut,11,4.750787,5.98337,0.7272727272727273
3797,3961 PSV Lmx1a Trpv6 Glut_1,0902 PSV Lmx1a Trpv6 Glut_1,218 PSV Lmx1a Trpv6 Glut,23 P Glut,Glut,14,3.8207717,5.488722,0.6428571428571429
3798,4377 PGRN-PARN-MDRN Hoxb5 Glut_5,0977 PGRN-PARN-MDRN Hoxb5 Glut_5,243 PGRN-PARN-MDRN Hoxb5 Glut,24 MY Glut,Glut,24,5.2714734,6.2415648,0.8333333333333334
3799,4378 PGRN-PARN-MDRN Hoxb5 Glut_5,0977 PGRN-PARN-MDRN Hoxb5 Glut_5,243 PGRN-PARN-MDRN Hoxb5 Glut,24 MY Glut,Glut,54,4.339436,5.7103777,0.7037037037037037
3800,4371 PGRN-PARN-MDRN Hoxb5 Glut_5,0977 PGRN-PARN-MDRN Hoxb5 Glut_5,243 PGRN-PARN-MDRN Hoxb5 Glut,24 MY Glut,Glut,46,5.345011,6.393282,0.8043478260869565
3804,4308 MARN-GRN Pyy Glut_1,0969 MARN-GRN Pyy Glut_1,239 MARN-GRN Pyy Glut,24 MY Glut,Glut,53,5.346096,6.1474304,0.8490566037735849
3805,4226 NTS Phox2b Glut_1,0959 NTS Phox2b Glut_1,238 NTS Phox2b Glut,24 MY Glut,Glut,20,5.114926,5.9486866,0.85
3807,4313 PGRNd Dmbx1 Glut_1,0972 PGRNd Dmbx1 Glut_1,242 PGRNd Dmbx1 Glut,24 MY Glut,Glut,13,2.928979,4.0195994,0.5384615384615384
3808,4835 PRP Otp Gly-Gaba_4,1086 PRP Otp Gly-Gaba_4,283 PRP Otp Gly-Gaba,27 MY GABA,GABA-Glyc,19,5.3527946,5.7653904,0.8947368421052632
3809,4448 CU-ECU-SPVI Foxb1 Glut_1,0988 CU-ECU-SPVI Foxb1 Glut_1,246 CU-ECU-SPVI Foxb1 Glut,24 MY Glut,Glut,45,6.6398826,7.102625,0.9777777777777777
3810,4468 CU-ECU-SPVI Foxb1 Glut_2,0989 CU-ECU-SPVI Foxb1 Glut_2,246 CU-ECU-SPVI Foxb1 Glut,24 MY Glut,Glut,82,5.5415535,5.9063253,0.926829268292683
3811,4458 CU-ECU-SPVI Foxb1 Glut_1,0988 CU-ECU-SPVI Foxb1 Glut_1,246 CU-ECU-SPVI Foxb1 Glut,24 MY Glut,Glut,34,7.189549,7.2346716,1.0
3812,4469 CU-ECU-SPVI Foxb1 Glut_2,0989 CU-ECU-SPVI Foxb1 Glut_2,246 CU-ECU-SPVI Foxb1 Glut,24 MY Glut,Glut,117,5.0624475,5.792111,0.8461538461538461
3813,4453 CU-ECU-SPVI Foxb1 Glut_1,0988 CU-ECU-SPVI Foxb1 Glut_1,246 CU-ECU-SPVI Foxb1 Glut,24 MY Glut,Glut,162,5.09507,5.914789,0.8333333333333334
3814,4463 CU-ECU-SPVI Foxb1 Glut_1,0988 CU-ECU-SPVI Foxb1 Glut_1,246 CU-ECU-SPVI Foxb1 Glut,24 MY Glut,Glut,16,5.5662527,6.250474,0.875
3815,4454 CU-ECU-SPVI Foxb1 Glut_1,0988 CU-ECU-SPVI Foxb1 Glut_1,246 CU-ECU-SPVI Foxb1 Glut,24 MY Glut,Glut,32,5.300989,6.304079,0.8125
3816,4449 CU-ECU-SPVI Foxb1 Glut_1,0988 CU-ECU-SPVI Foxb1 Glut_1,246 CU-ECU-SPVI Foxb1 Glut,24 MY Glut,Glut,205,5.0482903,5.871994,0.824390243902439
3817,4470 CU-ECU-SPVI Foxb1 Glut_2,0989 CU-ECU-SPVI Foxb1 Glut_2,246 CU-ECU-SPVI Foxb1 Glut,24 MY Glut,Glut,43,4.740748,5.848245,0.7674418604651163
3818,4464 CU-ECU-SPVI Foxb1 Glut_1,0988 CU-ECU-SPVI Foxb1 Glut_1,246 CU-ECU-SPVI Foxb1 Glut,24 MY Glut,Glut,97,5.2335877,6.093607,0.8247422680412371
3819,4412 SPVI-SPVC Tlx3 Ebf3 Glut_1,0981 SPVI-SPVC Tlx3 Ebf3 Glut_1,245 SPVI-SPVC Tlx3 Ebf3 Glut,24 MY Glut,Glut,101,5.036773,6.0103283,0.8217821782178217
3820,4450 CU-ECU-SPVI Foxb1 Glut_1,0988 CU-ECU-SPVI Foxb1 Glut_1,246 CU-ECU-SPVI Foxb1 Glut,24 MY Glut,Glut,63,5.755702,6.5604,0.8888888888888888
3821,4459 CU-ECU-SPVI Foxb1 Glut_1,0988 CU-ECU-SPVI Foxb1 Glut_1,246 CU-ECU-SPVI Foxb1 Glut,24 MY Glut,Glut,21,6.100877,6.209571,1.0
3822,4460 CU-ECU-SPVI Foxb1 Glut_1,0988 CU-ECU-SPVI Foxb1 Glut_1,246 CU-ECU-SPVI Foxb1 Glut,24 MY Glut,Glut,53,6.2122583,6.7482443,0.9433962264150944
3823,4461 CU-ECU-SPVI Foxb1 Glut_1,0988 CU-ECU-SPVI Foxb1 Glut_1,246 CU-ECU-SPVI Foxb1 Glut,24 MY Glut,Glut,27,6.104195,6.524083,0.9259259259259259
3824,4465 CU-ECU-SPVI Foxb1 Glut_1,0988 CU-ECU-SPVI Foxb1 Glut_1,246 CU-ECU-SPVI Foxb1 Glut,24 MY Glut,Glut,82,4.9257836,5.611243,0.8414634146341463
3825,4466 CU-ECU-SPVI Foxb1 Glut_1,0988 CU-ECU-SPVI Foxb1 Glut_1,246 CU-ECU-SPVI Foxb1 Glut,24 MY Glut,Glut,46,5.037058,5.8884897,0.8260869565217391
3826,4467 CU-ECU-SPVI Foxb1 Glut_1,0988 CU-ECU-SPVI Foxb1 Glut_1,246 CU-ECU-SPVI Foxb1 Glut,24 MY Glut,Glut,44,4.5857716,5.642178,0.75
3827,4471 CU-ECU-SPVI Foxb1 Glut_2,0989 CU-ECU-SPVI Foxb1 Glut_2,246 CU-ECU-SPVI Foxb1 Glut,24 MY Glut,Glut,11,4.3013253,5.647336,0.7272727272727273
3828,4451 CU-ECU-SPVI Foxb1 Glut_1,0988 CU-ECU-SPVI Foxb1 Glut_1,246 CU-ECU-SPVI Foxb1 Glut,24 MY Glut,Glut,54,5.393879,6.0802555,0.8518518518518519
3829,4472 CU-ECU-SPVI Foxb1 Glut_3,0990 CU-ECU-SPVI Foxb1 Glut_3,246 CU-ECU-SPVI Foxb1 Glut,24 MY Glut,Glut,18,5.7291164,6.219766,0.9444444444444444
3830,4473 CU-ECU-SPVI Foxb1 Glut_3,0990 CU-ECU-SPVI Foxb1 Glut_3,246 CU-ECU-SPVI Foxb1 Glut,24 MY Glut,Glut,56,5.1113877,6.1311755,0.8214285714285714
3831,4455 CU-ECU-SPVI Foxb1 Glut_1,0988 CU-ECU-SPVI Foxb1 Glut_1,246 CU-ECU-SPVI Foxb1 Glut,24 MY Glut,Glut,33,5.322447,5.860153,0.8787878787878788
3832,4456 CU-ECU-SPVI Foxb1 Glut_1,0988 CU-ECU-SPVI Foxb1 Glut_1,246 CU-ECU-SPVI Foxb1 Glut,24 MY Glut,Glut,59,5.3984804,6.084739,0.864406779661017
3833,4462 CU-ECU-SPVI Foxb1 Glut_1,0988 CU-ECU-SPVI Foxb1 Glut_1,246 CU-ECU-SPVI Foxb1 Glut,24 MY Glut,Glut,42,5.7459207,6.2196417,0.9047619047619048
3834,4452 CU-ECU-SPVI Foxb1 Glut_1,0988 CU-ECU-SPVI Foxb1 Glut_1,246 CU-ECU-SPVI Foxb1 Glut,24 MY Glut,Glut,21,5.7496343,6.5078516,0.9047619047619048
3835,4457 CU-ECU-SPVI Foxb1 Glut_1,0988 CU-ECU-SPVI Foxb1 Glut_1,246 CU-ECU-SPVI Foxb1 Glut,24 MY Glut,Glut,49,5.562942,5.9034758,0.8979591836734694
3836,4823 PRP Otp Gly-Gaba_2,1084 PRP Otp Gly-Gaba_2,283 PRP Otp Gly-Gaba,27 MY GABA,GABA-Glyc,25,6.0105267,6.3177395,0.92
3837,4201 IRN Vip Glut_1,0954 IRN Vip Glut_1,236 IRN Vip Glut,24 MY Glut,Glut,41,5.249342,5.6323805,0.8780487804878049
3838,4202 IRN Vip Glut_1,0954 IRN Vip Glut_1,236 IRN Vip Glut,24 MY Glut,Glut,25,4.165309,5.098646,0.72
3839,4836 PRP Otp Gly-Gaba_4,1086 PRP Otp Gly-Gaba_4,283 PRP Otp Gly-Gaba,27 MY GABA,GABA-Glyc,25,4.0563016,5.6905055,0.64
3840,4837 PRP Otp Gly-Gaba_4,1086 PRP Otp Gly-Gaba_4,283 PRP Otp Gly-Gaba,27 MY GABA,GABA-Glyc,11,5.365483,5.595064,0.9090909090909091
3841,4825 PRP Otp Gly-Gaba_3,1085 PRP Otp Gly-Gaba_3,283 PRP Otp Gly-Gaba,27 MY GABA,GABA-Glyc,58,5.3494983,6.046499,0.8620689655172413
3842,4826 PRP Otp Gly-Gaba_3,1085 PRP Otp Gly-Gaba_3,283 PRP Otp Gly-Gaba,27 MY GABA,GABA-Glyc,87,5.7623153,6.6269207,0.8620689655172413
3843,4824 PRP Otp Gly-Gaba_2,1084 PRP Otp Gly-Gaba_2,283 PRP Otp Gly-Gaba,27 MY GABA,GABA-Glyc,131,5.856747,6.4826717,0.9007633587786259
3844,4827 PRP Otp Gly-Gaba_3,1085 PRP Otp Gly-Gaba_3,283 PRP Otp Gly-Gaba,27 MY GABA,GABA-Glyc,64,6.837564,7.009366,0.96875
3845,4828 PRP Otp Gly-Gaba_3,1085 PRP Otp Gly-Gaba_3,283 PRP Otp Gly-Gaba,27 MY GABA,GABA-Glyc,255,6.6594005,7.165324,0.9333333333333333
3846,4829 PRP Otp Gly-Gaba_3,1085 PRP Otp Gly-Gaba_3,283 PRP Otp Gly-Gaba,27 MY GABA,GABA-Glyc,152,6.1269484,6.877125,0.875
3847,4203 IRN Vip Glut_1,0954 IRN Vip Glut_1,236 IRN Vip Glut,24 MY Glut,Glut,35,4.9557815,5.7809405,0.8
3848,4204 IRN Vip Glut_1,0954 IRN Vip Glut_1,236 IRN Vip Glut,24 MY Glut,Glut,42,4.9391117,5.5444484,0.8333333333333334
3849,4830 PRP Otp Gly-Gaba_3,1085 PRP Otp Gly-Gaba_3,283 PRP Otp Gly-Gaba,27 MY GABA,GABA-Glyc,22,5.2556973,6.2213135,0.8181818181818182
3850,4617 CS-RPO Meis2 Gaba_2,1032 CS-RPO Meis2 Gaba_2,263 CS-RPO Meis2 Gaba,26 P GABA,GABA,1,7.075269,7.075269,1.0
3857,4628 CS-RPO Meis2 Gaba_5,1035 CS-RPO Meis2 Gaba_5,263 CS-RPO Meis2 Gaba,26 P GABA,GABA,2,6.7634506,6.7634506,1.0
3860,4626 CS-RPO Meis2 Gaba_4,1034 CS-RPO Meis2 Gaba_4,263 CS-RPO Meis2 Gaba,26 P GABA,GABA,1,7.34637,7.34637,1.0
3861,4627 CS-RPO Meis2 Gaba_4,1034 CS-RPO Meis2 Gaba_4,263 CS-RPO Meis2 Gaba,26 P GABA,GABA,2,3.015607,3.015607,0.5
3862,4630 CS-RPO Meis2 Gaba_5,1035 CS-RPO Meis2 Gaba_5,263 CS-RPO Meis2 Gaba,26 P GABA,GABA,2,7.7758565,7.7758565,1.0
3863,4208 PRP-NI-PRNc-GRN Otp Glut_2,0956 PRP-NI-PRNc-GRN Otp Glut_2,237 PRP-NI-PRNc-GRN Otp Glut,24 MY Glut,Glut,10,5.696971,6.5252476,0.9
3864,4209 PRP-NI-PRNc-GRN Otp Glut_2,0956 PRP-NI-PRNc-GRN Otp Glut_2,237 PRP-NI-PRNc-GRN Otp Glut,24 MY Glut,Glut,21,4.3477626,5.9444413,0.7142857142857143
3865,4210 PRP-NI-PRNc-GRN Otp Glut_2,0956 PRP-NI-PRNc-GRN Otp Glut_2,237 PRP-NI-PRNc-GRN Otp Glut,24 MY Glut,Glut,49,3.413917,4.8592796,0.5714285714285714
3866,4207 PRP-NI-PRNc-GRN Otp Glut_2,0956 PRP-NI-PRNc-GRN Otp Glut_2,237 PRP-NI-PRNc-GRN Otp Glut,24 MY Glut,Glut,29,4.7143197,5.678663,0.7586206896551724
3867,4211 PRP-NI-PRNc-GRN Otp Glut_2,0956 PRP-NI-PRNc-GRN Otp Glut_2,237 PRP-NI-PRNc-GRN Otp Glut,24 MY Glut,Glut,61,5.6805406,6.358612,0.8688524590163934
3868,4212 PRP-NI-PRNc-GRN Otp Glut_2,0956 PRP-NI-PRNc-GRN Otp Glut_2,237 PRP-NI-PRNc-GRN Otp Glut,24 MY Glut,Glut,17,6.0729837,6.4047,0.9411764705882353
3869,4285 NTS Phox2b Glut_7,0965 NTS Phox2b Glut_7,238 NTS Phox2b Glut,24 MY Glut,Glut,56,4.2000337,5.088643,0.7142857142857143
3870,3906 MB-MY Tph2 Glut-Sero_4,0891 MB-MY Tph2 Glut-Sero_4,216 MB-MY Tph2 Glut-Sero,22 MB-HB Sero,Sero,16,4.9225955,5.218213,0.875
3871,3907 MB-MY Tph2 Glut-Sero_5,0892 MB-MY Tph2 Glut-Sero_5,216 MB-MY Tph2 Glut-Sero,22 MB-HB Sero,Sero,29,6.8002586,7.3064675,0.9310344827586207
3872,4300 NTS Phox2b Glut_9,0967 NTS Phox2b Glut_9,238 NTS Phox2b Glut,24 MY Glut,Glut,86,3.949104,5.2729445,0.6511627906976745
3873,4301 NTS Phox2b Glut_9,0967 NTS Phox2b Glut_9,238 NTS Phox2b Glut,24 MY Glut,Glut,73,4.370758,5.642552,0.726027397260274
3874,4237 NTS Phox2b Glut_2,0960 NTS Phox2b Glut_2,238 NTS Phox2b Glut,24 MY Glut,Glut,74,4.3520575,5.8590956,0.6756756756756757
3875,4143 PRNc-PARN Tlx1 Glut_3,0937 PRNc-PARN Tlx1 Glut_3,226 PRNc-PARN Tlx1 Glut,23 P Glut,Glut,16,6.2977037,6.5890055,1.0
3876,4286 NTS Phox2b Glut_7,0965 NTS Phox2b Glut_7,238 NTS Phox2b Glut,24 MY Glut,Glut,55,4.284865,5.545308,0.7272727272727273
3877,4302 NTS Phox2b Glut_10,0968 NTS Phox2b Glut_10,238 NTS Phox2b Glut,24 MY Glut,Glut,26,5.7924523,6.1669006,0.9230769230769231
3878,4140 PRNc-PARN Tlx1 Glut_2,0936 PRNc-PARN Tlx1 Glut_2,226 PRNc-PARN Tlx1 Glut,23 P Glut,Glut,28,5.152284,5.9770255,0.8571428571428571
3879,4554 DMX VII Tbx20 Chol_1,1010 DMX VII Tbx20 Chol_1,252 DMX VII Tbx20 Chol,24 MY Glut,Chol,24,4.763874,5.6590033,0.8333333333333334
3880,3908 MB-MY Tph2 Glut-Sero_5,0892 MB-MY Tph2 Glut-Sero_5,216 MB-MY Tph2 Glut-Sero,22 MB-HB Sero,Glut,27,3.4135783,5.158044,0.5925925925925926
3881,3909 MB-MY Tph2 Glut-Sero_5,0892 MB-MY Tph2 Glut-Sero_5,216 MB-MY Tph2 Glut-Sero,22 MB-HB Sero,Sero,11,2.4902298,0.0,0.45454545454545453
3882,4296 NTS Phox2b Glut_9,0967 NTS Phox2b Glut_9,238 NTS Phox2b Glut,24 MY Glut,Glut,27,5.3305264,5.886422,0.8888888888888888
3883,4272 NTS Phox2b Glut_5,0963 NTS Phox2b Glut_5,238 NTS Phox2b Glut,24 MY Glut,Glut,74,7.9664044,8.221893,0.9864864864864865
3884,4238 NTS Phox2b Glut_2,0960 NTS Phox2b Glut_2,238 NTS Phox2b Glut,24 MY Glut,Glut,38,5.024653,5.7720017,0.8421052631578947
3885,4266 NTS Phox2b Glut_5,0963 NTS Phox2b Glut_5,238 NTS Phox2b Glut,24 MY Glut,Glut,74,7.254477,7.818593,0.9459459459459459
3886,4267 NTS Phox2b Glut_5,0963 NTS Phox2b Glut_5,238 NTS Phox2b Glut,24 MY Glut,Glut,57,5.08346,6.055764,0.8070175438596491
3887,4273 NTS Phox2b Glut_5,0963 NTS Phox2b Glut_5,238 NTS Phox2b Glut,24 MY Glut,Glut,70,5.6364975,6.200218,0.8571428571428571
3888,4274 NTS Phox2b Glut_5,0963 NTS Phox2b Glut_5,238 NTS Phox2b Glut,24 MY Glut,Glut,59,6.040759,6.714823,0.864406779661017
3889,4227 NTS Phox2b Glut_1,0959 NTS Phox2b Glut_1,238 NTS Phox2b Glut,24 MY Glut,Glut,86,6.3710833,7.181149,0.9069767441860465
3890,4232 NTS Phox2b Glut_1,0959 NTS Phox2b Glut_1,238 NTS Phox2b Glut,24 MY Glut,Glut,34,6.2091875,6.662485,0.9411764705882353
3891,4542 NTS Dbh Glut_3,1006 NTS Dbh Glut_3,251 NTS Dbh Glut,24 MY Glut,Glut,96,7.5146065,7.75539,0.9791666666666666
3892,4555 DMX VII Tbx20 Chol_1,1010 DMX VII Tbx20 Chol_1,252 DMX VII Tbx20 Chol,24 MY Glut,Chol,95,5.1539884,5.9051676,0.8842105263157894
3893,4551 DMX VII Tbx20 Chol_1,1010 DMX VII Tbx20 Chol_1,252 DMX VII Tbx20 Chol,24 MY Glut,Chol,29,5.259821,5.91702,0.9310344827586207
3894,4552 DMX VII Tbx20 Chol_1,1010 DMX VII Tbx20 Chol_1,252 DMX VII Tbx20 Chol,24 MY Glut,Chol,75,5.107264,5.4794707,0.92
3895,4553 DMX VII Tbx20 Chol_1,1010 DMX VII Tbx20 Chol_1,252 DMX VII Tbx20 Chol,24 MY Glut,Chol,58,5.191202,5.387801,0.9655172413793104
3896,4268 NTS Phox2b Glut_5,0963 NTS Phox2b Glut_5,238 NTS Phox2b Glut,24 MY Glut,Glut,58,6.027126,6.9226675,0.8620689655172413
3897,4269 NTS Phox2b Glut_5,0963 NTS Phox2b Glut_5,238 NTS Phox2b Glut,24 MY Glut,Glut,63,3.0604587,0.0,0.47619047619047616
3898,4275 NTS Phox2b Glut_5,0963 NTS Phox2b Glut_5,238 NTS Phox2b Glut,24 MY Glut,Glut,60,5.429018,5.815469,0.8666666666666667
3899,4228 NTS Phox2b Glut_1,0959 NTS Phox2b Glut_1,238 NTS Phox2b Glut,24 MY Glut,Glut,61,5.141229,6.0746994,0.819672131147541
3900,4229 NTS Phox2b Glut_1,0959 NTS Phox2b Glut_1,238 NTS Phox2b Glut,24 MY Glut,Glut,88,6.0765553,6.62385,0.9204545454545454
3901,4230 NTS Phox2b Glut_1,0959 NTS Phox2b Glut_1,238 NTS Phox2b Glut,24 MY Glut,Glut,46,4.916897,5.7313538,0.782608695652174
3902,4239 NTS Phox2b Glut_2,0960 NTS Phox2b Glut_2,238 NTS Phox2b Glut,24 MY Glut,Glut,117,5.999575,6.955267,0.8632478632478633
3903,4231 NTS Phox2b Glut_1,0959 NTS Phox2b Glut_1,238 NTS Phox2b Glut,24 MY Glut,Glut,84,6.0115547,6.607156,0.8928571428571429
3904,4233 NTS Phox2b Glut_1,0959 NTS Phox2b Glut_1,238 NTS Phox2b Glut,24 MY Glut,Glut,18,6.229363,6.7125025,0.9444444444444444
3905,4234 NTS Phox2b Glut_1,0959 NTS Phox2b Glut_1,238 NTS Phox2b Glut,24 MY Glut,Glut,30,5.0872188,6.223877,0.7666666666666667
3906,4270 NTS Phox2b Glut_5,0963 NTS Phox2b Glut_5,238 NTS Phox2b Glut,24 MY Glut,Glut,41,4.48258,5.1989713,0.7560975609756098
3907,4303 NTS Phox2b Glut_10,0968 NTS Phox2b Glut_10,238 NTS Phox2b Glut,24 MY Glut,Glut,50,4.8790436,5.916208,0.8
3908,4271 NTS Phox2b Glut_5,0963 NTS Phox2b Glut_5,238 NTS Phox2b Glut,24 MY Glut,Glut,28,4.510987,5.208185,0.75
3909,4304 NTS Phox2b Glut_10,0968 NTS Phox2b Glut_10,238 NTS Phox2b Glut,24 MY Glut,Glut,42,5.4739842,6.1910963,0.8809523809523809
3910,4305 NTS Phox2b Glut_10,0968 NTS Phox2b Glut_10,238 NTS Phox2b Glut,24 MY Glut,Glut,89,4.2337,5.4268284,0.7078651685393258
3911,4307 NTS Phox2b Glut_10,0968 NTS Phox2b Glut_10,238 NTS Phox2b Glut,24 MY Glut,Glut,37,4.916055,5.9353995,0.7837837837837838
3912,4287 NTS Phox2b Glut_7,0965 NTS Phox2b Glut_7,238 NTS Phox2b Glut,24 MY Glut,Glut,81,4.160989,5.3393197,0.691358024691358
3913,4288 NTS Phox2b Glut_7,0965 NTS Phox2b Glut_7,238 NTS Phox2b Glut,24 MY Glut,Glut,56,4.0617514,5.639061,0.6428571428571429
3914,4276 NTS Phox2b Glut_5,0963 NTS Phox2b Glut_5,238 NTS Phox2b Glut,24 MY Glut,Glut,35,4.426166,5.413395,0.7428571428571429
3915,4543 NTS Dbh Glut_3,1006 NTS Dbh Glut_3,251 NTS Dbh Glut,24 MY Glut,Nora,36,6.828243,7.1794066,0.9444444444444444
3916,4297 NTS Phox2b Glut_9,0967 NTS Phox2b Glut_9,238 NTS Phox2b Glut,24 MY Glut,Glut,180,4.4836125,5.8215094,0.7166666666666667
3917,4298 NTS Phox2b Glut_9,0967 NTS Phox2b Glut_9,238 NTS Phox2b Glut,24 MY Glut,Glut,42,4.3752117,5.735551,0.7142857142857143
3918,4240 NTS Phox2b Glut_2,0960 NTS Phox2b Glut_2,238 NTS Phox2b Glut,24 MY Glut,Glut,94,4.8447666,5.632329,0.7978723404255319
3919,4257 NTS Phox2b Glut_4,0962 NTS Phox2b Glut_4,238 NTS Phox2b Glut,24 MY Glut,Glut,80,3.6043937,4.971943,0.6
3920,4258 NTS Phox2b Glut_4,0962 NTS Phox2b Glut_4,238 NTS Phox2b Glut,24 MY Glut,Glut,42,4.709223,6.021739,0.7380952380952381
3921,4259 NTS Phox2b Glut_4,0962 NTS Phox2b Glut_4,238 NTS Phox2b Glut,24 MY Glut,Glut,141,3.6354902,5.0820227,0.6099290780141844
3922,4260 NTS Phox2b Glut_4,0962 NTS Phox2b Glut_4,238 NTS Phox2b Glut,24 MY Glut,Glut,30,4.070109,5.026123,0.7
3923,4261 NTS Phox2b Glut_4,0962 NTS Phox2b Glut_4,238 NTS Phox2b Glut,24 MY Glut,Glut,67,3.3906443,4.6531515,0.582089552238806
3924,4262 NTS Phox2b Glut_4,0962 NTS Phox2b Glut_4,238 NTS Phox2b Glut,24 MY Glut,Glut,153,4.6408706,5.7949276,0.7581699346405228
3925,4241 NTS Phox2b Glut_2,0960 NTS Phox2b Glut_2,238 NTS Phox2b Glut,24 MY Glut,Glut,41,4.2939153,5.0460963,0.7317073170731707
3926,4242 NTS Phox2b Glut_2,0960 NTS Phox2b Glut_2,238 NTS Phox2b Glut,24 MY Glut,Glut,35,4.908218,5.8022842,0.8
3927,4243 NTS Phox2b Glut_2,0960 NTS Phox2b Glut_2,238 NTS Phox2b Glut,24 MY Glut,Glut,41,3.8095477,5.3623457,0.6341463414634146
3928,4263 NTS Phox2b Glut_4,0962 NTS Phox2b Glut_4,238 NTS Phox2b Glut,24 MY Glut,Glut,40,4.536886,6.019782,0.7
3929,4256 NTS Phox2b Glut_4,0962 NTS Phox2b Glut_4,238 NTS Phox2b Glut,24 MY Glut,Glut,45,3.465388,5.084095,0.5777777777777777
3930,4299 NTS Phox2b Glut_9,0967 NTS Phox2b Glut_9,238 NTS Phox2b Glut,24 MY Glut,Glut,29,5.368398,6.2854037,0.8275862068965517
3931,4264 NTS Phox2b Glut_4,0962 NTS Phox2b Glut_4,238 NTS Phox2b Glut,24 MY Glut,Glut,73,3.9222822,5.2320905,0.6712328767123288
3932,4244 NTS Phox2b Glut_2,0960 NTS Phox2b Glut_2,238 NTS Phox2b Glut,24 MY Glut,Glut,65,4.8997293,5.808822,0.8153846153846154
3933,4141 PRNc-PARN Tlx1 Glut_2,0936 PRNc-PARN Tlx1 Glut_2,226 PRNc-PARN Tlx1 Glut,23 P Glut,Glut,22,4.1562986,5.5120687,0.6818181818181818
3934,4534 NTS Dbh Glut_2,1005 NTS Dbh Glut_2,251 NTS Dbh Glut,24 MY Glut,Glut,53,6.5259132,6.9092526,0.9433962264150944
3935,4535 NTS Dbh Glut_2,1005 NTS Dbh Glut_2,251 NTS Dbh Glut,24 MY Glut,Nora,33,4.7324696,5.3118544,0.8181818181818182
3936,4533 NTS Dbh Glut_2,1005 NTS Dbh Glut_2,251 NTS Dbh Glut,24 MY Glut,Nora,10,5.757626,5.854318,1.0
3937,4278 NTS Phox2b Glut_6,0964 NTS Phox2b Glut_6,238 NTS Phox2b Glut,24 MY Glut,Glut,52,6.184438,6.9607615,0.8846153846153846
3938,4279 NTS Phox2b Glut_6,0964 NTS Phox2b Glut_6,238 NTS Phox2b Glut,24 MY Glut,Glut,42,7.099539,7.682685,0.9047619047619048
3939,4280 NTS Phox2b Glut_6,0964 NTS Phox2b Glut_6,238 NTS Phox2b Glut,24 MY Glut,Glut,39,6.8890004,7.320802,0.9487179487179487
3940,4245 NTS Phox2b Glut_3,0961 NTS Phox2b Glut_3,238 NTS Phox2b Glut,24 MY Glut,Glut,48,5.793724,6.044077,0.9375
3941,4281 NTS Phox2b Glut_6,0964 NTS Phox2b Glut_6,238 NTS Phox2b Glut,24 MY Glut,Glut,68,5.820173,6.3364334,0.9264705882352942
3942,4282 NTS Phox2b Glut_6,0964 NTS Phox2b Glut_6,238 NTS Phox2b Glut,24 MY Glut,Glut,141,5.5488925,6.4376683,0.8439716312056738
3943,4246 NTS Phox2b Glut_3,0961 NTS Phox2b Glut_3,238 NTS Phox2b Glut,24 MY Glut,Glut,36,6.233118,6.7861133,0.9166666666666666
3944,4277 NTS Phox2b Glut_5,0963 NTS Phox2b Glut_5,238 NTS Phox2b Glut,24 MY Glut,Glut,80,5.1527348,5.699353,0.8625
3945,4536 NTS Dbh Glut_2,1005 NTS Dbh Glut_2,251 NTS Dbh Glut,24 MY Glut,Glut,87,5.7063327,6.361329,0.896551724137931
3946,4247 NTS Phox2b Glut_3,0961 NTS Phox2b Glut_3,238 NTS Phox2b Glut,24 MY Glut,Glut,120,5.7528195,6.3628974,0.9083333333333333
3947,4248 NTS Phox2b Glut_3,0961 NTS Phox2b Glut_3,238 NTS Phox2b Glut,24 MY Glut,Glut,179,6.334759,6.896638,0.9273743016759777
3948,4249 NTS Phox2b Glut_3,0961 NTS Phox2b Glut_3,238 NTS Phox2b Glut,24 MY Glut,Glut,88,7.174995,7.4055543,0.9772727272727273
3949,4250 NTS Phox2b Glut_3,0961 NTS Phox2b Glut_3,238 NTS Phox2b Glut,24 MY Glut,Glut,214,5.6837015,6.334513,0.8925233644859814
3950,4251 NTS Phox2b Glut_3,0961 NTS Phox2b Glut_3,238 NTS Phox2b Glut,24 MY Glut,Glut,54,6.7313547,7.166747,0.9444444444444444
3951,4538 NTS Dbh Glut_2,1005 NTS Dbh Glut_2,251 NTS Dbh Glut,24 MY Glut,Glut,72,7.6482162,7.9303627,0.9722222222222222
3952,4539 NTS Dbh Glut_2,1005 NTS Dbh Glut_2,251 NTS Dbh Glut,24 MY Glut,Nora,30,6.8895736,7.131981,1.0
3953,4540 NTS Dbh Glut_2,1005 NTS Dbh Glut_2,251 NTS Dbh Glut,24 MY Glut,Nora,70,5.5329733,6.4316626,0.8428571428571429
3954,4252 NTS Phox2b Glut_3,0961 NTS Phox2b Glut_3,238 NTS Phox2b Glut,24 MY Glut,Glut,84,5.0757394,5.7404394,0.8690476190476191
3955,4253 NTS Phox2b Glut_3,0961 NTS Phox2b Glut_3,238 NTS Phox2b Glut,24 MY Glut,Glut,43,5.326895,6.086832,0.8604651162790697
3956,4254 NTS Phox2b Glut_3,0961 NTS Phox2b Glut_3,238 NTS Phox2b Glut,24 MY Glut,Glut,18,5.8715363,6.387842,0.8888888888888888
3957,4283 NTS Phox2b Glut_6,0964 NTS Phox2b Glut_6,238 NTS Phox2b Glut,24 MY Glut,Glut,40,5.577704,6.315565,0.85
3958,4541 NTS Dbh Glut_2,1005 NTS Dbh Glut_2,251 NTS Dbh Glut,24 MY Glut,Glut,83,7.558332,7.655941,0.9879518072289156
3959,4537 NTS Dbh Glut_2,1005 NTS Dbh Glut_2,251 NTS Dbh Glut,24 MY Glut,Glut,48,6.1645646,6.455226,0.9375
3960,4255 NTS Phox2b Glut_3,0961 NTS Phox2b Glut_3,238 NTS Phox2b Glut,24 MY Glut,Glut,84,4.6539526,5.5214186,0.7619047619047619
3961,4525 NTS Dbh Glut_1,1004 NTS Dbh Glut_1,251 NTS Dbh Glut,24 MY Glut,Glut,80,7.1064734,7.4443154,0.9625
3962,4526 NTS Dbh Glut_1,1004 NTS Dbh Glut_1,251 NTS Dbh Glut,24 MY Glut,Nora,62,6.108928,6.7562537,0.9032258064516129
3963,4549 NTS Dbh Glut_5,1008 NTS Dbh Glut_5,251 NTS Dbh Glut,24 MY Glut,Glut,78,6.8879075,7.5386167,0.9102564102564102
3964,4265 NTS Phox2b Glut_4,0962 NTS Phox2b Glut_4,238 NTS Phox2b Glut,24 MY Glut,Glut,101,5.213823,6.089309,0.8118811881188119
3965,4544 NTS Dbh Glut_3,1006 NTS Dbh Glut_3,251 NTS Dbh Glut,24 MY Glut,Glut,35,7.6391644,7.676397,1.0
3966,4545 NTS Dbh Glut_3,1006 NTS Dbh Glut_3,251 NTS Dbh Glut,24 MY Glut,Glut,50,6.9343634,7.1512733,0.98
3967,4527 NTS Dbh Glut_1,1004 NTS Dbh Glut_1,251 NTS Dbh Glut,24 MY Glut,Nora,157,3.5720036,5.4148026,0.554140127388535
3968,4546 NTS Dbh Glut_3,1006 NTS Dbh Glut_3,251 NTS Dbh Glut,24 MY Glut,Glut,154,6.88767,7.253053,0.9675324675324676
3969,4528 NTS Dbh Glut_1,1004 NTS Dbh Glut_1,251 NTS Dbh Glut,24 MY Glut,Glut,89,5.9393535,6.4441895,0.9213483146067416
3970,4529 NTS Dbh Glut_1,1004 NTS Dbh Glut_1,251 NTS Dbh Glut,24 MY Glut,Nora,75,5.6512575,6.0691657,0.9066666666666666
3971,4530 NTS Dbh Glut_1,1004 NTS Dbh Glut_1,251 NTS Dbh Glut,24 MY Glut,Nora,60,4.473777,5.904401,0.6833333333333333
3972,4531 NTS Dbh Glut_1,1004 NTS Dbh Glut_1,251 NTS Dbh Glut,24 MY Glut,Nora,35,4.1945605,5.8590612,0.6571428571428571
3973,4532 NTS Dbh Glut_1,1004 NTS Dbh Glut_1,251 NTS Dbh Glut,24 MY Glut,Nora,34,4.496662,5.8145847,0.7058823529411765
3974,5014 PRP Gata3 Slc6a5 Gly-Gaba_1,1118 PRP Gata3 Slc6a5 Gly-Gaba_1,298 PRP Gata3 Slc6a5 Gly-Gaba,27 MY GABA,GABA-Glyc,198,6.910765,7.2419133,0.9696969696969697
3975,5012 PRP Gata3 Slc6a5 Gly-Gaba_1,1118 PRP Gata3 Slc6a5 Gly-Gaba_1,298 PRP Gata3 Slc6a5 Gly-Gaba,27 MY GABA,GABA-Glyc,68,5.6207814,6.630041,0.8529411764705882
3976,5010 PRP Gata3 Slc6a5 Gly-Gaba_1,1118 PRP Gata3 Slc6a5 Gly-Gaba_1,298 PRP Gata3 Slc6a5 Gly-Gaba,27 MY GABA,GABA-Glyc,201,6.60664,7.2256355,0.9253731343283582
3977,5011 PRP Gata3 Slc6a5 Gly-Gaba_1,1118 PRP Gata3 Slc6a5 Gly-Gaba_1,298 PRP Gata3 Slc6a5 Gly-Gaba,27 MY GABA,GABA-Glyc,35,6.6869245,7.460424,0.9142857142857143
3978,5015 PRP Gata3 Slc6a5 Gly-Gaba_1,1118 PRP Gata3 Slc6a5 Gly-Gaba_1,298 PRP Gata3 Slc6a5 Gly-Gaba,27 MY GABA,GABA-Glyc,121,6.9260755,7.348749,0.9504132231404959
3979,5013 PRP Gata3 Slc6a5 Gly-Gaba_1,1118 PRP Gata3 Slc6a5 Gly-Gaba_1,298 PRP Gata3 Slc6a5 Gly-Gaba,27 MY GABA,GABA-Glyc,73,6.687392,7.021864,0.958904109589041
3980,4959 MY Prox1 Lmo7 Gly-Gaba_1,1104 MY Prox1 Lmo7 Gly-Gaba_1,290 MY Prox1 Lmo7 Gly-Gaba,27 MY GABA,GABA-Glyc,7,5.2173433,6.655785,0.8571428571428571
3981,4664 PB Sst Gly-Gaba_1,1041 PB Sst Gly-Gaba_1,265 PB Sst Gly-Gaba,26 P GABA,GABA-Glyc,4,5.757606,5.4102073,1.0
3982,4665 PB Sst Gly-Gaba_1,1041 PB Sst Gly-Gaba_1,265 PB Sst Gly-Gaba,26 P GABA,GABA-Glyc,12,5.833673,6.0865264,0.9166666666666666
3983,4839 PRP Otp Gly-Gaba_5,1087 PRP Otp Gly-Gaba_5,283 PRP Otp Gly-Gaba,27 MY GABA,GABA-Glyc,45,5.8288674,6.3874583,0.8888888888888888
3984,4840 PRP Otp Gly-Gaba_5,1087 PRP Otp Gly-Gaba_5,283 PRP Otp Gly-Gaba,27 MY GABA,GABA-Glyc,107,5.9486675,6.54127,0.9158878504672897
3985,4841 PRP Otp Gly-Gaba_5,1087 PRP Otp Gly-Gaba_5,283 PRP Otp Gly-Gaba,27 MY GABA,GABA-Glyc,65,6.329648,6.5105724,0.9384615384615385
3986,4842 PRP Otp Gly-Gaba_5,1087 PRP Otp Gly-Gaba_5,283 PRP Otp Gly-Gaba,27 MY GABA,GABA-Glyc,117,6.3412876,6.9463115,0.8974358974358975
3987,4356 PGRN-PARN-MDRN Hoxb5 Glut_3,0975 PGRN-PARN-MDRN Hoxb5 Glut_3,243 PGRN-PARN-MDRN Hoxb5 Glut,24 MY Glut,Glut,56,5.7217193,6.430336,0.875
3988,4357 PGRN-PARN-MDRN Hoxb5 Glut_3,0975 PGRN-PARN-MDRN Hoxb5 Glut_3,243 PGRN-PARN-MDRN Hoxb5 Glut,24 MY Glut,Glut,21,5.0887594,5.836876,0.8571428571428571
3989,4963 MY Prox1 Lmo7 Gly-Gaba_1,1104 MY Prox1 Lmo7 Gly-Gaba_1,290 MY Prox1 Lmo7 Gly-Gaba,27 MY GABA,GABA-Glyc,25,3.6820633,5.015625,0.64
3990,4960 MY Prox1 Lmo7 Gly-Gaba_1,1104 MY Prox1 Lmo7 Gly-Gaba_1,290 MY Prox1 Lmo7 Gly-Gaba,27 MY GABA,GABA-Glyc,108,5.0468326,6.045807,0.7962962962962963
3991,4961 MY Prox1 Lmo7 Gly-Gaba_1,1104 MY Prox1 Lmo7 Gly-Gaba_1,290 MY Prox1 Lmo7 Gly-Gaba,27 MY GABA,GABA-Glyc,48,5.1928554,5.9945908,0.8333333333333334
3992,4964 MY Prox1 Lmo7 Gly-Gaba_1,1104 MY Prox1 Lmo7 Gly-Gaba_1,290 MY Prox1 Lmo7 Gly-Gaba,27 MY GABA,GABA-Glyc,135,4.537337,5.45123,0.7703703703703704
3993,4668 PB Sst Gly-Gaba_2,1042 PB Sst Gly-Gaba_2,265 PB Sst Gly-Gaba,26 P GABA,GABA-Glyc,25,4.5665383,5.645531,0.76
3994,4956 MDRNd Prox1 Pax6 Gly-Gaba_1,1103 MDRNd Prox1 Pax6 Gly-Gaba_1,289 MDRNd Prox1 Pax6 Gly-Gaba,27 MY GABA,GABA-Glyc,103,4.9429245,6.13575,0.7864077669902912
3995,4838 PRP Otp Gly-Gaba_5,1087 PRP Otp Gly-Gaba_5,283 PRP Otp Gly-Gaba,27 MY GABA,GABA-Glyc,57,5.402395,6.077155,0.8596491228070176
3996,4950 MDRN Hoxb5 Ebf2 Gly-Gaba_1,1102 MDRN Hoxb5 Ebf2 Gly-Gaba_1,288 MDRN Hoxb5 Ebf2 Gly-Gaba,27 MY GABA,GABA-Glyc,43,5.6702104,6.1427336,0.9069767441860465
3997,4969 NTS-MDRNd Prox1 Zic1 Gly-Gaba_2,1106 NTS-MDRNd Prox1 Zic1 Gly-Gaba_2,291 NTS-MDRNd Prox1 Zic1 Gly-Gaba,27 MY GABA,GABA-Glyc,146,5.3615255,6.123506,0.8561643835616438
3998,4951 MDRN Hoxb5 Ebf2 Gly-Gaba_1,1102 MDRN Hoxb5 Ebf2 Gly-Gaba_1,288 MDRN Hoxb5 Ebf2 Gly-Gaba,27 MY GABA,GABA-Glyc,41,5.467932,6.072656,0.9024390243902439
3999,4965 NTS-MDRNd Prox1 Zic1 Gly-Gaba_1,1105 NTS-MDRNd Prox1 Zic1 Gly-Gaba_1,291 NTS-MDRNd Prox1 Zic1 Gly-Gaba,27 MY GABA,GABA-Glyc,135,5.0793815,5.842299,0.8148148148148148
4000,4952 MDRN Hoxb5 Ebf2 Gly-Gaba_1,1102 MDRN Hoxb5 Ebf2 Gly-Gaba_1,288 MDRN Hoxb5 Ebf2 Gly-Gaba,27 MY GABA,GABA-Glyc,70,5.360165,5.794392,0.9142857142857143
4001,4953 MDRN Hoxb5 Ebf2 Gly-Gaba_1,1102 MDRN Hoxb5 Ebf2 Gly-Gaba_1,288 MDRN Hoxb5 Ebf2 Gly-Gaba,27 MY GABA,GABA-Glyc,104,4.77373,5.509508,0.8269230769230769
4002,4954 MDRN Hoxb5 Ebf2 Gly-Gaba_1,1102 MDRN Hoxb5 Ebf2 Gly-Gaba_1,288 MDRN Hoxb5 Ebf2 Gly-Gaba,27 MY GABA,GABA-Glyc,25,5.6720514,5.986379,0.96
4003,4970 NTS-MDRNd Prox1 Zic1 Gly-Gaba_2,1106 NTS-MDRNd Prox1 Zic1 Gly-Gaba_2,291 NTS-MDRNd Prox1 Zic1 Gly-Gaba,27 MY GABA,GABA-Glyc,82,4.71544,5.6371355,0.7926829268292683
4004,4966 NTS-MDRNd Prox1 Zic1 Gly-Gaba_1,1105 NTS-MDRNd Prox1 Zic1 Gly-Gaba_1,291 NTS-MDRNd Prox1 Zic1 Gly-Gaba,27 MY GABA,GABA-Glyc,58,4.4895782,5.569477,0.7586206896551724
4005,4967 NTS-MDRNd Prox1 Zic1 Gly-Gaba_1,1105 NTS-MDRNd Prox1 Zic1 Gly-Gaba_1,291 NTS-MDRNd Prox1 Zic1 Gly-Gaba,27 MY GABA,GABA-Glyc,96,5.803592,6.834097,0.8333333333333334
4006,4957 MDRNd Prox1 Pax6 Gly-Gaba_1,1103 MDRNd Prox1 Pax6 Gly-Gaba_1,289 MDRNd Prox1 Pax6 Gly-Gaba,27 MY GABA,GABA-Glyc,68,5.70353,6.3245335,0.8823529411764706
4007,5164 RO-RPA Pkd2l1 Gaba_1,1140 RO-RPA Pkd2l1 Gaba_1,307 RO-RPA Pkd2l1 Gaba,27 MY GABA,GABA,58,4.3101487,6.095248,0.6551724137931034
4008,4973 MV Nkx6-1 Gly-Gaba_1,1107 MV Nkx6-1 Gly-Gaba_1,292 MV Nkx6-1 Gly-Gaba,27 MY GABA,GABA-Glyc,30,5.7101984,6.2121267,0.9333333333333333
4009,4971 MV Nkx6-1 Gly-Gaba_1,1107 MV Nkx6-1 Gly-Gaba_1,292 MV Nkx6-1 Gly-Gaba,27 MY GABA,GABA-Glyc,397,5.4167085,6.0585837,0.8740554156171285
4010,4972 MV Nkx6-1 Gly-Gaba_1,1107 MV Nkx6-1 Gly-Gaba_1,292 MV Nkx6-1 Gly-Gaba,27 MY GABA,GABA-Glyc,91,5.747458,5.9537587,0.945054945054945
4011,4974 MV Nkx6-1 Gly-Gaba_1,1107 MV Nkx6-1 Gly-Gaba_1,292 MV Nkx6-1 Gly-Gaba,27 MY GABA,GABA-Glyc,47,5.8634715,6.321391,0.9148936170212766
4012,4975 MV Nkx6-1 Gly-Gaba_1,1107 MV Nkx6-1 Gly-Gaba_1,292 MV Nkx6-1 Gly-Gaba,27 MY GABA,GABA-Glyc,69,5.84318,6.2169747,0.9420289855072463
4013,4976 MV Nkx6-1 Gly-Gaba_1,1107 MV Nkx6-1 Gly-Gaba_1,292 MV Nkx6-1 Gly-Gaba,27 MY GABA,GABA-Glyc,301,5.6791816,6.2337623,0.9036544850498339
4014,4968 NTS-MDRNd Prox1 Zic1 Gly-Gaba_1,1105 NTS-MDRNd Prox1 Zic1 Gly-Gaba_1,291 NTS-MDRNd Prox1 Zic1 Gly-Gaba,27 MY GABA,GABA-Glyc,76,6.834583,7.4662685,0.9078947368421053
4015,4485 MV-SPIV Phox2b Ebf3 Lbx1 Glut_1,0992 MV-SPIV Phox2b Ebf3 Lbx1 Glut_1,247 MV-SPIV Phox2b Ebf3 Lbx1 Glut,24 MY Glut,Glut,22,6.8347197,7.0432587,1.0
4018,4962 MY Prox1 Lmo7 Gly-Gaba_1,1104 MY Prox1 Lmo7 Gly-Gaba_1,290 MY Prox1 Lmo7 Gly-Gaba,27 MY GABA,GABA-Glyc,5,5.0353694,5.715593,0.8
4019,4486 MV-SPIV Phox2b Ebf3 Lbx1 Glut_2,0993 MV-SPIV Phox2b Ebf3 Lbx1 Glut_2,247 MV-SPIV Phox2b Ebf3 Lbx1 Glut,24 MY Glut,Glut,29,3.887418,5.401776,0.5862068965517241
4020,4994 MV Pax6 Gly-Gaba_1,1113 MV Pax6 Gly-Gaba_1,294 MV Pax6 Gly-Gaba,27 MY GABA,GABA-Glyc,51,5.561465,6.351813,0.8235294117647058
4021,4995 MV Pax6 Gly-Gaba_1,1113 MV Pax6 Gly-Gaba_1,294 MV Pax6 Gly-Gaba,27 MY GABA,GABA-Glyc,216,5.416905,6.1265526,0.8611111111111112
4022,4996 MV Pax6 Gly-Gaba_1,1113 MV Pax6 Gly-Gaba_1,294 MV Pax6 Gly-Gaba,27 MY GABA,GABA-Glyc,80,5.9899426,6.533534,0.9125
4023,4997 MV Pax6 Gly-Gaba_1,1113 MV Pax6 Gly-Gaba_1,294 MV Pax6 Gly-Gaba,27 MY GABA,GABA-Glyc,120,5.575392,6.400034,0.8583333333333333
4024,4998 MV Pax6 Gly-Gaba_2,1114 MV Pax6 Gly-Gaba_2,294 MV Pax6 Gly-Gaba,27 MY GABA,GABA-Glyc,47,5.734851,6.3024125,0.8936170212765957
4025,4988 PAS-MV Ebf2 Gly-Gaba_3,1111 PAS-MV Ebf2 Gly-Gaba_3,293 PAS-MV Ebf2 Gly-Gaba,27 MY GABA,GABA-Glyc,38,5.573665,6.3725533,0.868421052631579
4026,4667 PB Sst Gly-Gaba_1,1041 PB Sst Gly-Gaba_1,265 PB Sst Gly-Gaba,26 P GABA,GABA-Glyc,1,0.0,0.0,0.0
4027,4813 PRP Otp Gly-Gaba_1,1083 PRP Otp Gly-Gaba_1,283 PRP Otp Gly-Gaba,27 MY GABA,GABA-Glyc,146,4.6033254,5.6597433,0.7808219178082192
4028,4814 PRP Otp Gly-Gaba_1,1083 PRP Otp Gly-Gaba_1,283 PRP Otp Gly-Gaba,27 MY GABA,GABA-Glyc,49,4.870225,5.460876,0.8367346938775511
4029,4843 PRP Otp Gly-Gaba_5,1087 PRP Otp Gly-Gaba_5,283 PRP Otp Gly-Gaba,27 MY GABA,GABA-Glyc,13,7.092974,7.1087084,1.0
4030,4815 PRP Otp Gly-Gaba_1,1083 PRP Otp Gly-Gaba_1,283 PRP Otp Gly-Gaba,27 MY GABA,GABA-Glyc,35,3.9239259,5.2613783,0.6857142857142857
4031,4816 PRP Otp Gly-Gaba_1,1083 PRP Otp Gly-Gaba_1,283 PRP Otp Gly-Gaba,27 MY GABA,GABA-Glyc,43,5.862724,6.243166,0.9534883720930233
4032,4817 PRP Otp Gly-Gaba_1,1083 PRP Otp Gly-Gaba_1,283 PRP Otp Gly-Gaba,27 MY GABA,GABA-Glyc,91,6.2739377,6.7616525,0.9230769230769231
4033,4818 PRP Otp Gly-Gaba_1,1083 PRP Otp Gly-Gaba_1,283 PRP Otp Gly-Gaba,27 MY GABA,GABA-Glyc,57,4.6066594,5.8060684,0.7719298245614035
4034,4819 PRP Otp Gly-Gaba_1,1083 PRP Otp Gly-Gaba_1,283 PRP Otp Gly-Gaba,27 MY GABA,GABA-Glyc,77,5.071183,5.7768555,0.8311688311688312
4035,4498 MV-SPIV Zic4 Neurod2 Glut_1,0997 MV-SPIV Zic4 Neurod2 Glut_1,248 MV-SPIV Zic4 Neurod2 Glut,24 MY Glut,Glut,28,5.5783644,6.151382,0.8928571428571429
4036,4517 NTS Aldh1a2 Glut_1,1002 NTS Aldh1a2 Glut_1,249 NTS Aldh1a2 Glut,24 MY Glut,Glut,59,4.6114516,5.649073,0.7966101694915254
4037,4500 MV-SPIV Zic4 Neurod2 Glut_2,0998 MV-SPIV Zic4 Neurod2 Glut_2,248 MV-SPIV Zic4 Neurod2 Glut,24 MY Glut,Glut,36,4.6076427,5.912801,0.75
4038,4518 NTS Aldh1a2 Glut_1,1002 NTS Aldh1a2 Glut_1,249 NTS Aldh1a2 Glut,24 MY Glut,Glut,79,4.382734,5.555832,0.7341772151898734
4039,4490 MV-SPIV Zic4 Neurod2 Glut_1,0997 MV-SPIV Zic4 Neurod2 Glut_1,248 MV-SPIV Zic4 Neurod2 Glut,24 MY Glut,Glut,113,6.115288,6.638002,0.9203539823008849
4040,4511 MV-SPIV Zic4 Neurod2 Glut_4,1000 MV-SPIV Zic4 Neurod2 Glut_4,248 MV-SPIV Zic4 Neurod2 Glut,24 MY Glut,Glut,154,4.6077123,5.525197,0.7857142857142857
4041,4505 MV-SPIV Zic4 Neurod2 Glut_3,0999 MV-SPIV Zic4 Neurod2 Glut_3,248 MV-SPIV Zic4 Neurod2 Glut,24 MY Glut,Glut,40,5.396299,5.9253535,0.9
4042,4491 MV-SPIV Zic4 Neurod2 Glut_1,0997 MV-SPIV Zic4 Neurod2 Glut_1,248 MV-SPIV Zic4 Neurod2 Glut,24 MY Glut,Glut,169,5.9747124,6.404461,0.9230769230769231
4043,4506 MV-SPIV Zic4 Neurod2 Glut_3,0999 MV-SPIV Zic4 Neurod2 Glut_3,248 MV-SPIV Zic4 Neurod2 Glut,24 MY Glut,Glut,36,5.46041,6.5129666,0.8333333333333334
4044,4492 MV-SPIV Zic4 Neurod2 Glut_1,0997 MV-SPIV Zic4 Neurod2 Glut_1,248 MV-SPIV Zic4 Neurod2 Glut,24 MY Glut,Glut,92,5.1352773,6.1251984,0.8369565217391305
4045,4493 MV-SPIV Zic4 Neurod2 Glut_1,0997 MV-SPIV Zic4 Neurod2 Glut_1,248 MV-SPIV Zic4 Neurod2 Glut,24 MY Glut,Glut,92,5.9540505,6.284217,0.9456521739130435
4046,4501 MV-SPIV Zic4 Neurod2 Glut_2,0998 MV-SPIV Zic4 Neurod2 Glut_2,248 MV-SPIV Zic4 Neurod2 Glut,24 MY Glut,Glut,93,4.5678916,5.2337613,0.7849462365591398
4047,4496 MV-SPIV Zic4 Neurod2 Glut_1,0997 MV-SPIV Zic4 Neurod2 Glut_1,248 MV-SPIV Zic4 Neurod2 Glut,24 MY Glut,Glut,164,5.1990485,6.0624537,0.8292682926829268
4048,4507 MV-SPIV Zic4 Neurod2 Glut_3,0999 MV-SPIV Zic4 Neurod2 Glut_3,248 MV-SPIV Zic4 Neurod2 Glut,24 MY Glut,Glut,52,4.8582363,5.2681575,0.8846153846153846
4049,4508 MV-SPIV Zic4 Neurod2 Glut_3,0999 MV-SPIV Zic4 Neurod2 Glut_3,248 MV-SPIV Zic4 Neurod2 Glut,24 MY Glut,Glut,55,5.5086627,6.1274447,0.8909090909090909
4050,4509 MV-SPIV Zic4 Neurod2 Glut_3,0999 MV-SPIV Zic4 Neurod2 Glut_3,248 MV-SPIV Zic4 Neurod2 Glut,24 MY Glut,Glut,182,5.589008,6.231716,0.8901098901098901
4051,4937 MV-SPIV-PRP Dmbx1 Gly-Gaba_1,1099 MV-SPIV-PRP Dmbx1 Gly-Gaba_1,287 MV-SPIV-PRP Dmbx1 Gly-Gaba,27 MY GABA,GABA-Glyc,60,6.4818416,6.8585134,0.95
4052,4938 MV-SPIV-PRP Dmbx1 Gly-Gaba_1,1099 MV-SPIV-PRP Dmbx1 Gly-Gaba_1,287 MV-SPIV-PRP Dmbx1 Gly-Gaba,27 MY GABA,GABA-Glyc,192,6.087297,6.7192993,0.90625
4053,4939 MV-SPIV-PRP Dmbx1 Gly-Gaba_1,1099 MV-SPIV-PRP Dmbx1 Gly-Gaba_1,287 MV-SPIV-PRP Dmbx1 Gly-Gaba,27 MY GABA,GABA-Glyc,104,6.187599,6.4912567,0.9423076923076923
4054,4940 MV-SPIV-PRP Dmbx1 Gly-Gaba_1,1099 MV-SPIV-PRP Dmbx1 Gly-Gaba_1,287 MV-SPIV-PRP Dmbx1 Gly-Gaba,27 MY GABA,Glut-GABA,88,6.042072,6.5510807,0.9204545454545454
4055,4503 MV-SPIV Zic4 Neurod2 Glut_2,0998 MV-SPIV Zic4 Neurod2 Glut_2,248 MV-SPIV Zic4 Neurod2 Glut,24 MY Glut,Glut,87,5.9117064,6.2677135,0.9310344827586207
4056,4499 MV-SPIV Zic4 Neurod2 Glut_2,0998 MV-SPIV Zic4 Neurod2 Glut_2,248 MV-SPIV Zic4 Neurod2 Glut,24 MY Glut,Glut,18,5.1960573,6.1645737,0.7777777777777778
4057,4510 MV-SPIV Zic4 Neurod2 Glut_3,0999 MV-SPIV Zic4 Neurod2 Glut_3,248 MV-SPIV Zic4 Neurod2 Glut,24 MY Glut,Chol,24,3.5377,4.6086483,0.7083333333333334
4058,4519 NTS Aldh1a2 Glut_1,1002 NTS Aldh1a2 Glut_1,249 NTS Aldh1a2 Glut,24 MY Glut,Glut,35,4.485037,5.4750285,0.7428571428571429
4059,4594 MDRNd Bves Glut_1,1023 MDRNd Bves Glut_1,259 MDRNd Bves Glut,24 MY Glut,Glut,50,5.4919257,6.520139,0.84
4060,4494 MV-SPIV Zic4 Neurod2 Glut_1,0997 MV-SPIV Zic4 Neurod2 Glut_1,248 MV-SPIV Zic4 Neurod2 Glut,24 MY Glut,Glut,26,5.8144054,6.296119,0.8846153846153846
4061,4495 MV-SPIV Zic4 Neurod2 Glut_1,0997 MV-SPIV Zic4 Neurod2 Glut_1,248 MV-SPIV Zic4 Neurod2 Glut,24 MY Glut,Glut,82,5.4340353,6.2044897,0.8414634146341463
4062,4512 MV-SPIV Zic4 Neurod2 Glut_4,1000 MV-SPIV Zic4 Neurod2 Glut_4,248 MV-SPIV Zic4 Neurod2 Glut,24 MY Glut,Glut,54,4.554524,5.938884,0.7407407407407407
4063,4513 MV-SPIV Zic4 Neurod2 Glut_4,1000 MV-SPIV Zic4 Neurod2 Glut_4,248 MV-SPIV Zic4 Neurod2 Glut,24 MY Glut,Glut,80,4.7951193,5.649127,0.7875
4064,4514 MV-SPIV Zic4 Neurod2 Glut_4,1000 MV-SPIV Zic4 Neurod2 Glut_4,248 MV-SPIV Zic4 Neurod2 Glut,24 MY Glut,Glut,108,5.528857,6.408608,0.8796296296296297
4065,4520 NTS Aldh1a2 Glut_1,1002 NTS Aldh1a2 Glut_1,249 NTS Aldh1a2 Glut,24 MY Glut,Glut,32,5.381991,5.6973543,0.9375
4066,4597 MDRNv Crp Glut_1,1024 MDRNv Crp Glut_1,260 MDRNv Crp Glut,24 MY Glut,Glut,17,4.8947096,5.3042693,0.8823529411764706
4067,4359 PGRN-PARN-MDRN Hoxb5 Glut_4,0976 PGRN-PARN-MDRN Hoxb5 Glut_4,243 PGRN-PARN-MDRN Hoxb5 Glut,24 MY Glut,Glut,44,5.29482,6.297123,0.8181818181818182
4068,4599 MDRNv Crp Glut_1,1024 MDRNv Crp Glut_1,260 MDRNv Crp Glut,24 MY Glut,Glut,23,4.567183,5.2240734,0.8260869565217391
4069,4600 MDRNv Crp Glut_1,1024 MDRNv Crp Glut_1,260 MDRNv Crp Glut,24 MY Glut,Glut,60,3.7478743,4.877756,0.65
4070,4351 PGRN-PARN-MDRN Hoxb5 Glut_3,0975 PGRN-PARN-MDRN Hoxb5 Glut_3,243 PGRN-PARN-MDRN Hoxb5 Glut,24 MY Glut,Glut,55,5.209291,6.168563,0.8181818181818182
4071,4598 MDRNv Crp Glut_1,1024 MDRNv Crp Glut_1,260 MDRNv Crp Glut,24 MY Glut,Glut,19,3.0821452,3.8743172,0.631578947368421
4072,4360 PGRN-PARN-MDRN Hoxb5 Glut_4,0976 PGRN-PARN-MDRN Hoxb5 Glut_4,243 PGRN-PARN-MDRN Hoxb5 Glut,24 MY Glut,Glut,25,4.65135,5.4495435,0.8
4073,4595 MDRNd Bves Glut_1,1023 MDRNd Bves Glut_1,259 MDRNd Bves Glut,24 MY Glut,Glut,65,4.972948,5.5197706,0.8153846153846154
4074,4596 MDRNd Bves Glut_1,1023 MDRNd Bves Glut_1,259 MDRNd Bves Glut,24 MY Glut,Glut,27,4.8609858,5.63613,0.8148148148148148
4075,4361 PGRN-PARN-MDRN Hoxb5 Glut_4,0976 PGRN-PARN-MDRN Hoxb5 Glut_4,243 PGRN-PARN-MDRN Hoxb5 Glut,24 MY Glut,Glut,57,5.9094577,6.1773696,0.9473684210526315
4076,4362 PGRN-PARN-MDRN Hoxb5 Glut_4,0976 PGRN-PARN-MDRN Hoxb5 Glut_4,243 PGRN-PARN-MDRN Hoxb5 Glut,24 MY Glut,Glut,42,6.01826,6.370352,0.9523809523809523
4077,4363 PGRN-PARN-MDRN Hoxb5 Glut_4,0976 PGRN-PARN-MDRN Hoxb5 Glut_4,243 PGRN-PARN-MDRN Hoxb5 Glut,24 MY Glut,Glut,45,6.714184,7.080863,0.9333333333333333
4078,4958 MDRNd Prox1 Pax6 Gly-Gaba_1,1103 MDRNd Prox1 Pax6 Gly-Gaba_1,289 MDRNd Prox1 Pax6 Gly-Gaba,27 MY GABA,GABA,13,3.2941186,0.0,0.46153846153846156
4080,4655 PRNc Otp Gly-Gaba_4,1039 PRNc Otp Gly-Gaba_4,264 PRNc Otp Gly-Gaba,26 P GABA,GABA-Glyc,7,5.900365,6.275024,0.8571428571428571
4081,4656 PRNc Otp Gly-Gaba_4,1039 PRNc Otp Gly-Gaba_4,264 PRNc Otp Gly-Gaba,26 P GABA,GABA-Glyc,22,5.989192,6.6977673,0.9090909090909091
4084,4635 PRNc Otp Gly-Gaba_1,1036 PRNc Otp Gly-Gaba_1,264 PRNc Otp Gly-Gaba,26 P GABA,GABA-Glyc,2,0.0,0.0,0.0
4085,4618 CS-RPO Meis2 Gaba_3,1033 CS-RPO Meis2 Gaba_3,263 CS-RPO Meis2 Gaba,26 P GABA,Glut-GABA,11,4.721783,6.229716,0.7272727272727273
4086,4636 PRNc Otp Gly-Gaba_1,1036 PRNc Otp Gly-Gaba_1,264 PRNc Otp Gly-Gaba,26 P GABA,GABA-Glyc,6,3.131648,2.673169,0.5
4087,4669 PRNc Prox1 Brs3 Gly-Gaba_1,1043 PRNc Prox1 Brs3 Gly-Gaba_1,266 PRNc Prox1 Brs3 Gly-Gaba,26 P GABA,GABA-Glyc,119,5.7798376,6.4723444,0.8739495798319328
4088,4821 PRP Otp Gly-Gaba_1,1083 PRP Otp Gly-Gaba_1,283 PRP Otp Gly-Gaba,27 MY GABA,GABA-Glyc,61,3.5901318,5.068239,0.6065573770491803
4089,4820 PRP Otp Gly-Gaba_1,1083 PRP Otp Gly-Gaba_1,283 PRP Otp Gly-Gaba,27 MY GABA,GABA-Glyc,21,6.206805,6.372407,0.9523809523809523
4091,4171 PRNr Otp Nfib Glut_1,0945 PRNr Otp Nfib Glut_1,230 PRNr Otp Nfib Glut,23 P Glut,Glut,9,6.693904,6.406451,1.0
4092,4661 PRNc Otp Gly-Gaba_5,1040 PRNc Otp Gly-Gaba_5,264 PRNc Otp Gly-Gaba,26 P GABA,GABA-Glyc,1,6.8074355,6.8074355,1.0
4093,4172 PRNr Otp Nfib Glut_1,0945 PRNr Otp Nfib Glut_1,230 PRNr Otp Nfib Glut,23 P Glut,Glut,1,0.0,0.0,0.0
4094,4637 PRNc Otp Gly-Gaba_1,1036 PRNc Otp Gly-Gaba_1,264 PRNc Otp Gly-Gaba,26 P GABA,GABA-Glyc,2,6.9155297,6.9155297,1.0
4098,4663 PRNc Otp Gly-Gaba_5,1040 PRNc Otp Gly-Gaba_5,264 PRNc Otp Gly-Gaba,26 P GABA,GABA-Glyc,20,3.494046,4.8641033,0.65
4099,4657 PRNc Otp Gly-Gaba_4,1039 PRNc Otp Gly-Gaba_4,264 PRNc Otp Gly-Gaba,26 P GABA,GABA-Glyc,23,5.5587187,6.4151225,0.8260869565217391
4102,4659 PRNc Otp Gly-Gaba_4,1039 PRNc Otp Gly-Gaba_4,264 PRNc Otp Gly-Gaba,26 P GABA,GABA-Glyc,1,6.4439135,6.4439135,1.0
4105,4639 PRNc Otp Gly-Gaba_1,1036 PRNc Otp Gly-Gaba_1,264 PRNc Otp Gly-Gaba,26 P GABA,GABA-Glyc,50,4.652571,5.7616215,0.76
4106,4660 PRNc Otp Gly-Gaba_4,1039 PRNc Otp Gly-Gaba_4,264 PRNc Otp Gly-Gaba,26 P GABA,GABA-Glyc,16,5.2778583,6.3069086,0.8125
4107,3962 PSV Lmx1a Trpv6 Glut_1,0902 PSV Lmx1a Trpv6 Glut_1,218 PSV Lmx1a Trpv6 Glut,23 P Glut,Glut,33,6.2774897,6.8471913,0.9393939393939394
4110,4350 PGRN-PARN-MDRN Hoxb5 Glut_3,0975 PGRN-PARN-MDRN Hoxb5 Glut_3,243 PGRN-PARN-MDRN Hoxb5 Glut,24 MY Glut,Glut,13,5.99146,6.150864,1.0
4112,4173 PRNr Otp Nfib Glut_1,0945 PRNr Otp Nfib Glut_1,230 PRNr Otp Nfib Glut,23 P Glut,Glut,20,6.708003,6.6518793,1.0
4115,4504 MV-SPIV Zic4 Neurod2 Glut_2,0998 MV-SPIV Zic4 Neurod2 Glut_2,248 MV-SPIV Zic4 Neurod2 Glut,24 MY Glut,Glut,25,5.433517,6.1063876,0.88
4116,4999 MV Pax6 Gly-Gaba_2,1114 MV Pax6 Gly-Gaba_2,294 MV Pax6 Gly-Gaba,27 MY GABA,GABA-Glyc,52,6.562212,6.693466,0.9807692307692307
4117,4521 CBN Neurod2 Pvalb Glut_1,1003 CBN Neurod2 Pvalb Glut_1,250 CBN Neurod2 Pvalb Glut,24 MY Glut,Glut,22,5.9820857,6.3734727,0.9545454545454546
4118,4993 PAS-MV Ebf2 Gly-Gaba_4,1112 PAS-MV Ebf2 Gly-Gaba_4,293 PAS-MV Ebf2 Gly-Gaba,27 MY GABA,GABA-Glyc,46,5.3935637,6.3434725,0.8260869565217391
4120,4516 MV-SPIV Zic4 Neurod2 Glut_5,1001 MV-SPIV Zic4 Neurod2 Glut_5,248 MV-SPIV Zic4 Neurod2 Glut,24 MY Glut,Glut,15,6.01702,5.951877,1.0
4121,4977 MV Nkx6-1 Gly-Gaba_2,1108 MV Nkx6-1 Gly-Gaba_2,292 MV Nkx6-1 Gly-Gaba,27 MY GABA,GABA-Glyc,121,5.8436227,6.2677493,0.9421487603305785
4122,4978 MV Nkx6-1 Gly-Gaba_2,1108 MV Nkx6-1 Gly-Gaba_2,292 MV Nkx6-1 Gly-Gaba,27 MY GABA,GABA-Glyc,200,5.8716865,6.3253117,0.93
4123,4989 PAS-MV Ebf2 Gly-Gaba_3,1111 PAS-MV Ebf2 Gly-Gaba_3,293 PAS-MV Ebf2 Gly-Gaba,27 MY GABA,GABA-Glyc,417,5.663045,6.3617635,0.8729016786570744
4124,4992 PAS-MV Ebf2 Gly-Gaba_3,1111 PAS-MV Ebf2 Gly-Gaba_3,293 PAS-MV Ebf2 Gly-Gaba,27 MY GABA,GABA-Glyc,99,5.6144857,6.460332,0.8686868686868687
4125,4979 PAS-MV Ebf2 Gly-Gaba_1,1109 PAS-MV Ebf2 Gly-Gaba_1,293 PAS-MV Ebf2 Gly-Gaba,27 MY GABA,GABA-Glyc,95,5.8389354,6.4735556,0.9052631578947369
4126,4980 PAS-MV Ebf2 Gly-Gaba_1,1109 PAS-MV Ebf2 Gly-Gaba_1,293 PAS-MV Ebf2 Gly-Gaba,27 MY GABA,GABA-Glyc,280,5.7244825,6.369126,0.8821428571428571
4127,4990 PAS-MV Ebf2 Gly-Gaba_3,1111 PAS-MV Ebf2 Gly-Gaba_3,293 PAS-MV Ebf2 Gly-Gaba,27 MY GABA,GABA-Glyc,284,5.400086,6.33432,0.8309859154929577
4128,4943 MV-SPIV-PRP Dmbx1 Gly-Gaba_1,1099 MV-SPIV-PRP Dmbx1 Gly-Gaba_1,287 MV-SPIV-PRP Dmbx1 Gly-Gaba,27 MY GABA,Glut-GABA,25,4.024528,6.0835514,0.6
4129,4991 PAS-MV Ebf2 Gly-Gaba_3,1111 PAS-MV Ebf2 Gly-Gaba_3,293 PAS-MV Ebf2 Gly-Gaba,27 MY GABA,GABA-Glyc,33,5.851168,6.323891,0.9090909090909091
4130,4981 PAS-MV Ebf2 Gly-Gaba_1,1109 PAS-MV Ebf2 Gly-Gaba_1,293 PAS-MV Ebf2 Gly-Gaba,27 MY GABA,GABA-Glyc,36,6.4694004,6.9527593,0.9444444444444444
4131,4982 PAS-MV Ebf2 Gly-Gaba_1,1109 PAS-MV Ebf2 Gly-Gaba_1,293 PAS-MV Ebf2 Gly-Gaba,27 MY GABA,GABA-Glyc,20,5.154402,5.992271,0.8
4132,4522 CBN Neurod2 Pvalb Glut_1,1003 CBN Neurod2 Pvalb Glut_1,250 CBN Neurod2 Pvalb Glut,24 MY Glut,Glut,53,6.002589,6.3954988,0.9245283018867925
4133,4497 MV-SPIV Zic4 Neurod2 Glut_1,0997 MV-SPIV Zic4 Neurod2 Glut_1,248 MV-SPIV Zic4 Neurod2 Glut,24 MY Glut,Glut,13,6.1573696,7.261376,0.8461538461538461
4136,4515 MV-SPIV Zic4 Neurod2 Glut_5,1001 MV-SPIV Zic4 Neurod2 Glut_5,248 MV-SPIV Zic4 Neurod2 Glut,24 MY Glut,Glut,38,5.8926754,6.5997133,0.868421052631579
4137,4983 PAS-MV Ebf2 Gly-Gaba_2,1110 PAS-MV Ebf2 Gly-Gaba_2,293 PAS-MV Ebf2 Gly-Gaba,27 MY GABA,GABA-Glyc,127,5.0017657,5.989661,0.7952755905511811
4138,4984 PAS-MV Ebf2 Gly-Gaba_2,1110 PAS-MV Ebf2 Gly-Gaba_2,293 PAS-MV Ebf2 Gly-Gaba,27 MY GABA,GABA-Glyc,2187,5.2342606,6.1684284,0.8106995884773662
4139,4985 PAS-MV Ebf2 Gly-Gaba_2,1110 PAS-MV Ebf2 Gly-Gaba_2,293 PAS-MV Ebf2 Gly-Gaba,27 MY GABA,GABA-Glyc,335,5.257939,6.1187987,0.8298507462686567
4140,4986 PAS-MV Ebf2 Gly-Gaba_2,1110 PAS-MV Ebf2 Gly-Gaba_2,293 PAS-MV Ebf2 Gly-Gaba,27 MY GABA,GABA-Glyc,428,5.0040855,5.979375,0.8084112149532711
4141,5120 SPVI-SPVC Sall3 Nfib Gly-Gaba_1,1136 SPVI-SPVC Sall3 Nfib Gly-Gaba_1,305 SPVI-SPVC Sall3 Nfib Gly-Gaba,27 MY GABA,GABA-Glyc,43,2.9728541,4.420847,0.5116279069767442
4142,5121 SPVI-SPVC Sall3 Nfib Gly-Gaba_1,1136 SPVI-SPVC Sall3 Nfib Gly-Gaba_1,305 SPVI-SPVC Sall3 Nfib Gly-Gaba,27 MY GABA,GABA-Glyc,101,4.166423,5.6438675,0.6732673267326733
4143,4987 PAS-MV Ebf2 Gly-Gaba_2,1110 PAS-MV Ebf2 Gly-Gaba_2,293 PAS-MV Ebf2 Gly-Gaba,27 MY GABA,GABA-Glyc,68,4.0615573,5.504875,0.6764705882352942
4144,5175 DCO Il22 Gly-Gaba_3,1143 DCO Il22 Gly-Gaba_3,308 DCO Il22 Gly-Gaba,28 CB GABA,GABA-Glyc,31,5.624865,5.9194307,0.9032258064516129
4145,4502 MV-SPIV Zic4 Neurod2 Glut_2,0998 MV-SPIV Zic4 Neurod2 Glut_2,248 MV-SPIV Zic4 Neurod2 Glut,24 MY Glut,Glut,84,4.627932,5.6148844,0.7380952380952381
4146,5184 CB PLI Gly-Gaba_3,1146 CB PLI Gly-Gaba_3,309 CB PLI Gly-Gaba,28 CB GABA,GABA,4,6.498412,6.1362896,1.0
4147,5183 CB PLI Gly-Gaba_3,1146 CB PLI Gly-Gaba_3,309 CB PLI Gly-Gaba,28 CB GABA,GABA-Glyc,23,4.8179517,6.316057,0.7391304347826086
4148,5167 DCO Il22 Gly-Gaba_1,1141 DCO Il22 Gly-Gaba_1,308 DCO Il22 Gly-Gaba,28 CB GABA,GABA-Glyc,296,4.273986,6.2128477,0.6081081081081081
4149,4306 NTS Phox2b Glut_10,0968 NTS Phox2b Glut_10,238 NTS Phox2b Glut,24 MY Glut,Glut,30,5.1949754,5.8827257,0.8333333333333334
4150,5168 DCO Il22 Gly-Gaba_1,1141 DCO Il22 Gly-Gaba_1,308 DCO Il22 Gly-Gaba,28 CB GABA,GABA-Glyc,57,4.7861996,6.2071314,0.6842105263157895
4151,5174 DCO Il22 Gly-Gaba_3,1143 DCO Il22 Gly-Gaba_3,308 DCO Il22 Gly-Gaba,28 CB GABA,GABA-Glyc,196,4.384864,5.4965506,0.7142857142857143
4152,5173 DCO Il22 Gly-Gaba_3,1143 DCO Il22 Gly-Gaba_3,308 DCO Il22 Gly-Gaba,28 CB GABA,GABA-Glyc,55,4.238208,5.6481347,0.6909090909090909
4153,5172 DCO Il22 Gly-Gaba_2,1142 DCO Il22 Gly-Gaba_2,308 DCO Il22 Gly-Gaba,28 CB GABA,GABA-Glyc,123,4.9731846,5.499692,0.8699186991869918
4154,5169 DCO Il22 Gly-Gaba_1,1141 DCO Il22 Gly-Gaba_1,308 DCO Il22 Gly-Gaba,28 CB GABA,GABA-Glyc,317,4.0015225,5.7948503,0.5930599369085173
4155,5170 DCO Il22 Gly-Gaba_1,1141 DCO Il22 Gly-Gaba_1,308 DCO Il22 Gly-Gaba,28 CB GABA,GABA-Glyc,153,4.45548,5.579634,0.7450980392156863
4156,5171 DCO Il22 Gly-Gaba_1,1141 DCO Il22 Gly-Gaba_1,308 DCO Il22 Gly-Gaba,28 CB GABA,GABA-Glyc,40,4.0008745,5.1291056,0.675
4157,5186 CBX Golgi Gly-Gaba_1,1148 CBX Golgi Gly-Gaba_1,310 CBX Golgi Gly-Gaba,28 CB GABA,GABA-Glyc,47,4.841041,5.8668065,0.8085106382978723
4158,5176 DCO Il22 Gly-Gaba_3,1143 DCO Il22 Gly-Gaba_3,308 DCO Il22 Gly-Gaba,28 CB GABA,GABA-Glyc,83,4.1116323,5.283389,0.7108433734939759
4159,5185 CB PLI Gly-Gaba_4,1147 CB PLI Gly-Gaba_4,309 CB PLI Gly-Gaba,28 CB GABA,GABA,93,3.0738568,0.0,0.43010752688172044
4160,5180 CB PLI Gly-Gaba_2,1145 CB PLI Gly-Gaba_2,309 CB PLI Gly-Gaba,28 CB GABA,GABA-Glyc,2,5.6018624,5.6018624,1.0
4162,5177 CB PLI Gly-Gaba_1,1144 CB PLI Gly-Gaba_1,309 CB PLI Gly-Gaba,28 CB GABA,GABA-Glyc,12,3.5758379,5.2321806,0.5833333333333334
4163,5187 CBX Golgi Gly-Gaba_1,1148 CBX Golgi Gly-Gaba_1,310 CBX Golgi Gly-Gaba,28 CB GABA,GABA-Glyc,1,7.726811,7.726811,1.0
4164,5178 CB PLI Gly-Gaba_1,1144 CB PLI Gly-Gaba_1,309 CB PLI Gly-Gaba,28 CB GABA,GABA,44,4.1414075,5.726867,0.6363636363636364
4167,5188 CBX MLI Megf11 Gaba_1,1149 CBX MLI Megf11 Gaba_1,311 CBX MLI Megf11 Gaba,28 CB GABA,GABA,151,2.3178365,0.0,0.33774834437086093
4168,5189 CBX MLI Megf11 Gaba_1,1149 CBX MLI Megf11 Gaba_1,311 CBX MLI Megf11 Gaba,28 CB GABA,GABA,50,2.5996594,0.0,0.38
4169,5190 CBX MLI Megf11 Gaba_2,1150 CBX MLI Megf11 Gaba_2,311 CBX MLI Megf11 Gaba,28 CB GABA,GABA,2,4.164136,4.164136,0.5
4170,5192 CBX MLI Cdh22 Gaba_1,1151 CBX MLI Cdh22 Gaba_1,312 CBX MLI Cdh22 Gaba,28 CB GABA,GABA,57,1.9462193,0.0,0.2982456140350877
4174,4556 DMX VII Tbx20 Chol_2,1011 DMX VII Tbx20 Chol_2,252 DMX VII Tbx20 Chol,24 MY Glut,Chol,19,3.471552,5.163432,0.5789473684210527
4176,4152 PSV Pvalb Lhx2 Glut_3,0941 PSV Pvalb Lhx2 Glut_3,228 PSV Pvalb Lhx2 Glut,23 P Glut,Glut,62,4.276959,5.7974887,0.6612903225806451
4178,4567 SPVO Mafa Meis2 Glut_1,1017 SPVO Mafa Meis2 Glut_1,255 SPVO Mafa Meis2 Glut,24 MY Glut,Glut,36,5.4716706,5.9989767,0.8888888888888888
4182,4150 PSV Pvalb Lhx2 Glut_2,0940 PSV Pvalb Lhx2 Glut_2,228 PSV Pvalb Lhx2 Glut,23 P Glut,Glut,10,4.763146,5.5154676,0.8
4183,4151 PSV Pvalb Lhx2 Glut_2,0940 PSV Pvalb Lhx2 Glut_2,228 PSV Pvalb Lhx2 Glut,23 P Glut,Glut,18,4.6846485,5.848426,0.7222222222222222
4184,4147 PSV Pvalb Lhx2 Glut_1,0939 PSV Pvalb Lhx2 Glut_1,228 PSV Pvalb Lhx2 Glut,23 P Glut,Glut,22,5.157883,6.199956,0.8181818181818182
4185,4148 PSV Pvalb Lhx2 Glut_1,0939 PSV Pvalb Lhx2 Glut_1,228 PSV Pvalb Lhx2 Glut,23 P Glut,Glut,178,4.2383513,5.5075216,0.6966292134831461
4186,4149 PSV Pvalb Lhx2 Glut_1,0939 PSV Pvalb Lhx2 Glut_1,228 PSV Pvalb Lhx2 Glut,23 P Glut,Glut,35,5.1787357,6.3843174,0.7714285714285715
4187,4568 SPVO Mafa Meis2 Glut_1,1017 SPVO Mafa Meis2 Glut_1,255 SPVO Mafa Meis2 Glut,24 MY Glut,Glut,89,5.7338634,6.6502347,0.8426966292134831
4188,4755 PDTg-PCG Pax6 Gaba_3,1063 PDTg-PCG Pax6 Gaba_3,273 PDTg-PCG Pax6 Gaba,26 P GABA,GABA,13,4.888213,6.075077,0.7692307692307693
4193,4811 POR Gata3 Gly-Gaba_1,1081 POR Gata3 Gly-Gaba_1,281 POR Gata3 Gly-Gaba,26 P GABA,GABA-Glyc,4,3.8123596,4.7254963,0.75
4196,5122 SPVI-SPVC Sall3 Nfib Gly-Gaba_1,1136 SPVI-SPVC Sall3 Nfib Gly-Gaba_1,305 SPVI-SPVC Sall3 Nfib Gly-Gaba,27 MY GABA,GABA-Glyc,165,3.5717928,4.9264755,0.6060606060606061
4197,5123 SPVI-SPVC Sall3 Nfib Gly-Gaba_1,1136 SPVI-SPVC Sall3 Nfib Gly-Gaba_1,305 SPVI-SPVC Sall3 Nfib Gly-Gaba,27 MY GABA,GABA-Glyc,30,4.801295,5.487419,0.8333333333333334
4198,5137 SPVI-SPVC Sall3 Nfib Gly-Gaba_2,1137 SPVI-SPVC Sall3 Nfib Gly-Gaba_2,305 SPVI-SPVC Sall3 Nfib Gly-Gaba,27 MY GABA,GABA-Glyc,120,4.607894,5.3865805,0.8083333333333333
4199,5124 SPVI-SPVC Sall3 Nfib Gly-Gaba_1,1136 SPVI-SPVC Sall3 Nfib Gly-Gaba_1,305 SPVI-SPVC Sall3 Nfib Gly-Gaba,27 MY GABA,GABA-Glyc,96,4.3716397,5.5466557,0.71875
4200,5138 SPVI-SPVC Sall3 Nfib Gly-Gaba_2,1137 SPVI-SPVC Sall3 Nfib Gly-Gaba_2,305 SPVI-SPVC Sall3 Nfib Gly-Gaba,27 MY GABA,GABA-Glyc,82,4.2511773,5.201009,0.7682926829268293
4201,5139 SPVI-SPVC Sall3 Nfib Gly-Gaba_2,1137 SPVI-SPVC Sall3 Nfib Gly-Gaba_2,305 SPVI-SPVC Sall3 Nfib Gly-Gaba,27 MY GABA,GABA-Glyc,51,3.7141879,4.8446994,0.6666666666666666
4202,5125 SPVI-SPVC Sall3 Nfib Gly-Gaba_1,1136 SPVI-SPVC Sall3 Nfib Gly-Gaba_1,305 SPVI-SPVC Sall3 Nfib Gly-Gaba,27 MY GABA,GABA-Glyc,35,3.1202645,4.4357314,0.5714285714285714
4203,5134 SPVI-SPVC Sall3 Nfib Gly-Gaba_1,1136 SPVI-SPVC Sall3 Nfib Gly-Gaba_1,305 SPVI-SPVC Sall3 Nfib Gly-Gaba,27 MY GABA,GABA-Glyc,96,4.0548844,5.560256,0.6458333333333334
4204,5135 SPVI-SPVC Sall3 Nfib Gly-Gaba_1,1136 SPVI-SPVC Sall3 Nfib Gly-Gaba_1,305 SPVI-SPVC Sall3 Nfib Gly-Gaba,27 MY GABA,GABA-Glyc,53,4.8071017,5.6536703,0.7735849056603774
4205,5136 SPVI-SPVC Sall3 Nfib Gly-Gaba_1,1136 SPVI-SPVC Sall3 Nfib Gly-Gaba_1,305 SPVI-SPVC Sall3 Nfib Gly-Gaba,27 MY GABA,GABA-Glyc,31,4.0951734,5.556352,0.6451612903225806
4206,5126 SPVI-SPVC Sall3 Nfib Gly-Gaba_1,1136 SPVI-SPVC Sall3 Nfib Gly-Gaba_1,305 SPVI-SPVC Sall3 Nfib Gly-Gaba,27 MY GABA,GABA-Glyc,45,3.7689955,5.069014,0.6444444444444445
4207,5127 SPVI-SPVC Sall3 Nfib Gly-Gaba_1,1136 SPVI-SPVC Sall3 Nfib Gly-Gaba_1,305 SPVI-SPVC Sall3 Nfib Gly-Gaba,27 MY GABA,GABA-Glyc,72,3.8693025,5.350424,0.6527777777777778
4208,5140 SPVI-SPVC Sall3 Nfib Gly-Gaba_2,1137 SPVI-SPVC Sall3 Nfib Gly-Gaba_2,305 SPVI-SPVC Sall3 Nfib Gly-Gaba,27 MY GABA,GABA-Glyc,40,3.4291172,4.7825356,0.6
4209,5141 SPVI-SPVC Sall3 Nfib Gly-Gaba_2,1137 SPVI-SPVC Sall3 Nfib Gly-Gaba_2,305 SPVI-SPVC Sall3 Nfib Gly-Gaba,27 MY GABA,GABA-Glyc,21,3.0916104,4.4410534,0.5714285714285714
4210,5128 SPVI-SPVC Sall3 Nfib Gly-Gaba_1,1136 SPVI-SPVC Sall3 Nfib Gly-Gaba_1,305 SPVI-SPVC Sall3 Nfib Gly-Gaba,27 MY GABA,GABA-Glyc,50,3.0909688,4.662287,0.54
4211,5129 SPVI-SPVC Sall3 Nfib Gly-Gaba_1,1136 SPVI-SPVC Sall3 Nfib Gly-Gaba_1,305 SPVI-SPVC Sall3 Nfib Gly-Gaba,27 MY GABA,GABA-Glyc,73,3.752063,5.2696176,0.6438356164383562
4212,5130 SPVI-SPVC Sall3 Nfib Gly-Gaba_1,1136 SPVI-SPVC Sall3 Nfib Gly-Gaba_1,305 SPVI-SPVC Sall3 Nfib Gly-Gaba,27 MY GABA,GABA-Glyc,56,3.1986635,4.906599,0.5535714285714286
4213,5131 SPVI-SPVC Sall3 Nfib Gly-Gaba_1,1136 SPVI-SPVC Sall3 Nfib Gly-Gaba_1,305 SPVI-SPVC Sall3 Nfib Gly-Gaba,27 MY GABA,GABA-Glyc,136,3.6176236,5.1008635,0.6029411764705882
4214,5132 SPVI-SPVC Sall3 Nfib Gly-Gaba_1,1136 SPVI-SPVC Sall3 Nfib Gly-Gaba_1,305 SPVI-SPVC Sall3 Nfib Gly-Gaba,27 MY GABA,GABA-Glyc,55,3.6227777,4.9809866,0.6363636363636364
4215,5133 SPVI-SPVC Sall3 Nfib Gly-Gaba_1,1136 SPVI-SPVC Sall3 Nfib Gly-Gaba_1,305 SPVI-SPVC Sall3 Nfib Gly-Gaba,27 MY GABA,GABA-Glyc,44,2.8331728,0.0,0.4772727272727273
4216,4198 PG-TRN-LRN Fat2 Glut_1,0953 PG-TRN-LRN Fat2 Glut_1,235 PG-TRN-LRN Fat2 Glut,23 P Glut,Glut,477,5.207478,5.8317113,0.8742138364779874
4217,4200 PG-TRN-LRN Fat2 Glut_1,0953 PG-TRN-LRN Fat2 Glut_1,235 PG-TRN-LRN Fat2 Glut,23 P Glut,Glut,209,5.1576777,5.928412,0.8325358851674641
4218,4199 PG-TRN-LRN Fat2 Glut_1,0953 PG-TRN-LRN Fat2 Glut_1,235 PG-TRN-LRN Fat2 Glut,23 P Glut,Glut,36,5.0150223,5.473749,0.8888888888888888
4219,4426 SPVI-SPVC Tlx3 Ebf3 Glut_3,0983 SPVI-SPVC Tlx3 Ebf3 Glut_3,245 SPVI-SPVC Tlx3 Ebf3 Glut,24 MY Glut,Glut,73,4.372656,5.748032,0.6986301369863014
4220,4290 NTS Phox2b Glut_8,0966 NTS Phox2b Glut_8,238 NTS Phox2b Glut,24 MY Glut,Glut,96,4.882586,5.9986005,0.7708333333333334
4221,4441 SPVI-SPVC Tlx3 Ebf3 Glut_6,0986 SPVI-SPVC Tlx3 Ebf3 Glut_6,245 SPVI-SPVC Tlx3 Ebf3 Glut,24 MY Glut,Glut,91,4.0791435,5.4444666,0.6703296703296703
4222,4427 SPVI-SPVC Tlx3 Ebf3 Glut_3,0983 SPVI-SPVC Tlx3 Ebf3 Glut_3,245 SPVI-SPVC Tlx3 Ebf3 Glut,24 MY Glut,Glut,41,5.634984,6.188209,0.9024390243902439
4223,4474 CU-ECU-SPVI Foxb1 Glut_4,0991 CU-ECU-SPVI Foxb1 Glut_4,246 CU-ECU-SPVI Foxb1 Glut,24 MY Glut,Glut,100,5.563448,6.269451,0.88
4224,4432 SPVI-SPVC Tlx3 Ebf3 Glut_4,0984 SPVI-SPVC Tlx3 Ebf3 Glut_4,245 SPVI-SPVC Tlx3 Ebf3 Glut,24 MY Glut,Glut,195,3.9677906,5.4980288,0.6307692307692307
4225,4445 SPVI-SPVC Tlx3 Ebf3 Glut_7,0987 SPVI-SPVC Tlx3 Ebf3 Glut_7,245 SPVI-SPVC Tlx3 Ebf3 Glut,24 MY Glut,Glut,37,5.1194425,6.1421723,0.7567567567567568
4226,4413 SPVI-SPVC Tlx3 Ebf3 Glut_1,0981 SPVI-SPVC Tlx3 Ebf3 Glut_1,245 SPVI-SPVC Tlx3 Ebf3 Glut,24 MY Glut,Glut,78,4.9442887,6.0817738,0.782051282051282
4227,4414 SPVI-SPVC Tlx3 Ebf3 Glut_1,0981 SPVI-SPVC Tlx3 Ebf3 Glut_1,245 SPVI-SPVC Tlx3 Ebf3 Glut,24 MY Glut,Glut,15,5.5158625,6.4412775,0.8666666666666667
4228,4415 SPVI-SPVC Tlx3 Ebf3 Glut_1,0981 SPVI-SPVC Tlx3 Ebf3 Glut_1,245 SPVI-SPVC Tlx3 Ebf3 Glut,24 MY Glut,Glut,67,4.7095203,5.9439397,0.746268656716418
4229,4442 SPVI-SPVC Tlx3 Ebf3 Glut_6,0986 SPVI-SPVC Tlx3 Ebf3 Glut_6,245 SPVI-SPVC Tlx3 Ebf3 Glut,24 MY Glut,Glut,83,5.712888,6.599319,0.8433734939759037
4230,4424 SPVI-SPVC Tlx3 Ebf3 Glut_3,0983 SPVI-SPVC Tlx3 Ebf3 Glut_3,245 SPVI-SPVC Tlx3 Ebf3 Glut,24 MY Glut,Glut,60,5.8812604,6.6301045,0.8666666666666667
4231,4425 SPVI-SPVC Tlx3 Ebf3 Glut_3,0983 SPVI-SPVC Tlx3 Ebf3 Glut_3,245 SPVI-SPVC Tlx3 Ebf3 Glut,24 MY Glut,Glut,76,5.7095566,6.458579,0.868421052631579
4232,4428 SPVI-SPVC Tlx3 Ebf3 Glut_3,0983 SPVI-SPVC Tlx3 Ebf3 Glut_3,245 SPVI-SPVC Tlx3 Ebf3 Glut,24 MY Glut,Glut,45,5.579478,5.9464636,0.8666666666666667
4233,4429 SPVI-SPVC Tlx3 Ebf3 Glut_3,0983 SPVI-SPVC Tlx3 Ebf3 Glut_3,245 SPVI-SPVC Tlx3 Ebf3 Glut,24 MY Glut,Glut,45,4.999958,5.9826922,0.8
4234,4593 SPVC Nmu Glut_2,1022 SPVC Nmu Glut_2,258 SPVC Nmu Glut,24 MY Glut,Glut,137,4.581844,5.6856422,0.7445255474452555
4235,4587 SPVC Nmu Glut_1,1021 SPVC Nmu Glut_1,258 SPVC Nmu Glut,24 MY Glut,Glut,192,4.9770436,6.2330775,0.75
4236,4590 SPVC Nmu Glut_1,1021 SPVC Nmu Glut_1,258 SPVC Nmu Glut,24 MY Glut,Glut,180,4.462692,6.0597267,0.6722222222222223
4237,4588 SPVC Nmu Glut_1,1021 SPVC Nmu Glut_1,258 SPVC Nmu Glut,24 MY Glut,Glut,149,5.0547285,6.2737184,0.7651006711409396
4238,4591 SPVC Nmu Glut_1,1021 SPVC Nmu Glut_1,258 SPVC Nmu Glut,24 MY Glut,Glut,164,5.0066433,6.0481663,0.7804878048780488
4239,4589 SPVC Nmu Glut_1,1021 SPVC Nmu Glut_1,258 SPVC Nmu Glut,24 MY Glut,Glut,98,4.2730327,5.7587843,0.6632653061224489
4240,4446 SPVI-SPVC Tlx3 Ebf3 Glut_7,0987 SPVI-SPVC Tlx3 Ebf3 Glut_7,245 SPVI-SPVC Tlx3 Ebf3 Glut,24 MY Glut,Glut,237,4.378475,5.73447,0.70042194092827
4241,4433 SPVI-SPVC Tlx3 Ebf3 Glut_4,0984 SPVI-SPVC Tlx3 Ebf3 Glut_4,245 SPVI-SPVC Tlx3 Ebf3 Glut,24 MY Glut,Glut,220,5.2369304,5.9215603,0.8363636363636363
4242,4447 SPVI-SPVC Tlx3 Ebf3 Glut_7,0987 SPVI-SPVC Tlx3 Ebf3 Glut_7,245 SPVI-SPVC Tlx3 Ebf3 Glut,24 MY Glut,Glut,63,4.3027306,5.8254204,0.6825396825396826
4243,4434 SPVI-SPVC Tlx3 Ebf3 Glut_4,0984 SPVI-SPVC Tlx3 Ebf3 Glut_4,245 SPVI-SPVC Tlx3 Ebf3 Glut,24 MY Glut,Glut,72,4.218447,5.6050234,0.6527777777777778
4244,4431 SPVI-SPVC Tlx3 Ebf3 Glut_4,0984 SPVI-SPVC Tlx3 Ebf3 Glut_4,245 SPVI-SPVC Tlx3 Ebf3 Glut,24 MY Glut,Glut,49,4.8373175,6.244444,0.7551020408163265
4245,4435 SPVI-SPVC Tlx3 Ebf3 Glut_4,0984 SPVI-SPVC Tlx3 Ebf3 Glut_4,245 SPVI-SPVC Tlx3 Ebf3 Glut,24 MY Glut,Glut,58,4.1077824,5.603618,0.6379310344827587
4246,4443 SPVI-SPVC Tlx3 Ebf3 Glut_6,0986 SPVI-SPVC Tlx3 Ebf3 Glut_6,245 SPVI-SPVC Tlx3 Ebf3 Glut,24 MY Glut,Glut,138,4.6651397,5.819165,0.7536231884057971
4247,4436 SPVI-SPVC Tlx3 Ebf3 Glut_4,0984 SPVI-SPVC Tlx3 Ebf3 Glut_4,245 SPVI-SPVC Tlx3 Ebf3 Glut,24 MY Glut,Glut,124,4.5981507,5.770911,0.75
4248,4444 SPVI-SPVC Tlx3 Ebf3 Glut_6,0986 SPVI-SPVC Tlx3 Ebf3 Glut_6,245 SPVI-SPVC Tlx3 Ebf3 Glut,24 MY Glut,Glut,42,4.6303186,5.6390343,0.7619047619047619
4249,4292 NTS Phox2b Glut_8,0966 NTS Phox2b Glut_8,238 NTS Phox2b Glut,24 MY Glut,Glut,19,5.9497576,6.480844,0.9473684210526315
4250,4437 SPVI-SPVC Tlx3 Ebf3 Glut_4,0984 SPVI-SPVC Tlx3 Ebf3 Glut_4,245 SPVI-SPVC Tlx3 Ebf3 Glut,24 MY Glut,Glut,31,4.6821713,6.063654,0.7419354838709677
4251,4416 SPVI-SPVC Tlx3 Ebf3 Glut_1,0981 SPVI-SPVC Tlx3 Ebf3 Glut_1,245 SPVI-SPVC Tlx3 Ebf3 Glut,24 MY Glut,Glut,33,5.2090592,6.004168,0.8484848484848485
4252,4293 NTS Phox2b Glut_8,0966 NTS Phox2b Glut_8,238 NTS Phox2b Glut,24 MY Glut,Glut,53,5.6364756,6.078314,0.9056603773584906
4253,4294 NTS Phox2b Glut_8,0966 NTS Phox2b Glut_8,238 NTS Phox2b Glut,24 MY Glut,Glut,62,5.8927436,6.1474676,0.9354838709677419
4254,4295 NTS Phox2b Glut_8,0966 NTS Phox2b Glut_8,238 NTS Phox2b Glut,24 MY Glut,Glut,19,3.943654,5.5750456,0.631578947368421
4255,4430 SPVI-SPVC Tlx3 Ebf3 Glut_3,0983 SPVI-SPVC Tlx3 Ebf3 Glut_3,245 SPVI-SPVC Tlx3 Ebf3 Glut,24 MY Glut,Glut,170,4.547289,5.7025385,0.7294117647058823
4256,4417 SPVI-SPVC Tlx3 Ebf3 Glut_2,0982 SPVI-SPVC Tlx3 Ebf3 Glut_2,245 SPVI-SPVC Tlx3 Ebf3 Glut,24 MY Glut,Glut,29,5.106094,5.8858447,0.8275862068965517
4257,4418 SPVI-SPVC Tlx3 Ebf3 Glut_2,0982 SPVI-SPVC Tlx3 Ebf3 Glut_2,245 SPVI-SPVC Tlx3 Ebf3 Glut,24 MY Glut,Glut,30,3.3058639,4.3785334,0.5666666666666667
4258,4419 SPVI-SPVC Tlx3 Ebf3 Glut_2,0982 SPVI-SPVC Tlx3 Ebf3 Glut_2,245 SPVI-SPVC Tlx3 Ebf3 Glut,24 MY Glut,Glut,70,5.5529995,6.301815,0.8714285714285714
4259,4420 SPVI-SPVC Tlx3 Ebf3 Glut_2,0982 SPVI-SPVC Tlx3 Ebf3 Glut_2,245 SPVI-SPVC Tlx3 Ebf3 Glut,24 MY Glut,Glut,155,5.3829193,6.0319157,0.8838709677419355
4260,4421 SPVI-SPVC Tlx3 Ebf3 Glut_2,0982 SPVI-SPVC Tlx3 Ebf3 Glut_2,245 SPVI-SPVC Tlx3 Ebf3 Glut,24 MY Glut,Glut,58,5.668742,6.495608,0.8793103448275862
4261,4438 SPVI-SPVC Tlx3 Ebf3 Glut_5,0985 SPVI-SPVC Tlx3 Ebf3 Glut_5,245 SPVI-SPVC Tlx3 Ebf3 Glut,24 MY Glut,Glut,119,4.828801,5.934674,0.7647058823529411
4262,4439 SPVI-SPVC Tlx3 Ebf3 Glut_5,0985 SPVI-SPVC Tlx3 Ebf3 Glut_5,245 SPVI-SPVC Tlx3 Ebf3 Glut,24 MY Glut,Glut,55,3.954888,5.5973735,0.6181818181818182
4263,4291 NTS Phox2b Glut_8,0966 NTS Phox2b Glut_8,238 NTS Phox2b Glut,24 MY Glut,Glut,34,4.977232,6.151663,0.7647058823529411
4264,4422 SPVI-SPVC Tlx3 Ebf3 Glut_2,0982 SPVI-SPVC Tlx3 Ebf3 Glut_2,245 SPVI-SPVC Tlx3 Ebf3 Glut,24 MY Glut,Glut,36,5.1855,5.992236,0.8333333333333334
4265,4423 SPVI-SPVC Tlx3 Ebf3 Glut_2,0982 SPVI-SPVC Tlx3 Ebf3 Glut_2,245 SPVI-SPVC Tlx3 Ebf3 Glut,24 MY Glut,Glut,131,4.7223716,5.8065615,0.7633587786259542
4266,4065 PB Evx2 Glut_6,0919 PB Evx2 Glut_6,222 PB Evx2 Glut,23 P Glut,Glut,1,0.0,0.0,0.0
4267,4064 PB Evx2 Glut_6,0919 PB Evx2 Glut_6,222 PB Evx2 Glut,23 P Glut,Glut,2,5.9736724,5.9736724,1.0
4268,4049 PB Evx2 Glut_4,0917 PB Evx2 Glut_4,222 PB Evx2 Glut,23 P Glut,Glut,2,6.7059393,6.7059393,1.0
4272,4050 PB Evx2 Glut_4,0917 PB Evx2 Glut_4,222 PB Evx2 Glut,23 P Glut,Glut,12,1.629743,0.0,0.25
4273,4066 PB Evx2 Glut_6,0919 PB Evx2 Glut_6,222 PB Evx2 Glut,23 P Glut,Glut,5,5.1274557,6.2928257,0.8
4274,4067 PB Evx2 Glut_6,0919 PB Evx2 Glut_6,222 PB Evx2 Glut,23 P Glut,Glut,10,5.382496,6.26028,0.8
4275,4068 PB Evx2 Glut_6,0919 PB Evx2 Glut_6,222 PB Evx2 Glut,23 P Glut,Glut,7,2.794966,0.0,0.42857142857142855
4276,4032 PB Evx2 Glut_2,0915 PB Evx2 Glut_2,222 PB Evx2 Glut,23 P Glut,Glut,1,0.0,0.0,0.0
4278,4052 PB Evx2 Glut_4,0917 PB Evx2 Glut_4,222 PB Evx2 Glut,23 P Glut,Glut,2,0.0,0.0,0.0
4281,4069 PB Evx2 Glut_6,0919 PB Evx2 Glut_6,222 PB Evx2 Glut,23 P Glut,Glut,8,0.6546225,0.0,0.125
4286,4071 PB Evx2 Glut_6,0919 PB Evx2 Glut_6,222 PB Evx2 Glut,23 P Glut,Glut,4,3.6706119,3.1913943,0.5
4287,4082 PB Evx2 Glut_8,0921 PB Evx2 Glut_8,222 PB Evx2 Glut,23 P Glut,Glut,1,7.0795817,7.0795817,1.0
4289,3972 PB Pax5 Glut_2,0905 PB Pax5 Glut_2,220 PB Pax5 Glut,23 P Glut,Glut,7,3.931442,4.7628407,0.7142857142857143
4293,3967 PB Pax5 Glut_1,0904 PB Pax5 Glut_1,220 PB Pax5 Glut,23 P Glut,Glut,2,5.5462484,5.5462484,1.0
4294,3973 PB Pax5 Glut_2,0905 PB Pax5 Glut_2,220 PB Pax5 Glut,23 P Glut,Glut,1,7.682694,7.682694,1.0
4298,3971 PB Pax5 Glut_1,0904 PB Pax5 Glut_1,220 PB Pax5 Glut,23 P Glut,Glut,3,4.65348,6.9617996,0.6666666666666666
4299,4159 PB-NTS Phox2b Ebf3 Lmx1b Glut_1,0943 PB-NTS Phox2b Ebf3 Lmx1b Glut_1,229 PB-NTS Phox2b Ebf3 Lmx1b Glut,23 P Glut,Glut,7,4.693732,6.2814612,0.7142857142857143
4300,4154 PB-NTS Phox2b Ebf3 Lmx1b Glut_1,0943 PB-NTS Phox2b Ebf3 Lmx1b Glut_1,229 PB-NTS Phox2b Ebf3 Lmx1b Glut,23 P Glut,Glut,1,0.0,0.0,0.0
4301,4168 PB-NTS Phox2b Ebf3 Lmx1b Glut_2,0944 PB-NTS Phox2b Ebf3 Lmx1b Glut_2,229 PB-NTS Phox2b Ebf3 Lmx1b Glut,23 P Glut,Glut,39,4.4685764,5.5822163,0.7435897435897436
4302,4169 PB-NTS Phox2b Ebf3 Lmx1b Glut_2,0944 PB-NTS Phox2b Ebf3 Lmx1b Glut_2,229 PB-NTS Phox2b Ebf3 Lmx1b Glut,23 P Glut,Glut,30,4.7781653,5.5802364,0.8
4303,4164 PB-NTS Phox2b Ebf3 Lmx1b Glut_2,0944 PB-NTS Phox2b Ebf3 Lmx1b Glut_2,229 PB-NTS Phox2b Ebf3 Lmx1b Glut,23 P Glut,Glut,39,4.7890816,5.874227,0.7435897435897436
4306,4157 PB-NTS Phox2b Ebf3 Lmx1b Glut_1,0943 PB-NTS Phox2b Ebf3 Lmx1b Glut_1,229 PB-NTS Phox2b Ebf3 Lmx1b Glut,23 P Glut,Glut,2,3.3076859,3.3076859,0.5
4307,4158 PB-NTS Phox2b Ebf3 Lmx1b Glut_1,0943 PB-NTS Phox2b Ebf3 Lmx1b Glut_1,229 PB-NTS Phox2b Ebf3 Lmx1b Glut,23 P Glut,Glut,3,6.024971,6.313426,1.0
4308,4160 PB-NTS Phox2b Ebf3 Lmx1b Glut_1,0943 PB-NTS Phox2b Ebf3 Lmx1b Glut_1,229 PB-NTS Phox2b Ebf3 Lmx1b Glut,23 P Glut,Glut,5,4.9731913,5.8577676,0.8
4309,4161 PB-NTS Phox2b Ebf3 Lmx1b Glut_1,0943 PB-NTS Phox2b Ebf3 Lmx1b Glut_1,229 PB-NTS Phox2b Ebf3 Lmx1b Glut,23 P Glut,Glut,6,5.8566346,6.9865913,0.8333333333333334
4310,4162 PB-NTS Phox2b Ebf3 Lmx1b Glut_1,0943 PB-NTS Phox2b Ebf3 Lmx1b Glut_1,229 PB-NTS Phox2b Ebf3 Lmx1b Glut,23 P Glut,Glut,1,5.1709285,5.1709285,1.0
4311,4165 PB-NTS Phox2b Ebf3 Lmx1b Glut_2,0944 PB-NTS Phox2b Ebf3 Lmx1b Glut_2,229 PB-NTS Phox2b Ebf3 Lmx1b Glut,23 P Glut,Glut,56,5.1823297,5.8878675,0.8392857142857143
4312,4166 PB-NTS Phox2b Ebf3 Lmx1b Glut_2,0944 PB-NTS Phox2b Ebf3 Lmx1b Glut_2,229 PB-NTS Phox2b Ebf3 Lmx1b Glut,23 P Glut,Glut,34,4.414982,6.10534,0.6764705882352942
4313,4475 MV-SPIV Phox2b Ebf3 Lbx1 Glut_1,0992 MV-SPIV Phox2b Ebf3 Lbx1 Glut_1,247 MV-SPIV Phox2b Ebf3 Lbx1 Glut,24 MY Glut,Glut,10,3.857928,5.759664,0.6
4314,4170 PB-NTS Phox2b Ebf3 Lmx1b Glut_2,0944 PB-NTS Phox2b Ebf3 Lmx1b Glut_2,229 PB-NTS Phox2b Ebf3 Lmx1b Glut,23 P Glut,Glut,137,4.912942,6.015415,0.781021897810219
4315,4479 MV-SPIV Phox2b Ebf3 Lbx1 Glut_1,0992 MV-SPIV Phox2b Ebf3 Lbx1 Glut_1,247 MV-SPIV Phox2b Ebf3 Lbx1 Glut,24 MY Glut,Glut,35,5.618373,6.3531356,0.8571428571428571
4316,4480 MV-SPIV Phox2b Ebf3 Lbx1 Glut_1,0992 MV-SPIV Phox2b Ebf3 Lbx1 Glut_1,247 MV-SPIV Phox2b Ebf3 Lbx1 Glut,24 MY Glut,Glut,66,5.606225,6.253979,0.8787878787878788
4317,4481 MV-SPIV Phox2b Ebf3 Lbx1 Glut_1,0992 MV-SPIV Phox2b Ebf3 Lbx1 Glut_1,247 MV-SPIV Phox2b Ebf3 Lbx1 Glut,24 MY Glut,Glut,47,5.433911,6.761632,0.7872340425531915
4318,4488 MV-SPIV Phox2b Ebf3 Lbx1 Glut_4,0995 MV-SPIV Phox2b Ebf3 Lbx1 Glut_4,247 MV-SPIV Phox2b Ebf3 Lbx1 Glut,24 MY Glut,Glut,46,5.146259,6.2930775,0.8043478260869565
4319,4476 MV-SPIV Phox2b Ebf3 Lbx1 Glut_1,0992 MV-SPIV Phox2b Ebf3 Lbx1 Glut_1,247 MV-SPIV Phox2b Ebf3 Lbx1 Glut,24 MY Glut,Glut,52,5.280778,6.1723833,0.8269230769230769
4320,4487 MV-SPIV Phox2b Ebf3 Lbx1 Glut_3,0994 MV-SPIV Phox2b Ebf3 Lbx1 Glut_3,247 MV-SPIV Phox2b Ebf3 Lbx1 Glut,24 MY Glut,Glut,66,4.4409595,5.439977,0.7272727272727273
4321,4477 MV-SPIV Phox2b Ebf3 Lbx1 Glut_1,0992 MV-SPIV Phox2b Ebf3 Lbx1 Glut_1,247 MV-SPIV Phox2b Ebf3 Lbx1 Glut,24 MY Glut,Glut,97,5.1564236,5.762105,0.8350515463917526
4322,4478 MV-SPIV Phox2b Ebf3 Lbx1 Glut_1,0992 MV-SPIV Phox2b Ebf3 Lbx1 Glut_1,247 MV-SPIV Phox2b Ebf3 Lbx1 Glut,24 MY Glut,Glut,38,4.9554505,5.9846587,0.7894736842105263
4323,4482 MV-SPIV Phox2b Ebf3 Lbx1 Glut_1,0992 MV-SPIV Phox2b Ebf3 Lbx1 Glut_1,247 MV-SPIV Phox2b Ebf3 Lbx1 Glut,24 MY Glut,Glut,54,5.9535575,6.569192,0.8888888888888888
4324,4483 MV-SPIV Phox2b Ebf3 Lbx1 Glut_1,0992 MV-SPIV Phox2b Ebf3 Lbx1 Glut_1,247 MV-SPIV Phox2b Ebf3 Lbx1 Glut,24 MY Glut,Glut,67,4.953734,6.0858326,0.7910447761194029
4325,4167 PB-NTS Phox2b Ebf3 Lmx1b Glut_2,0944 PB-NTS Phox2b Ebf3 Lmx1b Glut_2,229 PB-NTS Phox2b Ebf3 Lmx1b Glut,23 P Glut,Glut,33,4.137595,5.6536007,0.6666666666666666
4326,4484 MV-SPIV Phox2b Ebf3 Lbx1 Glut_1,0992 MV-SPIV Phox2b Ebf3 Lbx1 Glut_1,247 MV-SPIV Phox2b Ebf3 Lbx1 Glut,24 MY Glut,Glut,33,5.1498256,5.8420596,0.8484848484848485
4327,4489 MV-SPIV Phox2b Ebf3 Lbx1 Glut_5,0996 MV-SPIV Phox2b Ebf3 Lbx1 Glut_5,247 MV-SPIV Phox2b Ebf3 Lbx1 Glut,24 MY Glut,Glut,46,3.4698637,5.1174192,0.5869565217391305
4328,4569 SPVC Mafa Glut_1,1018 SPVC Mafa Glut_1,256 SPVC Mafa Glut,24 MY Glut,Glut,52,2.3825316,0.0,0.36538461538461536
4329,4570 SPVC Mafa Glut_1,1018 SPVC Mafa Glut_1,256 SPVC Mafa Glut,24 MY Glut,Glut,86,3.1829705,2.5119998,0.5
4330,4577 SPVC Mafa Glut_2,1019 SPVC Mafa Glut_2,256 SPVC Mafa Glut,24 MY Glut,Glut,379,3.318655,5.098553,0.5329815303430079
4331,4578 SPVC Ccdc172 Glut_1,1020 SPVC Ccdc172 Glut_1,257 SPVC Ccdc172 Glut,24 MY Glut,Glut,30,4.7647214,6.369199,0.7
4332,4584 SPVC Ccdc172 Glut_1,1020 SPVC Ccdc172 Glut_1,257 SPVC Ccdc172 Glut,24 MY Glut,Glut,64,5.8093925,6.615645,0.84375
4333,4579 SPVC Ccdc172 Glut_1,1020 SPVC Ccdc172 Glut_1,257 SPVC Ccdc172 Glut,24 MY Glut,Glut,169,4.8262544,6.4373016,0.6863905325443787
4334,4580 SPVC Ccdc172 Glut_1,1020 SPVC Ccdc172 Glut_1,257 SPVC Ccdc172 Glut,24 MY Glut,Glut,64,5.3103604,6.7528024,0.734375
4335,4586 SPVC Ccdc172 Glut_1,1020 SPVC Ccdc172 Glut_1,257 SPVC Ccdc172 Glut,24 MY Glut,Glut,69,6.8455276,7.3100123,0.927536231884058
4336,4585 SPVC Ccdc172 Glut_1,1020 SPVC Ccdc172 Glut_1,257 SPVC Ccdc172 Glut,24 MY Glut,Glut,87,6.631322,6.9480047,0.9310344827586207
4337,4581 SPVC Ccdc172 Glut_1,1020 SPVC Ccdc172 Glut_1,257 SPVC Ccdc172 Glut,24 MY Glut,Glut,22,5.5361943,6.157037,0.8636363636363636
4338,4582 SPVC Ccdc172 Glut_1,1020 SPVC Ccdc172 Glut_1,257 SPVC Ccdc172 Glut,24 MY Glut,Glut,61,3.7251503,5.310947,0.6065573770491803
4339,4583 SPVC Ccdc172 Glut_1,1020 SPVC Ccdc172 Glut_1,257 SPVC Ccdc172 Glut,24 MY Glut,Glut,26,5.027541,5.8959217,0.7692307692307693
4340,4571 SPVC Mafa Glut_1,1018 SPVC Mafa Glut_1,256 SPVC Mafa Glut,24 MY Glut,Glut,78,4.239165,5.660247,0.6794871794871795
4341,4574 SPVC Mafa Glut_2,1019 SPVC Mafa Glut_2,256 SPVC Mafa Glut,24 MY Glut,Glut,44,5.3546166,5.888373,0.8863636363636364
4342,4575 SPVC Mafa Glut_2,1019 SPVC Mafa Glut_2,256 SPVC Mafa Glut,24 MY Glut,Glut,2501,4.411155,5.7655797,0.6965213914434226
4343,4576 SPVC Mafa Glut_2,1019 SPVC Mafa Glut_2,256 SPVC Mafa Glut,24 MY Glut,Glut,65,5.2214093,6.173111,0.8153846153846154
4344,4572 SPVC Mafa Glut_1,1018 SPVC Mafa Glut_1,256 SPVC Mafa Glut,24 MY Glut,Glut,46,4.2158475,5.3106174,0.6956521739130435
4345,4573 SPVC Mafa Glut_1,1018 SPVC Mafa Glut_1,256 SPVC Mafa Glut,24 MY Glut,Glut,137,3.8280332,5.554662,0.6058394160583942
4346,4592 SPVC Nmu Glut_2,1022 SPVC Nmu Glut_2,258 SPVC Nmu Glut,24 MY Glut,Glut,40,5.0428534,5.6561484,0.8
4347,5092 NTS-PARN Neurod2 Gly-Gaba_3,1132 NTS-PARN Neurod2 Gly-Gaba_3,304 NTS-PARN Neurod2 Gly-Gaba,27 MY GABA,GABA-Glyc,5,3.576838,4.1837234,0.8
4349,5084 NTS-PARN Neurod2 Gly-Gaba_2,1131 NTS-PARN Neurod2 Gly-Gaba_2,304 NTS-PARN Neurod2 Gly-Gaba,27 MY GABA,GABA-Glyc,90,4.206787,5.475438,0.7222222222222222
4350,5085 NTS-PARN Neurod2 Gly-Gaba_2,1131 NTS-PARN Neurod2 Gly-Gaba_2,304 NTS-PARN Neurod2 Gly-Gaba,27 MY GABA,GABA-Glyc,38,4.4501634,5.562637,0.7368421052631579
4351,5093 NTS-PARN Neurod2 Gly-Gaba_3,1132 NTS-PARN Neurod2 Gly-Gaba_3,304 NTS-PARN Neurod2 Gly-Gaba,27 MY GABA,GABA-Glyc,132,4.439649,5.586229,0.7272727272727273
4352,5094 NTS-PARN Neurod2 Gly-Gaba_3,1132 NTS-PARN Neurod2 Gly-Gaba_3,304 NTS-PARN Neurod2 Gly-Gaba,27 MY GABA,GABA-Glyc,111,5.0387745,5.9135313,0.8378378378378378
4353,5095 NTS-PARN Neurod2 Gly-Gaba_3,1132 NTS-PARN Neurod2 Gly-Gaba_3,304 NTS-PARN Neurod2 Gly-Gaba,27 MY GABA,GABA-Glyc,199,3.9450183,5.3799725,0.6532663316582915
4354,5096 NTS-PARN Neurod2 Gly-Gaba_3,1132 NTS-PARN Neurod2 Gly-Gaba_3,304 NTS-PARN Neurod2 Gly-Gaba,27 MY GABA,GABA-Glyc,89,4.4796877,5.6614366,0.7191011235955056
4355,5100 NTS-PARN Neurod2 Gly-Gaba_4,1133 NTS-PARN Neurod2 Gly-Gaba_4,304 NTS-PARN Neurod2 Gly-Gaba,27 MY GABA,GABA-Glyc,144,4.142891,5.423951,0.6736111111111112
4356,5108 NTS-PARN Neurod2 Gly-Gaba_5,1134 NTS-PARN Neurod2 Gly-Gaba_5,304 NTS-PARN Neurod2 Gly-Gaba,27 MY GABA,GABA-Glyc,228,4.0962257,5.5712495,0.6535087719298246
4357,5101 NTS-PARN Neurod2 Gly-Gaba_4,1133 NTS-PARN Neurod2 Gly-Gaba_4,304 NTS-PARN Neurod2 Gly-Gaba,27 MY GABA,GABA-Glyc,84,4.4031625,5.288332,0.7738095238095238
4358,5102 NTS-PARN Neurod2 Gly-Gaba_4,1133 NTS-PARN Neurod2 Gly-Gaba_4,304 NTS-PARN Neurod2 Gly-Gaba,27 MY GABA,GABA-Glyc,199,3.8976781,5.415977,0.6231155778894473
4359,5109 NTS-PARN Neurod2 Gly-Gaba_5,1134 NTS-PARN Neurod2 Gly-Gaba_5,304 NTS-PARN Neurod2 Gly-Gaba,27 MY GABA,GABA-Glyc,135,3.6959267,5.308446,0.5925925925925926
4360,5103 NTS-PARN Neurod2 Gly-Gaba_4,1133 NTS-PARN Neurod2 Gly-Gaba_4,304 NTS-PARN Neurod2 Gly-Gaba,27 MY GABA,GABA-Glyc,134,4.5264025,5.7859306,0.7164179104477612
4361,5086 NTS-PARN Neurod2 Gly-Gaba_2,1131 NTS-PARN Neurod2 Gly-Gaba_2,304 NTS-PARN Neurod2 Gly-Gaba,27 MY GABA,GABA-Glyc,25,5.1270843,5.5890803,0.88
4362,5104 NTS-PARN Neurod2 Gly-Gaba_4,1133 NTS-PARN Neurod2 Gly-Gaba_4,304 NTS-PARN Neurod2 Gly-Gaba,27 MY GABA,GABA-Glyc,381,3.958779,5.383066,0.6482939632545932
4363,5105 NTS-PARN Neurod2 Gly-Gaba_4,1133 NTS-PARN Neurod2 Gly-Gaba_4,304 NTS-PARN Neurod2 Gly-Gaba,27 MY GABA,GABA-Glyc,122,3.2029405,4.7229366,0.5573770491803278
4364,5106 NTS-PARN Neurod2 Gly-Gaba_4,1133 NTS-PARN Neurod2 Gly-Gaba_4,304 NTS-PARN Neurod2 Gly-Gaba,27 MY GABA,GABA-Glyc,321,3.2701964,4.7828655,0.557632398753894
4365,5087 NTS-PARN Neurod2 Gly-Gaba_2,1131 NTS-PARN Neurod2 Gly-Gaba_2,304 NTS-PARN Neurod2 Gly-Gaba,27 MY GABA,GABA-Glyc,50,4.5619354,5.736303,0.74
4366,5088 NTS-PARN Neurod2 Gly-Gaba_2,1131 NTS-PARN Neurod2 Gly-Gaba_2,304 NTS-PARN Neurod2 Gly-Gaba,27 MY GABA,GABA-Glyc,17,4.761041,5.5973067,0.8235294117647058
4367,5114 NTS-PARN Neurod2 Gly-Gaba_6,1135 NTS-PARN Neurod2 Gly-Gaba_6,304 NTS-PARN Neurod2 Gly-Gaba,27 MY GABA,GABA-Glyc,79,3.7633226,5.235666,0.620253164556962
4368,5097 NTS-PARN Neurod2 Gly-Gaba_3,1132 NTS-PARN Neurod2 Gly-Gaba_3,304 NTS-PARN Neurod2 Gly-Gaba,27 MY GABA,GABA-Glyc,93,4.273103,5.503839,0.7096774193548387
4369,5098 NTS-PARN Neurod2 Gly-Gaba_3,1132 NTS-PARN Neurod2 Gly-Gaba_3,304 NTS-PARN Neurod2 Gly-Gaba,27 MY GABA,GABA-Glyc,50,4.503755,6.060442,0.7
4370,5115 NTS-PARN Neurod2 Gly-Gaba_6,1135 NTS-PARN Neurod2 Gly-Gaba_6,304 NTS-PARN Neurod2 Gly-Gaba,27 MY GABA,GABA-Glyc,50,3.4525743,5.1844425,0.58
4371,5116 NTS-PARN Neurod2 Gly-Gaba_6,1135 NTS-PARN Neurod2 Gly-Gaba_6,304 NTS-PARN Neurod2 Gly-Gaba,27 MY GABA,GABA-Glyc,247,4.209871,5.547471,0.6842105263157895
4372,5117 NTS-PARN Neurod2 Gly-Gaba_6,1135 NTS-PARN Neurod2 Gly-Gaba_6,304 NTS-PARN Neurod2 Gly-Gaba,27 MY GABA,GABA-Glyc,113,3.2921033,4.7186666,0.5398230088495575
4373,5118 NTS-PARN Neurod2 Gly-Gaba_6,1135 NTS-PARN Neurod2 Gly-Gaba_6,304 NTS-PARN Neurod2 Gly-Gaba,27 MY GABA,GABA-Glyc,476,4.611463,5.787846,0.7352941176470589
4374,5119 NTS-PARN Neurod2 Gly-Gaba_6,1135 NTS-PARN Neurod2 Gly-Gaba_6,304 NTS-PARN Neurod2 Gly-Gaba,27 MY GABA,GABA-Glyc,228,4.596472,5.5839195,0.7631578947368421
4375,5099 NTS-PARN Neurod2 Gly-Gaba_3,1132 NTS-PARN Neurod2 Gly-Gaba_3,304 NTS-PARN Neurod2 Gly-Gaba,27 MY GABA,GABA-Glyc,38,3.685298,5.3567433,0.6052631578947368
4376,5089 NTS-PARN Neurod2 Gly-Gaba_2,1131 NTS-PARN Neurod2 Gly-Gaba_2,304 NTS-PARN Neurod2 Gly-Gaba,27 MY GABA,GABA-Glyc,96,4.5022006,5.4130588,0.7604166666666666
4377,5090 NTS-PARN Neurod2 Gly-Gaba_2,1131 NTS-PARN Neurod2 Gly-Gaba_2,304 NTS-PARN Neurod2 Gly-Gaba,27 MY GABA,GABA-Glyc,145,4.1976867,5.345891,0.7034482758620689
4378,5091 NTS-PARN Neurod2 Gly-Gaba_2,1131 NTS-PARN Neurod2 Gly-Gaba_2,304 NTS-PARN Neurod2 Gly-Gaba,27 MY GABA,GABA-Glyc,164,4.6356044,5.604574,0.7682926829268293
4379,5072 NTS-PARN Neurod2 Gly-Gaba_1,1130 NTS-PARN Neurod2 Gly-Gaba_1,304 NTS-PARN Neurod2 Gly-Gaba,27 MY GABA,GABA-Glyc,92,3.4661405,5.260439,0.5652173913043478
4380,5110 NTS-PARN Neurod2 Gly-Gaba_5,1134 NTS-PARN Neurod2 Gly-Gaba_5,304 NTS-PARN Neurod2 Gly-Gaba,27 MY GABA,GABA-Glyc,33,3.602722,4.934831,0.6363636363636364
4381,5111 NTS-PARN Neurod2 Gly-Gaba_5,1134 NTS-PARN Neurod2 Gly-Gaba_5,304 NTS-PARN Neurod2 Gly-Gaba,27 MY GABA,GABA-Glyc,179,2.9447412,0.0,0.49162011173184356
4382,5112 NTS-PARN Neurod2 Gly-Gaba_5,1134 NTS-PARN Neurod2 Gly-Gaba_5,304 NTS-PARN Neurod2 Gly-Gaba,27 MY GABA,GABA-Glyc,166,3.7186787,5.3233976,0.6144578313253012
4383,5073 NTS-PARN Neurod2 Gly-Gaba_1,1130 NTS-PARN Neurod2 Gly-Gaba_1,304 NTS-PARN Neurod2 Gly-Gaba,27 MY GABA,GABA-Glyc,164,3.5454392,4.9783773,0.5853658536585366
4384,5113 NTS-PARN Neurod2 Gly-Gaba_5,1134 NTS-PARN Neurod2 Gly-Gaba_5,304 NTS-PARN Neurod2 Gly-Gaba,27 MY GABA,GABA-Glyc,36,2.252349,0.0,0.3888888888888889
4385,5074 NTS-PARN Neurod2 Gly-Gaba_1,1130 NTS-PARN Neurod2 Gly-Gaba_1,304 NTS-PARN Neurod2 Gly-Gaba,27 MY GABA,GABA-Glyc,151,2.9571595,0.0,0.4966887417218543
4386,5075 NTS-PARN Neurod2 Gly-Gaba_1,1130 NTS-PARN Neurod2 Gly-Gaba_1,304 NTS-PARN Neurod2 Gly-Gaba,27 MY GABA,GABA-Glyc,52,2.1414952,0.0,0.34615384615384615
4387,5076 NTS-PARN Neurod2 Gly-Gaba_1,1130 NTS-PARN Neurod2 Gly-Gaba_1,304 NTS-PARN Neurod2 Gly-Gaba,27 MY GABA,GABA-Glyc,129,3.3747911,4.8844604,0.5426356589147286
4388,5077 NTS-PARN Neurod2 Gly-Gaba_1,1130 NTS-PARN Neurod2 Gly-Gaba_1,304 NTS-PARN Neurod2 Gly-Gaba,27 MY GABA,GABA-Glyc,87,3.220837,4.6146836,0.5287356321839081
4389,5078 NTS-PARN Neurod2 Gly-Gaba_1,1130 NTS-PARN Neurod2 Gly-Gaba_1,304 NTS-PARN Neurod2 Gly-Gaba,27 MY GABA,GABA-Glyc,97,2.2486541,0.0,0.36082474226804123
4390,5079 NTS-PARN Neurod2 Gly-Gaba_1,1130 NTS-PARN Neurod2 Gly-Gaba_1,304 NTS-PARN Neurod2 Gly-Gaba,27 MY GABA,GABA,212,2.9276857,0.0,0.4811320754716981
4391,5080 NTS-PARN Neurod2 Gly-Gaba_1,1130 NTS-PARN Neurod2 Gly-Gaba_1,304 NTS-PARN Neurod2 Gly-Gaba,27 MY GABA,GABA-Glyc,49,2.6051428,0.0,0.46938775510204084
4392,5081 NTS-PARN Neurod2 Gly-Gaba_1,1130 NTS-PARN Neurod2 Gly-Gaba_1,304 NTS-PARN Neurod2 Gly-Gaba,27 MY GABA,GABA-Glyc,138,3.662899,5.0783243,0.6159420289855072
4393,5107 NTS-PARN Neurod2 Gly-Gaba_4,1133 NTS-PARN Neurod2 Gly-Gaba_4,304 NTS-PARN Neurod2 Gly-Gaba,27 MY GABA,GABA-Glyc,234,3.501209,5.220083,0.5641025641025641
4394,5082 NTS-PARN Neurod2 Gly-Gaba_1,1130 NTS-PARN Neurod2 Gly-Gaba_1,304 NTS-PARN Neurod2 Gly-Gaba,27 MY GABA,GABA-Glyc,47,2.7955487,0.0,0.46808510638297873
4395,5083 NTS-PARN Neurod2 Gly-Gaba_1,1130 NTS-PARN Neurod2 Gly-Gaba_1,304 NTS-PARN Neurod2 Gly-Gaba,27 MY GABA,GABA-Glyc,53,4.7189474,5.5606513,0.7547169811320755
4396,5068 IRN Dmbx1 Pax2 Gly-Gaba_1,1129 IRN Dmbx1 Pax2 Gly-Gaba_1,303 IRN Dmbx1 Pax2 Gly-Gaba,27 MY GABA,GABA-Glyc,98,4.616147,5.6539693,0.7653061224489796
4397,5028 PARN-MDRNd-NTS Gbx2 Gly-Gaba_2,1121 PARN-MDRNd-NTS Gbx2 Gly-Gaba_2,300 PARN-MDRNd-NTS Gbx2 Gly-Gaba,27 MY GABA,GABA-Glyc,52,4.08274,4.9782825,0.7307692307692307
4398,5069 IRN Dmbx1 Pax2 Gly-Gaba_1,1129 IRN Dmbx1 Pax2 Gly-Gaba_1,303 IRN Dmbx1 Pax2 Gly-Gaba,27 MY GABA,GABA-Glyc,39,2.9029644,4.1948686,0.5641025641025641
4399,5070 IRN Dmbx1 Pax2 Gly-Gaba_1,1129 IRN Dmbx1 Pax2 Gly-Gaba_1,303 IRN Dmbx1 Pax2 Gly-Gaba,27 MY GABA,GABA-Glyc,144,4.7685685,5.500577,0.8263888888888888
4400,5038 PARN-MDRNd-NTS Gbx2 Gly-Gaba_3,1122 PARN-MDRNd-NTS Gbx2 Gly-Gaba_3,300 PARN-MDRNd-NTS Gbx2 Gly-Gaba,27 MY GABA,GABA-Glyc,66,3.180945,4.85507,0.5303030303030303
4401,5047 PARN-MDRNd-NTS Gbx2 Gly-Gaba_4,1123 PARN-MDRNd-NTS Gbx2 Gly-Gaba_4,300 PARN-MDRNd-NTS Gbx2 Gly-Gaba,27 MY GABA,GABA-Glyc,20,5.440571,5.7997355,0.95
4402,5048 PARN-MDRNd-NTS Gbx2 Gly-Gaba_4,1123 PARN-MDRNd-NTS Gbx2 Gly-Gaba_4,300 PARN-MDRNd-NTS Gbx2 Gly-Gaba,27 MY GABA,GABA-Glyc,137,4.443853,5.403609,0.7591240875912408
4403,4912 MY Lhx1 Gly-Gaba_5,1093 MY Lhx1 Gly-Gaba_5,285 MY Lhx1 Gly-Gaba,27 MY GABA,GABA-Glyc,30,4.5786853,5.688952,0.7333333333333333
4404,5049 PARN-MDRNd-NTS Gbx2 Gly-Gaba_4,1123 PARN-MDRNd-NTS Gbx2 Gly-Gaba_4,300 PARN-MDRNd-NTS Gbx2 Gly-Gaba,27 MY GABA,GABA-Glyc,216,3.998112,5.210848,0.6851851851851852
4405,5052 PARN-MDRNd-NTS Gbx2 Gly-Gaba_5,1124 PARN-MDRNd-NTS Gbx2 Gly-Gaba_5,300 PARN-MDRNd-NTS Gbx2 Gly-Gaba,27 MY GABA,GABA-Glyc,57,3.755408,4.817385,0.6666666666666666
4406,5053 PARN-MDRNd-NTS Gbx2 Gly-Gaba_5,1124 PARN-MDRNd-NTS Gbx2 Gly-Gaba_5,300 PARN-MDRNd-NTS Gbx2 Gly-Gaba,27 MY GABA,GABA-Glyc,47,3.9956,5.403638,0.6595744680851063
4407,5050 PARN-MDRNd-NTS Gbx2 Gly-Gaba_4,1123 PARN-MDRNd-NTS Gbx2 Gly-Gaba_4,300 PARN-MDRNd-NTS Gbx2 Gly-Gaba,27 MY GABA,GABA-Glyc,113,4.2991643,5.40994,0.7345132743362832
4408,5018 PARN-MDRNd-NTS Gbx2 Gly-Gaba_1,1120 PARN-MDRNd-NTS Gbx2 Gly-Gaba_1,300 PARN-MDRNd-NTS Gbx2 Gly-Gaba,27 MY GABA,GABA-Glyc,26,3.5748303,4.8393316,0.6153846153846154
4409,5029 PARN-MDRNd-NTS Gbx2 Gly-Gaba_2,1121 PARN-MDRNd-NTS Gbx2 Gly-Gaba_2,300 PARN-MDRNd-NTS Gbx2 Gly-Gaba,27 MY GABA,GABA-Glyc,110,4.9648514,5.891555,0.8181818181818182
4410,5039 PARN-MDRNd-NTS Gbx2 Gly-Gaba_3,1122 PARN-MDRNd-NTS Gbx2 Gly-Gaba_3,300 PARN-MDRNd-NTS Gbx2 Gly-Gaba,27 MY GABA,GABA-Glyc,92,2.9266312,0.0,0.4782608695652174
4411,5030 PARN-MDRNd-NTS Gbx2 Gly-Gaba_2,1121 PARN-MDRNd-NTS Gbx2 Gly-Gaba_2,300 PARN-MDRNd-NTS Gbx2 Gly-Gaba,27 MY GABA,GABA-Glyc,74,3.3705459,4.7998095,0.581081081081081
4412,5031 PARN-MDRNd-NTS Gbx2 Gly-Gaba_2,1121 PARN-MDRNd-NTS Gbx2 Gly-Gaba_2,300 PARN-MDRNd-NTS Gbx2 Gly-Gaba,27 MY GABA,GABA-Glyc,104,3.8155174,5.2162304,0.6442307692307693
4413,5062 PARN-MDRNd-NTS Gbx2 Gly-Gaba_7,1126 PARN-MDRNd-NTS Gbx2 Gly-Gaba_7,300 PARN-MDRNd-NTS Gbx2 Gly-Gaba,27 MY GABA,GABA-Glyc,80,3.6296654,5.193633,0.575
4414,5057 PARN-MDRNd-NTS Gbx2 Gly-Gaba_6,1125 PARN-MDRNd-NTS Gbx2 Gly-Gaba_6,300 PARN-MDRNd-NTS Gbx2 Gly-Gaba,27 MY GABA,GABA-Glyc,60,4.1491475,5.896287,0.65
4415,5058 PARN-MDRNd-NTS Gbx2 Gly-Gaba_6,1125 PARN-MDRNd-NTS Gbx2 Gly-Gaba_6,300 PARN-MDRNd-NTS Gbx2 Gly-Gaba,27 MY GABA,GABA-Glyc,141,3.7875812,5.146293,0.6382978723404256
4416,5027 PARN-MDRNd-NTS Gbx2 Gly-Gaba_2,1121 PARN-MDRNd-NTS Gbx2 Gly-Gaba_2,300 PARN-MDRNd-NTS Gbx2 Gly-Gaba,27 MY GABA,GABA-Glyc,13,4.8931656,6.3537874,0.7692307692307693
4417,5032 PARN-MDRNd-NTS Gbx2 Gly-Gaba_2,1121 PARN-MDRNd-NTS Gbx2 Gly-Gaba_2,300 PARN-MDRNd-NTS Gbx2 Gly-Gaba,27 MY GABA,GABA-Glyc,38,4.89347,5.650861,0.8157894736842105
4418,5071 IRN Dmbx1 Pax2 Gly-Gaba_1,1129 IRN Dmbx1 Pax2 Gly-Gaba_1,303 IRN Dmbx1 Pax2 Gly-Gaba,27 MY GABA,GABA-Glyc,35,4.4539266,5.8824277,0.7428571428571429
4419,5033 PARN-MDRNd-NTS Gbx2 Gly-Gaba_2,1121 PARN-MDRNd-NTS Gbx2 Gly-Gaba_2,300 PARN-MDRNd-NTS Gbx2 Gly-Gaba,27 MY GABA,GABA-Glyc,77,4.3315263,5.412457,0.7402597402597403
4420,5034 PARN-MDRNd-NTS Gbx2 Gly-Gaba_2,1121 PARN-MDRNd-NTS Gbx2 Gly-Gaba_2,300 PARN-MDRNd-NTS Gbx2 Gly-Gaba,27 MY GABA,GABA-Glyc,118,4.8650193,5.701168,0.7966101694915254
4421,5035 PARN-MDRNd-NTS Gbx2 Gly-Gaba_2,1121 PARN-MDRNd-NTS Gbx2 Gly-Gaba_2,300 PARN-MDRNd-NTS Gbx2 Gly-Gaba,27 MY GABA,GABA-Glyc,140,4.2189817,5.6502676,0.6785714285714286
4422,5036 PARN-MDRNd-NTS Gbx2 Gly-Gaba_2,1121 PARN-MDRNd-NTS Gbx2 Gly-Gaba_2,300 PARN-MDRNd-NTS Gbx2 Gly-Gaba,27 MY GABA,GABA-Glyc,75,4.8958755,5.833457,0.8
4423,5059 PARN-MDRNd-NTS Gbx2 Gly-Gaba_6,1125 PARN-MDRNd-NTS Gbx2 Gly-Gaba_6,300 PARN-MDRNd-NTS Gbx2 Gly-Gaba,27 MY GABA,GABA-Glyc,127,4.173421,5.5344152,0.6771653543307087
4424,5060 PARN-MDRNd-NTS Gbx2 Gly-Gaba_6,1125 PARN-MDRNd-NTS Gbx2 Gly-Gaba_6,300 PARN-MDRNd-NTS Gbx2 Gly-Gaba,27 MY GABA,GABA-Glyc,165,3.9323168,5.379801,0.6363636363636364
4425,5019 PARN-MDRNd-NTS Gbx2 Gly-Gaba_1,1120 PARN-MDRNd-NTS Gbx2 Gly-Gaba_1,300 PARN-MDRNd-NTS Gbx2 Gly-Gaba,27 MY GABA,GABA-Glyc,20,5.4469805,5.4673023,0.95
4426,5020 PARN-MDRNd-NTS Gbx2 Gly-Gaba_1,1120 PARN-MDRNd-NTS Gbx2 Gly-Gaba_1,300 PARN-MDRNd-NTS Gbx2 Gly-Gaba,27 MY GABA,GABA-Glyc,42,4.2778816,5.589016,0.7142857142857143
4427,5061 PARN-MDRNd-NTS Gbx2 Gly-Gaba_6,1125 PARN-MDRNd-NTS Gbx2 Gly-Gaba_6,300 PARN-MDRNd-NTS Gbx2 Gly-Gaba,27 MY GABA,GABA-Glyc,40,3.6601512,4.8466325,0.65
4428,5021 PARN-MDRNd-NTS Gbx2 Gly-Gaba_1,1120 PARN-MDRNd-NTS Gbx2 Gly-Gaba_1,300 PARN-MDRNd-NTS Gbx2 Gly-Gaba,27 MY GABA,GABA-Glyc,57,3.9473789,5.1235185,0.6666666666666666
4429,5022 PARN-MDRNd-NTS Gbx2 Gly-Gaba_1,1120 PARN-MDRNd-NTS Gbx2 Gly-Gaba_1,300 PARN-MDRNd-NTS Gbx2 Gly-Gaba,27 MY GABA,GABA-Glyc,18,4.242282,5.5219793,0.7222222222222222
4430,5023 PARN-MDRNd-NTS Gbx2 Gly-Gaba_1,1120 PARN-MDRNd-NTS Gbx2 Gly-Gaba_1,300 PARN-MDRNd-NTS Gbx2 Gly-Gaba,27 MY GABA,GABA-Glyc,35,3.9735808,5.2850437,0.6857142857142857
4431,5024 PARN-MDRNd-NTS Gbx2 Gly-Gaba_1,1120 PARN-MDRNd-NTS Gbx2 Gly-Gaba_1,300 PARN-MDRNd-NTS Gbx2 Gly-Gaba,27 MY GABA,GABA-Glyc,31,5.4164987,5.767358,0.9032258064516129
4432,5025 PARN-MDRNd-NTS Gbx2 Gly-Gaba_1,1120 PARN-MDRNd-NTS Gbx2 Gly-Gaba_1,300 PARN-MDRNd-NTS Gbx2 Gly-Gaba,27 MY GABA,GABA-Glyc,35,4.2832394,5.355021,0.7142857142857143
4433,5063 PARN-MDRNd-NTS Gbx2 Gly-Gaba_7,1126 PARN-MDRNd-NTS Gbx2 Gly-Gaba_7,300 PARN-MDRNd-NTS Gbx2 Gly-Gaba,27 MY GABA,GABA-Glyc,128,3.6226687,5.229372,0.6015625
4434,5064 PARN-MDRNd-NTS Gbx2 Gly-Gaba_7,1126 PARN-MDRNd-NTS Gbx2 Gly-Gaba_7,300 PARN-MDRNd-NTS Gbx2 Gly-Gaba,27 MY GABA,GABA-Glyc,377,2.854966,0.0,0.4827586206896552
4435,5065 PARN-MDRNd-NTS Gbx2 Gly-Gaba_7,1126 PARN-MDRNd-NTS Gbx2 Gly-Gaba_7,300 PARN-MDRNd-NTS Gbx2 Gly-Gaba,27 MY GABA,GABA-Glyc,153,3.7805448,5.4688497,0.6078431372549019
4436,5040 PARN-MDRNd-NTS Gbx2 Gly-Gaba_3,1122 PARN-MDRNd-NTS Gbx2 Gly-Gaba_3,300 PARN-MDRNd-NTS Gbx2 Gly-Gaba,27 MY GABA,GABA-Glyc,174,3.5708125,4.9095125,0.6206896551724138
4437,5037 PARN-MDRNd-NTS Gbx2 Gly-Gaba_2,1121 PARN-MDRNd-NTS Gbx2 Gly-Gaba_2,300 PARN-MDRNd-NTS Gbx2 Gly-Gaba,27 MY GABA,GABA-Glyc,29,4.498147,5.510397,0.7586206896551724
4438,5041 PARN-MDRNd-NTS Gbx2 Gly-Gaba_3,1122 PARN-MDRNd-NTS Gbx2 Gly-Gaba_3,300 PARN-MDRNd-NTS Gbx2 Gly-Gaba,27 MY GABA,GABA-Glyc,74,3.7250857,4.907633,0.6351351351351351
4439,5042 PARN-MDRNd-NTS Gbx2 Gly-Gaba_3,1122 PARN-MDRNd-NTS Gbx2 Gly-Gaba_3,300 PARN-MDRNd-NTS Gbx2 Gly-Gaba,27 MY GABA,GABA-Glyc,97,3.7842574,5.1355762,0.6494845360824743
4440,5043 PARN-MDRNd-NTS Gbx2 Gly-Gaba_3,1122 PARN-MDRNd-NTS Gbx2 Gly-Gaba_3,300 PARN-MDRNd-NTS Gbx2 Gly-Gaba,27 MY GABA,GABA-Glyc,55,3.9406264,5.0235147,0.6909090909090909
4441,5044 PARN-MDRNd-NTS Gbx2 Gly-Gaba_3,1122 PARN-MDRNd-NTS Gbx2 Gly-Gaba_3,300 PARN-MDRNd-NTS Gbx2 Gly-Gaba,27 MY GABA,GABA-Glyc,136,3.638214,4.9537153,0.625
4442,5045 PARN-MDRNd-NTS Gbx2 Gly-Gaba_3,1122 PARN-MDRNd-NTS Gbx2 Gly-Gaba_3,300 PARN-MDRNd-NTS Gbx2 Gly-Gaba,27 MY GABA,GABA-Glyc,39,4.710088,5.586364,0.8461538461538461
4443,5051 PARN-MDRNd-NTS Gbx2 Gly-Gaba_4,1123 PARN-MDRNd-NTS Gbx2 Gly-Gaba_4,300 PARN-MDRNd-NTS Gbx2 Gly-Gaba,27 MY GABA,GABA-Glyc,23,4.0411787,5.8586974,0.6521739130434783
4444,5046 PARN-MDRNd-NTS Gbx2 Gly-Gaba_4,1123 PARN-MDRNd-NTS Gbx2 Gly-Gaba_4,300 PARN-MDRNd-NTS Gbx2 Gly-Gaba,27 MY GABA,GABA-Glyc,13,4.0804973,5.7843857,0.6923076923076923
4445,5054 PARN-MDRNd-NTS Gbx2 Gly-Gaba_5,1124 PARN-MDRNd-NTS Gbx2 Gly-Gaba_5,300 PARN-MDRNd-NTS Gbx2 Gly-Gaba,27 MY GABA,GABA-Glyc,64,3.5653894,5.2001266,0.609375
4446,5055 PARN-MDRNd-NTS Gbx2 Gly-Gaba_5,1124 PARN-MDRNd-NTS Gbx2 Gly-Gaba_5,300 PARN-MDRNd-NTS Gbx2 Gly-Gaba,27 MY GABA,GABA-Glyc,43,3.0210934,4.688666,0.5116279069767442
4447,5056 PARN-MDRNd-NTS Gbx2 Gly-Gaba_5,1124 PARN-MDRNd-NTS Gbx2 Gly-Gaba_5,300 PARN-MDRNd-NTS Gbx2 Gly-Gaba,27 MY GABA,GABA-Glyc,28,3.406336,5.0628767,0.6071428571428571
4448,5152 SPVI-SPVC Sall3 Lhx1 Gly-Gaba_2,1139 SPVI-SPVC Sall3 Lhx1 Gly-Gaba_2,306 SPVI-SPVC Sall3 Lhx1 Gly-Gaba,27 MY GABA,GABA-Glyc,99,4.1481824,5.4262958,0.6868686868686869
4449,5153 SPVI-SPVC Sall3 Lhx1 Gly-Gaba_2,1139 SPVI-SPVC Sall3 Lhx1 Gly-Gaba_2,306 SPVI-SPVC Sall3 Lhx1 Gly-Gaba,27 MY GABA,GABA-Glyc,72,3.5427356,4.937924,0.6111111111111112
4450,5154 SPVI-SPVC Sall3 Lhx1 Gly-Gaba_2,1139 SPVI-SPVC Sall3 Lhx1 Gly-Gaba_2,306 SPVI-SPVC Sall3 Lhx1 Gly-Gaba,27 MY GABA,GABA-Glyc,124,3.5999665,5.1903563,0.5967741935483871
4451,5155 SPVI-SPVC Sall3 Lhx1 Gly-Gaba_2,1139 SPVI-SPVC Sall3 Lhx1 Gly-Gaba_2,306 SPVI-SPVC Sall3 Lhx1 Gly-Gaba,27 MY GABA,GABA-Glyc,50,2.1525354,0.0,0.36
4452,5162 SPVI-SPVC Sall3 Lhx1 Gly-Gaba_2,1139 SPVI-SPVC Sall3 Lhx1 Gly-Gaba_2,306 SPVI-SPVC Sall3 Lhx1 Gly-Gaba,27 MY GABA,GABA-Glyc,26,3.988267,4.8379183,0.7307692307692307
4453,5156 SPVI-SPVC Sall3 Lhx1 Gly-Gaba_2,1139 SPVI-SPVC Sall3 Lhx1 Gly-Gaba_2,306 SPVI-SPVC Sall3 Lhx1 Gly-Gaba,27 MY GABA,GABA-Glyc,88,3.6011655,4.9449153,0.6022727272727273
4454,5144 SPVI-SPVC Sall3 Lhx1 Gly-Gaba_1,1138 SPVI-SPVC Sall3 Lhx1 Gly-Gaba_1,306 SPVI-SPVC Sall3 Lhx1 Gly-Gaba,27 MY GABA,GABA-Glyc,104,2.9990077,4.516779,0.5480769230769231
4455,5145 SPVI-SPVC Sall3 Lhx1 Gly-Gaba_1,1138 SPVI-SPVC Sall3 Lhx1 Gly-Gaba_1,306 SPVI-SPVC Sall3 Lhx1 Gly-Gaba,27 MY GABA,GABA-Glyc,49,2.6206913,0.0,0.46938775510204084
4456,5146 SPVI-SPVC Sall3 Lhx1 Gly-Gaba_1,1138 SPVI-SPVC Sall3 Lhx1 Gly-Gaba_1,306 SPVI-SPVC Sall3 Lhx1 Gly-Gaba,27 MY GABA,GABA,159,3.510583,4.9936056,0.5911949685534591
4457,5147 SPVI-SPVC Sall3 Lhx1 Gly-Gaba_1,1138 SPVI-SPVC Sall3 Lhx1 Gly-Gaba_1,306 SPVI-SPVC Sall3 Lhx1 Gly-Gaba,27 MY GABA,GABA,82,3.8416662,5.1710835,0.6707317073170732
4458,5157 SPVI-SPVC Sall3 Lhx1 Gly-Gaba_2,1139 SPVI-SPVC Sall3 Lhx1 Gly-Gaba_2,306 SPVI-SPVC Sall3 Lhx1 Gly-Gaba,27 MY GABA,GABA-Glyc,69,2.3595595,0.0,0.42028985507246375
4459,5158 SPVI-SPVC Sall3 Lhx1 Gly-Gaba_2,1139 SPVI-SPVC Sall3 Lhx1 Gly-Gaba_2,306 SPVI-SPVC Sall3 Lhx1 Gly-Gaba,27 MY GABA,GABA,150,2.157292,0.0,0.36
4460,5159 SPVI-SPVC Sall3 Lhx1 Gly-Gaba_2,1139 SPVI-SPVC Sall3 Lhx1 Gly-Gaba_2,306 SPVI-SPVC Sall3 Lhx1 Gly-Gaba,27 MY GABA,GABA-Glyc,64,3.061299,4.701168,0.515625
4461,5160 SPVI-SPVC Sall3 Lhx1 Gly-Gaba_2,1139 SPVI-SPVC Sall3 Lhx1 Gly-Gaba_2,306 SPVI-SPVC Sall3 Lhx1 Gly-Gaba,27 MY GABA,GABA-Glyc,61,2.7319329,0.0,0.47540983606557374
4462,5148 SPVI-SPVC Sall3 Lhx1 Gly-Gaba_1,1138 SPVI-SPVC Sall3 Lhx1 Gly-Gaba_1,306 SPVI-SPVC Sall3 Lhx1 Gly-Gaba,27 MY GABA,GABA-Glyc,147,3.881322,5.0838647,0.673469387755102
4463,5163 SPVI-SPVC Sall3 Lhx1 Gly-Gaba_2,1139 SPVI-SPVC Sall3 Lhx1 Gly-Gaba_2,306 SPVI-SPVC Sall3 Lhx1 Gly-Gaba,27 MY GABA,GABA-Glyc,86,3.4752743,4.769109,0.6162790697674418
4464,5142 SPVI-SPVC Sall3 Nfib Gly-Gaba_2,1137 SPVI-SPVC Sall3 Nfib Gly-Gaba_2,305 SPVI-SPVC Sall3 Nfib Gly-Gaba,27 MY GABA,GABA-Glyc,39,4.014317,4.989902,0.6923076923076923
4465,5143 SPVI-SPVC Sall3 Nfib Gly-Gaba_2,1137 SPVI-SPVC Sall3 Nfib Gly-Gaba_2,305 SPVI-SPVC Sall3 Nfib Gly-Gaba,27 MY GABA,GABA-Glyc,48,3.644634,5.0019646,0.6458333333333334
4466,5149 SPVI-SPVC Sall3 Lhx1 Gly-Gaba_1,1138 SPVI-SPVC Sall3 Lhx1 Gly-Gaba_1,306 SPVI-SPVC Sall3 Lhx1 Gly-Gaba,27 MY GABA,GABA-Glyc,208,3.909904,5.0747023,0.6682692307692307
4467,5150 SPVI-SPVC Sall3 Lhx1 Gly-Gaba_1,1138 SPVI-SPVC Sall3 Lhx1 Gly-Gaba_1,306 SPVI-SPVC Sall3 Lhx1 Gly-Gaba,27 MY GABA,GABA-Glyc,146,3.3015337,4.9077716,0.5616438356164384
4468,5151 SPVI-SPVC Sall3 Lhx1 Gly-Gaba_1,1138 SPVI-SPVC Sall3 Lhx1 Gly-Gaba_1,306 SPVI-SPVC Sall3 Lhx1 Gly-Gaba,27 MY GABA,GABA-Glyc,110,3.51018,4.9463625,0.5818181818181818
4469,5161 SPVI-SPVC Sall3 Lhx1 Gly-Gaba_2,1139 SPVI-SPVC Sall3 Lhx1 Gly-Gaba_2,306 SPVI-SPVC Sall3 Lhx1 Gly-Gaba,27 MY GABA,GABA-Glyc,108,2.7330854,0.0,0.48148148148148145
4478,4197 MEV Ppp1r1c Glut_1,0952 MEV Ppp1r1c Glut_1,234 MEV Ppp1r1c Glut,19 MB Glut,Glut,4,4.4985657,5.821049,0.75
4536,3057 PAG-MRN Tfap2b Glut_1,0733 PAG-MRN Tfap2b Glut_1,170 PAG-MRN Tfap2b Glut,19 MB Glut,Glut,1,6.7017264,6.7017264,1.0
4538,3059 PAG-MRN Tfap2b Glut_1,0733 PAG-MRN Tfap2b Glut_1,170 PAG-MRN Tfap2b Glut,19 MB Glut,Glut,1,5.0069094,5.0069094,1.0
4554,3024 PAG-SC Pou4f1 Zic1 Glut_2,0731 PAG-SC Pou4f1 Zic1 Glut_2,169 PAG-SC Pou4f1 Zic1 Glut,19 MB Glut,Glut,1,0.0,0.0,0.0
4558,3311 IC Tfap2d Maf Glut_4,0773 IC Tfap2d Maf Glut_4,181 IC Tfap2d Maf Glut,19 MB Glut,Glut,1,0.0,0.0,0.0
4703,2908 PRC-PAG Tcf7l2 Irx2 Glut_2,0714 PRC-PAG Tcf7l2 Irx2 Glut_2,167 PRC-PAG Tcf7l2 Irx2 Glut,19 MB Glut,Glut,1,0.0,0.0,0.0
4819,3963 PB-SUT Tlx3 Lhx2 Glut_1,0903 PB-SUT Tlx3 Lhx2 Glut_1,219 PB-SUT Tlx3 Lhx2 Glut,23 P Glut,Glut,4,4.782095,6.133911,0.75
4820,2791 PAG-SC Neurod2 Meis2 Glut_4,0693 PAG-SC Neurod2 Meis2 Glut_4,160 PAG-SC Neurod2 Meis2 Glut,19 MB Glut,Glut,1,0.0,0.0,0.0
4827,2787 PAG-SC Neurod2 Meis2 Glut_2,0691 PAG-SC Neurod2 Meis2 Glut_2,160 PAG-SC Neurod2 Meis2 Glut,19 MB Glut,Glut,1,0.0,0.0,0.0
4832,2789 PAG-SC Neurod2 Meis2 Glut_2,0691 PAG-SC Neurod2 Meis2 Glut_2,160 PAG-SC Neurod2 Meis2 Glut,19 MB Glut,Glut,2,3.7095792,3.7095792,0.5
4833,2870 PAG-MRN Pou3f1 Glut_4,0707 PAG-MRN Pou3f1 Glut_4,165 PAG-MRN Pou3f1 Glut,19 MB Glut,Glut,2,2.5959346,2.5959346,0.5
4834,2741 PRC-PAG Pax6 Glut_3,0678 PRC-PAG Pax6 Glut_3,155 PRC-PAG Pax6 Glut,19 MB Glut,Glut,1,5.8776245,5.8776245,1.0
4861,2937 SPA-SPFm-SPFp-POL-PIL-PoT Sp9 Glut_1,0718 SPA-SPFm-SPFp-POL-PIL-PoT Sp9 Glut_1,168 SPA-SPFm-SPFp-POL-PIL-PoT Sp9 Glut,19 MB Glut,Glut,1,6.7711606,6.7711606,1.0
5001,3266 SCiw Pitx2 Glut_1,0767 SCiw Pitx2 Glut_1,180 SCiw Pitx2 Glut,19 MB Glut,Glut,3,5.958568,5.8142157,1.0
5002,3267 SCiw Pitx2 Glut_1,0767 SCiw Pitx2 Glut_1,180 SCiw Pitx2 Glut,19 MB Glut,Glut,3,4.0009556,5.755758,0.6666666666666666
5004,3269 SCiw Pitx2 Glut_1,0767 SCiw Pitx2 Glut_1,180 SCiw Pitx2 Glut,19 MB Glut,Glut,1,6.30854,6.30854,1.0
5007,3272 SCiw Pitx2 Glut_1,0767 SCiw Pitx2 Glut_1,180 SCiw Pitx2 Glut,19 MB Glut,Glut,8,5.0646677,6.3626614,0.75
5150,5197 CB Granule Glut_1,1154 CB Granule Glut_1,314 CB Granule Glut,29 CB Glut,Glut,14068,7.0240617,8.071594,0.8516491327836224
5151,5198 CB Granule Glut_1,1154 CB Granule Glut_1,314 CB Granule Glut,29 CB Glut,Glut,2175,4.838455,6.9547386,0.6289655172413793
5152,5199 CB Granule Glut_1,1154 CB Granule Glut_1,314 CB Granule Glut,29 CB Glut,Glut,893,6.817564,7.9495306,0.8365061590145577
5153,5202 DCO UBC Glut_1,1156 DCO UBC Glut_1,315 DCO UBC Glut,29 CB Glut,Glut,3495,3.7482765,5.9177427,0.5284692417739628
5154,5203 DCO UBC Glut_1,1156 DCO UBC Glut_1,315 DCO UBC Glut,29 CB Glut,Glut,101,5.3818293,7.0867686,0.7029702970297029
5155,5204 DCO UBC Glut_1,1156 DCO UBC Glut_1,315 DCO UBC Glut,29 CB Glut,Glut,2506,4.6372976,6.472554,0.6444533120510774
5156,5205 DCO UBC Glut_1,1156 DCO UBC Glut_1,315 DCO UBC Glut,29 CB Glut,Glut,292,5.091787,6.4124117,0.7431506849315068
5157,5200 CB Granule Glut_2,1155 CB Granule Glut_2,314 CB Granule Glut,29 CB Glut,Glut,39,4.781901,6.988055,0.5897435897435898
5158,5201 CB Granule Glut_2,1155 CB Granule Glut_2,314 CB Granule Glut,29 CB Glut,Glut,484,4.3567224,7.0128164,0.5475206611570248
5203,5269 OPC NN_1,1179 OPC NN_1,326 OPC NN,31 OPC-Oligo,,8409,5.774703,7.2657886,0.754191937210132
5204,5271 OPC NN_2,1180 OPC NN_2,326 OPC NN,31 OPC-Oligo,,33,5.778525,7.7429466,0.7272727272727273
5206,5267 OPC NN_1,1179 OPC NN_1,326 OPC NN,31 OPC-Oligo,,25,6.498155,7.093742,0.88
5207,5270 OPC NN_1,1179 OPC NN_1,326 OPC NN,31 OPC-Oligo,,178,6.4014063,7.363063,0.8539325842696629
5208,5268 OPC NN_1,1179 OPC NN_1,326 OPC NN,31 OPC-Oligo,,38,4.9568505,7.058955,0.6578947368421053
5211,5272 COP NN_1,1181 COP NN_1,327 Oligo NN,31 OPC-Oligo,,744,4.1635466,6.0568357,0.6008064516129032
5212,5273 COP NN_1,1181 COP NN_1,327 Oligo NN,31 OPC-Oligo,,313,4.389461,5.828028,0.670926517571885
5213,5274 COP NN_1,1181 COP NN_1,327 Oligo NN,31 OPC-Oligo,,11,2.5733619,0.0,0.36363636363636365
5214,5275 COP NN_1,1181 COP NN_1,327 Oligo NN,31 OPC-Oligo,,111,4.0478635,5.7819347,0.6216216216216216
5215,5276 COP NN_1,1181 COP NN_1,327 Oligo NN,31 OPC-Oligo,,50,4.436985,6.1018786,0.68
5218,5279 NFOL NN_2,1182 NFOL NN_2,327 Oligo NN,31 OPC-Oligo,,46,5.431075,5.968418,0.8695652173913043
5220,5280 NFOL NN_2,1182 NFOL NN_2,327 Oligo NN,31 OPC-Oligo,,71,5.3867345,6.1459403,0.8450704225352113
5222,5281 NFOL NN_2,1182 NFOL NN_2,327 Oligo NN,31 OPC-Oligo,,46,6.7559257,7.0597267,0.9782608695652174
5230,5284 MOL NN_4,1184 MOL NN_4,327 Oligo NN,31 OPC-Oligo,,27312,7.519314,8.00247,0.9413810779144698
5231,5285 MOL NN_4,1184 MOL NN_4,327 Oligo NN,31 OPC-Oligo,,38667,8.102249,8.673013,0.937388470789045
5232,5286 MOL NN_4,1184 MOL NN_4,327 Oligo NN,31 OPC-Oligo,,2250,6.1695657,6.76672,0.9071111111111111
5233,5287 MOL NN_4,1184 MOL NN_4,327 Oligo NN,31 OPC-Oligo,,230,7.8634453,8.459772,0.9347826086956522
5234,5282 MFOL NN_3,1183 MFOL NN_3,327 Oligo NN,31 OPC-Oligo,,543,7.8926826,8.132554,0.9797421731123389
5236,5283 MFOL NN_3,1183 MFOL NN_3,327 Oligo NN,31 OPC-Oligo,,41,6.5941997,7.3482265,0.9024390243902439
5237,5288 MOL NN_4,1184 MOL NN_4,327 Oligo NN,31 OPC-Oligo,,20,8.249067,8.342237,1.0
5239,5289 OEC NN_1,1185 OEC NN_1,328 OEC NN,32 OEC,,1,7.6704183,7.6704183,1.0
5243,5304 Peri NN_1,1191 Peri NN_1,331 Peri NN,33 Vascular,,2180,2.9538145,0.0,0.3688073394495413
5244,5306 SMC NN_1,1192 SMC NN_1,332 SMC NN,33 Vascular,,450,3.565714,0.0,0.4622222222222222
5248,5305 Peri NN_1,1191 Peri NN_1,331 Peri NN,33 Vascular,,12,4.0213,3.7781796,0.5
5249,5307 SMC NN_1,1192 SMC NN_1,332 SMC NN,33 Vascular,,653,5.1291695,6.968007,0.6707503828483921
5250,5308 SMC NN_1,1192 SMC NN_1,332 SMC NN,33 Vascular,,17,4.9860115,6.511667,0.7058823529411765
5252,5309 Endo NN_1,1193 Endo NN_1,333 Endo NN,33 Vascular,,515,4.27677,6.2731204,0.5902912621359223
5254,5310 Endo NN_1,1193 Endo NN_1,333 Endo NN,33 Vascular,,4363,3.3379374,0.0,0.4256245702498281
5255,5311 Endo NN_1,1193 Endo NN_1,333 Endo NN,33 Vascular,,2339,5.033993,6.848743,0.6784950833689611
5256,5293 ABC NN_1,1186 ABC NN_1,329 ABC NN,33 Vascular,,1,0.0,0.0,0.0
5257,5294 ABC NN_1,1186 ABC NN_1,329 ABC NN,33 Vascular,,3,5.7725525,5.263821,1.0
5258,5295 ABC NN_1,1186 ABC NN_1,329 ABC NN,33 Vascular,,1,5.299512,5.299512,1.0
5259,5296 VLMC NN_1,1187 VLMC NN_1,330 VLMC NN,33 Vascular,,6,4.5446515,5.9534254,0.6666666666666666
5260,5297 VLMC NN_1,1187 VLMC NN_1,330 VLMC NN,33 Vascular,,1,0.0,0.0,0.0
5261,5301 VLMC NN_2,1188 VLMC NN_2,330 VLMC NN,33 Vascular,,505,3.1491272,0.0,0.4178217821782178
5262,5300 VLMC NN_2,1188 VLMC NN_2,330 VLMC NN,33 Vascular,,53,3.678644,0.0,0.49056603773584906
5263,5298 VLMC NN_1,1187 VLMC NN_1,330 VLMC NN,33 Vascular,,31,3.0082197,0.0,0.41935483870967744
5264,5302 VLMC NN_3,1189 VLMC NN_3,330 VLMC NN,33 Vascular,,39,3.679211,6.0881653,0.5128205128205128
5265,5303 VLMC NN_4,1190 VLMC NN_4,330 VLMC NN,33 Vascular,,4,2.0313425,0.0,0.25
5266,5299 VLMC NN_1,1187 VLMC NN_1,330 VLMC NN,33 Vascular,,26,2.7973523,0.0,0.38461538461538464
5267,5313 BAM NN_1,1195 BAM NN_1,335 BAM NN,34 Immune,,170,4.107048,6.4776998,0.5470588235294118
5268,5314 BAM NN_1,1195 BAM NN_1,335 BAM NN,34 Immune,,102,4.2079997,6.3174396,0.5686274509803921
5272,5320 ILC NN_2,1199 ILC NN_2,338 Lymphoid NN,34 Immune,,8,3.0444262,0.0,0.375
5273,5322 T cells NN_4,1201 T cells NN_4,338 Lymphoid NN,34 Immune,,13,0.7232679,0.0,0.07692307692307693
5274,5321 NK cells NN_3,1200 NK cells NN_3,338 Lymphoid NN,34 Immune,,14,0.0,0.0,0.0
5275,5319 B cells NN_1,1198 B cells NN_1,338 Lymphoid NN,34 Immune,,3,0.0,0.0,0.0
5276,5315 Monocytes NN_1,1196 Monocytes NN_1,336 Monocytes NN,34 Immune,,2,4.184467,4.184467,0.5
5278,5317 DC NN_1,1197 DC NN_1,337 DC NN,34 Immune,,13,4.8039618,6.2744436,0.6923076923076923
5279,5318 DC NN_1,1197 DC NN_1,337 DC NN,34 Immune,,7,5.0968785,6.353826,0.7142857142857143
5283,5312 Microglia NN_1,1194 Microglia NN_1,334 Microglia NN,34 Immune,,3159,4.149501,6.6435747,0.5390946502057613
5402,4315 PGRN-PARN-MDRN Hoxb5 Glut_1,0973 PGRN-PARN-MDRN Hoxb5 Glut_1,243 PGRN-PARN-MDRN Hoxb5 Glut,24 MY Glut,Glut,62,4.810529,5.7565627,0.8064516129032258
8161,4558 VCO Mafa Meis2 Glut_1,1013 VCO Mafa Meis2 Glut_1,254 VCO Mafa Meis2 Glut,24 MY Glut,Glut,16,5.6922507,6.0089474,0.9375
8163,4559 VCO Mafa Meis2 Glut_1,1013 VCO Mafa Meis2 Glut_1,254 VCO Mafa Meis2 Glut,24 MY Glut,Glut,2,5.2161484,5.2161484,1.0
8164,4560 VCO Mafa Meis2 Glut_1,1013 VCO Mafa Meis2 Glut_1,254 VCO Mafa Meis2 Glut,24 MY Glut,Glut,3,4.4704695,6.074416,0.6666666666666666
8166,4561 VCO Mafa Meis2 Glut_2,1014 VCO Mafa Meis2 Glut_2,254 VCO Mafa Meis2 Glut,24 MY Glut,Glut,16,5.2498994,5.6380253,0.875
8172,4562 VCO Mafa Meis2 Glut_3,1015 VCO Mafa Meis2 Glut_3,254 VCO Mafa Meis2 Glut,24 MY Glut,Glut,17,4.536413,5.7908397,0.7647058823529411
8173,4563 VCO Mafa Meis2 Glut_3,1015 VCO Mafa Meis2 Glut_3,254 VCO Mafa Meis2 Glut,24 MY Glut,Glut,59,5.5985203,6.4764414,0.8813559322033898
8175,4564 VCO Mafa Meis2 Glut_3,1015 VCO Mafa Meis2 Glut_3,254 VCO Mafa Meis2 Glut,24 MY Glut,Glut,1,7.0254254,7.0254254,1.0
8176,4565 VCO Mafa Meis2 Glut_3,1015 VCO Mafa Meis2 Glut_3,254 VCO Mafa Meis2 Glut,24 MY Glut,Glut,13,7.0754843,7.2785006,1.0
8178,4566 VCO Mafa Meis2 Glut_4,1016 VCO Mafa Meis2 Glut_4,254 VCO Mafa Meis2 Glut,24 MY Glut,Glut,1,6.2572703,6.2572703,1.0
8798,4806 NLL Gata3 Gly-Gaba_3,1076 NLL Gata3 Gly-Gaba_3,278 NLL Gata3 Gly-Gaba,26 P GABA,GABA-Glyc,5,3.0358007,3.601558,0.6
8861,4804 NLL Gata3 Gly-Gaba_1,1074 NLL Gata3 Gly-Gaba_1,278 NLL Gata3 Gly-Gaba,26 P GABA,GABA-Glyc,1,7.2036138,7.2036138,1.0
8956,4603 HB Calcb Chol_3,1027 HB Calcb Chol_3,261 HB Calcb Chol,24 MY Glut,Chol,3,0.0,0.0,0.0
8957,4604 HB Calcb Chol_4,1028 HB Calcb Chol_4,261 HB Calcb Chol,24 MY Glut,Chol,2,3.298447,3.298447,0.5
8958,4605 HB Calcb Chol_5,1029 HB Calcb Chol_5,261 HB Calcb Chol,24 MY Glut,Chol,6,0.0,0.0,0.0
9392,5194 CBX Purkinje Gaba_1,1152 CBX Purkinje Gaba_1,313 CBX Purkinje Gaba,28 CB GABA,GABA,2,2.368127,2.368127,0.5
14852,5239 Astroependymal NN_1,1169 Astroependymal NN_1,321 Astroependymal NN,30 Astro-Epen,,2,4.060289,4.060289,0.5
14862,5207 Astro-CB NN_1,1158 Astro-CB NN_1,317 Astro-CB NN,30 Astro-Epen,,2,3.4494016,3.4494016,0.5
14869,5208 Astro-NT NN_1,1159 Astro-NT NN_1,318 Astro-NT NN,30 Astro-Epen,,171,3.079239,0.0,0.4444444444444444
14873,5206 Bergmann NN_1,1157 Bergmann NN_1,316 Bergmann NN,30 Astro-Epen,,1,6.321654,6.321654,1.0
14876,5260 Ependymal NN_2,1176 Ependymal NN_2,323 Ependymal NN,30 Astro-Epen,,3,4.853206,6.3076205,0.6666666666666666
14877,5261 Ependymal NN_2,1176 Ependymal NN_2,323 Ependymal NN,30 Astro-Epen,,41,3.1288028,0.0,0.43902439024390244
14878,5251 Ependymal NN_1,1175 Ependymal NN_1,323 Ependymal NN,30 Astro-Epen,,6,5.75413,6.0437374,1.0
14879,5262 Ependymal NN_2,1176 Ependymal NN_2,323 Ependymal NN,30 Astro-Epen,,6,4.919943,6.617482,0.6666666666666666
14881,5255 Ependymal NN_1,1175 Ependymal NN_1,323 Ependymal NN,30 Astro-Epen,,10,4.86602,5.769488,0.8
14883,5263 Hypendymal NN_1,1177 Hypendymal NN_1,324 Hypendymal NN,30 Astro-Epen,,1,7.734704,7.734704,1.0
14884,5241 Astroependymal NN_3,1171 Astroependymal NN_3,321 Astroependymal NN,30 Astro-Epen,,48,3.3836563,0.0,0.4583333333333333
14885,5242 Astroependymal NN_3,1171 Astroependymal NN_3,321 Astroependymal NN,30 Astro-Epen,,10,2.2445354,0.0,0.3
14886,5240 Astroependymal NN_2,1170 Astroependymal NN_2,321 Astroependymal NN,30 Astro-Epen,,65,4.2095027,6.339394,0.5846153846153846
14956,5214 Astro-NT NN_2,1160 Astro-NT NN_2,318 Astro-NT NN,30 Astro-Epen,,3188,3.5796845,0.0,0.4808657465495609
14962,5215 Astro-NT NN_2,1160 Astro-NT NN_2,318 Astro-NT NN,30 Astro-Epen,,2,3.3431716,3.3431716,0.5
14965,5216 Astro-NT NN_2,1160 Astro-NT NN_2,318 Astro-NT NN,30 Astro-Epen,,10771,4.448067,6.580672,0.6031937610249745
14975,5217 Astro-NT NN_2,1160 Astro-NT NN_2,318 Astro-NT NN,30 Astro-Epen,,641,3.707673,0.0,0.48829953198127923
14977,5212 Astro-NT NN_1,1159 Astro-NT NN_1,318 Astro-NT NN,30 Astro-Epen,,59,2.6746206,0.0,0.3559322033898305
14979,5213 Astro-NT NN_1,1159 Astro-NT NN_1,318 Astro-NT NN,30 Astro-Epen,,15,5.7021747,6.7970777,0.8
14980,5209 Astro-NT NN_1,1159 Astro-NT NN_1,318 Astro-NT NN,30 Astro-Epen,,17,2.4224339,0.0,0.35294117647058826
14983,5210 Astro-NT NN_1,1159 Astro-NT NN_1,318 Astro-NT NN,30 Astro-Epen,,20,2.8545945,0.0,0.4
14984,5264 CHOR NN_1,1178 CHOR NN_1,325 CHOR NN,30 Astro-Epen,,159,3.7500744,5.1942906,0.6540880503144654
14986,5252 Ependymal NN_1,1175 Ependymal NN_1,323 Ependymal NN,30 Astro-Epen,,59,4.9484987,5.757511,0.8135593220338984
14987,5253 Ependymal NN_1,1175 Ependymal NN_1,323 Ependymal NN,30 Astro-Epen,,38,2.6129692,0.0,0.3684210526315789
14989,5254 Ependymal NN_1,1175 Ependymal NN_1,323 Ependymal NN,30 Astro-Epen,,22,3.8565588,5.804061,0.5909090909090909
14990,5256 Ependymal NN_1,1175 Ependymal NN_1,323 Ependymal NN,30 Astro-Epen,,34,3.2372143,0.0,0.47058823529411764
14991,5257 Ependymal NN_1,1175 Ependymal NN_1,323 Ependymal NN,30 Astro-Epen,,5,4.302644,6.5805364,0.6
14993,5258 Ependymal NN_1,1175 Ependymal NN_1,323 Ependymal NN,30 Astro-Epen,,1,0.0,0.0,0.0
14997,5259 Ependymal NN_1,1175 Ependymal NN_1,323 Ependymal NN,30 Astro-Epen,,20,2.8103745,0.0,0.4
15002,4235 NTS Phox2b Glut_1,0959 NTS Phox2b Glut_1,238 NTS Phox2b Glut,24 MY Glut,Glut,14,6.811409,7.017304,1.0
15016,4379 PGRN-PARN-MDRN Hoxb5 Glut_5,0977 PGRN-PARN-MDRN Hoxb5 Glut_5,243 PGRN-PARN-MDRN Hoxb5 Glut,24 MY Glut,Glut,17,5.5270243,6.088356,0.9411764705882353
15027,4404 PGRN-PARN-MDRN Hoxb5 Glut_7,0979 PGRN-PARN-MDRN Hoxb5 Glut_7,243 PGRN-PARN-MDRN Hoxb5 Glut,24 MY Glut,Glut,90,4.2493863,5.325094,0.7111111111111111
15032,4289 NTS Phox2b Glut_7,0965 NTS Phox2b Glut_7,238 NTS Phox2b Glut,24 MY Glut,Glut,15,4.379504,5.182671,0.8
15033,4395 PGRN-PARN-MDRN Hoxb5 Glut_6,0978 PGRN-PARN-MDRN Hoxb5 Glut_6,243 PGRN-PARN-MDRN Hoxb5 Glut,24 MY Glut,Glut,19,5.5267463,6.234097,0.8947368421052632
15053,4236 NTS Phox2b Glut_1,0959 NTS Phox2b Glut_1,238 NTS Phox2b Glut,24 MY Glut,Glut,43,4.3459487,5.5186944,0.7209302325581395
15055,4396 PGRN-PARN-MDRN Hoxb5 Glut_6,0978 PGRN-PARN-MDRN Hoxb5 Glut_6,243 PGRN-PARN-MDRN Hoxb5 Glut,24 MY Glut,Glut,4,2.857633,2.7833657,0.5
15057,4391 PGRN-PARN-MDRN Hoxb5 Glut_6,0978 PGRN-PARN-MDRN Hoxb5 Glut_6,243 PGRN-PARN-MDRN Hoxb5 Glut,24 MY Glut,Glut,8,4.518785,5.9207416,0.75
15059,4392 PGRN-PARN-MDRN Hoxb5 Glut_6,0978 PGRN-PARN-MDRN Hoxb5 Glut_6,243 PGRN-PARN-MDRN Hoxb5 Glut,24 MY Glut,Glut,15,5.1038394,6.2560306,0.8
15062,4399 PGRN-PARN-MDRN Hoxb5 Glut_7,0979 PGRN-PARN-MDRN Hoxb5 Glut_7,243 PGRN-PARN-MDRN Hoxb5 Glut,24 MY Glut,Glut,5,6.0798063,5.439279,1.0
15063,4400 PGRN-PARN-MDRN Hoxb5 Glut_7,0979 PGRN-PARN-MDRN Hoxb5 Glut_7,243 PGRN-PARN-MDRN Hoxb5 Glut,24 MY Glut,Glut-GABA,6,3.8241224,5.380419,0.6666666666666666
15064,4380 PGRN-PARN-MDRN Hoxb5 Glut_5,0977 PGRN-PARN-MDRN Hoxb5 Glut_5,243 PGRN-PARN-MDRN Hoxb5 Glut,24 MY Glut,Glut,26,5.315789,6.2716007,0.8461538461538461
15067,4401 PGRN-PARN-MDRN Hoxb5 Glut_7,0979 PGRN-PARN-MDRN Hoxb5 Glut_7,243 PGRN-PARN-MDRN Hoxb5 Glut,24 MY Glut,Glut,40,5.1651583,6.1661873,0.8
15068,4393 PGRN-PARN-MDRN Hoxb5 Glut_6,0978 PGRN-PARN-MDRN Hoxb5 Glut_6,243 PGRN-PARN-MDRN Hoxb5 Glut,24 MY Glut,Glut,19,5.6640635,5.854042,0.9473684210526315
15069,4394 PGRN-PARN-MDRN Hoxb5 Glut_6,0978 PGRN-PARN-MDRN Hoxb5 Glut_6,243 PGRN-PARN-MDRN Hoxb5 Glut,24 MY Glut,Glut,2,2.7214541,2.7214541,0.5
15072,4381 PGRN-PARN-MDRN Hoxb5 Glut_5,0977 PGRN-PARN-MDRN Hoxb5 Glut_5,243 PGRN-PARN-MDRN Hoxb5 Glut,24 MY Glut,Glut,30,5.557309,6.0056553,0.9
15073,4382 PGRN-PARN-MDRN Hoxb5 Glut_5,0977 PGRN-PARN-MDRN Hoxb5 Glut_5,243 PGRN-PARN-MDRN Hoxb5 Glut,24 MY Glut,Glut,15,5.57646,6.395242,0.8666666666666667
15074,4402 PGRN-PARN-MDRN Hoxb5 Glut_7,0979 PGRN-PARN-MDRN Hoxb5 Glut_7,243 PGRN-PARN-MDRN Hoxb5 Glut,24 MY Glut,Glut,58,5.4481907,6.079627,0.8793103448275862
15076,4405 PGRN-PARN-MDRN Hoxb5 Glut_7,0979 PGRN-PARN-MDRN Hoxb5 Glut_7,243 PGRN-PARN-MDRN Hoxb5 Glut,24 MY Glut,Glut,6,5.0176578,6.0815473,0.8333333333333334
15078,4403 PGRN-PARN-MDRN Hoxb5 Glut_7,0979 PGRN-PARN-MDRN Hoxb5 Glut_7,243 PGRN-PARN-MDRN Hoxb5 Glut,24 MY Glut,Glut,29,5.5832176,5.5784116,0.9655172413793104
15081,4383 PGRN-PARN-MDRN Hoxb5 Glut_5,0977 PGRN-PARN-MDRN Hoxb5 Glut_5,243 PGRN-PARN-MDRN Hoxb5 Glut,24 MY Glut,Glut,9,5.2209277,6.5766883,0.7777777777777778
24409,4329 PGRN-PARN-MDRN Hoxb5 Glut_1,0973 PGRN-PARN-MDRN Hoxb5 Glut_1,243 PGRN-PARN-MDRN Hoxb5 Glut,24 MY Glut,Glut,16,5.5381284,6.2664104,0.875
24410,4397 PGRN-PARN-MDRN Hoxb5 Glut_7,0979 PGRN-PARN-MDRN Hoxb5 Glut_7,243 PGRN-PARN-MDRN Hoxb5 Glut,24 MY Glut,Glut,18,4.5516586,5.7151823,0.7222222222222222
24411,4398 PGRN-PARN-MDRN Hoxb5 Glut_7,0979 PGRN-PARN-MDRN Hoxb5 Glut_7,243 PGRN-PARN-MDRN Hoxb5 Glut,24 MY Glut,Glut,50,5.1700554,5.7394567,0.88
24412,4386 PGRN-PARN-MDRN Hoxb5 Glut_6,0978 PGRN-PARN-MDRN Hoxb5 Glut_6,243 PGRN-PARN-MDRN Hoxb5 Glut,24 MY Glut,Glut,22,2.9016862,2.244988,0.5
24414,4347 PGRN-PARN-MDRN Hoxb5 Glut_2,0974 PGRN-PARN-MDRN Hoxb5 Glut_2,243 PGRN-PARN-MDRN Hoxb5 Glut,24 MY Glut,Glut-GABA,10,6.670532,6.969843,1.0
24420,4330 PGRN-PARN-MDRN Hoxb5 Glut_1,0973 PGRN-PARN-MDRN Hoxb5 Glut_1,243 PGRN-PARN-MDRN Hoxb5 Glut,24 MY Glut,Glut,24,6.2741756,6.1991167,1.0
24424,4333 PGRN-PARN-MDRN Hoxb5 Glut_1,0973 PGRN-PARN-MDRN Hoxb5 Glut_1,243 PGRN-PARN-MDRN Hoxb5 Glut,24 MY Glut,Glut,28,4.7487693,6.0986867,0.75
24426,4331 PGRN-PARN-MDRN Hoxb5 Glut_1,0973 PGRN-PARN-MDRN Hoxb5 Glut_1,243 PGRN-PARN-MDRN Hoxb5 Glut,24 MY Glut,Glut,69,4.705719,5.846701,0.7681159420289855
24428,4332 PGRN-PARN-MDRN Hoxb5 Glut_1,0973 PGRN-PARN-MDRN Hoxb5 Glut_1,243 PGRN-PARN-MDRN Hoxb5 Glut,24 MY Glut,Glut,14,5.0261087,6.020028,0.7857142857142857
24429,4328 PGRN-PARN-MDRN Hoxb5 Glut_1,0973 PGRN-PARN-MDRN Hoxb5 Glut_1,243 PGRN-PARN-MDRN Hoxb5 Glut,24 MY Glut,Glut,20,4.9040275,5.51503,0.85
24515,4370 PGRN-PARN-MDRN Hoxb5 Glut_4,0976 PGRN-PARN-MDRN Hoxb5 Glut_4,243 PGRN-PARN-MDRN Hoxb5 Glut,24 MY Glut,Glut,14,6.843099,7.210889,1.0
24521,4385 PGRN-PARN-MDRN Hoxb5 Glut_6,0978 PGRN-PARN-MDRN Hoxb5 Glut_6,243 PGRN-PARN-MDRN Hoxb5 Glut,24 MY Glut,Glut,19,5.9761686,6.2128477,0.9473684210526315
24522,4384 PGRN-PARN-MDRN Hoxb5 Glut_5,0977 PGRN-PARN-MDRN Hoxb5 Glut_5,243 PGRN-PARN-MDRN Hoxb5 Glut,24 MY Glut,Glut,24,5.348238,5.8594513,0.875
24523,4388 PGRN-PARN-MDRN Hoxb5 Glut_6,0978 PGRN-PARN-MDRN Hoxb5 Glut_6,243 PGRN-PARN-MDRN Hoxb5 Glut,24 MY Glut,Glut,42,5.4557815,6.5023847,0.8571428571428571
24525,4387 PGRN-PARN-MDRN Hoxb5 Glut_6,0978 PGRN-PARN-MDRN Hoxb5 Glut_6,243 PGRN-PARN-MDRN Hoxb5 Glut,24 MY Glut,Glut,16,6.23184,6.132327,1.0
24527,4092 B-PB Nr4a2 Glut_1,0923 B-PB Nr4a2 Glut_1,223 B-PB Nr4a2 Glut,23 P Glut,Glut,4,4.1165757,5.278206,0.75
24532,4093 B-PB Nr4a2 Glut_1,0923 B-PB Nr4a2 Glut_1,223 B-PB Nr4a2 Glut,23 P Glut,Glut,1,5.7065034,5.7065034,1.0
24534,4098 B-PB Nr4a2 Glut_1,0923 B-PB Nr4a2 Glut_1,223 B-PB Nr4a2 Glut,23 P Glut,Glut,11,5.115531,5.632518,0.9090909090909091
24535,4097 B-PB Nr4a2 Glut_1,0923 B-PB Nr4a2 Glut_1,223 B-PB Nr4a2 Glut,23 P Glut,Glut,2,6.8747716,6.8747716,1.0
24549,4138 PRNc-PARN Tlx1 Glut_1,0935 PRNc-PARN Tlx1 Glut_1,226 PRNc-PARN Tlx1 Glut,23 P Glut,Glut,15,4.358079,5.2363358,0.7333333333333333
24553,4136 PRNc-PARN Tlx1 Glut_1,0935 PRNc-PARN Tlx1 Glut_1,226 PRNc-PARN Tlx1 Glut,23 P Glut,Glut,10,2.8422039,2.3014657,0.5
24554,4137 PRNc-PARN Tlx1 Glut_1,0935 PRNc-PARN Tlx1 Glut_1,226 PRNc-PARN Tlx1 Glut,23 P Glut,Glut,28,4.621097,5.472541,0.7857142857142857
24555,4139 PRNc-PARN Tlx1 Glut_1,0935 PRNc-PARN Tlx1 Glut_1,226 PRNc-PARN Tlx1 Glut,23 P Glut,Glut,21,3.2614217,4.476695,0.5714285714285714
24580,4343 PGRN-PARN-MDRN Hoxb5 Glut_2,0974 PGRN-PARN-MDRN Hoxb5 Glut_2,243 PGRN-PARN-MDRN Hoxb5 Glut,24 MY Glut,Glut,25,4.7382674,5.4153605,0.84
24586,4342 PGRN-PARN-MDRN Hoxb5 Glut_2,0974 PGRN-PARN-MDRN Hoxb5 Glut_2,243 PGRN-PARN-MDRN Hoxb5 Glut,24 MY Glut,Glut,11,4.4350767,5.2408266,0.7272727272727273
24587,4346 PGRN-PARN-MDRN Hoxb5 Glut_2,0974 PGRN-PARN-MDRN Hoxb5 Glut_2,243 PGRN-PARN-MDRN Hoxb5 Glut,24 MY Glut,Glut,25,5.698391,6.399279,0.84
24588,4344 PGRN-PARN-MDRN Hoxb5 Glut_2,0974 PGRN-PARN-MDRN Hoxb5 Glut_2,243 PGRN-PARN-MDRN Hoxb5 Glut,24 MY Glut,Glut,16,6.1074543,6.443778,0.9375
24589,4345 PGRN-PARN-MDRN Hoxb5 Glut_2,0974 PGRN-PARN-MDRN Hoxb5 Glut_2,243 PGRN-PARN-MDRN Hoxb5 Glut,24 MY Glut,Glut,41,5.2206435,5.961962,0.8536585365853658
24593,4368 PGRN-PARN-MDRN Hoxb5 Glut_4,0976 PGRN-PARN-MDRN Hoxb5 Glut_4,243 PGRN-PARN-MDRN Hoxb5 Glut,24 MY Glut,Glut,91,6.855421,7.415551,0.9560439560439561
24595,4364 PGRN-PARN-MDRN Hoxb5 Glut_4,0976 PGRN-PARN-MDRN Hoxb5 Glut_4,243 PGRN-PARN-MDRN Hoxb5 Glut,24 MY Glut,Chol,15,5.6058865,6.420544,0.8666666666666667
24596,4365 PGRN-PARN-MDRN Hoxb5 Glut_4,0976 PGRN-PARN-MDRN Hoxb5 Glut_4,243 PGRN-PARN-MDRN Hoxb5 Glut,24 MY Glut,Chol,16,6.3569336,6.7487783,0.9375
24597,4367 PGRN-PARN-MDRN Hoxb5 Glut_4,0976 PGRN-PARN-MDRN Hoxb5 Glut_4,243 PGRN-PARN-MDRN Hoxb5 Glut,24 MY Glut,Glut,28,4.4568467,5.4784985,0.7142857142857143
24598,4366 PGRN-PARN-MDRN Hoxb5 Glut_4,0976 PGRN-PARN-MDRN Hoxb5 Glut_4,243 PGRN-PARN-MDRN Hoxb5 Glut,24 MY Glut,Glut,11,5.284446,6.2346606,0.8181818181818182
24635,4095 B-PB Nr4a2 Glut_1,0923 B-PB Nr4a2 Glut_1,223 B-PB Nr4a2 Glut,23 P Glut,Glut,9,5.099382,5.6677656,0.8888888888888888
24637,4096 B-PB Nr4a2 Glut_1,0923 B-PB Nr4a2 Glut_1,223 B-PB Nr4a2 Glut,23 P Glut,Glut,2,2.3879747,2.3879747,0.5
24655,4369 PGRN-PARN-MDRN Hoxb5 Glut_4,0976 PGRN-PARN-MDRN Hoxb5 Glut_4,243 PGRN-PARN-MDRN Hoxb5 Glut,24 MY Glut,Glut,13,7.186462,7.2493386,1.0
24676,4410 MV-SPIV Slc6a2 Glut_1,0980 MV-SPIV Slc6a2 Glut_1,244 MV-SPIV Slc6a2 Glut,24 MY Glut,Glut,37,4.665637,5.908411,0.7297297297297297
24678,4411 MV-SPIV Slc6a2 Glut_1,0980 MV-SPIV Slc6a2 Glut_1,244 MV-SPIV Slc6a2 Glut,24 MY Glut,Glut,37,4.809352,5.5828347,0.8648648648648649
24681,4017 LDT-PCG Vsx2 Lhx4 Glut_8,0913 LDT-PCG Vsx2 Lhx4 Glut_8,221 LDT-PCG Vsx2 Lhx4 Glut,23 P Glut,Glut,1,0.0,0.0,0.0
24686,4091 PB Evx2 Glut_9,0922 PB Evx2 Glut_9,222 PB Evx2 Glut,23 P Glut,Glut,1,6.5995245,6.5995245,1.0
24688,4153 PSV Pvalb Lhx2 Glut_4,0942 PSV Pvalb Lhx2 Glut_4,228 PSV Pvalb Lhx2 Glut,23 P Glut,Glut,6,2.1842618,0.0,0.3333333333333333
24689,4358 PGRN-PARN-MDRN Hoxb5 Glut_3,0975 PGRN-PARN-MDRN Hoxb5 Glut_3,243 PGRN-PARN-MDRN Hoxb5 Glut,24 MY Glut,Glut,33,5.3654656,5.9266562,0.8787878787878788
24690,4390 PGRN-PARN-MDRN Hoxb5 Glut_6,0978 PGRN-PARN-MDRN Hoxb5 Glut_6,243 PGRN-PARN-MDRN Hoxb5 Glut,24 MY Glut,Glut,19,5.1582537,5.708897,0.8421052631578947
24691,4890 MY Lhx1 Gly-Gaba_3,1091 MY Lhx1 Gly-Gaba_3,285 MY Lhx1 Gly-Gaba,27 MY GABA,GABA-Glyc,9,4.264345,4.679929,0.7777777777777778
24708,4871 MY Lhx1 Gly-Gaba_2,1090 MY Lhx1 Gly-Gaba_2,285 MY Lhx1 Gly-Gaba,27 MY GABA,GABA-Glyc,12,5.6581516,6.3494787,0.9166666666666666
24709,4847 MY Lhx1 Gly-Gaba_1,1089 MY Lhx1 Gly-Gaba_1,285 MY Lhx1 Gly-Gaba,27 MY GABA,GABA-Glyc,1,0.0,0.0,0.0
24710,4848 MY Lhx1 Gly-Gaba_1,1089 MY Lhx1 Gly-Gaba_1,285 MY Lhx1 Gly-Gaba,27 MY GABA,GABA-Glyc,2,2.9046452,2.9046452,0.5
24711,4891 MY Lhx1 Gly-Gaba_3,1091 MY Lhx1 Gly-Gaba_3,285 MY Lhx1 Gly-Gaba,27 MY GABA,GABA-Glyc,11,3.8968186,5.555355,0.6363636363636364
24712,4892 MY Lhx1 Gly-Gaba_3,1091 MY Lhx1 Gly-Gaba_3,285 MY Lhx1 Gly-Gaba,27 MY GABA,GABA-Glyc,2,2.6442997,2.6442997,0.5
24713,4872 MY Lhx1 Gly-Gaba_2,1090 MY Lhx1 Gly-Gaba_2,285 MY Lhx1 Gly-Gaba,27 MY GABA,GABA-Glyc,16,4.1218495,4.8226557,0.75
24714,4849 MY Lhx1 Gly-Gaba_1,1089 MY Lhx1 Gly-Gaba_1,285 MY Lhx1 Gly-Gaba,27 MY GABA,GABA-Glyc,12,4.737515,5.2125053,0.8333333333333334
24715,4873 MY Lhx1 Gly-Gaba_2,1090 MY Lhx1 Gly-Gaba_2,285 MY Lhx1 Gly-Gaba,27 MY GABA,GABA-Glyc,6,4.7822824,5.3911333,0.8333333333333334
24716,4893 MY Lhx1 Gly-Gaba_3,1091 MY Lhx1 Gly-Gaba_3,285 MY Lhx1 Gly-Gaba,27 MY GABA,GABA-Glyc,2,0.0,0.0,0.0
24717,4850 MY Lhx1 Gly-Gaba_1,1089 MY Lhx1 Gly-Gaba_1,285 MY Lhx1 Gly-Gaba,27 MY GABA,GABA-Glyc,15,5.785483,6.08569,0.9333333333333333
24718,4874 MY Lhx1 Gly-Gaba_2,1090 MY Lhx1 Gly-Gaba_2,285 MY Lhx1 Gly-Gaba,27 MY GABA,GABA-Glyc,22,5.8197765,6.1586485,0.9090909090909091
24719,4875 MY Lhx1 Gly-Gaba_2,1090 MY Lhx1 Gly-Gaba_2,285 MY Lhx1 Gly-Gaba,27 MY GABA,GABA-Glyc,24,4.684192,5.7018166,0.7916666666666666
24720,4913 MY Lhx1 Gly-Gaba_5,1093 MY Lhx1 Gly-Gaba_5,285 MY Lhx1 Gly-Gaba,27 MY GABA,GABA-Glyc,33,4.9653563,6.0534077,0.8181818181818182
24727,4914 MY Lhx1 Gly-Gaba_5,1093 MY Lhx1 Gly-Gaba_5,285 MY Lhx1 Gly-Gaba,27 MY GABA,GABA-Glyc,138,4.9668856,5.7636766,0.8478260869565217
24730,4876 MY Lhx1 Gly-Gaba_2,1090 MY Lhx1 Gly-Gaba_2,285 MY Lhx1 Gly-Gaba,27 MY GABA,GABA-Glyc,10,5.8996115,6.080743,1.0
24738,4877 MY Lhx1 Gly-Gaba_2,1090 MY Lhx1 Gly-Gaba_2,285 MY Lhx1 Gly-Gaba,27 MY GABA,GABA-Glyc,15,3.56625,5.05952,0.6
24739,4878 MY Lhx1 Gly-Gaba_2,1090 MY Lhx1 Gly-Gaba_2,285 MY Lhx1 Gly-Gaba,27 MY GABA,GABA-Glyc,23,5.2094975,5.717004,0.9130434782608695
24740,4879 MY Lhx1 Gly-Gaba_2,1090 MY Lhx1 Gly-Gaba_2,285 MY Lhx1 Gly-Gaba,27 MY GABA,GABA-Glyc,8,6.3869,6.4392333,1.0
24741,4852 MY Lhx1 Gly-Gaba_1,1089 MY Lhx1 Gly-Gaba_1,285 MY Lhx1 Gly-Gaba,27 MY GABA,GABA-Glyc,8,6.3911595,6.6787577,1.0
24742,4853 MY Lhx1 Gly-Gaba_1,1089 MY Lhx1 Gly-Gaba_1,285 MY Lhx1 Gly-Gaba,27 MY GABA,GABA-Glyc,5,4.2109785,6.612292,0.6
24744,4854 MY Lhx1 Gly-Gaba_1,1089 MY Lhx1 Gly-Gaba_1,285 MY Lhx1 Gly-Gaba,27 MY GABA,GABA-Glyc,66,5.2347136,5.8558426,0.8636363636363636
24746,4855 MY Lhx1 Gly-Gaba_1,1089 MY Lhx1 Gly-Gaba_1,285 MY Lhx1 Gly-Gaba,27 MY GABA,GABA-Glyc,4,4.898941,6.313056,0.75
24747,4856 MY Lhx1 Gly-Gaba_1,1089 MY Lhx1 Gly-Gaba_1,285 MY Lhx1 Gly-Gaba,27 MY GABA,GABA-Glyc,3,3.5459824,4.9753165,0.6666666666666666
34123,4904 MY Lhx1 Gly-Gaba_4,1092 MY Lhx1 Gly-Gaba_4,285 MY Lhx1 Gly-Gaba,27 MY GABA,GABA-Glyc,19,4.1552076,5.280858,0.7368421052631579
34136,4905 MY Lhx1 Gly-Gaba_4,1092 MY Lhx1 Gly-Gaba_4,285 MY Lhx1 Gly-Gaba,27 MY GABA,GABA-Glyc,36,4.783405,5.6311536,0.8055555555555556
34137,4906 MY Lhx1 Gly-Gaba_4,1092 MY Lhx1 Gly-Gaba_4,285 MY Lhx1 Gly-Gaba,27 MY GABA,GABA-Glyc,24,3.649334,5.290884,0.625
34138,4907 MY Lhx1 Gly-Gaba_4,1092 MY Lhx1 Gly-Gaba_4,285 MY Lhx1 Gly-Gaba,27 MY GABA,GABA-Glyc,12,6.587563,6.367956,1.0
34139,4915 MY Lhx1 Gly-Gaba_5,1093 MY Lhx1 Gly-Gaba_5,285 MY Lhx1 Gly-Gaba,27 MY GABA,GABA-Glyc,13,5.3779473,5.636681,0.9230769230769231
34140,4926 MY Lhx1 Gly-Gaba_9,1097 MY Lhx1 Gly-Gaba_9,285 MY Lhx1 Gly-Gaba,27 MY GABA,GABA-Glyc,20,3.5351498,5.1828384,0.6
34141,4916 MY Lhx1 Gly-Gaba_5,1093 MY Lhx1 Gly-Gaba_5,285 MY Lhx1 Gly-Gaba,27 MY GABA,GABA-Glyc,27,5.313036,5.4838552,0.9259259259259259
34142,4917 MY Lhx1 Gly-Gaba_5,1093 MY Lhx1 Gly-Gaba_5,285 MY Lhx1 Gly-Gaba,27 MY GABA,GABA-Glyc,19,4.13218,5.4261775,0.6842105263157895
34143,4927 MY Lhx1 Gly-Gaba_9,1097 MY Lhx1 Gly-Gaba_9,285 MY Lhx1 Gly-Gaba,27 MY GABA,GABA-Glyc,27,4.9207196,5.82878,0.8518518518518519
34144,4880 MY Lhx1 Gly-Gaba_2,1090 MY Lhx1 Gly-Gaba_2,285 MY Lhx1 Gly-Gaba,27 MY GABA,GABA-Glyc,31,4.261646,5.2231545,0.7741935483870968
34145,4881 MY Lhx1 Gly-Gaba_2,1090 MY Lhx1 Gly-Gaba_2,285 MY Lhx1 Gly-Gaba,27 MY GABA,GABA-Glyc,21,5.4995437,6.305839,0.8571428571428571
34147,4925 MY Lhx1 Gly-Gaba_8,1096 MY Lhx1 Gly-Gaba_8,285 MY Lhx1 Gly-Gaba,27 MY GABA,GABA-Glyc,11,3.9356344,4.7612066,0.7272727272727273
34151,4882 MY Lhx1 Gly-Gaba_2,1090 MY Lhx1 Gly-Gaba_2,285 MY Lhx1 Gly-Gaba,27 MY GABA,Glut-GABA,21,5.687855,6.0867367,0.9523809523809523
34153,4883 MY Lhx1 Gly-Gaba_2,1090 MY Lhx1 Gly-Gaba_2,285 MY Lhx1 Gly-Gaba,27 MY GABA,GABA-Glyc,48,6.0739446,6.3587136,0.9375
34154,4884 MY Lhx1 Gly-Gaba_2,1090 MY Lhx1 Gly-Gaba_2,285 MY Lhx1 Gly-Gaba,27 MY GABA,GABA-Glyc,37,5.8004203,6.4723444,0.8918918918918919
34164,4928 MY Lhx1 Gly-Gaba_9,1097 MY Lhx1 Gly-Gaba_9,285 MY Lhx1 Gly-Gaba,27 MY GABA,GABA-Glyc,18,5.033546,5.8063173,0.8333333333333334
34178,4858 MY Lhx1 Gly-Gaba_1,1089 MY Lhx1 Gly-Gaba_1,285 MY Lhx1 Gly-Gaba,27 MY GABA,GABA-Glyc,31,5.2214413,6.2174897,0.8387096774193549
34179,4859 MY Lhx1 Gly-Gaba_1,1089 MY Lhx1 Gly-Gaba_1,285 MY Lhx1 Gly-Gaba,27 MY GABA,GABA-Glyc,20,4.057988,5.1891413,0.7
34180,4860 MY Lhx1 Gly-Gaba_1,1089 MY Lhx1 Gly-Gaba_1,285 MY Lhx1 Gly-Gaba,27 MY GABA,GABA-Glyc,6,1.9577106,0.0,0.3333333333333333
34182,4862 MY Lhx1 Gly-Gaba_1,1089 MY Lhx1 Gly-Gaba_1,285 MY Lhx1 Gly-Gaba,27 MY GABA,GABA-Glyc,1,6.3598256,6.3598256,1.0
34184,4863 MY Lhx1 Gly-Gaba_1,1089 MY Lhx1 Gly-Gaba_1,285 MY Lhx1 Gly-Gaba,27 MY GABA,GABA-Glyc,50,4.6362386,5.403636,0.84
34187,5008 RPA Pax6 Hoxb5 Gly-Gaba_1,1116 RPA Pax6 Hoxb5 Gly-Gaba_1,296 RPA Pax6 Hoxb5 Gly-Gaba,27 MY GABA,GABA-Glyc,59,5.2183313,6.3011184,0.8135593220338984
34188,4866 MY Lhx1 Gly-Gaba_1,1089 MY Lhx1 Gly-Gaba_1,285 MY Lhx1 Gly-Gaba,27 MY GABA,GABA-Glyc,28,5.7205534,5.9516687,0.9285714285714286
34197,4923 MY Lhx1 Gly-Gaba_7,1095 MY Lhx1 Gly-Gaba_7,285 MY Lhx1 Gly-Gaba,27 MY GABA,GABA-Glyc,16,5.0109243,6.3864536,0.8125
34198,4867 MY Lhx1 Gly-Gaba_1,1089 MY Lhx1 Gly-Gaba_1,285 MY Lhx1 Gly-Gaba,27 MY GABA,GABA-Glyc,3,3.569196,5.3323,0.6666666666666666
34199,4895 MY Lhx1 Gly-Gaba_3,1091 MY Lhx1 Gly-Gaba_3,285 MY Lhx1 Gly-Gaba,27 MY GABA,GABA-Glyc,10,4.0068126,5.7371798,0.6
34202,4897 MY Lhx1 Gly-Gaba_3,1091 MY Lhx1 Gly-Gaba_3,285 MY Lhx1 Gly-Gaba,27 MY GABA,GABA-Glyc,7,3.7289586,5.858805,0.5714285714285714
34226,4885 MY Lhx1 Gly-Gaba_2,1090 MY Lhx1 Gly-Gaba_2,285 MY Lhx1 Gly-Gaba,27 MY GABA,GABA-Glyc,20,4.4595213,5.170492,0.8
34232,4886 MY Lhx1 Gly-Gaba_2,1090 MY Lhx1 Gly-Gaba_2,285 MY Lhx1 Gly-Gaba,27 MY GABA,GABA-Glyc,19,4.839466,6.0103283,0.7894736842105263
34233,4887 MY Lhx1 Gly-Gaba_2,1090 MY Lhx1 Gly-Gaba_2,285 MY Lhx1 Gly-Gaba,27 MY GABA,GABA-Glyc,37,5.324956,6.0329537,0.918918918918919
34234,4888 MY Lhx1 Gly-Gaba_2,1090 MY Lhx1 Gly-Gaba_2,285 MY Lhx1 Gly-Gaba,27 MY GABA,GABA-Glyc,14,3.4200304,4.3405704,0.6428571428571429
34236,4889 MY Lhx1 Gly-Gaba_2,1090 MY Lhx1 Gly-Gaba_2,285 MY Lhx1 Gly-Gaba,27 MY GABA,GABA-Glyc,42,4.1308265,5.059023,0.7142857142857143
34289,4846 GRN-IRN-MDRNd Ikzf1 Gly-Gaba_1,1088 GRN-IRN-MDRNd Ikzf1 Gly-Gaba_1,284 GRN-IRN-MDRNd Ikzf1 Gly-Gaba,27 MY GABA,GABA-Glyc,93,4.7238665,5.924974,0.7419354838709677
34292,4844 GRN-IRN-MDRNd Ikzf1 Gly-Gaba_1,1088 GRN-IRN-MDRNd Ikzf1 Gly-Gaba_1,284 GRN-IRN-MDRNd Ikzf1 Gly-Gaba,27 MY GABA,GABA-Glyc,37,4.650459,5.8433785,0.7567567567567568
34293,4845 GRN-IRN-MDRNd Ikzf1 Gly-Gaba_1,1088 GRN-IRN-MDRNd Ikzf1 Gly-Gaba_1,284 GRN-IRN-MDRNd Ikzf1 Gly-Gaba,27 MY GABA,GABA-Glyc,34,5.561485,5.9006333,0.9117647058823529
34308,4932 PPY-PGRNl Vip Glyc-Gaba_1,1098 PPY-PGRNl Vip Glyc-Gaba_1,286 PPY-PGRNl Vip Glyc-Gaba,27 MY GABA,GABA-Glyc,44,4.399094,5.343199,0.8181818181818182
34311,4934 PPY-PGRNl Vip Glyc-Gaba_1,1098 PPY-PGRNl Vip Glyc-Gaba_1,286 PPY-PGRNl Vip Glyc-Gaba,27 MY GABA,GABA-Glyc,46,5.009636,5.796527,0.8478260869565217
34312,4933 PPY-PGRNl Vip Glyc-Gaba_1,1098 PPY-PGRNl Vip Glyc-Gaba_1,286 PPY-PGRNl Vip Glyc-Gaba,27 MY GABA,GABA-Glyc,44,4.3047748,5.3390083,0.7727272727272727
34314,4929 MY Lhx1 Gly-Gaba_9,1097 MY Lhx1 Gly-Gaba_9,285 MY Lhx1 Gly-Gaba,27 MY GABA,GABA-Glyc,98,5.024429,5.905733,0.8061224489795918
34316,4930 MY Lhx1 Gly-Gaba_9,1097 MY Lhx1 Gly-Gaba_9,285 MY Lhx1 Gly-Gaba,27 MY GABA,GABA-Glyc,28,4.5994115,5.7266064,0.75
34318,4918 MY Lhx1 Gly-Gaba_5,1093 MY Lhx1 Gly-Gaba_5,285 MY Lhx1 Gly-Gaba,27 MY GABA,GABA-Glyc,15,4.091574,4.848625,0.7333333333333333
34321,4919 MY Lhx1 Gly-Gaba_5,1093 MY Lhx1 Gly-Gaba_5,285 MY Lhx1 Gly-Gaba,27 MY GABA,GABA-Glyc,51,4.421922,5.360765,0.803921568627451
34322,4920 MY Lhx1 Gly-Gaba_5,1093 MY Lhx1 Gly-Gaba_5,285 MY Lhx1 Gly-Gaba,27 MY GABA,GABA-Glyc,63,4.4903445,5.5133886,0.746031746031746
34328,4921 MY Lhx1 Gly-Gaba_6,1094 MY Lhx1 Gly-Gaba_6,285 MY Lhx1 Gly-Gaba,27 MY GABA,GABA-Glyc,50,2.7992554,0.0,0.46
34330,4922 MY Lhx1 Gly-Gaba_6,1094 MY Lhx1 Gly-Gaba_6,285 MY Lhx1 Gly-Gaba,27 MY GABA,GABA-Glyc,58,3.8557327,5.390111,0.6379310344827587
34332,4908 MY Lhx1 Gly-Gaba_4,1092 MY Lhx1 Gly-Gaba_4,285 MY Lhx1 Gly-Gaba,27 MY GABA,GABA-Glyc,28,5.8890696,6.0857325,0.9642857142857143
34336,4909 MY Lhx1 Gly-Gaba_4,1092 MY Lhx1 Gly-Gaba_4,285 MY Lhx1 Gly-Gaba,27 MY GABA,GABA-Glyc,36,4.9095144,5.8984027,0.8055555555555556
34337,4910 MY Lhx1 Gly-Gaba_4,1092 MY Lhx1 Gly-Gaba_4,285 MY Lhx1 Gly-Gaba,27 MY GABA,GABA-Glyc,35,5.829222,6.168815,0.9142857142857143
34338,4911 MY Lhx1 Gly-Gaba_4,1092 MY Lhx1 Gly-Gaba_4,285 MY Lhx1 Gly-Gaba,27 MY GABA,GABA-Glyc,15,5.2589655,6.3215036,0.8
34340,4898 MY Lhx1 Gly-Gaba_3,1091 MY Lhx1 Gly-Gaba_3,285 MY Lhx1 Gly-Gaba,27 MY GABA,GABA-Glyc,40,3.9478009,5.919486,0.625
34342,4899 MY Lhx1 Gly-Gaba_3,1091 MY Lhx1 Gly-Gaba_3,285 MY Lhx1 Gly-Gaba,27 MY GABA,GABA,25,5.552857,6.424735,0.88
34348,4868 PGRN-PARN-MDRN Hoxb5 Glut_7,0979 PGRN-PARN-MDRN Hoxb5 Glut_7,243 PGRN-PARN-MDRN Hoxb5 Glut,24 MY Glut,Glut,20,4.8976502,5.617632,0.9
34349,5026 PARN-MDRNd-NTS Gbx2 Gly-Gaba_1,1120 PARN-MDRNd-NTS Gbx2 Gly-Gaba_1,300 PARN-MDRNd-NTS Gbx2 Gly-Gaba,27 MY GABA,GABA-Glyc,90,4.390536,5.5349073,0.7444444444444445
34357,4900 MY Lhx1 Gly-Gaba_3,1091 MY Lhx1 Gly-Gaba_3,285 MY Lhx1 Gly-Gaba,27 MY GABA,GABA-Glyc,22,3.4867284,5.0942783,0.5909090909090909
34361,4869 MY Lhx1 Gly-Gaba_1,1089 MY Lhx1 Gly-Gaba_1,285 MY Lhx1 Gly-Gaba,27 MY GABA,GABA-Glyc,17,4.374494,5.2500615,0.7647058823529411
34362,4931 MY Lhx1 Gly-Gaba_9,1097 MY Lhx1 Gly-Gaba_9,285 MY Lhx1 Gly-Gaba,27 MY GABA,GABA-Glyc,19,5.552668,5.9566264,0.9473684210526315
34363,4870 MY Lhx1 Gly-Gaba_1,1089 MY Lhx1 Gly-Gaba_1,285 MY Lhx1 Gly-Gaba,27 MY GABA,Chol,19,5.0760565,5.304721,1.0
34368,4955 MDRN Hoxb5 Ebf2 Gly-Gaba_1,1102 MDRN Hoxb5 Ebf2 Gly-Gaba_1,288 MDRN Hoxb5 Ebf2 Gly-Gaba,27 MY GABA,GABA-Glyc,67,4.527648,5.347958,0.7910447761194029
34372,4901 MY Lhx1 Gly-Gaba_3,1091 MY Lhx1 Gly-Gaba_3,285 MY Lhx1 Gly-Gaba,27 MY GABA,GABA-Glyc,1,5.1057935,5.1057935,1.0
34376,4903 MY Lhx1 Gly-Gaba_3,1091 MY Lhx1 Gly-Gaba_3,285 MY Lhx1 Gly-Gaba,27 MY GABA,GABA-Glyc,15,3.6841893,4.9725966,0.6
34380,4924 MY Lhx1 Gly-Gaba_7,1095 MY Lhx1 Gly-Gaba_7,285 MY Lhx1 Gly-Gaba,27 MY GABA,GABA-Glyc,22,4.98515,5.79737,0.8636363636363636
